id,drcog_id,latitude,longitude,crashtime,time,crashtype,numbkilled,numbinjurd,drcoglocat,rdconditin,lightngcon,roadcntgrd,weatherco,location,roaddescrp,schoolzone,constrzone,splimit,bikeinv,pedinv,sctrinv,motoinv,svrty,rdsystem,ttlvehcls,hcf
,2024-000754,39.6967078,-104.9929032,1/11/2024 21:47,21:47,3,0,0, PLATTE RIVER DR & W MISSISSIPPI AVE,1,3,0,0,1,3,0,0,40,0,0,0,0,0,4,2,16
,2024-000755,39.77105306,-104.9779005,1/12/2024 18:28,18:28,12,0,1, BRIGHTON BLVD & 36TH ST,1,3,0,0,1,4,0,0,,0,0,0,0,2,4,2,16
,2024-000756,39.72582244,-105.0128894,1/11/2024 18:00,18:00,12,0,2,I-25 NB ON RAMP FROM EB W 6TH AVE,1,4,2,0,1,8,0,0,45,0,0,0,0,1,1,3,1
,2024-000757,39.69666127,-104.9918826,1/12/2024 7:51,7:51,1,0,1,W MISSISSIPPI AVE & S SANTA FE DR,1,1,0,0,1,1,0,0,35,0,0,0,0,1,2,2,16
,2024-000759,39.74008665,-104.8905516,1/9/2024 20:36,20:36,16,0,0,E COLFAX AVE & N VERBENA ST,1,3,0,0,5,7,0,0,,0,0,0,0,0,3,2,9
,2024-000760,39.76199291,-104.9596404,1/10/2024 10:44,10:44,15,0,0,E MLK BLVD & N YORK ST,1,1,0,0,1,4,0,0,30,0,0,0,0,0,2,2,16
,2024-000761,39.67836479,-104.9593934,1/6/2024 12:35,12:35,12,0,0,2100  UNIVERSITY BLVD E EVANS AVE,1,1,0,0,1,3,0,0,30,0,0,0,0,0,4,3,13
,2024-000763,39.76568501,-104.9950433,1/11/2024 9:51,9:51,3,0,0,PARK AVE_W & GLOBEVILLE RD,1,1,1,0,1,1,0,0,35,0,0,0,0,1,4,2,13
,2024-000764,39.73051919,-104.9986321,1/11/2024 12:20,12:20,10,0,0, SANTA FE DR & W 9TH AVE,1,1,0,0,1,3,0,0,35,0,0,0,0,0,4,2,3
,2024-000767,39.78022839,-105.0439724,1/11/2024 8:45,8:45,10,0,0,W 46TH AVE & N TENNYSON ST,1,1,0,0,1,3,0,0,30,0,0,0,0,0,4,2,7
,2024-000770,39.63898052,-105.0844128,1/10/2024 12:26,12:26,3,0,0, ZEPHYR ST & W QUINCY DR,1,1,0,0,1,2,0,0,30,0,0,0,0,0,4,2,11
,2024-000772,39.75433662,-104.9942727,1/10/2024 14:30,14:30,15,0,0,BLAKE ST & 20TH ST,1,1,0,0,1,1,0,0,25,0,0,0,0,0,4,2,3
,2024-000774,39.76021249,-105.0252446,1/11/2024 15:38,15:38,12,0,0, FEDERAL BLVD & N SPEER BLVD,1,1,0,0,1,4,0,0,35,0,0,0,0,0,2,3,13
,2024-000777,39.73870541,-104.8858307,1/10/2024 12:25,12:25,15,0,0,E 14TH AVE & N XENIA ST,4,1,0,0,1,1,0,0,30,0,0,0,0,0,4,2,16
,2024-000778,39.69652392,-105.0460485,1/10/2024 14:14,14:14,6,0,0, VRAIN ST & W MISSISSIPPI AVE,1,1,0,0,1,1,0,0,25,0,0,0,0,0,4,2,10
,2024-000779,39.63867219,-104.8926827,1/11/2024 11:30,11:30,3,0,0, TAMARAC DR & E QUINCY AVE,1,1,0,0,1,1,0,0,30,0,0,0,0,0,4,3,3
,2024-000781,39.76182864,-104.9124088,1/10/2024 14:34,14:34,12,0,0,E MLK BLVD & N MONACO ST,1,1,0,0,1,1,0,0,35,0,0,0,0,1,4,2,16
,2024-000783,39.75073532,-104.9769527,1/10/2024 22:13,22:13,3,0,0,E 23RD AVE & N CLARKSON ST,1,3,0,0,1,1,0,0,25,0,0,0,0,0,4,2,16
,2024-000784,39.71476146,-104.9862692,1/10/2024 11:00,11:00,12,0,0, LINCOLN ST & E BAYAUD AVE,1,1,0,0,1,1,0,0,30,0,0,0,0,0,4,2,3
,2024-000785,39.70828349,-104.9276653,1/11/2024 17:05,17:05,12,0,1,LEETSDALE DR & S FOREST ST,1,3,0,0,1,3,0,0,30,0,0,0,0,1,2,2,13
,2024-000789,39.70222805,-105.0275292,1/10/2024 15:16,15:16,3,0,0,W OHIO AVE & S HAZEL CT,1,1,0,0,1,1,0,0,,0,0,0,0,0,4,2,16
,2024-000791,39.71868271,-104.987498,1/12/2024 10:34,10:34,15,0,0, BROADWAY ST & W 1ST AVE,1,1,0,0,1,4,0,0,30,0,0,0,0,0,4,2,16
,2024-000792,39.6530498,-104.9030201,1/12/2024 14:20,14:20,1,0,4,7500 E HAMPDEN AVE,1,1,0,0,1,2,0,0,45,0,0,0,0,3,2,2,11
,2024-000793,39.62418798,-105.0944564,1/8/2024 19:19,19:19,11,0,1, DUDLEY ST & W BELLEVIEW AVE,1,3,0,0,1,1,0,0,25,0,1,0,0,1,4,1,16
,2024-000799,39.72540422,-104.9985737,1/12/2024 10:10,10:10,16,0,0,571  SANTA FE DR & PRIVATE PROPERTY,1,1,0,0,5,7,0,0,35,0,0,0,0,0,3,2,14
,2024-000800,39.78381056,-104.9477774,1/12/2024 7:46,7:46,15,0,0, VASQUEZ BLVD & E 48TH AVE,1,1,0,0,1,4,0,0,45,0,0,0,0,0,2,2,1
,2024-000804,39.78176858,-104.7370293,1/12/2024 8:25,8:25,12,0,0,4800  ORLEANS ST E GREEN VALLEY RANCH BLVD,1,1,0,0,1,1,0,0,25,0,0,0,0,0,4,2,13
,2024-000812,39.72151843,-105.0324818,1/12/2024 7:13,7:13,5,0,1, KNOX CT & W 3RD AVE,1,1,1,0,3,4,0,0,35,0,0,0,0,1,4,1,10
,2024-000819,39.79826447,-104.8198632,1/11/2024 22:52,22:52,12,0,0,E 56TH AVE & N CROWN BLVD,1,3,0,0,1,4,0,0,40,0,0,0,0,0,4,2,1
,2024-000823,39.75186375,-104.9887744,1/12/2024 9:21,9:21,3,0,0,21ST ST & CURTIS ST,1,1,0,0,1,1,0,0,25,0,0,0,0,0,4,2,1
,2024-000825,39.77852116,-104.9140846,1/12/2024 17:38,17:38,12,0,0,I-70 & N HOLLY ST,1,3,0,0,1,4,0,0,65,0,0,0,0,0,1,2,16
,2024-000829,39.76450868,-104.9721011,1/12/2024 16:07,16:07,3,0,0, MARION ST & E BRUCE RANDOLPH AVE,1,2,0,0,1,1,0,0,25,0,0,0,0,0,4,2,11
,2024-000830,39.76928628,-105.0226225,1/12/2024 17:44,17:44,15,0,1,W 38TH AVE & N ELIOT ST,1,3,0,0,1,4,0,0,35,0,0,0,1,1,4,2,13
,2024-000834,39.75843944,-104.9875169,1/11/2024 9:08,9:08,15,0,0, BROADWAY ST & WALNUT ST,1,1,0,0,1,4,0,0,30,0,0,0,0,0,4,2,14
,2024-000836,39.79108781,-105.0251017,1/10/2024 21:10,21:10,15,0,0, FEDERAL BLVD & W 52ND AVE,1,3,0,0,1,1,0,0,,0,0,0,0,0,2,2,16
,2024-000838,39.75309926,-104.974567,1/6/2024 3:23,3:23,6,0,0,2400  OGDEN ST E 25TH AVE,1,3,3,0,1,4,0,0,25,0,0,0,0,0,4,2,9
,2024-000840,39.77283062,-104.78972,1/13/2024 9:45,9:45,1,0,5,E 40TH AVE & N PENA BLVD NB RAMPS,9,1,0,2,1,1,0,0,35,0,0,0,0,2,4,2,13
,2024-000842,39.77379368,-104.8136093,1/13/2024 3:00,3:00,6,0,0,E ANDREWS DR & E MITCHELL PL,9,1,0,0,1,1,0,0,,0,0,0,0,0,4,2,16
,2024-000843,39.73425188,-105.0052725,1/11/2024 0:02,0:02,6,0,0,1100  OSAGE ST W 11TH AVE,1,3,0,0,1,4,0,0,25,0,0,0,0,1,4,4,12
,2024-000845,39.67673567,-104.9593917,1/12/2024 21:40,21:40,12,0,1, UNIVERSITY BLVD & E ILIFF AVE,4,3,0,2,1,4,0,0,30,0,0,0,0,2,4,3,16
,2024-000846,39.68491513,-104.9597294,1/13/2024 7:46,7:46,15,0,2,I-25 & S UNIVERSITY BLVD,4,1,0,6,1,4,0,0,60,0,0,0,0,2,1,2,7
,2024-000848,39.72176169,-105.0089752,1/13/2024 17:18,17:18,12,0,1,I-25 & OFF RAMP EXT TO W 6TH AVE FWY,4,3,0,0,1,4,0,0,55,0,0,0,0,2,2,2,16
,2024-000851,39.78056382,-104.991495,1/13/2024 13:28,13:28,5,0,0,I-70 EB ON RAMO FROM SB -25,9,1,0,2,3,8,0,0,35,0,0,0,0,0,1,1,13
,2024-000852,39.77591286,-104.8690797,1/1/2024 6:49,6:49,12,0,7,I-70 & MM 280.4,1,2,0,0,1,4,0,0,55,0,0,0,0,2,1,2,14
,2024-000853,39.6387411,-105.0816133,1/10/2024 18:00,18:00,3,0,0,W QUINCY AVE & S WADSWORTH BLVD,1,3,3,0,1,1,0,0,40,0,0,0,0,0,2,2,13
,2024-000854,39.73142169,-105.0438772,1/8/2024 10:20,10:20,6,0,0, TENNYSON ST & W 9TH AVE,4,1,1,0,1,4,0,0,25,0,0,0,0,0,4,2,13
,2024-000856,39.77032057,-104.978854,1/12/2024 21:26,21:26,12,0,0,35TH ST & N BRIGHTON BVD,11,3,0,6,1,1,0,0,35,0,0,0,0,0,4,2,13
,2024-000858,39.67528918,-105.02504,1/12/2024 23:47,23:47,1,0,0, FEDERAL BLVD & W ILIFF AVE,9,3,0,2,1,1,0,0,30,0,0,0,0,0,2,2,16
,2024-000862,39.72569815,-105.0004467,1/7/2024 21:20,21:20,12,0,0,1000 W 6TH AVE & N KALAMATH ST,1,3,0,0,1,3,0,0,35,0,0,0,0,0,4,2,16
,2024-000863,39.68164783,-105.0371767,1/2/2024 7:37,7:37,6,0,0, NEWTON ST & W JEWELL AVE,1,1,0,0,1,4,0,0,20,0,0,0,0,0,4,2,13
,2024-000867,39.71337877,-105.0357093,1/4/2024 14:56,14:56,5,0,0,100  LOWELL BLVD ALLEY & W CEDAR AVE,1,1,0,0,3,9,0,0,15,0,0,0,0,0,4,1,16
,2024-000869,39.77867227,-104.91594,1/6/2024 3:27,3:27,3,0,0,E 45TH AVE & N LEYDEN ST,1,3,0,0,1,1,0,0,25,0,0,0,0,0,4,2,16
,2024-000877,39.77753108,-104.8855113,1/12/2024 18:10,18:10,12,0,2,I-70 & N CENTRAL PARK BLVD,1,3,0,0,1,4,0,0,55,0,0,0,0,2,1,3,3
,2024-000878,39.76805614,-105.0037808,1/7/2024 18:18,18:18,6,0,0,3700  NAVAJO ST & WEST 37TH AVENUE,1,3,0,0,1,4,0,0,35,0,0,0,0,0,4,3,16
,2024-000883,39.69113564,-104.9405476,1/12/2024 18:01,18:01,12,0,1, COLORADO BLVD & E ARKANSAS AVE,1,3,0,0,1,1,0,0,35,0,0,0,0,2,2,2,11
,2024-000891,39.78386129,-105.053217,1/12/2024 23:56,23:56,3,0,0, SHERIDAN BLVD & I-70 WB OFF RAMP,9,3,0,2,1,1,0,0,30,0,0,0,0,0,2,2,13
,2024-000893,39.79838817,-104.785803,1/12/2024 15:07,15:07,12,0,0,PENA BLVD & E 56TH AVE,1,1,0,0,1,4,0,0,65,0,0,0,0,0,4,2,7
,2024-000896,39.75791689,-104.9917575,1/12/2024 13:30,13:30,16,0,0,2300 WAZEE ST,14,5,3,7,5,14,0,0,,0,0,0,0,0,3,1,16
,2024-000898,39.68370624,-104.940686,1/6/2024 12:20,12:20,12,0,0, COLORADO BLVD & I-25 NB RAMPS,1,1,0,0,1,3,0,0,,0,0,0,0,0,2,2,16
,2024-000899,39.74174799,-104.994891,1/13/2024 15:25,15:25,15,0,0,WELTON ST & 13TH ST,9,3,1,2,1,3,0,0,25,0,0,0,0,0,4,3,14
,2024-000902,39.77615237,-104.9895665,1/5/2024 21:55,21:55,5,0,0,I-25 & SB OFF RAMP EXT TO PARK AVE W,1,3,0,0,2,4,0,0,65,0,0,0,0,0,1,1,16
,2024-000905,39.70539496,-104.9628647,1/13/2024 9:20,9:20,6,0,0,610  VINE ST & E CENTER AVE,4,1,0,0,1,4,0,0,20,0,0,0,0,0,4,2,1
,2024-000907,39.67309264,-104.9699447,1/13/2024 10:03,10:03,3,0,1,E WESLEY AVE & S HUMBOLDT ST,4,1,0,0,1,1,0,0,30,0,0,0,0,2,4,2,16
,2024-000908,39.71452679,-104.9413413,1/10/2024 15:00,15:00,6,0,0, HARRISON ST & E BAYAUD AVE,1,1,0,0,1,4,0,0,25,0,0,0,0,0,4,3,16
,2024-000921,39.78372222,-104.9897916,1/13/2024 19:26,19:26,12,0,0,I-25 SB OFF RAMP & I-70 EB,9,3,0,2,1,8,0,0,35,0,0,0,0,0,1,2,13
,2024-000923,39.76560275,-104.9948608,1/13/2024 20:16,20:16,12,0,0,PARK AVE W & N GLOBEVILLE RD,10,3,1,2,1,3,0,0,,0,0,0,0,0,4,3,16
,2024-000926,39.74001468,-104.9696791,1/12/2024 10:54,10:54,3,0,0, HUMBOLDT ST & E COLFAX AVE,1,1,0,0,1,1,0,0,35,0,0,0,0,0,2,2,13
,2024-000927,39.76856508,-104.9741659,1/12/2024 10:16,10:16,3,0,0,36TH ST & WALNUT ST,1,1,0,0,1,1,0,0,25,0,0,0,0,0,4,2,3
,2024-000928,39.71311654,-104.9828161,1/13/2024 1:00,1:00,6,0,0, LOGAN ST & E CEDAR AVE,9,3,0,2,3,4,0,0,,0,0,0,0,0,4,3,16
,2024-000929,39.72904635,-104.9899352,1/9/2024 7:25,7:25,3,0,0, SPEER BLVD & W 8TH AVE,1,1,0,0,1,1,0,0,35,0,0,0,0,0,4,2,1
,2024-000935,39.7650772,-104.8735096,1/10/2024 14:03,14:03,5,0,2,E 35TH AVE & N DAYTON ST,4,1,0,0,3,4,0,0,25,0,0,0,0,2,4,2,1
,2024-000936,39.70308806,-104.9131186,1/12/2024 15:56,15:56,1,0,0,6200 LEETSDALE DR & E EXPOSITION AVE,1,1,0,0,1,2,0,0,35,0,0,0,0,0,2,2,13
,2024-000937,39.78439261,-104.9891399,1/13/2024 9:27,9:27,15,0,0,I-25 & W 48TH AVE,7,1,0,2,1,4,0,0,55,0,0,0,0,0,1,2,14
,2024-000939,39.71814891,-105.0397023,1/13/2024 16:13,16:13,3,0,0,W 1ST AVE & N PERRY ST,9,1,0,2,1,1,0,0,30,0,0,0,0,0,4,3,13
,2024-000941,39.72176169,-105.0089752,1/7/2024 15:15,15:15,15,0,0,I-25 & OFF RAMP EXT TO W 6TH AVE FWY,1,1,0,0,1,8,0,0,55,0,0,0,0,0,1,2,16
,2024-000943,39.67093393,-104.8660421,1/13/2024 0:13,0:13,3,0,2, HAVANA ST & S PARKER RD,9,3,0,2,1,1,0,0,45,0,0,0,0,2,2,2,16
,2024-000945,39.74991529,-104.993477,1/12/2024 23:20,23:20,6,0,0,18TH ST & ARAPAHOE ST,9,3,0,2,1,4,0,0,,0,0,0,0,0,4,2,16
,2024-000947,39.67847142,-104.9652325,1/13/2024 16:30,16:30,3,0,0,E EVANS AVE & S HIGH ST,5,3,0,2,1,1,0,0,35,0,0,0,0,0,4,2,11
,2024-000948,39.69756362,-104.9927015,1/13/2024 17:02,17:02,12,0,0, PLATTE RIVER DR & W MISSISSIPPI AVE,4,3,0,0,1,4,0,0,45,0,0,0,0,0,4,2,16
,2024-000950,39.65689021,-105.0380867,1/9/2024 16:47,16:47,9,0,1, PATTON WY & W GIRARD AVE,5,1,1,0,1,4,0,0,25,0,0,0,0,2,4,1,14
,2024-000951,39.6531023,-104.9304456,1/12/2024 19:11,19:11,8,0,1,E HAMPDEN AVE & S EUDORA ST,1,3,0,0,6,1,0,0,35,0,0,0,0,2,2,2,2
,2024-000952,39.70223811,-105.0311098,1/10/2024 6:22,6:22,6,0,0,3400 W OHIO AVE & S KNOX CT,1,3,0,0,1,4,0,0,20,0,0,0,0,0,4,3,16
,2024-000953,39.84748,-104.67395,1/2/2024 18:05,18:05,6,0,0,PENA BLVD & JACKSON GAP,1,3,0,0,1,4,0,0,,0,0,0,0,0,4,2,16
,2024-000954,39.83518145,-104.7198882,1/11/2024 21:37,21:37,5,0,0,7684  WANATCHEE ST & WENATCHEE ST,9,3,0,2,2,8,0,0,65,0,0,0,0,1,4,1,1
,2024-000977,39.79838671,-104.7863774,1/13/2024 22:26,22:26,12,0,0,E 56TH AVE & PENA BLVD INBOUND,9,3,0,0,1,1,0,0,45,0,0,0,0,0,4,2,16
,2024-000979,39.79479786,-104.8117752,1/13/2024 7:09,7:09,6,0,2,E MAXWELL PL & N FAIRPLAY ST,9,1,0,0,1,4,0,0,25,0,0,0,0,1,4,2,16
,2024-000982,39.74033574,-105.042838,1/14/2024 13:32,13:32,3,0,0, STUART ST & W COLFAX AVE,12,1,0,0,1,1,0,0,25,0,0,0,0,0,2,2,11
,2024-000986,39.84928164,-104.6726895,1/14/2024 5:44,5:44,6,0,0,8400 PENA BLVD,1,3,0,0,5,4,0,0,10,0,0,0,0,0,3,2,3
,2024-000989,39.77319002,-104.8098795,1/14/2024 17:05,17:05,12,0,0,E 40TH AVE & N CHAMBERS RD,9,1,0,2,1,1,0,0,35,0,0,0,0,0,4,2,16
,2024-000994,39.72562519,-104.9787744,1/14/2024 1:10,1:10,3,0,3,E 6TH AVE & N WASHINGTON ST,5,3,0,0,1,1,0,0,35,0,0,0,0,2,4,2,16
,2024-000996,39.76928315,-105.0017601,1/14/2024 14:11,14:11,3,0,0,W 38TH AVE & N LIPAN ST,9,1,0,0,1,2,0,0,30,0,0,0,0,0,4,3,11
,2024-001000,39.74008185,-104.8975579,1/9/2024 15:00,15:00,3,0,0, SPRUCE ST & E COLFAX AVE,1,1,0,0,1,1,0,0,25,0,0,0,0,0,2,2,11
,2024-001007,39.74997493,-105.0044475,1/11/2024 17:38,17:38,15,0,1,SPEER BLVD & WEWATTA ST,1,3,0,0,1,3,0,0,35,0,0,0,0,2,4,3,16
,2024-001008,39.7806894,-104.76531,1/10/2024 23:00,23:00,6,0,1,4600  ARGONNE ST E 46TH PL,1,3,0,0,1,4,0,0,30,0,0,0,0,2,4,2,1
,2024-001011,39.72911931,-104.9439915,1/12/2024 12:25,12:25,3,0,0,E 8TH AVE & N GARFIELD ST,1,1,0,0,1,1,0,0,20,0,0,0,0,0,4,2,2
,2024-001051,39.67925572,-104.9343301,1/29/2024 7:45,7:45,12,0,0,I-25 & E EVANS AVE,1,1,0,0,1,4,0,0,55,0,0,0,0,0,1,2,13
,2024-001054,39.72559662,-105.0433422,1/29/2024 18:14,18:14,12,0,2,W 6TH AVE & N PERRY ST,1,3,0,0,1,4,0,0,55,0,0,0,0,1,1,3,3
,2024-001056,39.78492407,-105.050391,1/29/2024 6:45,6:45,12,0,0,I-70 & N SHERIDAN BLVD,1,4,1,0,1,4,0,0,55,0,0,0,0,0,1,2,1
,2024-001057,39.69311272,-105.0259092,1/28/2024 11:41,11:41,6,0,0,W LOUISIANA AVE & S FEDERAL BLVD,1,1,0,0,1,4,0,0,25,0,0,0,0,0,4,2,16
,2024-001060,39.83346425,-104.6929349,1/26/2024 22:30,22:30,3,0,0,PENA BLVD & JACKSON GAP,1,3,0,0,1,1,0,0,,0,0,0,0,0,4,2,16
,2024-001062,39.73845521,-104.9953011,1/29/2024 11:18,11:18,3,0,1,W 14TH AVE & N FOX ST,1,1,0,0,1,1,0,0,25,0,0,0,0,1,4,2,11
,2024-001079,39.75188751,-104.9956943,1/6/2024 18:00,18:00,15,0,0,1800 MARKET ST & 18TH ST,1,3,0,0,1,4,0,0,30,0,0,0,0,0,4,2,14
,2024-001082,39.66757709,-104.9257641,1/22/2024 17:13,17:13,15,0,0,I-25 & E YALE AVE,1,3,0,0,1,4,0,0,65,0,0,0,0,0,1,2,14
,2024-001083,39.72704199,-104.9811379,1/20/2024 21:00,21:00,6,0,0, PENNSYLVANIA ST & E 7TH AVE,1,4,0,0,6,4,0,0,,0,0,0,0,0,4,3,16
,2024-001084,39.7797125,-104.9407705,1/28/2024 21:24,21:24,3,0,4,E 45TH  DR & N COLORADO BLVD,1,3,0,0,1,1,0,0,30,0,0,0,0,3,2,2,1
,2024-001085,39.75847558,-105.025287,1/28/2024 15:53,15:53,3,0,2, FEDERAL BLVD & W 29TH AVE,1,1,0,0,1,1,0,0,35,0,0,0,0,1,2,3,13
,2024-001086,39.72298368,-105.0532684,1/27/2024 19:18,19:18,12,0,0,SHERIDAN BLVD & W 4TH AVE,1,3,0,0,1,3,0,0,,0,0,0,0,0,2,2,16
,2024-001087,39.71121265,-104.9127441,1/26/2024 17:20,17:20,15,0,0,E ALAMEDA AVE & N MONACO ST,1,3,0,0,1,4,0,0,30,0,0,0,0,0,4,2,13
,2024-001093,39.78375987,-105.0345722,1/29/2024 8:38,8:38,3,0,0,W 48TH AVE DR  & N LOWELL BLVD,1,1,0,0,1,1,0,0,,0,0,0,0,0,4,2,16
,2024-001094,39.74297596,-104.9747582,1/28/2024 22:05,22:05,6,0,1, OGDEN ST & E 17TH AVE,1,3,0,0,1,4,0,0,30,0,0,0,1,3,4,2,16
,2024-001095,39.6844756,-104.9598976,1/25/2024 7:50,7:50,12,0,0,I-25 SB OFF RAMP & S UNIVERSITY BLVD,1,1,1,0,1,8,0,0,55,0,0,0,0,0,1,2,11
,2024-001096,39.70999138,-104.9035111,1/29/2024 7:59,7:59,15,0,0, QUEBEC ST & E ALAMEDA AVE,1,1,0,0,1,4,0,0,30,0,0,0,0,0,4,2,10
,2024-001098,39.68863994,-104.971764,1/29/2024 14:07,14:07,12,0,0,I-25 SB ON RAMP & S DOWNING ST,1,1,1,0,1,8,0,0,45,0,0,0,0,0,1,3,13
,2024-001099,39.77571949,-104.8668403,1/29/2024 4:57,4:57,12,0,0,I-70 & N HAVANA ST,1,3,0,0,1,4,0,0,55,0,0,0,0,0,1,2,11
,2024-001100,39.73684998,-104.9127927,1/26/2024 7:52,7:52,3,0,1, MONACO ST & E 13TH AVE,9,1,0,0,1,1,0,0,,0,0,0,0,1,4,2,16
,2024-001102,39.77887462,-104.9885392,1/28/2024 10:32,10:32,15,0,0,I-70 EB ON RAMP FROM NB -25 & I-70 WB,1,1,0,0,1,8,0,0,50,0,0,0,0,0,1,2,11
,2024-001103,39.78013948,-105.006447,1/9/2024 11:15,11:15,3,0,0, PECOS ST & W 46TH AVE,1,1,0,0,1,1,0,0,,0,0,0,0,0,4,2,16
,2024-001105,39.78761735,-104.9645001,1/17/2024 19:20,19:20,5,0,1, BRIGHTON BLVD & RACE CT,1,3,0,0,3,4,0,0,30,0,0,0,0,2,4,1,3
,2024-001108,39.73364973,-105.0154173,1/10/2024 22:03,22:03,15,0,0,I-25 & W COLFAX AVE,1,3,0,0,1,4,0,0,55,0,0,0,0,0,1,2,11
,2024-001110,39.74327316,-104.9810845,1/10/2024 9:30,9:30,6,0,0, PENNSYLVANIA ST & E 17TH AVE,14,5,3,7,1,4,0,0,,0,0,0,0,0,4,2,16
,2024-001111,39.78000874,-104.9790879,1/29/2024 13:38,13:38,15,0,0, WASHINGTON ST & I-70 WB RAMPS,1,1,0,0,1,1,0,0,30,0,0,0,0,0,4,2,10
,2024-001112,39.7711477,-105.0442458,1/28/2024 13:05,13:05,6,0,0,W 39TH AVE & N TENNYSON ST,1,1,0,0,1,4,0,0,30,0,0,0,0,0,4,2,13
,2024-001113,39.70040651,-105.0250848,1/26/2024 13:13,13:13,15,0,0, FEDERAL BLVD & W KENTUCKY AVE,1,1,0,0,1,4,0,0,35,0,0,0,0,0,2,2,16
,2024-001114,39.69674951,-105.0250716,1/26/2024 11:40,11:40,5,0,0,W MISSISSIPPI AVE & S FEDERAL BLVD,1,1,0,0,3,1,0,0,30,0,0,0,0,0,2,1,13
,2024-001115,39.71296458,-104.9222805,1/13/2024 18:00,18:00,6,0,0, HOLLY ST & E CEDAR AVE,9,3,0,0,1,4,0,0,30,0,0,0,0,0,4,2,14
,2024-001124,39.74028116,-105.0124023,1/26/2024 11:37,11:37,3,0,0,W COLFAX AVE & I-25 SB OFF RAMP,1,1,0,0,1,1,0,0,45,0,0,0,0,0,2,2,13
,2024-001125,39.72170572,-105.0089093,1/27/2024 18:08,18:08,12,0,0,I-25 & NB OFF RAMO MERGE PT TO W 6TH AVE,1,3,3,0,1,8,0,0,65,0,0,0,0,0,1,2,13
,2024-001127,39.72558745,-105.0394553,1/22/2024 6:38,6:38,12,0,0,W 6TH AVE & N PERRY ST,1,1,0,0,1,4,0,0,55,0,0,0,0,0,2,2,1
,2024-001128,39.74387591,-105.0167907,1/29/2024 6:29,6:29,15,0,0,I-25 & SB ON RAMP GORE PT FROM W 23RD AVE,1,3,0,0,1,8,0,0,55,0,0,0,0,0,1,2,7
,2024-001129,39.77711448,-104.8807791,1/29/2024 15:18,15:18,12,0,0,I-70 & N CENTRAL PARK BLVD,1,1,0,0,1,4,0,0,55,0,0,0,0,0,1,3,3
,2024-001130,39.73056922,-104.9327948,1/29/2024 12:37,12:37,6,0,0, DEXTER ST & E 8TH AVE,1,1,0,0,1,4,0,0,20,0,0,0,0,0,4,2,16
,2024-001131,39.68627297,-105.0517701,1/29/2024 16:38,16:38,6,0,1,W OREGON PL & S ZENOBIA ST,1,1,0,0,1,4,0,0,25,0,0,0,0,1,4,3,15
,2024-001132,39.75128666,-105.0167992,1/26/2024 11:35,11:35,12,0,0,I-25 & W 23RD AVE,1,1,0,0,1,4,0,0,55,0,0,0,0,0,4,2,13
,2024-001133,39.77999776,-104.9705803,1/29/2024 6:49,6:49,15,0,0,I-70 & WB ON RAMP MERGE PT FROM  BRIGHTON BLVD,1,1,0,0,1,8,0,0,55,0,0,0,0,0,1,2,7
,2024-001134,39.7265521,-104.9874306,1/28/2024 12:40,12:40,15,0,0, BROADWAY ST & N SPEER BLVD,1,1,0,0,1,3,0,0,35,0,0,0,0,0,4,2,10
,2024-001135,39.77777815,-104.7647307,1/29/2024 1:15,1:15,6,0,0,19055 E 45TH AVE,1,3,0,0,1,4,0,0,30,0,0,0,0,0,4,2,16
,2024-001143,39.71119832,-104.9064737,1/29/2024 16:49,16:49,2,0,1,E ALAMEDA AVE & S OLIVE WY,1,1,0,0,1,1,0,0,0,1,0,0,0,3,4,1,16
,2024-001144,39.72587571,-105.0238474,1/6/2024 15:02,15:02,15,0,0,W 6TH AVE WB OFF RAMP & N FEDERAL BLVD,1,1,0,0,1,8,0,0,55,0,0,0,0,0,2,2,16
,2024-001145,39.76188319,-105.0040223,1/29/2024 17:37,17:37,12,0,1,I-25 & 20TH ST,1,3,0,0,1,4,0,0,55,0,0,0,0,1,1,3,1
,2024-001146,39.72569487,-105.0394704,1/29/2024 8:50,8:50,5,0,1,W 6TH AVE & N PERRY ST,1,1,1,0,2,4,0,0,55,0,0,0,0,1,2,2,3
,2024-001147,39.78494424,-105.0503148,1/29/2024 6:45,6:45,12,0,0,I-70 & N SHERIDAN BLVD,1,4,1,0,1,4,0,0,55,0,0,0,0,0,1,2,11
,2024-001148,39.73848491,-105.0532131,1/14/2024 12:30,12:30,12,0,0, SHERIDAN BLVD & W 14TH AVE,1,1,0,0,1,3,0,0,40,0,0,0,0,0,2,2,14
,2024-001151,39.76843026,-104.9812574,1/28/2024 23:25,23:25,5,0,1,3299  BRIGHTON BLVD & 33RD ST,1,3,0,0,2,1,0,0,35,0,0,0,0,2,4,1,3
,2024-001157,39.78718349,-104.9895548,1/29/2024 19:02,19:02,15,0,0,I-25 SB OFF RAMP & OFF RAMP TO I-70 MERGE PT,1,3,1,0,1,8,0,0,55,0,0,0,0,0,1,2,16
,2024-001159,39.73877059,-105.0275837,1/19/2024 8:55,8:55,12,0,0,3168 W 14TH AVE,1,1,1,0,1,2,0,0,,0,0,0,0,1,4,2,14