id,drcog_id,latitude,longitude,crashtime,time,crashtype,numbkilled,numbinjurd,drcoglocat,rdconditin,lightngcon,roadcntgrd,weatherco,location,roaddescrp,schoolzone,constrzone,splimit,bikeinv,pedinv,sctrinv,motoinv,svrty,rdsystem,ttlvehcls,hcf
,2024-001160,39.73203724,-104.9770903,1/7/2024 17:25,17:25,6,0,0,817 E 10TH AVE & N CLARKSON ST,1,1,0,0,1,4,0,0,30,0,0,0,0,0,4,2,14
,2024-001161,39.71779632,-104.9406263,1/7/2024 17:36,17:36,3,0,0,E 1ST AVE & N COLORADO BLVD,1,3,1,0,1,1,0,0,35,0,0,0,0,0,4,2,16
,2024-001162,39.72563032,-104.9799378,1/29/2024 17:05,17:05,3,0,1,E 6TH AVE & N PEARL ST,1,2,0,0,1,1,0,0,20,0,0,0,0,2,4,2,13
,2024-001169,39.73840553,-104.9718539,1/28/2024 3:46,3:46,3,0,0,E 14TH AVE & N MARION ST,1,3,0,0,1,1,0,0,30,0,0,0,0,0,4,2,11
,2024-001173,39.7553194,-105.0128458,1/26/2024 18:22,18:22,12,0,2,I-25 & N SPEER BLVD,1,3,0,0,1,4,0,0,55,0,0,0,0,2,1,6,16
,2024-001174,39.6967647,-105.0156904,1/26/2024 23:06,23:06,12,0,0,W MISSISSIPPI AVE & S ZUNI ST,1,3,0,0,1,1,0,0,35,0,0,0,0,1,4,2,16
,2024-001211,39.75981808,-104.9802287,1/13/2024 22:24,22:24,6,0,0,ARAPAHOE ST & 29TH ST,10,3,0,2,1,4,0,0,30,0,0,0,0,0,4,3,16
,2024-001217,39.68033377,-104.9734165,1/30/2024 10:03,10:03,10,0,0, DOWNING ST & E ASBURY AVE,1,1,0,0,1,1,0,0,30,0,0,0,0,0,4,2,16
,2024-001220,39.78259921,-104.9020579,1/23/2024 17:17,17:17,5,0,0, SAND CREEK DR & N QUEBEC ST,1,4,0,0,1,4,0,0,30,0,0,0,0,0,4,2,16
,2024-001222,39.6530794,-104.9182339,1/30/2024 8:42,8:42,12,0,1,I-25 & E HAMPDEN AVE,1,1,0,0,1,4,0,0,60,0,0,0,0,2,1,2,3
,2024-001224,39.69668448,-104.9967927,1/29/2024 16:30,16:30,12,0,0, HURON ST & W MISSISSIPPI AVE,1,1,0,0,1,1,0,0,25,0,0,0,0,0,4,2,3
,2024-001225,39.73841498,-104.9695318,1/29/2024 11:00,11:00,15,0,0,E 14TH AVE & N HUMBOLDT ST,1,1,0,0,1,1,0,0,30,0,0,0,0,0,4,2,3
,2024-001229,39.74488768,-104.9874171,1/29/2024 9:15,9:15,3,0,0,BROADWAY & E 18TH AVE,1,1,0,0,1,1,0,0,30,0,0,0,0,0,4,2,3
,2024-001230,39.77821331,-104.9084507,1/30/2024 16:41,16:41,12,0,0,I-70 & N NORTHFIELD QUEBEC ST,1,1,0,0,1,4,0,0,55,0,0,0,0,0,1,2,3
,2024-001231,39.8334643,-104.692935,1/29/2024 7:44,7:44,6,0,1, JACKSON GAP ST & PENA BLVD,1,1,0,0,1,4,0,0,25,0,0,0,0,2,4,2,13
,2024-001232,39.70057255,-104.908217,1/29/2024 6:58,6:58,3,0,0, ONEIDA ST & LEETSDALE DR,1,1,0,0,1,2,0,0,25,0,0,0,0,0,4,2,16
,2024-001235,39.76941582,-105.030341,1/29/2024 15:55,15:55,3,0,0,W 38TH AVE & N IRVING ST,1,1,0,0,1,2,0,0,35,0,0,0,0,0,4,2,16
,2024-001241,39.77718329,-104.9892155,1/30/2024 15:45,15:45,15,0,0,I-25 & I-70,1,1,0,0,1,4,0,0,55,0,0,0,0,0,1,2,13
,2024-001242,39.69064724,-105.0157034,1/3/2024 15:45,15:45,6,0,0, ZUNI ST & W ARKANSAS AVE,1,1,1,0,1,4,0,0,20,0,0,0,0,0,4,2,16
,2024-001244,39.75554678,-105.012534,1/9/2024 9:10,9:10,12,0,0,I-25 & SPEER BLVD,1,1,3,0,1,4,0,0,65,0,0,0,0,0,1,2,13
,2024-001245,39.78227527,-104.8655957,1/30/2024 12:40,12:40,12,0,0,E 47TH AVE & N HAVANA ST,1,1,0,0,1,3,0,0,30,0,0,0,0,0,4,2,14
,2024-001247,39.71792789,-104.9512342,1/30/2024 8:06,8:06,1,0,1,E 1ST AVE & N ST PAUL ST,1,1,0,0,1,1,0,0,30,0,0,0,0,1,4,2,11
,2024-001258,39.71431418,-105.0010501,1/30/2024 0:54,0:54,5,0,1,I-25 & SB OFF RAMP GORE PT TO W ALAMEDA AVE,1,3,0,0,3,8,0,0,65,0,0,0,0,1,1,1,2
,2024-001259,39.71301547,-104.9899868,1/30/2024 8:57,8:57,3,0,0, BANNOCK ST & W CEDAR AVE,1,1,0,0,1,1,0,0,25,0,0,0,0,1,4,2,11
,2024-001262,39.79795805,-104.8844571,1/29/2024 14:16,14:16,3,0,0, CENTRAL PARK BLVD & E 57TH AVE,1,1,0,0,1,2,0,0,30,0,0,0,0,0,4,2,1
,2024-001263,39.79090777,-104.9416704,1/29/2024 18:25,18:25,12,0,0, VASQUEZ BLVD & E 52ND AVE,1,3,0,0,1,3,0,0,45,0,0,0,0,0,2,3,13
,2024-001265,39.65305327,-104.9185139,1/30/2024 7:33,7:33,12,0,1,I-25 & E HAMPDEN AVE,1,1,0,0,1,4,0,0,65,0,0,0,0,1,1,2,13
,2024-001266,39.72388579,-105.0186609,1/30/2024 6:45,6:45,3,0,0, BRYANT ST & W 5TH AVE,1,1,0,0,1,1,0,0,25,0,0,0,0,0,4,2,16
,2024-001268,39.77917427,-104.9034005,1/30/2024 11:50,11:50,12,0,1, QUEBEC ST & I-70 WB RAMPS,1,1,0,0,1,3,0,0,35,0,0,0,0,2,2,2,16
,2024-001270,39.72049774,-105.0075948,1/30/2024 13:28,13:28,12,0,0,I-25 NB & NB OFF RAMP MERGE PT TO W 6TH AVE,1,1,0,0,1,8,0,0,55,0,0,0,0,0,1,2,13
,2024-001276,39.78285424,-104.7554459,1/30/2024 12:46,12:46,3,0,0,E GREEN VALLEY RANCH BLVD & N HIMALAYA RD,1,1,0,0,1,1,0,0,25,0,0,0,0,0,4,2,16
,2024-001277,39.7807458,-105.0532587,1/30/2024 7:00,7:00,12,0,0,SHERIDAN BLVD & W 46TH AVE,1,1,0,0,1,4,0,0,40,0,0,0,0,0,2,3,13
,2024-001278,39.71294794,-104.9827794,1/29/2024 14:00,14:00,3,0,0,E CEDAR AVE & N LOGAN ST,1,1,0,0,1,1,0,0,25,0,0,0,0,0,4,2,3
,2024-001279,39.73044218,-104.9836034,1/21/2024 21:21,21:21,3,0,0, GRANT ST & E 9TH AVE,1,3,0,0,1,1,0,0,30,0,0,0,0,0,4,2,16
,2024-001280,39.74274635,-105.0267975,1/25/2024 13:45,13:45,3,0,1,W 16TH AVE & N GROVE ST,1,1,0,0,1,1,0,0,30,0,0,0,0,2,4,2,1
,2024-001283,39.76805127,-105.0194578,1/28/2024 21:30,21:30,6,0,0,W 37TH AVE & N BRYANT ST,1,4,0,0,1,4,0,0,20,0,0,0,0,0,4,2,1
,2024-001288,39.78616893,-104.790197,1/29/2024 7:22,7:22,12,0,0,PENA BLVD & GREEN VALLEY RANCH BLVD,1,1,0,0,1,4,0,0,65,0,0,0,0,0,4,2,1
,2024-001296,39.77636067,-104.9789507,1/11/2024 20:29,20:29,12,0,0,4400  WASHINGTON ST & E 45TH AVE,1,3,0,0,1,4,0,0,35,0,0,0,0,0,4,2,16
,2024-001300,39.65299497,-104.9259084,1/30/2024 11:44,11:44,12,0,0,E HAMPDEN AVE & S GLENCOE ST,1,1,1,0,1,4,0,0,40,0,0,0,0,0,2,2,14
,2024-001301,39.74019244,-104.9406124,1/29/2024 21:41,21:41,12,0,0,E COLFAX AVE & N COLORADO BLVD,1,3,0,0,1,3,0,0,30,0,0,0,0,0,2,3,14
,2024-001302,39.78012252,-104.9306717,1/29/2024 15:00,15:00,12,0,0,I-70 & N COLORADO BLVD,1,1,0,0,1,4,0,0,55,0,0,0,0,0,1,2,11
,2024-001308,39.75029731,-104.9942703,1/29/2024 15:00,15:00,12,0,0,LAWRENCE ST & 18TH ST,1,1,0,0,1,3,0,0,30,0,0,0,0,0,4,3,13
,2024-001314,39.72571092,-105.0246358,1/19/2024 21:35,21:35,12,0,0,W 6TH AVE WB OFF RAMP & N FEDERAL BLVD,1,3,1,0,1,8,0,0,25,0,0,0,0,0,2,2,16
,2024-001317,39.74403364,-105.0252086,1/30/2024 11:06,11:06,12,0,0, FEDERAL BLVD & W DICK CONNER AVE,1,1,0,0,1,4,0,0,35,0,0,0,0,0,2,2,13
,2024-001318,39.6146612,-105.0911454,1/4/2024 19:15,19:15,15,0,0, WADSWORTH BLVD & W LONG DR,1,1,0,0,1,4,0,0,45,0,0,0,0,0,2,2,10
,2024-001319,39.79850119,-104.8754665,1/25/2024 8:24,8:24,12,0,0,E 56TH AVE & N DALLAS ST,1,1,0,0,1,3,0,0,,0,0,0,0,0,4,2,16
,2024-001321,39.76001562,-104.8906862,1/29/2024 8:05,8:05,12,0,0,E MLK BLVD & N CENTRAL PARK BLVD,1,1,0,0,1,3,0,0,35,0,0,0,0,0,4,2,16
,2024-001324,39.76842381,-104.8657914,1/29/2024 11:10,11:10,15,0,0, HAVANA ST & E SMITH RD,1,1,0,0,1,3,0,0,35,0,0,0,0,0,4,3,16
,2024-001325,39.74178198,-105.0144563,1/30/2024 14:50,14:50,12,0,1,I-25 & AURARIA PKWY,1,1,1,0,1,4,0,0,55,0,0,0,0,1,1,2,10
,2024-001326,39.75924469,-104.9937287,1/26/2024 2:42,2:42,15,0,0,22ND ST & WEWATTA ST,11,3,1,1,1,4,0,0,,0,0,0,0,0,4,2,16
,2024-001327,39.7253397,-104.9125602,1/30/2024 13:36,13:36,10,0,0,E 6TH AVE & N MONACO ST,1,1,0,0,1,1,0,0,30,0,0,0,0,0,4,2,11
,2024-001328,39.70755418,-104.9995817,1/29/2024 9:45,9:45,6,0,0,W VIRGINIA AVE & S JASON ST,1,1,0,0,1,4,0,0,20,0,0,0,0,0,4,2,16
,2024-001339,39.77727269,-104.8827691,1/6/2024 18:04,18:04,12,0,2,I-70 & N CENTRAL PARK BLVD,1,3,0,0,1,8,0,0,,0,0,0,0,2,1,2,16
,2024-001341,39.76193589,-104.9027448,1/30/2024 8:03,8:03,3,0,0,E MLK BLVD & N QUEBEC ST,1,1,0,0,1,1,0,0,35,0,0,0,0,0,4,2,11
,2024-001343,39.68893015,-104.9723708,1/30/2024 7:48,7:48,12,0,0,I-25 SB ON RAMP & S DOWNING ST,1,1,1,0,1,8,0,0,,0,0,0,0,0,1,3,16
,2024-001350,39.69674905,-105.0127078,1/31/2024 8:40,8:40,3,0,0,W MISSISSIPPI AVE & S TEJON ST,1,1,0,0,1,1,0,0,30,0,0,0,0,0,4,3,16
,2024-001354,39.75028791,-105.0012416,1/30/2024 22:16,22:16,1,0,0,15TH ST & WAZEE ST,1,3,0,0,1,1,0,0,25,0,0,0,0,0,4,2,8
,2024-001359,39.77893229,-104.954136,1/31/2024 6:36,6:36,3,0,0,E 45TH AVE & N CLAYTON ST,1,3,0,0,1,1,0,0,20,0,0,0,0,0,4,2,11
,2024-001362,39.75802766,-104.9021182,1/27/2024 19:31,19:31,15,0,0,E 29TH AVE & N ROSLYN ST,1,3,0,0,1,4,0,0,25,0,0,0,0,0,4,2,11
,2024-001364,39.76711404,-104.9981186,1/31/2024 16:27,16:27,12,0,0,I-25 & 20TH ST,1,1,0,0,1,4,0,0,55,0,0,0,0,0,1,2,13
,2024-001369,39.74755296,-104.9829532,1/31/2024 9:13,9:13,11,0,0,E 20TH AVE & N GRANT ST,1,1,0,0,1,9,0,0,0,0,0,1,0,0,4,1,16
,2024-001374,39.78225828,-105.0252752,1/31/2024 15:35,15:35,12,0,0, FEDERAL BLVD & W 47TH AVE,1,1,0,0,1,4,0,0,35,0,0,0,0,0,2,2,13
,2024-001375,39.78389742,-105.0250801,1/31/2024 17:44,17:44,1,0,0, FEDERAL BLVD & I-70 EB RAMPS,1,3,0,0,1,1,0,0,45,0,0,0,0,0,2,2,13
,2024-001376,39.7237191,-104.9407878,1/31/2024 9:11,9:11,12,0,3, COLORADO BLVD & E 5TH AVE,1,1,1,0,1,4,0,0,35,0,0,0,0,1,2,3,14
,2024-001377,39.68217933,-105.0020405,1/31/2024 8:21,8:21,15,0,0,W JEWELL AVE & S PLATTE RIVER DR,1,1,1,0,1,3,0,0,30,0,0,0,0,0,4,2,11
,2024-001378,39.75321228,-104.9597708,1/30/2024 15:30,15:30,15,0,0, YORK ST & E 25TH AVE,1,1,0,0,1,1,0,0,,0,0,0,0,0,4,3,3
,2024-001384,39.78395201,-104.8097963,1/14/2024 9:05,9:05,12,0,0, CHAMBERS RD & E GATEWAY AVE,8,1,0,0,1,4,0,0,,0,0,0,0,0,4,2,16
,2024-001385,39.78364174,-104.7896604,1/31/2024 9:30,9:30,12,0,1,PENA BLVD NB OFF RAMP & GREEN VALLEY RANCH BLVD,1,1,0,0,1,8,0,0,35,0,0,0,0,1,4,2,3
,2024-001386,39.76746209,-104.9034673,1/30/2024 21:58,21:58,11,0,1, QUEBEC ST & E 36TH AVE,1,3,0,0,1,1,0,0,0,0,1,0,0,2,4,1,16
,2024-001389,39.6637267,-105.025148,1/31/2024 14:14,14:14,15,0,0, FEDERAL BLVD & W BATES AVE,1,1,0,0,1,4,0,0,35,0,0,0,0,0,2,2,16
,2024-001402,39.7157036,-104.9921694,1/30/2024 13:55,13:55,11,0,1,W ARCHER PL & S CHEROKEE ST,1,1,0,0,1,1,0,0,25,0,1,0,0,2,4,1,11
,2024-001405,39.74618041,-105.018062,1/30/2024 16:38,16:38,12,0,1,I-25 & W 20TH ST,1,1,0,0,1,4,0,0,55,0,0,0,0,1,1,2,13
,2024-001407,39.75009812,-104.9873911,1/30/2024 17:35,17:35,12,0,1,BROADWAY & STOUT ST,1,3,0,0,1,4,0,0,30,0,0,0,0,1,4,2,13
,2024-001409,39.77675324,-105.034616,1/10/2024 17:37,17:37,14,0,0, LOWELL BLVD & W 44TH AVE,1,3,0,0,1,3,0,0,30,0,0,0,0,0,4,2,16
,2024-001410,39.73209184,-105.0001584,1/31/2024 10:35,10:35,10,0,0, KALAMATH ST & W 10TH AVE,1,1,0,0,1,1,0,0,30,0,0,0,0,0,4,2,13
,2024-001411,39.72714634,-104.9836227,1/16/2024 11:40,11:40,12,0,0, GRANT ST & E 7TH AVE,11,1,0,0,1,3,0,0,35,0,0,0,0,0,4,2,16
,2024-001412,39.63477074,-104.8936717,1/31/2024 16:18,16:18,12,0,0,I-225 SB OFF RAMP & S TAMARAC ST,1,2,0,0,1,8,0,0,35,0,0,0,0,0,4,2,7
,2024-001415,39.65307901,-104.8987255,1/31/2024 2:02,2:02,1,0,0,E HAMPDEN AVE & S TAMARAC DR,1,3,1,0,1,1,0,0,,0,0,0,0,0,2,2,16
,2024-001416,39.74006527,-104.9267316,1/31/2024 10:35,10:35,15,0,1,E COLFAX AVE & N FOREST ST,1,1,0,0,1,4,0,0,35,0,0,0,0,1,2,2,16
,2024-001418,39.75851823,-105.0344653,1/25/2024 10:59,10:59,6,0,0,W 29TH AVE & N LOWELL BLVD,1,1,0,0,1,4,0,0,30,0,0,0,0,0,4,2,11
,2024-001419,39.71128376,-104.9034949,1/30/2024 9:00,9:00,1,0,0,E ALAMEDA AVE & S QUEBEC ST,1,1,0,0,1,1,0,0,30,0,0,0,0,0,4,2,3
,2024-001420,39.6709718,-104.8660893,1/15/2024 19:00,19:00,12,0,0, PARKER RD & S HAVANA ST,4,3,3,2,1,3,0,0,,0,0,0,0,0,2,2,16
,2024-001423,39.68949238,-105.0250606,1/29/2024 6:58,6:58,14,0,0, FEDERAL BLVD & W FLORIDA AVE,1,1,0,0,1,1,0,0,40,0,0,0,0,0,2,2,3
,2024-001427,39.72551461,-105.0451315,1/30/2024 7:37,7:37,15,0,0,W 6TH AVE & N UTICA ST,1,2,0,0,1,4,0,0,55,0,0,0,0,1,4,3,2
,2024-001430,39.74014096,-104.9445097,1/29/2024 23:07,23:07,11,0,1,3600 E COLFAX AVE & N GARFIELD ST,1,3,0,0,1,4,0,0,0,0,1,0,0,2,2,1,16
,2024-001432,39.79130021,-104.8318621,1/29/2024 21:44,21:44,6,0,1, WHEELING ST & E 51ST AVE,1,4,0,0,1,4,0,0,25,0,0,0,0,1,4,3,16
,2024-001440,39.7018633,-104.993812,1/31/2024 6:40,6:40,12,0,0, SANTA FE DR & I-25 NB ON RAMP MERGE PT,1,2,3,0,1,8,0,0,35,0,0,0,0,0,2,2,16
,2024-001447,39.7018633,-104.993812,1/31/2024 6:31,6:31,12,0,0, SANTA FE DR & I-25 NB ON RAMP MERGE PT,1,2,1,0,1,8,0,0,35,0,0,0,0,0,2,3,16
,2024-001448,39.75801689,-104.903394,1/31/2024 12:36,12:36,1,0,0, QUEBEC ST & E 29TH AVE,1,1,0,0,1,1,0,0,35,0,0,0,0,0,4,2,16
,2024-001450,39.69854427,-104.9918049,1/31/2024 6:45,6:45,12,0,0, SANTA FE DR & W MISSISSIPPI AVE,1,1,0,0,1,4,0,0,65,0,0,0,0,0,2,2,3
,2024-001451,39.6530794,-104.9182339,1/30/2024 16:30,16:30,12,0,0,I-25 & E HAMPDEN AVE,1,1,0,0,1,4,0,0,,0,0,0,0,0,1,2,16
,2024-001453,39.69647157,-104.9231937,1/31/2024 8:15,8:15,12,0,0,E CHERRY CREEK  DR & S HOLLY ST,1,1,0,0,1,4,0,0,30,0,0,0,0,0,4,2,14
,2024-001455,39.74000696,-104.9929152,1/30/2024 9:45,9:45,1,0,0,E COLFAX AVE & N DELAWARE ST,1,1,0,0,1,1,0,0,,0,0,0,0,0,2,2,16
,2024-001458,39.71478128,-104.9875257,1/30/2024 11:56,11:56,12,0,0,E BAYAUD AVE & S BROADWAY,1,1,0,0,1,3,0,0,30,0,0,0,0,0,4,2,16
,2024-001459,39.74777772,-105.0043179,1/2/2024 19:36,19:36,11,0,2,AURARIA PKWY & 12TH ST,1,3,0,0,1,3,0,0,0,0,1,0,0,3,4,1,16
,2024-001471,39.78365275,-105.0061103,1/31/2024 13:32,13:32,3,0,0,I-70 WB OFF RAMP & N PECOS ST,1,1,0,0,1,6,0,0,30,0,0,0,0,0,4,2,13
,2024-001472,39.74034049,-105.0369862,1/31/2024 8:40,8:40,3,0,0, NEWTON ST & W COLFAX AVE,1,1,0,0,1,1,0,0,20,0,0,0,0,0,2,2,11
,2024-001473,39.77775518,-104.9039751,1/31/2024 18:06,18:06,12,0,0,I-70 EB OFF RAMP & N QUEBEC ST,1,3,1,0,1,8,0,0,40,0,0,0,0,0,1,2,13
,2024-001480,39.76928893,-105.0080336,1/2/2024 9:55,9:55,15,0,0,W 38TH AVE & N QUIVAS ST,1,1,0,0,1,1,0,0,,0,0,0,0,0,4,2,16
,2024-001481,39.71139651,-105.0520526,1/31/2024 15:21,15:21,12,0,1,W ALAMEDA AVE & S ZENOBIA ST,1,1,1,0,1,1,0,0,30,0,0,0,0,1,2,2,3
,2024-001487,39.74028116,-105.0124023,1/15/2024 23:45,23:45,3,0,2,W COLFAX AVE & I-25 SB ON RAMP,4,3,0,0,1,1,0,0,40,0,0,0,0,1,2,3,16
,2024-001488,39.63328593,-105.0464907,1/11/2024 7:20,7:20,6,0,0,4600  VRAIN ST & W TUFTS AVE,1,1,0,0,1,4,0,0,20,0,0,0,0,0,4,2,16
,2024-001494,39.75529134,-105.0124981,1/11/2024 22:15,22:15,15,0,0, SPEER BLVD & N I_25,1,3,0,0,1,4,0,0,25,0,0,0,0,0,4,2,11
,2024-001495,39.73568378,-105.025147,2/2/2024 11:13,11:13,15,0,0, FEDERAL BLVD & W HOLDEN PL,1,1,0,0,1,4,0,0,35,0,0,0,0,0,2,2,13
,2024-001517,39.70338648,-104.9317273,2/1/2024 8:34,8:34,12,0,0,E CHERRY CREEK  DR & S HOLLY ST,1,1,0,0,1,4,0,0,30,0,0,0,0,1,4,3,3
,2024-001520,39.73998114,-104.9622356,1/31/2024 12:00,12:00,3,0,0, VINE ST & E COLFAX AVE,1,1,0,0,1,1,0,0,25,0,0,0,0,0,2,2,3
,2024-001521,39.67601428,-104.9313753,2/2/2024 16:51,16:51,15,0,2,I-25 NB OFF RAMP TO E EVANS AVE & NB OFF RAMP MERGE PT,1,1,0,0,1,8,0,0,65,0,0,0,0,2,1,10,1
,2024-001522,39.70015103,-104.8753363,2/2/2024 10:28,10:28,12,0,0, DAYTON ST & E KENTUCKY DR,1,1,1,0,1,1,0,0,30,0,0,0,0,0,4,2,11
,2024-001523,39.81276632,-104.7721169,1/31/2024 17:58,17:58,3,0,0,E 64TH AVE & N TOWER RD,1,4,0,0,1,1,0,0,,0,0,0,0,0,4,2,16
,2024-001524,39.65308139,-104.8918693,1/31/2024 12:38,12:38,12,0,3,E HAMPDEN AVE & S VERBENA ST,1,1,1,0,1,1,0,0,45,0,0,0,0,2,2,2,10
,2024-001526,39.74082475,-104.9721471,1/31/2024 15:30,15:30,10,0,0, MARION ST & E COLFAX AVE,1,1,0,0,1,2,0,0,25,0,0,0,0,0,4,2,1
,2024-001527,39.78389667,-104.7721159,2/1/2024 21:15,21:15,12,0,0,TOWER RD & E GREEN VALLEY RANCH BLVD,1,3,0,0,1,4,0,0,45,0,0,0,0,0,4,2,3
,2024-001529,39.71531424,-104.9593071,1/31/2024 16:30,16:30,12,0,0, UNIVERSITY BLVD & E CHERRY CREEK N DR,1,1,0,0,1,1,0,0,,0,0,0,0,0,4,2,16
,2024-001533,39.71815297,-105.0444534,2/2/2024 11:14,11:14,14,0,0,W 1ST AVE & N UTICA ST,1,1,0,0,1,3,0,0,40,0,0,0,0,0,4,2,16
,2024-001534,39.67846148,-104.9111632,2/1/2024 9:51,9:51,1,0,0,E EVANS AVE & S MONACO ST,1,1,1,0,1,2,0,0,35,0,0,0,0,0,4,2,11
,2024-001537,39.749092,-104.9958173,2/1/2024 17:53,17:53,15,0,0,LAWRENCE ST & 17TH ST,1,3,0,0,1,4,0,0,25,0,0,0,0,1,4,2,13
,2024-001538,39.72908045,-105.0251385,2/1/2024 10:16,10:16,12,0,1, FEDERAL BLVD & W 8TH AVE,1,1,0,0,1,4,0,0,35,0,0,0,0,1,2,3,13
,2024-001543,39.72413233,-104.9985771,2/1/2024 12:03,12:03,3,0,0,W 5TH AVE & N SANTA FE DR,1,1,0,0,1,1,0,0,30,0,0,0,0,0,4,2,11
,2024-001545,39.77675319,-105.034616,2/1/2024 16:24,16:24,10,0,0,W 44TH AVE & N LOWELL BLVD,1,1,0,0,1,1,0,0,35,0,0,0,0,0,4,2,13
,2024-001546,39.7411957,-104.9994881,1/30/2024 16:07,16:07,3,0,1,STOUT ST & N SPEER BLVD,1,1,0,0,1,1,0,0,25,0,0,0,0,2,4,2,13
,2024-001547,39.73516189,-104.9718312,2/1/2024 10:15,10:15,3,0,0,E 12TH AVE & N MARION ST,1,1,0,0,1,2,0,0,25,0,0,0,0,0,4,2,3
,2024-001548,39.61806348,-105.0913789,2/1/2024 17:57,17:57,15,0,1, WADSWORTH BLVD & W CRESTLINE AVE,1,3,0,0,1,4,0,0,35,0,0,0,0,2,2,2,16
,2024-001549,39.69674956,-105.0250716,2/1/2024 10:42,10:42,12,0,0, FEDERAL BLVD & W MISSISSIPPI AVE,1,1,0,0,1,3,0,0,40,0,0,0,0,0,2,2,16
,2024-001553,39.71156158,-104.9991081,2/1/2024 6:58,6:58,12,0,0,I-25 & W ALAMEDA AVE,1,2,1,0,1,4,0,0,55,0,0,0,0,0,1,2,7
,2024-001557,39.74011657,-104.9861316,2/1/2024 9:00,9:00,15,0,0,E COLFAX AVE & N LINCOLN ST,1,1,0,0,1,1,0,0,30,0,0,0,0,0,2,2,3
,2024-001561,39.74040615,-105.0520772,1/5/2024 15:50,15:50,11,0,1,W COLFAX AVE & N ZENOBIA ST,1,1,0,0,1,1,0,0,0,0,1,0,0,2,2,1,16
,2024-001563,39.74014485,-104.9461683,1/31/2024 17:36,17:36,12,0,0, MADISON ST & E COLFAX AVE,1,3,0,0,1,1,0,0,20,0,0,0,0,0,2,2,13
,2024-001565,39.7170568,-104.8955391,2/1/2024 14:00,14:00,15,0,0,E LOWRY BLVD & E FAIRMOUNT DR,1,1,0,0,1,3,0,0,35,0,0,0,0,0,4,2,13
,2024-001567,39.76270935,-104.9834556,2/2/2024 18:53,18:53,10,0,1,29TH ST & BLAKE ST,1,3,0,0,1,2,0,0,30,0,0,0,0,2,4,2,13
,2024-001568,39.78624159,-104.8470474,2/2/2024 5:14,5:14,12,0,1, PEORIA ST & E ANDREWS DR,1,3,0,0,1,1,0,0,,0,0,0,0,2,4,2,14
,2024-001571,39.74312375,-105.0160161,1/10/2024 8:35,8:35,12,0,1,I-25 & SB OFF RAMP EXT TO W COLFAX AVE,1,1,0,0,1,4,0,0,55,0,0,0,0,1,1,3,13
,2024-001572,39.78328311,-105.005998,2/1/2024 18:00,18:00,12,0,0,I-70 & N PECOS ST,1,3,1,0,1,4,0,0,55,0,0,0,0,0,1,6,16
,2024-001575,39.78562481,-105.0227961,1/16/2024 17:10,17:10,3,0,0,W 49TH AVE & N ELM CT,9,2,0,0,1,1,0,0,25,0,0,0,0,0,4,2,11
,2024-001576,39.71336567,-104.9982129,2/2/2024 3:11,3:11,6,0,0, SANTA FE DR & W CEDAR AVE,1,4,0,0,1,4,0,0,,0,0,0,0,0,4,2,16
,2024-001579,39.7679992,-105.0064496,1/29/2024 21:46,21:46,6,0,0, PECOS ST & W 37TH AVE,1,4,1,0,1,4,0,0,25,0,0,0,0,0,4,3,14
,2024-001580,39.74379589,-104.9568413,2/2/2024 17:47,17:47,1,0,0, CITY PARK ESPLANADE & E 17TH AVE,1,3,0,0,1,1,0,0,30,0,0,0,0,0,4,2,1
,2024-001581,39.80553635,-104.7656275,1/31/2024 21:18,21:18,6,0,0,E 60TH AVE & N CEYLON ST,1,3,0,0,1,4,0,0,20,0,0,0,0,0,4,4,14
,2024-001586,39.73172916,-104.9919661,1/16/2024 8:31,8:31,5,0,0, CHEROKEE ST & SPEER BLVD,4,1,0,2,6,3,0,0,30,0,0,0,0,0,4,1,14
,2024-001587,39.69657826,-104.9405133,2/1/2024 13:00,13:00,3,0,0,E MISSISSIPPI AVE & S COLORADO BLVD,1,1,0,0,1,2,0,0,25,0,0,0,0,0,4,2,3
,2024-001589,39.77666769,-104.847027,2/2/2024 16:20,16:20,12,0,0,E 44TH AVE & N PEORIA ST,1,2,1,0,1,1,0,0,40,0,0,0,0,0,4,2,14
,2024-001591,39.67847306,-104.9222662,2/1/2024 14:15,14:15,1,0,0,E EVANS AVE & S HOLLY ST,1,1,0,0,1,1,0,0,30,0,0,0,0,0,4,2,3
,2024-001592,39.68489402,-104.9594475,2/1/2024 16:36,16:36,12,0,1,I-25 & S UNIVERSITY BL,1,1,0,0,1,4,0,0,55,0,0,0,0,1,1,3,13
,2024-001594,39.6699985,-104.9875843,2/1/2024 11:30,11:30,12,0,0, BROADWAY & W VASSAR AVE,1,1,0,0,1,4,0,0,30,0,0,0,0,1,4,2,14
,2024-001595,39.65316751,-104.9158205,2/2/2024 15:26,15:26,1,0,0,E HAMPDEN AVE & I-25 NB RAMPS,1,1,0,0,1,2,0,0,35,0,0,0,0,0,2,2,7
,2024-001597,39.78016501,-105.002842,1/27/2024 13:37,13:37,16,0,0,1311 W 46TH AVE & W 46TH AVE,1,1,0,0,5,7,0,0,10,0,0,0,0,0,3,2,11
,2024-001598,39.70803104,-105.0385424,1/20/2024 22:06,22:06,6,0,0,W VIRGINIA AVE & S OSCEOLA ST,1,3,0,0,6,1,0,0,,0,0,0,0,0,4,2,16