id,drcog_id,latitude,longitude,crashtime,time,crashtype,numbkilled,numbinjurd,drcoglocat,rdconditin,lightngcon,roadcntgrd,weatherco,location,roaddescrp,schoolzone,constrzone,splimit,bikeinv,pedinv,sctrinv,motoinv,svrty,rdsystem,ttlvehcls,hcf
,2024-001599,39.69526091,-104.9035617,2/1/2024 17:20,17:20,12,0,0, QUEBEC ST & E MISSISSIPPI AVE,1,3,0,0,1,3,0,0,35,0,0,0,0,0,4,2,13
,2024-001602,39.67485545,-104.909805,2/2/2024 15:30,15:30,15,0,0,E ILIFF AVE & S ONEIDA ST,1,1,0,0,1,4,0,0,30,0,0,0,0,0,4,2,13
,2024-001604,39.749245,-104.940602,2/2/2024 16:45,16:45,12,0,0, COLORADO BLVD & E 22ND AVE,1,1,0,0,1,1,0,0,35,0,0,0,0,0,2,2,13
,2024-001605,39.65728241,-104.8999002,2/1/2024 3:35,3:35,5,0,0, TAMARAC DR & E EASTMAN AVE,1,3,0,0,3,4,0,0,35,0,0,0,0,0,4,1,14
,2024-001606,39.72890683,-104.9985789,1/26/2024 12:16,12:16,6,0,0,W 8TH AVE & N SANTA FE DR,11,1,0,0,1,4,0,0,25,0,0,0,0,0,4,2,16
,2024-001609,39.75616646,-104.9919112,2/1/2024 11:00,11:00,12,0,0,22ND ST & BLAKE ST,1,1,0,0,1,1,0,0,25,0,0,0,0,0,4,2,3
,2024-001610,39.74082479,-104.9761641,2/2/2024 18:11,18:11,12,0,0, EMERSON ST & E COLFAX AVE,1,3,0,0,1,4,0,0,,0,0,0,0,0,4,2,16
,2024-001612,39.67846478,-104.9316166,2/2/2024 13:16,13:16,10,0,0, DAHLIA ST & E EVANS AVE,1,1,0,0,1,1,0,0,35,0,0,0,0,0,4,3,11
,2024-001615,39.68936234,-104.9150802,2/1/2024 15:45,15:45,12,0,0,E FLORIDA AVE & S LEYDEN ST,1,1,0,0,1,1,0,0,30,0,0,0,0,0,4,2,3
,2024-001616,39.67864514,-105.0250486,2/2/2024 16:46,16:46,3,0,0,2110  FEDERAL BLVD & W EVANS AVE,1,2,0,0,1,2,0,0,35,0,0,0,0,0,2,2,13
,2024-001617,39.76564099,-104.9368272,2/2/2024 8:34,8:34,9,0,0,E 35TH AVE & N BELLAIRE ST,1,1,0,0,3,3,0,0,20,0,0,0,0,0,4,1,14
,2024-001619,39.77113862,-104.9223141,1/23/2024 19:03,19:03,12,0,0, HOLLY ST & E 39TH AVE,1,4,0,0,1,2,0,0,35,0,0,0,0,0,4,2,16
,2024-001620,39.66241485,-104.9223898,2/2/2024 22:55,22:55,5,0,0,I-25 & E YALE AVE,11,3,0,7,2,4,0,0,65,0,0,0,0,0,1,1,10
,2024-001621,39.68022183,-104.9508235,2/2/2024 8:30,8:30,3,0,0,E ASBURY AVE & S ST PAUL ST,1,1,0,0,1,1,0,0,25,0,0,0,0,0,4,2,11
,2024-001622,39.74015973,-104.952721,2/2/2024 14:59,14:59,6,0,0,E COLFAX AVE & N FILLMORE ST,1,1,0,0,1,4,0,0,30,0,0,0,0,0,2,2,13
,2024-001623,39.78852772,-104.8931634,2/3/2024 1:06,1:06,3,0,0,E 50TH AVE & N UINTA ST,11,3,0,0,1,1,0,0,20,0,0,0,0,0,4,2,11
,2024-001624,39.74744331,-104.9034481,2/3/2024 14:06,14:06,3,0,1,E MONTVIEW BLVD & N QUEBEC ST,10,1,0,2,1,1,0,0,30,0,0,0,0,2,4,2,16
,2024-001625,39.77380433,-104.813598,2/3/2024 9:59,9:59,14,0,0,E ANDREWS DR & E MITCHELL PL,10,1,0,2,6,3,0,0,35,0,0,0,0,0,4,2,16
,2024-001626,39.71003601,-104.8706597,2/3/2024 0:00,0:00,12,0,1,E ALAMEDA AVE & S GALENA WY,11,3,0,0,1,1,0,0,25,0,0,0,0,1,4,2,16
,2024-001627,39.72892966,-104.9905769,2/3/2024 11:06,11:06,3,0,0,W 8TH AVE & N SPEER BLVD,7,1,0,2,1,1,0,0,30,0,0,0,0,0,4,2,7
,2024-001629,39.74010287,-104.9587923,2/3/2024 2:16,2:16,3,0,0,E COLFAX AVE & N JOSEPHINE ST,11,3,0,1,1,1,0,0,35,0,0,0,0,0,2,2,14
,2024-001630,39.77714156,-104.9892154,2/3/2024 8:49,8:49,15,0,0,I-25 NB & I-70 EB,11,1,0,1,1,4,0,0,55,0,0,0,0,0,1,2,13
,2024-001631,39.79090777,-104.9416704,2/2/2024 19:04,19:04,1,0,0, VASQUEZ BLVD & E 52ND AVE,1,3,0,0,1,1,0,0,35,0,0,0,0,0,4,2,11
,2024-001632,39.78099,-104.89324,2/1/2024 22:42,22:42,3,0,1,E 46TH AVE & N UINTA ST,1,3,0,0,1,1,0,0,10,0,0,0,0,2,4,2,14
,2024-001633,39.75587113,-105.0120891,2/1/2024 10:19,10:19,12,0,0,I-25 & N SPEER BLVD,1,1,0,0,1,4,0,0,55,0,0,0,0,0,1,2,13
,2024-001634,39.74020263,-104.9277051,2/3/2024 0:26,0:26,15,0,0,5126 E COLFAX AVE & N FILBERT CT,11,3,0,1,1,4,0,0,35,0,0,0,0,0,2,2,14
,2024-001635,39.77896566,-104.9582366,2/2/2024 22:36,22:36,6,0,1, JOSEPHINE ST & E 45TH AVE,11,3,0,1,1,4,0,0,25,0,0,0,0,2,4,4,14
,2024-001636,39.72558336,-105.0394554,2/1/2024 8:00,8:00,12,0,0,W 6TH AVE & N PERRY ST,1,1,1,0,1,1,0,0,55,0,0,0,0,0,2,2,3
,2024-001637,39.83465513,-104.7365784,1/27/2024 23:10,23:10,12,0,0,E-470,1,4,0,0,1,4,0,0,65,0,0,0,0,0,4,2,7
,2024-001641,39.72472427,-105.0557153,2/1/2024 19:18,19:18,15,0,0,W 6TH AVE & N SHERIDAN BLVD,1,3,0,0,1,4,0,0,55,0,0,0,0,0,2,2,13
,2024-001649,39.78025363,-104.9357006,2/1/2024 13:57,13:57,12,0,0,I-70 & N COLORADO BLVD,1,1,0,0,1,4,0,0,55,0,0,0,0,0,1,2,1
,2024-001654,39.78198814,-104.901736,2/1/2024 15:08,15:08,15,0,0,QUEBEC ST & N SAND CREEK RD,1,1,0,0,1,4,0,0,35,0,0,0,0,0,4,2,11
,2024-001657,39.7429717,-105.025212,2/1/2024 15:47,15:47,1,0,0, FEDERAL BLVD & W 16TH AVE,1,1,0,0,1,2,0,0,35,0,0,0,0,0,2,2,13
,2024-001658,39.83423601,-104.6929174,2/3/2024 10:38,10:38,15,0,1,N JACKSON GAP ST,9,1,1,2,1,3,0,0,40,0,0,0,0,1,4,2,8
,2024-001660,39.73992722,-105.0139024,2/1/2024 11:17,11:17,12,0,0,I-25 & W COLFAX AVE,1,1,1,0,1,4,0,0,55,0,0,0,0,0,1,2,13
,2024-001661,39.78053996,-104.9496621,1/31/2024 18:41,18:41,12,0,0,I-70 & VASQUEZ BLVD,1,3,0,0,1,13,0,0,55,0,0,0,0,0,1,2,13
,2024-001663,39.67851829,-104.9128647,2/1/2024 11:37,11:37,12,0,1, MONACO ST & E EVANS AVE,1,1,0,0,1,3,0,0,35,0,0,0,0,1,4,2,13
,2024-001665,39.68068012,-105.0133697,2/3/2024 16:19,16:19,12,0,0, VALLEJO ST & W ASBURY AVE,9,2,0,2,1,2,0,0,30,0,0,0,0,0,4,2,11
,2024-001666,39.71998925,-104.8904651,2/1/2024 21:26,21:26,5,0,1,E LOWRY BLVD & N UINTA WAY,1,3,0,0,3,6,0,0,30,0,0,0,0,2,4,1,16
,2024-001672,39.66747043,-104.9255047,2/3/2024 1:45,1:45,12,0,1,I-25 & E YALE AVE,11,3,0,1,1,4,0,0,65,0,0,0,0,2,1,2,14
,2024-001681,39.74021978,-104.8997436,1/24/2024 8:59,8:59,6,0,0,E COLFAX AVE & N ROSEMARY ST,1,1,0,0,1,4,0,1,35,0,0,0,0,0,2,2,13
,2024-001690,39.65618232,-105.0513203,2/1/2024 12:19,12:19,3,0,0,W DARTMOUTH AVE & S ZURICH CT,1,1,0,0,1,2,0,0,,0,0,0,0,0,4,2,11
,2024-001691,39.73676636,-104.9183605,2/1/2024 11:46,11:46,15,0,0,E 13TH AVE & N JASMINE ST,1,1,0,0,1,1,0,0,30,0,0,0,0,1,4,2,16
,2024-001692,39.73377911,-104.9810453,2/1/2024 9:45,9:45,6,0,0, PENNSYLVANIA ST & E 11TH AVE,1,1,0,0,1,4,0,0,25,0,0,0,0,0,4,2,3
,2024-001693,39.75324407,-104.9757621,2/1/2024 19:25,19:25,3,0,1, EMERSON ST & 25TH AVE,1,4,0,0,1,1,0,0,25,0,0,0,0,2,4,2,11
,2024-001698,39.74008912,-105.0053369,1/31/2024 22:24,22:24,11,0,1,W COLFAX AVE & N OSAGE ST,1,3,0,0,1,1,0,0,35,0,1,0,0,1,2,1,16
,2024-001701,39.74019982,-105.0050513,2/3/2024 0:18,0:18,12,0,3,E COLFAX AVE & N GRANT ST,11,3,0,1,1,3,0,0,35,0,0,0,0,2,2,2,11
,2024-001702,39.78801956,-104.7897169,2/2/2024 19:30,19:30,12,0,0,E GREEN VALLEY RANCH BLVD,1,3,0,0,1,4,0,0,65,0,0,0,0,0,4,2,11
,2024-001715,39.7924769,-104.7744729,2/3/2024 3:19,3:19,6,0,0, YAMPA ST & E ELMENDORF DR,1,3,0,0,1,4,0,0,,0,0,0,0,0,4,2,16
,2024-001716,39.71121663,-105.0299617,2/3/2024 11:25,11:25,15,0,0,W ALAMEDA AVE & S IRVING ST,9,1,0,2,1,1,0,0,35,0,0,0,0,0,2,2,13
,2024-001717,39.70351947,-105.0250744,2/2/2024 21:35,21:35,12,0,1,730  FEDERAL BLVD & W EXPOSITION AVE,11,3,0,1,1,4,0,0,35,0,0,0,0,1,2,2,11
,2024-001718,39.72541634,-105.0250792,2/3/2024 10:33,10:33,12,0,0,W 6TH AVE & N FEDERAL BLVD,7,1,0,2,1,4,0,0,55,0,0,0,0,0,2,2,14
,2024-001732,39.74378374,-104.9476751,2/3/2024 19:56,19:56,15,0,0,E 17TH AVE & N COOK ST,8,3,0,2,1,1,0,0,,0,0,0,0,0,4,2,16
,2024-001744,39.75071887,-104.9597669,2/1/2024 10:15,10:15,1,0,1, YORK ST & E 23RD AVE,1,1,0,0,1,1,0,0,40,0,0,0,0,2,4,2,16
,2024-001746,39.74380385,-105.0283849,2/2/2024 12:21,12:21,6,0,0, HOOKER ST & W 17TH AVE,1,1,0,0,1,4,0,0,25,0,0,0,0,0,4,2,16
,2024-001751,39.74204633,-104.954772,2/1/2024 8:45,8:45,6,0,0, DETROIT ST & E 16TH AVE,1,1,1,0,1,3,0,0,20,0,0,0,0,0,4,2,7
,2024-001752,39.6894292,-104.9874997,1/19/2024 16:52,16:52,11,0,2, BROADWAY ST & E FLORIDA AVE,1,2,0,0,1,3,0,0,35,0,1,0,0,3,4,1,16
,2024-001754,39.78363925,-104.7846558,1/31/2024 18:05,18:05,6,0,2,E GREEN VALLEY RANCH BLVD & N SALIDA ST,1,3,0,0,1,4,0,0,35,0,1,0,0,2,4,2,10
,2024-001766,39.74011663,-104.9861316,2/1/2024 16:41,16:41,11,0,1, LINCOLN ST & E COLFAX AVE,1,1,0,0,1,1,0,0,0,1,0,0,0,2,2,1,16
,2024-001768,39.78249576,-105.014271,1/15/2024 5:00,5:00,6,0,0, WYANDOT ST & W ELK PL,4,3,0,0,1,4,0,0,,0,0,0,0,0,4,3,16
,2024-001771,39.76094015,-105.0043508,1/29/2024 16:06,16:06,12,0,0,I-25 & 20TH ST,1,1,0,0,1,4,0,0,55,0,0,0,0,0,1,2,16
,2024-001829,39.6822722,-105.0250198,2/4/2024 18:33,18:33,12,0,2, FEDERAL BLVD & W JEWELL AVE,1,3,0,0,1,4,0,0,40,0,0,0,0,1,2,4,16
,2024-001835,39.74010287,-104.9587923,2/3/2024 20:49,20:49,3,0,0,E COLFAX AVE & N JOSEPHINE ST,11,3,0,0,1,1,0,0,35,0,0,0,0,0,2,2,14
,2024-001837,39.80011645,-104.7863524,2/4/2024 12:19,12:19,5,0,2,56TH AVE,1,1,0,0,2,4,0,0,65,0,0,0,0,1,4,2,7
,2024-001838,39.75587429,-105.0120848,2/2/2024 9:35,9:35,15,0,1,I-25 & N SPEER BLVD,1,1,0,0,1,4,0,0,55,0,0,0,0,1,1,2,13
,2024-001847,39.6766965,-104.9036382,2/4/2024 8:13,8:13,12,0,0,E EVANS AVE & S QUEBEC ST,4,1,0,0,1,3,0,0,35,0,0,0,0,1,4,3,16
,2024-001848,39.71656256,-104.9862472,1/27/2024 21:09,21:09,12,0,0, LINCOLN ST & E ELLSWORTH AVE,1,3,0,0,1,3,0,0,,0,0,0,0,0,4,2,16
,2024-001858,39.73833239,-104.9483687,1/26/2024 16:47,16:47,6,0,0,ADAMS ST & E 14TH AVE,1,1,0,0,1,4,0,0,,0,0,0,0,0,4,2,16
,2024-001860,39.78000878,-104.9790906,2/2/2024 22:12,22:12,1,0,0, WASHINGTON ST & I-70 WB RAMPS,11,3,0,0,1,1,0,0,35,0,0,0,0,0,4,2,13
,2024-001861,39.70607202,-104.9407894,2/1/2024 23:08,23:08,1,0,1,E CHERRY CREEK  DR & S COLORADO BLVD,1,3,0,0,1,1,0,0,35,0,0,0,1,3,2,2,3
,2024-001862,39.74019862,-105.0000672,2/3/2024 22:39,22:39,1,0,0,W COLFAX AVE & N KALAMATH ST,7,3,0,2,1,1,0,0,35,0,0,0,0,0,2,2,14
,2024-001865,39.67861677,-105.0079523,2/4/2024 2:13,2:13,6,0,1,W EVANS AVE & S RARITAN ST,4,3,0,0,3,4,0,0,30,0,0,0,0,2,4,2,14
,2024-001873,39.78436829,-104.98914,2/4/2024 5:30,5:30,5,0,1,I-25 & W 48TH AVE,8,3,0,0,2,4,0,0,60,0,0,0,0,2,1,1,13
,2024-001874,39.78325865,-105.0064888,2/4/2024 7:53,7:53,5,0,0,I-70 & N PECOS ST,4,1,0,0,3,4,0,0,55,0,0,0,0,0,1,1,16
,2024-001875,39.72892588,-105.0001765,2/4/2024 15:56,15:56,3,0,0,W 8TH AVE & N KALAMATH ST,1,1,0,0,1,1,0,0,25,0,0,0,0,0,4,2,13
,2024-001878,39.71029066,-104.9983533,2/4/2024 1:54,1:54,15,0,0,I-25 & W ALAMEDA AVE,7,3,1,0,1,4,0,0,,0,0,0,0,0,1,2,16
,2024-001885,39.66674846,-104.9407876,2/4/2024 2:45,2:45,15,0,1, COLORADO BLVD & E YALE AVE,4,3,0,0,1,4,0,0,45,0,0,0,0,1,2,2,16
,2024-001892,39.71862208,-104.9728867,2/3/2024 11:35,11:35,3,0,2,E SPEER BLVD & N DOWNING ST,9,1,0,2,1,1,0,0,30,0,0,0,0,1,4,2,16
,2024-001899,39.70043189,-105.0532497,2/3/2024 12:30,12:30,12,0,0, SHERIDAN BLVD & W KENTUCKY AVE,9,1,0,2,1,3,0,0,35,0,0,0,0,0,2,2,10
,2024-001902,39.73687782,-104.9729355,1/19/2024 18:15,18:15,15,0,0,E 13TH AVE & N DOWNING ST,1,3,0,0,1,3,0,0,,0,0,0,0,0,4,2,16
,2024-001903,39.75573709,-104.9768443,2/4/2024 11:30,11:30,3,0,0,28TH ST & WELTON ST,7,1,1,7,1,1,0,0,25,0,0,0,0,0,4,2,16
,2024-001906,39.74243463,-105.0135666,2/4/2024 15:24,15:24,6,0,0,AURARIA PKWY & WALNUT ST,11,1,1,0,1,5,0,0,40,0,0,0,0,0,4,2,11
,2024-001909,39.62998561,-104.8939341,2/4/2024 13:44,13:44,5,0,0,E UNION AVE & S DTC BLVD,12,1,0,0,6,4,0,0,35,0,0,0,0,0,4,1,13
,2024-001911,39.8031736,-104.7721174,2/4/2024 13:00,13:00,12,0,0, TOWER RD & E 59TH AVE,11,1,0,0,1,4,0,0,45,0,0,0,0,1,4,2,1
,2024-001912,39.73687785,-104.9730086,2/4/2024 19:55,19:55,3,0,0, DOWNING ST & E 13TH AVE,2,3,0,0,1,1,0,0,30,0,0,0,0,1,4,2,13
,2024-001914,39.83397725,-104.7672732,2/4/2024 13:07,13:07,12,0,0,PENA BLVD & N TOWER RD,1,1,0,0,1,4,0,0,65,0,0,0,0,0,4,2,3
,2024-001937,39.75200527,-104.9816673,2/2/2024 18:59,18:59,10,0,0,E 24TH ST & WELTON ST,11,3,0,1,1,2,0,0,25,0,0,0,0,0,4,2,16
,2024-001938,39.63962338,-104.9105109,2/1/2024 16:17,16:17,12,0,0,I-25 & E HAMPDEN AVE,1,1,0,0,1,4,0,0,65,0,0,0,0,0,1,2,13
,2024-001966,39.74814721,-105.0182004,2/2/2024 15:32,15:32,12,0,0,I-25 & W 20TH ST,1,1,0,0,1,4,0,0,55,0,0,0,0,0,1,4,10
,2024-001973,39.74673398,-105.0008643,1/18/2024 18:30,18:30,15,0,0, SPEER BLVD & LARIMER ST,1,3,0,0,1,3,0,0,35,0,0,0,0,0,4,2,16
,2024-001978,39.75446832,-105.0105552,1/23/2024 9:40,9:40,12,0,0, SPEER BLVD & I-25 NB ON RAMP SLIP,1,1,0,0,1,1,0,0,35,0,0,0,0,0,1,2,1
,2024-001980,39.76004572,-104.8963999,2/5/2024 8:33,8:33,3,0,0, TRENTON ST & E MLK BLVD,11,1,0,0,1,1,0,0,35,0,0,0,0,0,4,2,13
,2024-001982,39.6857666,-104.9791878,1/17/2024 16:30,16:30,6,0,0,E MEXICO AVE & S WASHINGTON ST,1,1,0,0,1,4,0,0,20,0,0,0,0,0,4,2,16
,2024-001983,39.70297275,-104.9128998,1/27/2024 23:15,23:15,3,0,2,LEETSDALE DR & S MONACO ST,1,3,0,0,1,1,0,0,40,0,0,0,0,1,2,2,16
,2024-001984,39.79832138,-104.8096321,2/1/2024 6:03,6:03,15,0,0,E 56TH AVE & N CHAMBERS RD,1,3,0,0,1,1,0,0,40,0,0,0,0,0,4,3,11
,2024-001996,39.66403473,-104.9231734,2/5/2024 7:52,7:52,12,0,0,I-25 & SB OFF RAMP EXT TO E YALE AVE,1,1,0,0,1,4,0,0,55,0,0,0,0,0,1,2,13
,2024-001999,39.69297416,-104.9736826,1/25/2024 10:47,10:47,12,0,0,E LOUISIANA AVE & S DOWNING ST,1,1,0,0,1,4,0,0,30,0,0,0,0,0,4,2,16
,2024-002001,39.76574957,-104.9623078,1/29/2024 3:02,3:02,6,0,0,E 35TH AVE & N VINE ST,1,3,0,0,1,4,0,0,,0,0,0,0,0,4,3,16
,2024-002002,39.75447855,-105.010577,1/28/2024 1:30,1:30,15,0,0, SPEER BLVD & I-25 NB RAMPS,1,3,3,0,1,1,0,0,35,0,0,0,0,0,4,2,13
,2024-002003,39.72091777,-104.9406281,2/1/2024 3:59,3:59,12,0,0, COLORADO BLVD & E 3RD AVE,1,3,2,0,1,3,0,0,35,0,0,0,0,0,2,2,16
,2024-002004,39.67952057,-105.0444493,2/5/2024 8:05,8:05,14,0,2,W EVANS AVE & S TENNYSON WY,4,1,0,0,6,4,0,0,30,0,0,0,0,2,4,2,3
,2024-002005,39.76074118,-104.9656537,2/3/2024 23:53,23:53,6,0,1,E 31ST AVE & N WILLIAMS ST,4,3,0,0,3,3,0,0,30,0,0,0,0,2,4,3,1
,2024-002008,39.71027468,-105.0275406,2/5/2024 8:16,8:16,3,0,1,319  HAZEL CT & W ALAMEDA AVE,1,1,1,0,1,2,0,0,,0,0,0,0,1,4,2,16
,2024-002010,39.65616523,-105.0532235,2/5/2024 18:40,18:40,3,0,0, SHERIDAN BLVD & W DARTMOUTH AVE,1,3,0,0,1,1,0,0,45,0,0,0,0,0,2,2,11
,2024-002011,39.75844402,-104.9984404,2/4/2024 17:31,17:31,11,0,1,W 29TH AVE & N INCA ST,2,2,0,0,1,1,0,0,0,0,1,0,0,2,4,1,16
,2024-002012,39.72570938,-105.0001487,2/4/2024 14:12,14:12,15,0,0, KALAMATH ST & W 6TH AVE,1,1,0,0,1,3,0,0,30,0,0,0,0,0,4,2,16
,2024-002014,39.67951396,-105.0393924,2/5/2024 7:30,7:30,1,0,0,W EVANS AVE & S PASEO WAY,4,1,0,0,1,1,0,0,30,0,0,0,0,0,4,2,11
,2024-002016,39.78365295,-104.7885408,1/19/2024 20:28,20:28,12,0,1, SLIP & N SALIDA ST,2,2,0,0,1,3,0,0,45,0,0,0,0,1,4,2,3
,2024-002018,39.77292543,-105.0174234,2/3/2024 11:35,11:35,5,0,0,W 41ST AVE & N ALCOTT ST,7,1,0,0,3,6,0,0,25,0,0,0,0,0,4,1,1
,2024-002019,39.71473785,-104.982696,2/4/2024 6:05,6:05,3,0,0,E BAYAUD AVE & S LOGAN ST,4,1,0,0,1,1,0,0,30,0,0,0,0,0,4,2,11
,2024-002020,39.63419558,-104.9057078,2/5/2024 1:47,1:47,5,0,0,I-225 SB OFF RAMP TO SB -25 & I-25,5,3,0,0,2,8,0,0,55,0,0,0,0,0,1,1,13
,2024-002021,39.71112993,-105.0164943,1/8/2024 20:30,20:30,14,0,0,W ALAMEDA AVE & S ALCOT ST,1,3,0,0,1,4,0,0,,0,0,0,0,0,2,2,16
,2024-002022,39.6750141,-104.9129451,2/1/2024 12:02,12:02,15,0,1,2200  MONACO ST & E ILIFF AVE,1,1,0,0,1,4,0,0,35,0,0,0,0,1,4,2,8
,2024-002023,39.74824287,-104.9864691,2/4/2024 20:29,20:29,3,0,1,20TH ST & WELTON ST,2,3,0,0,1,1,0,0,25,0,0,0,0,2,4,2,11
,2024-002024,39.78241657,-104.9784959,1/19/2024 14:15,14:15,15,0,0,WASHINGTON ST & E 47TH AVE,1,1,0,0,1,3,0,0,35,0,0,0,0,0,4,2,1
,2024-002025,39.76511159,-104.8829959,2/4/2024 22:30,22:30,6,0,0,E 35TH AVE & AKRON CT,1,3,0,0,1,4,0,0,,0,0,0,0,0,4,2,16
,2024-002026,39.72515242,-105.0252128,1/30/2024 11:20,11:20,10,0,0,W 6TH AVE EB OFF RAMP & N FEDERAL BLVD,1,1,0,0,1,1,0,0,40,0,0,0,0,0,2,2,16
,2024-002032,39.65320083,-104.9175426,1/14/2024 22:40,22:40,12,0,0,E HAMPDEN AVE & I-25 SB RAMPS,1,3,0,0,1,3,0,0,45,0,0,0,0,0,4,2,16
,2024-002033,39.78389777,-105.0219073,2/4/2024 18:35,18:35,15,0,0,I-70 & EB ON RAMP ENT FROM N FEDERAL BLVD,1,3,0,0,1,8,0,0,,0,0,0,0,0,1,2,16
,2024-002034,39.69847396,-104.903558,1/28/2024 1:30,1:30,12,0,0, QUEBEC ST & LEETSDALE DR,1,3,1,0,1,1,0,0,25,0,0,0,0,0,2,2,3
,2024-002035,39.74511554,-104.970905,1/31/2024 15:30,15:30,6,0,0,LAFAYETTE ST & E 18TH AVE,1,1,0,0,1,4,0,0,,0,0,0,0,0,4,2,16
,2024-002036,39.72932095,-105.0140804,2/3/2024 9:14,9:14,12,0,0,W 8TH AVE & N WYANDOT ST,11,1,0,2,1,4,0,0,30,0,0,0,0,0,4,2,10
,2024-002037,39.74198614,-104.9509706,1/24/2024 17:15,17:15,6,0,0, ST PAUL ST & E 17TH AVE,1,2,0,0,1,4,0,0,25,0,0,0,0,0,4,2,16
,2024-002038,39.75470885,-104.9176445,2/2/2024 18:06,18:06,6,0,0,E 26TH AVE & N KEARNEY ST,1,4,0,0,1,3,0,0,30,0,0,0,0,0,4,3,3
,2024-002039,39.67922567,-104.9593913,1/27/2024 14:55,14:55,3,0,0, UNIVERSITY BLVD & E EVANS AVE,1,1,0,0,1,2,0,0,30,0,0,0,0,0,4,2,13
,2024-002042,39.66811967,-105.0386836,1/16/2024 14:20,14:20,6,0,0, PATTON CT & W YALE AVE,10,1,1,0,1,4,0,0,,0,0,0,0,0,4,2,16
,2024-002046,39.7399994,-104.9787428,1/20/2024 14:10,14:10,10,0,0, WASHINGTON ST & E COLFAX AVE,1,1,0,0,1,1,0,0,30,0,0,0,0,0,2,2,13
,2024-002047,39.65722299,-104.9005886,2/4/2024 11:06,11:06,6,0,1,E EASTMAN AVE & S TAMARAC DR,4,1,0,0,1,4,0,0,30,0,0,0,0,3,4,3,16
,2024-002048,39.70040651,-105.0250848,1/31/2024 15:15,15:15,15,0,0, FEDERAL BLVD & W KENTUCKY AVE,1,1,0,0,1,4,0,0,,0,0,0,0,0,2,2,16
,2024-002049,39.69671766,-105.0043185,2/4/2024 17:21,17:21,16,0,0,1400 W MISSISSIPPI AVE,12,3,0,2,5,7,0,0,,0,0,0,0,0,3,3,16
,2024-002050,39.77292479,-104.865815,2/4/2024 13:12,13:12,10,0,0,E 40TH AVE & N HAVANA ST,1,1,0,0,1,1,0,0,25,0,0,0,0,0,4,2,11
,2024-002053,39.72566476,-104.9928235,1/10/2024 13:39,13:39,8,0,1,W 6TH AVE & N DELAWARE ST,1,1,0,0,1,1,0,0,30,0,0,0,0,3,4,2,16
,2024-002054,39.78238982,-104.8470106,2/2/2024 7:15,7:15,12,0,0, PEORIA ST & E 47TH AVE,1,1,0,0,1,4,0,0,30,0,0,0,0,0,4,2,16
,2024-002055,39.74846241,-105.0033458,1/21/2024 20:20,20:20,15,0,0,BLAKE ST & N SPEER BLVD,1,3,0,0,1,4,0,0,,0,0,0,0,0,4,2,16
,2024-002056,39.7728788,-104.9408132,2/2/2024 15:11,15:11,12,0,0,E 40TH AVE & N COLORADO BLVD,1,1,0,0,1,4,0,0,30,0,0,0,0,0,4,2,3
,2024-002057,39.69897403,-104.9792457,2/5/2024 2:30,2:30,6,0,0, WASHINGTON ST & E TENNESSEE AVE,1,3,0,0,1,4,0,0,,0,0,0,0,0,4,2,16
,2024-002058,39.79833066,-104.8941092,2/5/2024 3:12,3:12,10,0,1,E 56TH AVE & N UINTA ST,1,3,0,0,1,1,0,0,,0,0,0,0,2,4,2,16
,2024-002059,39.68462601,-105.0329081,1/8/2024 11:37,11:37,6,0,0,1800  KNOX CT & W JEWELL AVE,10,1,1,0,1,4,0,0,30,0,0,0,0,0,4,2,7
,2024-002061,39.6766965,-104.9036382,2/3/2024 12:30,12:30,12,0,0,E EVANS AVE & S QUEBEC ST,9,1,0,2,1,3,0,0,40,0,0,0,0,0,4,2,16
,2024-002062,39.77819403,-104.8962028,2/2/2024 15:48,15:48,12,0,0,I-70 & N NORTHFIELD QUEBEC ST,1,1,1,0,1,4,0,0,55,0,0,0,0,0,1,2,8
,2024-002064,39.77565129,-104.8621105,2/5/2024 3:29,3:29,9,0,0,I-70 WB OFF RAMP & N HAVANA ST,4,3,1,0,2,8,0,0,55,0,0,0,0,0,1,1,16
,2024-002065,39.71359958,-104.8960741,1/12/2024 14:30,14:30,15,0,0,E MAPLE AVE & S TAMARAC ST,1,1,0,0,1,4,0,0,20,0,0,0,0,0,4,2,13
,2024-002069,39.78381267,-104.9480136,2/5/2024 9:35,9:35,1,0,0, VASQUEZ BLVD & E 48TH AVE,1,1,0,0,1,1,0,0,35,0,0,0,0,0,2,3,1
,2024-002072,39.72906837,-104.9861529,2/5/2024 12:00,12:00,12,0,0, LINCOLN ST & E 8TH AVE,1,1,0,0,1,1,0,0,30,0,0,0,0,0,4,2,3
,2024-002073,39.69296415,-104.9593433,2/5/2024 10:30,10:30,3,0,0,E LOUISIANA AVE & S UNIVERSITY BLVD,4,1,0,0,1,1,0,0,,0,0,0,0,0,4,2,16
,2024-002074,39.73117469,-105.0250795,1/31/2024 13:17,13:17,12,0,0,W 9TH AVE & N FEDERAL BLVD,1,1,2,0,1,4,0,0,25,0,0,0,0,0,4,2,16
,2024-002075,39.77638873,-104.872496,2/3/2024 2:50,2:50,12,0,0,I-70 & N PEORIA ST,11,3,0,1,1,4,0,0,55,0,0,0,0,0,1,2,3