id,drcog_id,latitude,longitude,crashtime,time,crashtype,numbkilled,numbinjurd,drcoglocat,rdconditin,lightngcon,roadcntgrd,weatherco,location,roaddescrp,schoolzone,constrzone,splimit,bikeinv,pedinv,sctrinv,motoinv,svrty,rdsystem,ttlvehcls,hcf
,2024-002076,39.74716373,-105.0181519,2/5/2024 7:03,7:03,15,0,0,I-25 & NB ON RAMP ENT FROM W 17TH AVE,1,1,1,0,1,8,0,0,55,0,0,0,0,0,2,2,11
,2024-002078,39.70056497,-104.985885,1/29/2024 0:10,0:10,5,0,0,I-25 & E OHIO AVE,1,4,1,0,2,8,0,0,45,0,0,0,0,0,1,1,16
,2024-002085,39.78048227,-104.9568469,1/9/2024 8:47,8:47,12,0,0,I-70 & N COLUMBINE ST,1,1,0,0,1,4,0,0,55,0,0,0,0,0,1,2,16
,2024-002086,39.69476646,-104.9500292,2/5/2024 19:17,19:17,3,0,0,E ARIZONA AVE & S STEELE ST,1,3,0,0,1,1,0,0,30,0,0,0,0,0,4,2,11
,2024-002092,39.74020412,-104.9989092,1/21/2024 2:20,2:20,15,0,0,W COLFAX AVE & N SPEER BLVD,1,3,0,0,1,1,0,0,35,0,0,0,0,0,2,2,16
,2024-002094,39.70387546,-104.9057068,1/14/2024 6:55,6:55,6,0,0,E EXPOSITION AVE & S ONEIDA ST,10,3,0,2,1,4,0,0,25,0,0,0,0,0,4,2,16
,2024-002101,39.78021553,-104.9496893,2/5/2024 7:32,7:32,12,0,0,I-70 & N VASQUEZ BLVD,1,1,0,0,1,4,0,0,55,0,0,0,0,0,1,2,16
,2024-002102,39.76819143,-104.9953056,2/5/2024 5:50,5:50,15,0,0,I-25 & PARK AVE W,1,3,1,0,1,4,0,0,50,0,0,0,0,0,2,2,13
,2024-002103,39.65303536,-104.9090961,1/11/2024 10:43,10:43,3,0,2,E HAMPDEN AVE & S ONEIDA WY,1,1,0,0,1,1,0,0,45,0,0,0,0,2,2,2,16
,2024-002104,39.70961303,-105.0350442,1/18/2024 18:11,18:11,1,0,0,MORRISON RD & S LOWELL BLVD,1,3,0,0,1,1,0,0,35,0,0,0,0,0,4,2,16
,2024-002105,39.75073545,-104.9770147,2/1/2024 16:13,16:13,6,0,0,E 23RD AVE & N WASHINGTON ST,1,1,0,0,1,4,0,0,25,0,0,0,0,0,4,2,16
,2024-002107,39.66583394,-104.9243153,1/21/2024 1:00,1:00,15,0,0,I-25 & E EVANS AVE,1,3,0,0,1,4,0,0,65,0,0,0,0,0,1,3,16
,2024-002108,39.68339425,-105.0532064,2/5/2024 17:32,17:32,3,0,0,W COLORADO AVE & S SHERIDAN BLVD,1,1,3,0,1,1,0,0,25,0,0,0,0,0,2,2,11
,2024-002110,39.71214309,-105.0019622,2/5/2024 13:44,13:44,15,0,0,W BYERS PL & S LIPAN ST,1,1,0,0,1,4,0,0,25,0,0,0,0,0,4,2,11
,2024-002119,39.69656078,-104.865931,2/5/2024 14:53,14:53,15,0,0, HAVANA ST & E MISSISSIPPI AVE,1,1,0,0,1,4,0,0,35,0,0,0,0,0,2,2,13
,2024-002123,39.78573028,-104.883067,1/25/2024 0:03,0:03,3,0,3, CENTRAL PARK BLVD & E NORTHFIELD BLVD,1,3,0,0,1,1,0,0,35,0,0,0,0,1,4,2,16
,2024-002124,39.73688783,-104.9823025,2/5/2024 9:23,9:23,3,0,2,E 13TH AVE & N LOGAN ST,1,1,0,7,1,1,0,0,30,0,0,0,0,2,4,2,16
,2024-002125,39.7608786,-104.9671855,1/30/2024 13:35,13:35,15,0,0, GILPIN ST & E 31ST AVE,1,1,0,0,1,4,0,0,25,0,0,0,0,0,4,2,13
,2024-002126,39.73370168,-104.974116,1/1/2024 2:04,2:04,6,0,0,E 11TH AVE & N CORONA ST,1,3,0,0,1,1,0,0,30,0,0,0,0,0,4,2,1
,2024-002127,39.7448364,-104.9733907,1/28/2024 13:46,13:46,12,0,0, DOWNING ST & E 18TH AVE,1,1,0,0,1,3,0,0,,0,0,0,0,0,4,2,16
,2024-002128,39.70033444,-104.9991607,2/5/2024 7:22,7:22,3,0,0, JASON ST & W MISSISSIPPI AVE,1,1,0,0,1,2,0,0,,0,0,0,0,0,4,2,13
,2024-002129,39.75968767,-104.9821407,2/2/2024 9:38,9:38,15,0,0,LAWRENCE ST & 28TH ST,1,1,0,0,1,4,0,0,30,0,0,0,0,0,4,2,11
,2024-002130,39.74300418,-104.926909,1/24/2024 19:10,19:10,15,0,0,E 17TH AVE & GLENCO ST,1,2,0,0,1,4,0,0,30,0,0,0,0,0,4,2,16
,2024-002131,39.73535724,-104.9861238,2/2/2024 9:35,9:35,15,0,0, LINCOLN ST & E 12TH AVE,1,1,0,0,1,4,0,0,30,0,0,0,0,0,4,3,1
,2024-002132,39.71174131,-104.9992149,1/22/2024 14:37,14:37,15,0,0,I-25 & W ALAMEDA AVE,1,1,0,0,1,4,0,0,55,0,0,0,0,0,1,3,16
,2024-002213,39.73725913,-104.9967633,2/6/2024 15:20,15:20,12,0,0, SPEER BLVD & W 13TH AVE,1,1,0,0,1,4,0,0,35,0,0,0,0,1,4,2,6
,2024-002217,39.78363961,-104.7904783,2/6/2024 7:15,7:15,1,0,1,E GREEN VALLEY RANCH BLVD & PENA BLVD INBOUND,1,1,0,0,1,1,0,0,35,0,0,0,0,1,4,2,13
,2024-002221,39.75104166,-104.9405999,2/6/2024 17:53,17:53,1,0,0,E 23RD AVE & N COLORADO BLVD,1,3,0,0,1,1,0,0,25,0,0,0,0,0,2,2,3
,2024-002233,39.7482402,-104.9937526,1/13/2024 2:40,2:40,12,0,0,17TH ST & CURTIS ST,4,3,0,2,1,4,0,0,,0,0,0,0,0,4,2,16
,2024-002234,39.6591741,-104.8475744,2/5/2024 8:10,8:10,15,0,0,PEORIA ST & HWY 83,1,1,1,0,1,4,0,0,55,0,0,0,0,0,2,2,16
,2024-002235,39.75921783,-104.9937735,2/5/2024 20:29,20:29,1,0,1,WEWATTA ST & PARK AVE W,1,3,0,0,1,1,0,0,30,0,0,0,0,2,4,2,11
,2024-002236,39.73681691,-104.9573867,1/27/2024 12:30,12:30,6,0,0,E 13TH AVE & N COLUMBINE ST,1,1,0,0,1,3,0,0,30,0,0,0,0,0,4,2,16
,2024-002239,39.76509358,-104.9769078,2/6/2024 16:09,16:09,3,0,0,LARIMER ST & 33RD ST,1,1,0,0,1,1,0,0,25,0,0,0,0,0,4,2,11
,2024-002244,39.77729,-104.8829594,1/22/2024 6:59,6:59,15,0,0,I-70 WB & N CENTRAL PARK BLVD,1,3,0,0,1,4,0,0,55,0,0,0,0,0,1,2,16
,2024-002245,39.73986411,-104.9764751,1/27/2024 2:06,2:06,6,0,0,900 E COLFAX AVE,1,3,0,0,1,7,0,0,,0,0,0,0,0,4,2,1
,2024-002246,39.65488531,-104.9316981,1/22/2024 7:30,7:30,3,0,0, DAHLIA ST & E GIRARD AVE,1,1,0,0,1,1,0,0,25,0,0,0,0,1,4,2,16
,2024-002248,39.73749953,-105.013926,2/5/2024 9:52,9:52,5,0,1,I-25 NB & W COLFAX AVE,1,1,0,0,3,4,0,0,55,0,0,0,0,1,1,2,16
,2024-002252,39.73848142,-105.0416968,1/20/2024 8:05,8:05,6,0,0,W 14TH AVE & N RALEIGH ST,1,1,0,0,1,4,0,0,25,0,0,0,0,0,4,2,16
,2024-002256,39.72773151,-104.9764087,1/30/2024 8:20,8:20,12,0,0,EMERSON ST & E 7TH AVE,1,1,0,0,1,4,0,0,30,0,0,0,0,0,4,2,16
,2024-002258,39.75483013,-105.0532448,2/6/2024 19:38,19:38,1,0,0, SHERIDAN BLVD & W 26TH AVE,1,3,0,0,1,1,0,0,35,0,0,0,0,0,2,2,16
,2024-002261,39.7367623,-104.9194641,2/4/2024 15:44,15:44,3,0,0,E 13TH AVE & N JERSEY ST,1,1,0,0,1,1,0,0,20,0,0,0,0,1,4,2,11
,2024-002264,39.6540646,-105.0639002,2/6/2024 7:37,7:37,3,0,0,5995 W HAMPDEN AVE SERVICE RD,4,1,0,0,1,2,0,0,,0,0,0,0,0,2,2,13
,2024-002273,39.78384201,-105.0064371,2/5/2024 9:00,9:00,15,0,0, PECOS ST & W 48TH AVE,1,1,0,0,1,6,0,0,,0,0,0,0,0,1,2,16
,2024-002278,39.79364709,-104.8658472,2/2/2024 12:45,12:45,12,0,0,HAVANA ST & E 51ST AVE,1,1,0,0,1,4,0,0,35,0,0,0,0,1,4,2,3
,2024-002279,39.75679985,-104.9806439,2/5/2024 22:10,22:10,3,0,0,27TH ST & CHAMPA ST,12,3,0,0,1,1,0,0,25,0,0,0,0,0,4,2,8
,2024-002281,39.7778558,-104.7721476,2/5/2024 14:40,14:40,12,0,0, TOWER RD & E 45TH AVE,1,1,1,0,1,4,0,0,40,0,0,0,0,1,4,2,16
,2024-002282,39.70395082,-105.0250877,2/4/2024 7:45,7:45,12,0,1, FEDERAL BLVD & W EXPOSITION AVE,4,1,0,0,1,1,0,0,,0,0,0,0,1,2,2,16
,2024-002283,39.70386887,-104.9932903,1/30/2024 18:30,18:30,12,0,0,I-25 NB & S SANTA FE DR,1,3,0,0,1,4,0,0,55,0,0,0,0,0,1,4,13
,2024-002285,39.83755668,-104.7154776,2/4/2024 23:30,23:30,12,0,0,GUN CLUB RD & E 78TH AVE,1,3,0,0,1,4,0,0,,0,0,0,0,0,4,2,16
,2024-002296,39.69785092,-104.901594,2/6/2024 13:38,13:38,15,0,0, PARKER RD & S QUEBEC ST,1,1,1,0,1,4,0,0,35,0,0,0,0,0,2,3,16
,2024-002300,39.77744516,-104.8827846,2/2/2024 11:00,11:00,1,0,1, CENTRAL PARK BLVD & I-70 WB ENT,1,1,1,0,1,1,0,0,35,0,0,0,0,1,4,3,16
,2024-002302,39.75950099,-104.8641956,2/5/2024 13:25,13:25,12,0,0,E MLK BLVD & N IOLA ST,1,1,0,0,1,3,0,0,25,0,0,0,0,0,4,2,11
,2024-002308,39.76337007,-105.0127796,1/20/2024 14:00,14:00,6,0,0, VALLEJO ST & W 33RD AVE,1,1,0,0,1,4,0,0,30,0,0,0,0,0,4,2,16
,2024-002312,39.7761675,-104.8828361,2/4/2024 20:10,20:10,15,0,0,HWY 270 EB [DIRECT CONNECT] & N CENTRAL PARK BLVD,2,3,0,0,1,4,0,0,,0,0,0,0,0,1,2,16
,2024-002317,39.72838667,-105.0001818,1/22/2024 18:00,18:00,15,0,0, KALAMATH ST & W 8TH AVE,1,3,0,0,1,4,0,0,30,0,0,0,0,0,4,2,16
,2024-002342,39.78378824,-104.7979664,2/6/2024 18:06,18:06,3,0,0, MEMPHIS ST & E GREEN VALLEY RANCH BLVD,1,3,0,0,1,1,0,0,35,0,0,0,0,0,4,2,13
,2024-002344,39.71125876,-105.0324558,2/6/2024 15:24,15:24,12,0,0,W ALAMEDA AVE & S KNOX CT,1,1,3,0,1,4,0,0,35,0,0,0,0,0,2,2,16
,2024-002347,39.67663258,-104.9593916,2/5/2024 21:55,21:55,10,0,1, UNIVERSITY BLVD & E WARREN AVE,1,3,2,0,1,1,0,0,35,0,0,0,0,2,4,2,13
,2024-002348,39.74354915,-104.9634649,2/5/2024 15:50,15:50,6,0,0,  RACE ST & E 17TH AVE,1,1,0,0,1,4,0,0,25,0,0,0,0,0,4,2,13
,2024-002349,39.73289642,-104.903459,2/6/2024 7:16,7:16,1,0,0,E 11TH AVE & N QUEBEC ST,1,1,0,0,1,1,0,0,30,0,0,0,0,0,4,2,14
,2024-002352,39.65037105,-104.9229281,1/21/2024 1:25,1:25,6,0,0, HOLLY ST & E JEFFERSON AVE,1,3,1,0,1,4,0,0,20,0,0,0,0,0,4,2,16
,2024-002354,39.756305,-105.0158358,1/14/2024 23:30,23:30,1,0,0, SPEER BLVD & N ZUNI ST,2,3,0,2,1,1,0,0,35,0,0,0,0,0,4,2,7
,2024-002356,39.78197541,-104.957029,2/4/2024 4:30,4:30,6,0,0,  COLUMBINE ST & E 47TH ST,9,4,0,0,1,4,0,0,,0,0,0,0,0,4,2,16
,2024-002357,39.73080896,-104.9234391,2/5/2024 16:20,16:20,10,0,0, HUDSON ST & E 9TH AVE,1,1,0,0,1,4,0,0,25,0,0,0,0,0,4,2,11
,2024-002359,39.74197875,-104.8987395,2/5/2024 17:37,17:37,3,0,0,E 16TH AVE & N SYRACUSE ST,1,3,3,0,1,1,0,0,30,0,0,0,0,0,4,2,16
,2024-002362,39.77859082,-104.9128795,2/2/2024 13:10,13:10,12,0,0, MONACO ST & E 45TH AVE,1,1,0,0,1,4,0,0,35,0,0,0,0,0,4,2,16
,2024-002371,39.74027745,-105.0317539,2/5/2024 12:38,12:38,12,0,0,W COLFAX AVE & N. KNOX CT,1,1,0,0,1,4,0,0,35,0,0,0,0,0,2,2,1
,2024-002372,39.7856133,-105.0252058,2/3/2024 3:00,3:00,15,0,0,W 49TH AVE & N FEDERAL BLVD,11,3,0,1,1,3,0,0,30,0,0,0,0,0,2,2,16
,2024-002411,39.77727269,-104.8827691,2/6/2024 20:20,20:20,12,0,3,I-70 WB & N CENTRAL PARK BLVD,1,3,0,0,1,4,0,0,55,0,0,0,0,3,1,2,16
,2024-002417,39.67867285,-105.0180237,2/7/2024 8:11,8:11,3,0,0, BRYANT ST & W EVANS AVE,1,1,0,0,1,1,0,0,25,0,0,0,0,0,4,2,3
,2024-002420,39.78379917,-104.8017155,2/7/2024 9:03,9:03,3,0,2,E GREEN VALLEY RANCH BLVD & N KITTREDGE ST,1,1,0,0,1,1,0,0,35,0,0,0,0,2,4,2,13
,2024-002421,39.69699552,-105.0530007,2/7/2024 11:00,11:00,12,0,0,MORRISON RD & S SHERIDAN BLVD,1,1,1,6,1,1,0,0,30,0,0,0,0,0,2,2,10
,2024-002422,39.78378756,-105.0064362,2/7/2024 7:40,7:40,3,0,0,  PECOS ST & W 48TH AVE,1,1,0,0,1,1,0,0,25,0,0,0,0,0,1,2,1
,2024-002426,39.78035533,-104.9529651,2/6/2024 8:53,8:53,12,0,2,I-70 WB & N FILLMORE ST,1,1,0,0,1,4,0,0,55,0,0,0,0,1,1,5,3
,2024-002432,39.71779637,-104.9406263,2/6/2024 17:00,17:00,12,0,0, COLORADO BLVD & E 1ST AVE,1,1,0,0,1,1,0,0,30,0,0,0,0,0,2,2,3
,2024-002435,39.77419349,-104.8470304,2/6/2024 12:50,12:50,15,0,0,I-70 WB ENT  & N PEORIA ST,1,1,1,0,1,1,0,0,55,0,0,0,0,0,1,2,1
,2024-002438,39.74355218,-105.0161743,2/6/2024 8:08,8:08,12,0,0,I-25 SB & I-70 WB EXIT RAMP [GORE PT],1,1,2,0,1,4,0,0,55,0,0,0,0,0,1,2,3
,2024-002444,39.72516207,-105.0258383,2/5/2024 10:18,10:18,12,0,0,W 6TH AVE EB OFF RAMP & N FEDERAL BLVD,1,1,1,0,1,8,0,0,45,0,0,0,0,0,2,2,14
,2024-002446,39.70021412,-104.9874757,2/6/2024 10:15,10:15,12,0,0, BROADWAY ST & W KENTUCKY AVE,1,1,0,0,1,1,0,0,,0,0,0,0,0,4,2,16
,2024-002447,39.74378575,-104.9106885,2/6/2024 9:39,9:39,15,0,0,E 17TH AVE & N NIAGARA ST,1,1,0,0,1,4,0,0,30,0,0,0,0,0,4,2,16
,2024-002453,39.74002055,-104.9811022,2/4/2024 0:07,0:07,12,0,0,E COLFAX AVE & PENNSYLVANIA ST,9,3,0,2,1,4,0,0,30,0,0,0,0,0,2,2,13
,2024-002455,39.74007565,-104.9406125,1/22/2024 0:45,0:45,3,0,0,E COLFAX AVE & N COLORADO BLVD,1,3,0,0,1,1,0,0,35,0,0,0,0,0,2,2,16
,2024-002464,39.75652192,-105.004277,2/6/2024 17:05,17:05,6,0,0,LITTLE RAVEN ST & BASSETT ST,1,1,0,0,1,4,0,0,25,0,0,0,0,0,4,3,16
,2024-002467,39.76076038,-104.9733422,2/4/2024 9:09,9:09,10,0,0,E 31ST AVE & N DOWNING ST,1,1,0,0,1,1,0,0,30,0,0,0,0,0,4,2,16
,2024-002469,39.68028621,-104.9652161,2/6/2024 16:00,16:00,15,0,0, HIGH ST & E ASBURY AVE,1,1,0,0,1,1,0,0,25,0,0,0,0,0,4,2,3
,2024-002471,39.74163073,-104.9634729,2/6/2024 15:15,15:15,3,0,0,E 16TH AVE & N RACE ST,1,1,0,0,1,1,0,0,25,0,0,0,0,0,4,2,11
,2024-002473,39.69205473,-104.9769494,2/5/2024 17:17,17:17,15,0,0,I-25 SB & S EMERSON ST,1,1,0,0,1,4,0,0,60,0,0,0,0,0,1,2,13
,2024-002474,39.70024297,-104.9081208,1/29/2024 19:50,19:50,10,0,0,LEETSDALE DR & S ONEIDA ST,1,3,3,0,1,2,0,0,,0,0,0,0,0,2,2,16
,2024-002475,39.74697767,-104.9835901,2/6/2024 10:00,10:00,6,0,0,  GRANT ST & E 20TH AVE,1,1,0,0,1,4,0,0,,0,0,0,0,0,4,2,16
,2024-002482,39.72564821,-104.9862615,2/6/2024 12:28,12:28,10,0,0, LINCOLN ST & E SPEER BLVD,1,1,0,0,1,1,0,0,35,0,0,0,0,0,4,2,16
,2024-002488,39.77872122,-104.9222934,1/30/2024 12:46,12:46,3,0,0,E 45TH AVE & N HOLLY ST,1,1,0,0,1,1,0,0,,0,0,0,0,0,4,2,13
,2024-002489,39.75018846,-104.9979087,2/6/2024 21:40,21:40,15,0,0,MARKET ST & 16TH ST,1,3,0,0,1,4,0,0,25,0,0,0,0,0,4,2,16
,2024-002490,39.71816149,-105.025645,2/7/2024 15:59,15:59,12,0,0,W 1ST AVE & N FEDERAL BLVD,1,1,0,0,1,3,0,0,30,0,0,0,0,0,2,2,13
,2024-002492,39.6530794,-104.9182339,2/7/2024 7:01,7:01,12,0,0,I-25 NB & E HAMPDEN AVE,1,1,0,0,1,4,0,0,60,0,0,0,0,0,1,2,8
,2024-002494,39.68568238,-104.9402762,2/7/2024 9:10,9:10,10,0,0,E MEXICO AVE & S COLORADO BLVD,1,1,0,0,1,3,0,0,30,0,0,0,0,0,4,2,16
,2024-002515,39.76074896,-104.9597589,2/5/2024 21:42,21:42,3,0,2,E 31ST AVE & N YORK ST,1,3,0,0,1,1,0,0,30,0,0,0,0,2,4,2,14
,2024-002519,39.71841918,-104.9963587,2/6/2024 23:16,23:16,3,0,0,W 1ST AVE & N GALAPAGO ST,1,3,0,0,1,1,0,0,30,0,0,0,0,1,4,2,11
,2024-002542,39.71292281,-104.9875437,2/7/2024 15:00,15:00,15,0,0, BROADWAY & E CEDAR AVE,1,1,0,0,1,4,0,0,30,0,0,0,0,0,4,2,3
,2024-002546,39.71132938,-104.9780828,2/8/2024 8:13,8:13,6,0,0, CLARKSON ST & E ALAMEDA AVE,1,1,0,0,1,4,0,0,25,0,0,0,0,0,4,2,13
,2024-002548,39.76382726,-104.90274,2/8/2024 17:54,17:54,3,0,0, QUEBEC ST & E 33RD AVE,1,3,0,0,1,1,0,0,25,0,0,0,0,0,4,2,13
,2024-002549,39.65303536,-104.9090961,2/7/2024 13:30,13:30,1,0,1,E HAMPDEN AVE & S ONEIDA WAY,1,1,0,0,1,1,0,0,30,0,0,0,0,1,2,2,3
,2024-002551,39.7766661,-104.8449574,2/8/2024 18:07,18:07,3,0,0,E 44TH AVE & N QUENTIN ST,1,1,0,0,1,1,0,0,30,0,0,0,0,0,4,2,10
,2024-002552,39.73996726,-104.957429,2/8/2024 9:25,9:25,3,0,0, COLUMBINE ST & E COLFAX AVE,1,1,0,0,1,2,0,0,,0,0,0,0,0,4,2,16
,2024-002554,39.77780356,-104.8470309,2/7/2024 15:50,15:50,1,0,0,4400  PEORIA ST E 45TH AVE,1,1,0,0,1,3,0,0,40,0,0,0,0,0,4,2,7
,2024-002557,39.67012292,-105.0813309,2/8/2024 8:17,8:17,3,0,0,W VASSAR AVE & S WADSWORTH BLVD,1,1,0,0,1,1,0,0,25,0,0,0,0,0,2,2,11
,2024-002560,39.78556584,-104.8962625,2/8/2024 7:00,7:00,10,0,0,E NORTHFIELD BLVD & N TRENTON ST,1,1,0,0,1,1,0,0,35,0,0,0,0,0,4,2,16
,2024-002568,39.73687298,-104.970692,2/7/2024 11:15,11:15,3,0,0, LAFAYETTE ST & E 13TH AVE,1,1,0,0,1,1,0,0,25,0,0,0,0,0,4,2,3
,2024-002572,39.79826347,-104.8200383,2/8/2024 16:42,16:42,3,0,0,E 56TH AVE & N CROWN BLVD,1,1,0,0,1,1,0,0,40,0,0,0,0,0,4,2,1
,2024-002578,39.75657837,-105.0110546,1/21/2024 14:01,14:01,12,0,3,I-25 & 15TH ST,1,1,0,0,1,4,0,0,65,0,0,0,0,3,1,3,16
,2024-002583,39.74378863,-104.9081629,2/7/2024 14:45,14:45,3,0,0,E 17TH AVE & N ONEIDA ST,1,1,0,0,1,1,0,0,25,0,0,0,0,0,4,2,11
,2024-002584,39.76230669,-105.0284066,2/8/2024 11:23,11:23,3,0,1, GREEN CT & N SPEER BLVD,1,1,0,0,1,9,0,0,15,0,0,0,0,1,4,2,13
,2024-002586,39.7209319,-104.982613,2/3/2024 14:00,14:00,3,0,1,E 3RD AVE & N LOGAN ST,7,1,0,2,1,1,0,0,25,0,0,0,0,2,4,2,13
,2024-002587,39.78573028,-104.883067,2/7/2024 15:47,15:47,10,0,0,E NORTHFIELD BLVD & N CENTRAL PARK BLVD,1,1,0,0,1,1,0,0,40,0,0,0,0,0,4,2,3
,2024-002589,39.70297275,-104.9128998,2/8/2024 9:15,9:15,12,0,0,LEETSDALE DR & S MONACO ST,1,1,0,0,1,1,0,0,,0,0,0,0,0,2,2,16
,2024-002596,39.67032972,-105.0318716,2/8/2024 18:45,18:45,3,0,0, KNOX CT & W VASSAR AVE,1,4,0,0,1,1,0,0,30,0,0,0,0,0,4,2,16
,2024-002597,39.71115909,-104.9875752,2/8/2024 11:45,11:45,15,0,0,E ALAMEDA AVE & S BROADWAY ST,1,1,0,0,1,1,0,0,30,0,0,0,0,0,4,2,3
,2024-002599,39.84796748,-104.6750282,2/8/2024 15:20,15:20,15,0,0,PENA BLVD & E 85TH AVE,1,1,0,0,1,4,0,0,15,0,0,0,0,0,4,2,11
,2024-002600,39.7611988,-104.9027528,2/8/2024 13:45,13:45,3,0,0, QUEBEC ST & E MLK BLVD,1,1,0,0,1,1,0,0,30,0,0,0,0,0,4,2,3
,2024-002601,39.75529393,-105.0124841,2/7/2024 17:25,17:25,2,0,0, SPEER BLVD & I-25,1,2,0,0,1,4,0,0,30,1,0,0,0,0,4,1,1
,2024-002602,39.73689981,-104.9929389,2/7/2024 13:56,13:56,1,0,0, DELAWARE ST & 13TH AVE,1,1,0,0,1,2,0,0,25,1,0,0,0,0,4,2,14
,2024-002605,39.70570555,-104.9827919,2/9/2024 12:03,12:03,3,0,0,E CENTER AVE & S LOGAN ST,1,1,0,0,1,1,0,0,30,0,0,0,0,0,4,2,11
,2024-002616,39.74174618,-104.981089,2/7/2024 21:24,21:24,8,0,0,PENNSYLVANIA ST & E 16TH AVE,1,3,0,0,1,3,0,0,25,0,0,0,0,0,2,2,16
,2024-002617,39.74762667,-105.0053687,2/7/2024 16:48,16:48,1,0,0,11TH ST & AURARIA PKWY,1,1,0,0,1,1,0,0,45,0,0,0,0,0,4,2,13
,2024-002618,39.76738838,-104.9025859,2/8/2024 14:25,14:25,12,0,0,E 36TH AVE & N QUEBEC ST,1,1,0,0,1,3,0,0,25,0,0,0,0,0,4,2,13
,2024-002619,39.79480033,-104.8125632,2/8/2024 17:31,17:31,3,0,2, FAIRPLAY ST & E MAXWELL PL,1,2,0,0,1,1,0,0,25,0,0,0,0,2,4,2,16
,2024-002623,39.74060304,-104.9022575,2/8/2024 12:50,12:50,6,0,0, QUINCE ST & E COLFAX AVE,1,1,0,0,1,4,0,0,25,0,0,0,0,0,4,2,13
,2024-002625,39.74394472,-105.0252089,2/1/2024 14:47,14:47,12,0,0, FEDERAL BLVD & W 17TH AVE,1,1,0,0,1,1,0,0,35,0,0,0,0,0,2,2,13
,2024-002628,39.78003484,-104.9891615,2/8/2024 23:56,23:56,15,0,0,I-70 EB ON RAMP FROM & I-25 NB,1,3,0,0,1,8,0,0,45,0,0,0,0,0,1,2,16
,2024-002629,39.74001048,-104.912434,2/9/2024 11:52,11:52,15,0,3, MONACO ST & E COLFAX AVE,1,1,0,0,1,4,0,0,35,0,0,0,0,1,2,3,16
,2024-002632,39.7234924,-105.0250231,2/8/2024 19:29,19:29,1,0,0, FEDERAL BLVD & W 5TH AVE,1,3,0,0,1,1,0,0,40,0,0,0,0,0,2,2,14
,2024-002633,39.67842474,-104.947983,2/7/2024 15:45,15:45,15,0,0,E EVANS AVE & S COOK ST,1,1,0,0,1,1,0,0,30,0,0,0,0,0,4,2,1
,2024-002637,39.76445737,-104.9405012,2/9/2024 12:20,12:20,1,0,0,COLORADO BLVD & E BRUCE RANDOLPH AVE,1,1,0,0,1,1,0,0,40,0,0,0,0,0,2,2,10
,2024-002640,39.74755039,-104.984852,2/7/2024 12:30,12:30,3,0,0, SHERMAN ST & E 20TH AVE,1,1,0,0,1,1,0,0,25,0,0,0,0,0,4,2,3
,2024-002643,39.75081512,-104.9866426,2/9/2024 12:10,12:10,15,0,0,STOUT ST & 21ST ST,1,1,0,0,1,4,0,0,25,0,0,0,0,0,4,2,13
,2024-002645,39.77935812,-104.9791543,2/7/2024 10:46,10:46,12,0,0,I-70 & MM 274.60,1,1,1,0,1,4,0,0,55,0,0,0,0,0,1,2,13
,2024-002649,39.6518364,-105.0529654,2/8/2024 17:40,17:40,12,0,0,W HAMPDEN  FRONTAGE RD & S SHERIDAN BLVD,1,3,0,0,1,1,0,0,30,0,0,0,0,0,2,2,3
,2024-002661,39.65616523,-105.0532235,2/9/2024 20:00,20:00,12,0,2, SHERIDAN BLVD & W DARTMOUTH AVE,1,3,0,0,1,1,0,0,35,0,0,0,0,2,2,2,14
,2024-002665,39.78221054,-104.7905021,2/9/2024 15:11,15:11,12,0,0,PENA BLVD & E GREEN VALLEY RANCH BLVD,1,1,0,0,1,4,0,0,65,0,0,0,0,0,4,3,11
,2024-002666,39.72932281,-105.0148301,2/9/2024 11:19,11:19,10,0,0,I-25 & W 8TH AVE,1,1,0,0,1,8,0,0,35,0,0,0,0,0,1,2,13
,2024-002672,39.78403548,-104.8097957,2/8/2024 13:30,13:30,12,0,0, CHAMBERS RD & E GREEN VALLEY RANCH RD,1,1,0,0,1,4,0,0,40,0,0,0,0,0,4,2,1
,2024-002675,39.69591238,-104.9035642,2/9/2024 15:05,15:05,3,0,0,1000  QUEBEC ST E MISSISSIPPI AVE,1,1,0,0,1,3,0,0,35,0,0,0,0,0,4,2,13
,2024-002676,39.77996485,-104.9497578,2/6/2024 8:20,8:20,12,0,1,I-70 & N STEELE ST,1,1,0,0,1,4,0,0,,0,0,0,0,2,1,2,16
,2024-002677,39.72549838,-105.0394501,2/3/2024 11:45,11:45,12,0,0,W 6TH AVE & N PERRY ST,9,1,0,2,1,4,0,0,55,0,0,0,0,0,2,2,13
,2024-002678,39.75076728,-104.9406002,2/8/2024 17:09,17:09,15,0,0,2200  COLORADO BLVD E 23RD AVE,1,3,0,0,1,4,0,0,35,0,0,0,0,0,2,3,11
,2024-002679,39.78373512,-105.0064353,2/8/2024 18:00,18:00,3,0,1, PECOS ST & I-70 WB OFF RAMP,1,3,0,0,1,6,0,0,25,0,0,0,0,2,1,2,8
,2024-002681,39.65307901,-104.8987255,1/30/2024 11:12,11:12,1,0,3,E HAMPDEN AVE & S TAMARAC DR,1,1,1,0,1,1,0,0,40,0,0,0,0,2,2,2,13
,2024-002684,39.75710257,-104.9907147,2/8/2024 10:47,10:47,3,0,0,PARK AVE W & BLAKE ST,1,1,0,0,1,1,0,0,30,0,0,0,0,0,4,2,11