id,drcog_id,latitude,longitude,crashtime,time,crashtype,numbkilled,numbinjurd,drcoglocat,rdconditin,lightngcon,roadcntgrd,weatherco,location,roaddescrp,schoolzone,constrzone,splimit,bikeinv,pedinv,sctrinv,motoinv,svrty,rdsystem,ttlvehcls,hcf
,2024-002687,39.69657874,-104.9405608,2/6/2024 18:00,18:00,11,0,0,E MISSISSIPPI AVE & S COLORADO BLVD,1,1,0,0,1,1,0,0,25,0,1,0,0,0,2,1,11
,2024-002695,39.69674951,-105.0250716,2/8/2024 7:37,7:37,3,0,0,W MISSISSIPPI AVE & S FEDERAL BLVD,1,1,0,0,1,1,0,0,35,0,0,0,0,0,2,2,16
,2024-002702,39.74002183,-105.0209498,2/3/2024 18:04,18:04,16,0,0,W COLFAX AVE & MILE HIGH STADIUM CIR,12,3,0,2,5,7,0,0,,0,0,0,0,0,3,1,11
,2024-002703,39.6412863,-104.8825688,2/8/2024 10:45,10:45,15,0,0,9100  E OXFORD DR S YOSEMITE ST,1,1,0,0,1,4,0,0,30,0,0,0,0,0,4,2,11
,2024-002706,39.78344485,-105.0345731,2/8/2024 12:52,12:52,3,0,0,I-70 WB OFF RAMP & N LOWELL BLVD,1,1,0,0,1,1,0,0,30,0,0,0,0,0,1,2,13
,2024-002710,39.75708144,-104.9890007,2/9/2024 12:00,12:00,6,0,0,WALNUT ST & 24TH ST,1,1,0,0,1,4,0,0,35,0,0,0,0,0,4,2,11
,2024-002712,39.71836521,-104.9127815,2/8/2024 14:45,14:45,15,0,0, MONACO ST & E 1ST AVE,1,1,0,0,1,1,0,0,30,0,0,0,0,0,4,2,3
,2024-002717,39.77957192,-104.9872457,2/9/2024 7:56,7:56,12,0,0,I-70 EB ON RAMP & I-25 NB OFF RAMP,1,1,0,0,1,8,0,0,55,0,0,0,0,0,1,2,16
,2024-002719,39.74335939,-104.9873765,2/8/2024 12:41,12:41,12,0,0,BROADWAY & E 17TH AVE,1,1,0,0,1,1,0,0,35,0,0,0,0,0,4,2,16
,2024-002720,39.67845182,-104.9355516,2/9/2024 8:24,8:24,5,0,0,4400 E EVANS AVE S BIRCH ST,1,1,0,0,3,4,0,0,35,0,0,0,0,0,4,2,3
,2024-002722,39.73253477,-105.0251708,2/9/2024 8:52,8:52,15,0,0,FEDERAL BLVD (HWY 88) & MM 0.523,1,1,0,0,1,4,0,0,35,0,0,0,0,0,2,2,13
,2024-002727,39.7352553,-104.989182,2/9/2024 13:15,13:15,3,0,0,100 W 12TH AVE N BANNOCK ST,1,1,0,0,1,2,0,0,,0,0,0,0,0,4,2,13
,2024-002728,39.68767481,-104.9687267,2/8/2024 8:53,8:53,12,0,0,I-25 & S FRANKLIN ST,1,1,1,0,1,4,0,0,60,0,0,0,0,0,1,2,14
,2024-002731,39.79839402,-104.7721172,2/9/2024 6:20,6:20,1,0,0,E 56TH AVE & N TOWER RD,1,3,0,0,1,1,0,0,40,0,0,0,0,0,4,2,16
,2024-002733,39.72892966,-104.9905769,2/8/2024 1:25,1:25,3,0,2,W 8TH AVE & N SPEER BLVD,1,3,0,0,1,1,0,0,35,0,0,0,0,2,4,2,16
,2024-002735,39.70043359,-105.0522901,2/8/2024 19:23,19:23,12,0,0,5100 W KENTUCKY AVE S SHERIDAN BLVD,1,3,0,0,1,4,0,0,35,0,0,0,0,0,4,2,16
,2024-002736,39.72932348,-105.0151002,2/9/2024 3:42,3:42,15,0,0,I-25 & 8TH AVE,1,3,0,0,1,4,0,0,,0,0,0,0,0,1,2,16
,2024-002737,39.83333057,-104.6714005,2/8/2024 22:28,22:28,3,0,0,HARRY  COMBS PKWY & 75TH AVE,1,3,0,0,1,1,0,0,45,0,0,0,0,0,4,2,7
,2024-002740,39.7683233,-104.9949592,2/9/2024 8:55,8:55,12,0,0,I-25 & PARK AVE,11,1,0,2,1,4,0,0,55,0,0,0,0,0,1,2,3
,2024-002741,39.84795505,-104.6727164,2/9/2024 17:25,17:25,15,0,0,8400 PENA BLVD,1,2,1,0,1,4,0,0,,0,0,0,0,0,4,2,13
,2024-002742,39.7691894,-104.9733474,2/9/2024 19:50,19:50,15,0,1,WALNUT ST & N DOWNING ST,11,3,0,2,1,3,0,0,30,0,0,0,0,1,4,2,14
,2024-002752,39.74021141,-104.9147539,2/9/2024 20:39,20:39,15,0,0,6200 E COLFAX AVE LEYDEN,1,3,0,0,1,4,0,0,35,0,0,0,0,0,2,2,3
,2024-002753,39.76573605,-104.9948621,2/9/2024 14:03,14:03,12,0,0,PARK AVE W & N GLOBEVILLE  RD,1,1,0,0,1,4,0,0,35,0,0,0,0,1,4,3,13
,2024-002754,39.66759652,-104.9593794,2/8/2024 16:15,16:15,15,0,0, UNIVERSITY BLVD & E YALE AVE,1,1,0,0,1,1,0,0,30,0,0,0,0,0,4,2,1
,2024-002756,39.73678181,-104.9495956,2/9/2024 13:00,13:00,6,0,0,E 13TH AVE & N STEELE ST,1,3,0,0,1,13,0,0,30,0,0,0,0,0,4,3,10
,2024-002758,39.74278012,-104.9987271,1/22/2024 13:35,13:35,6,0,0,1100 CHAMPA ST N. SPEER BLVD.,1,1,1,0,1,4,0,0,30,0,0,0,0,0,4,2,13
,2024-002760,39.78326481,-105.0064277,2/9/2024 12:06,12:06,15,0,0,I-70 WB OFF RAMP & N WASHINGTON ST,1,1,0,0,1,8,0,0,,0,0,0,0,0,1,2,16
,2024-002763,39.77661751,-105.0207225,2/6/2024 16:35,16:35,3,0,0,W 44TH AVE & N CLAY ST,1,1,0,0,1,9,0,0,35,0,0,0,0,0,4,2,8
,2024-002765,39.78199524,-104.9017501,2/10/2024 12:40,12:40,12,0,0, QUEBEC ST & N SAND CREEK RD,4,1,1,2,1,1,0,0,45,0,0,0,0,0,2,2,16
,2024-002769,39.77901783,-104.9691863,1/20/2024 18:33,18:33,6,0,0,4300 MCFARLAND DR & 44TH ST,1,3,0,0,1,4,0,0,,0,0,0,0,0,4,2,16
,2024-002770,39.77509387,-104.9852989,2/5/2024 17:00,17:00,6,0,0, SHERMAN ST & W 43RD AVE,1,1,0,0,1,4,0,0,,0,0,0,0,0,4,2,16
,2024-002773,39.78363958,-104.7904701,2/10/2024 15:00,15:00,15,0,0,E GREEN VALLEY RANCH BLVD,11,1,1,0,1,8,0,0,40,0,0,0,0,0,4,2,3
,2024-002775,39.67120005,-105.0250702,2/3/2024 2:04,2:04,8,0,1,2600  FEDERAL BLVD W VASSAR AVE,11,3,0,1,1,4,0,0,40,0,0,0,0,2,2,2,1
,2024-002776,39.6530794,-104.9182339,2/4/2024 21:00,21:00,15,0,0,E HAMPDEN AVE & I-25 NB OFF RAMP,2,3,0,0,1,1,0,0,30,0,0,0,0,0,2,2,16
,2024-002777,39.69112439,-104.960588,2/10/2024 10:48,10:48,3,0,0, YORK ST & E ARKANSAS AVE,11,1,0,2,1,1,0,0,25,0,0,0,0,0,4,2,16
,2024-002778,39.75279256,-104.9875501,1/23/2024 15:00,15:00,15,0,0,22ND ST & CURTIS ST,1,1,0,0,1,1,0,0,,0,0,0,0,0,4,2,16
,2024-002779,39.75448639,-104.9697477,1/20/2024 16:48,16:48,6,0,0,E 26TH AVE & N HUMBOLDT ST,1,1,0,0,1,4,0,0,25,0,0,0,0,0,4,2,14
,2024-002780,39.68203499,-104.9508169,1/16/2024 5:35,5:35,3,0,0,E JEWELL AVE & S ST PAUL ST,10,2,0,0,1,1,0,0,30,0,0,0,0,0,4,2,16
,2024-002784,39.71941059,-104.9526493,1/17/2024 14:52,14:52,6,0,0,E 2ND AVE & N FILLMORE ST,7,1,0,0,1,4,0,0,,0,0,0,0,0,4,2,13
,2024-002790,39.79838671,-104.7863774,2/10/2024 0:37,0:37,1,0,0,E 56TH AVE & PENA BLVD,11,3,3,2,1,1,0,0,40,0,0,0,0,0,4,2,14
,2024-002792,39.68221907,-105.03927,2/10/2024 18:57,18:57,8,0,1,3900  W JEWELL AVE,9,3,0,2,1,4,0,0,35,0,0,0,0,1,4,2,16
,2024-002794,39.77476468,-105.0442708,1/26/2024 13:14,13:14,6,0,0,4400 W 43RD AVE & N TENNYSON ST,1,1,0,0,1,4,0,0,25,0,0,0,0,0,4,2,16
,2024-002795,39.75294684,-104.9925978,1/26/2024 20:46,20:46,10,0,0,LARIMER ST & 20TH ST,1,3,0,0,1,3,0,0,,0,0,0,0,0,4,2,16
,2024-002797,39.72408678,-104.9740745,2/9/2024 22:00,22:00,12,0,0,451  CORONA ST & 5TH AVE,9,3,0,2,1,4,0,0,30,0,0,0,0,0,4,4,16
,2024-002814,39.74034921,-105.0487177,2/10/2024 11:12,11:12,12,0,1,W COLFAX AVE & N WOLFF ST,11,1,0,0,1,3,0,0,35,0,0,0,0,3,2,2,4
,2024-002815,39.78326481,-105.0064277,2/10/2024 17:26,17:26,5,0,0,I70 HWY_WB & N PECOS ST,4,3,0,2,2,4,0,0,50,0,0,0,0,0,1,1,13
,2024-002818,39.71833184,-104.987498,1/30/2024 17:30,17:30,10,0,0,BROADWAY & W 1ST AVE,1,3,0,0,1,1,0,0,,0,0,0,0,0,4,2,16
,2024-002821,39.72563962,-104.9874263,2/2/2024 22:56,22:56,15,0,0,W 6TH AVE & N BROADWAY ST,11,3,0,1,1,1,0,0,30,0,0,0,0,0,4,2,16
,2024-002827,39.73729143,-104.9718513,1/26/2024 17:35,17:35,6,0,0, MARION ST & E 13TH AVE,1,3,0,0,1,4,0,0,35,0,0,0,0,0,4,2,1
,2024-002828,39.73168665,-104.912441,1/18/2024 20:18,20:18,15,0,0, MONACO ST & E 10TH AVE,12,3,0,0,1,4,0,0,35,0,0,0,0,0,4,2,13
,2024-002829,39.68210868,-104.9418196,2/10/2024 17:37,17:37,12,0,0,I-25 SB OFF RAMP & S COLORADO BLVD,9,2,1,2,1,8,0,0,,0,0,0,0,0,1,2,16
,2024-002830,39.70889945,-104.8753736,1/28/2024 2:44,2:44,3,0,5,E ALAMEDA AVE & S DAYTON ST,1,3,0,0,1,3,0,0,35,0,0,0,0,3,4,2,16
,2024-002831,39.76451419,-104.9733408,2/10/2024 2:14,2:14,8,0,0,E BRUCE RANDOLPH AVE & N DOWNING ST,11,3,0,2,1,4,0,0,30,0,0,0,0,0,4,2,14
,2024-002832,39.71818681,-104.9592676,2/10/2024 9:27,9:27,12,0,0,E 1ST AVE & N UNIVERSITY BLVD,11,1,0,2,1,3,0,0,30,0,0,0,0,0,4,2,7
,2024-002833,39.68311279,-104.9405292,2/10/2024 18:45,18:45,12,0,0,I-25 & MM 204.043,4,3,1,2,1,4,0,0,55,0,0,0,0,0,1,2,13
,2024-002834,39.78053181,-104.9502199,2/9/2024 23:34,23:34,15,0,1,I-70 WB ON RAMP & E 46TH AVE,7,3,1,2,1,8,0,0,,0,0,0,0,2,1,2,16
,2024-002838,39.76379527,-104.973331,1/29/2024 20:00,20:00,11,0,1, DOWNING ST & CURTIS ST,1,3,0,0,1,3,0,0,0,0,1,0,1,3,4,1,16
,2024-002840,39.68981488,-104.9734247,2/7/2024 12:09,12:09,15,0,0,I-25 & S DOWNING ST,1,1,0,0,1,4,0,0,65,0,0,0,0,0,1,2,16
,2024-002841,39.74140436,-104.9988395,1/8/2024 13:04,13:04,3,0,0, SPEER BLVD & STOUT ST,1,1,0,0,1,1,0,0,35,0,0,0,0,0,4,2,7
,2024-002842,39.71113465,-105.0275411,2/7/2024 18:13,18:13,6,0,0,300  HAZEL CT & W DAKOTA AVE,1,3,0,0,1,4,0,0,25,0,0,0,0,0,4,2,16
,2024-002844,39.69671554,-104.9874319,1/29/2024 11:35,11:35,12,0,0, BROADWAY & E MISSISSIPPI AVE,1,1,0,0,1,3,0,0,30,0,0,0,0,1,4,2,11
,2024-002849,39.72332779,-105.0110674,2/6/2024 13:27,13:27,12,0,1,I-25 & W 6TH AVE,1,1,0,0,1,8,0,0,55,0,0,0,0,1,1,3,13
,2024-002850,39.77145659,-104.8481302,2/2/2024 17:20,17:20,10,0,1,12000 E 39TH AVE N PEORIA ST,1,4,0,0,1,4,0,0,30,0,0,0,0,1,4,2,16
,2024-002853,39.74743931,-104.8999019,1/9/2024 18:50,18:50,11,0,0,E MONTVIEW BLVD & N ROSEMARY ST,1,3,0,0,1,1,0,0,35,0,1,0,0,0,4,3,2
,2024-002856,39.75361732,-104.9813503,2/6/2024 4:34,4:34,6,0,0,25TH ST & CALIFORNIA ST,1,3,0,0,6,4,0,0,30,0,0,0,0,0,4,2,16
,2024-002858,39.76061369,-104.9001075,2/10/2024 0:43,0:43,3,0,0,E MLK BLVD & N ROSLYN ST,11,3,0,2,1,1,0,0,25,0,0,0,0,0,4,2,16
,2024-002859,39.65292329,-105.0559172,2/3/2024 3:27,3:27,5,0,0,5500 W HAMPDEN  FRTG & SHERIDAN BLVD,11,3,0,1,3,4,0,0,35,0,0,0,0,0,4,1,16
,2024-002861,39.77696871,-105.0520846,2/4/2024 14:45,14:45,6,0,0, ZENOBIA ST & W 44TH AVE,9,1,0,0,1,4,0,0,20,0,0,0,0,0,4,2,10
,2024-002865,39.58268643,-105.0241769,2/10/2024 16:40,16:40,12,0,0,W EVANS AVE & S SANTA FE DR,11,3,1,2,1,3,0,0,30,0,0,0,0,0,2,2,13
,2024-002920,39.71118425,-105.0110001,2/1/2024 21:29,21:29,1,0,0,W ALAMEDA AVE & S TEJON ST,1,3,0,0,1,1,0,0,40,0,0,0,0,0,2,2,13
,2024-003034,39.72563523,-104.9807546,2/11/2024 1:50,1:50,15,0,0,E 6TH AVE & N PENNSYLVANIA ST,4,3,0,0,1,4,0,0,30,0,0,0,0,0,4,2,16
,2024-003036,39.73303954,-105.0443762,2/7/2024 22:15,22:15,6,0,0,W 10TH AVE & N TENNYSON ST,1,3,0,0,1,4,0,0,25,0,0,0,0,0,4,2,16
,2024-003044,39.71115909,-104.9875752,2/10/2024 2:09,2:09,3,0,0,ALAMEDA AVE & BROADWAY ST,9,3,0,2,1,1,0,0,35,0,0,0,0,0,4,2,13
,2024-003045,39.70316964,-105.0514526,2/10/2024 22:18,22:18,6,0,0, YATES ST & W EXPOSITION AVE,4,3,0,2,1,4,0,0,25,0,0,0,0,0,4,3,16
,2024-003048,39.68223928,-105.0442641,2/11/2024 12:19,12:19,3,0,0, TENNYSON ST & W JEWELL AVE,1,1,0,0,1,1,0,0,30,0,0,0,0,0,4,2,10
,2024-003049,39.70765736,-105.0250819,2/11/2024 13:13,13:13,15,0,0, FEDERAL BLVD & W VIRGINIA AVE,1,1,0,0,1,1,0,0,40,0,0,0,0,0,2,2,10
,2024-003050,39.77664927,-105.0251599,2/5/2024 21:52,21:52,3,0,1, FEDERAL BLVD & W 44TH AVE,1,3,0,0,1,1,0,0,40,0,0,0,0,2,2,2,9
,2024-003051,39.71108711,-105.0238532,2/5/2024 15:20,15:20,3,0,0,ALAMEDA AVE & ELIOT ST,1,1,0,0,1,1,0,0,45,0,0,0,0,0,2,3,1
,2024-003052,39.74002029,-104.9406126,1/27/2024 18:59,18:59,12,0,0, COLORADO BLVD & E COLFAX AVE,1,3,0,0,1,1,0,0,35,0,0,0,1,0,2,2,16
,2024-003056,39.76116382,-105.0047657,2/10/2024 22:30,22:30,12,0,0,20TH ST & I-25,4,3,0,0,1,4,0,0,35,0,0,0,0,0,4,2,13
,2024-003057,39.83198841,-104.6929559,2/11/2024 0:30,0:30,12,0,0,JACKSON GAP ST & E 75TH AVE,11,3,0,0,1,1,0,0,25,0,0,0,0,0,4,3,10
,2024-003063,39.73998453,-104.9597853,2/8/2024 15:18,15:18,2,0,1,E COLFAX AVE & N YORK ST,1,1,0,0,1,1,0,0,0,1,0,0,0,2,2,1,16
,2024-003065,39.7146054,-105.0062601,1/25/2024 2:06,2:06,6,0,0,100  PECOS ST & W MAPLE AVE,1,4,0,0,3,4,0,0,20,0,0,0,0,0,4,3,2
,2024-003070,39.78363961,-104.7904783,2/11/2024 15:00,15:00,3,0,1,E GREEN VALLEY RANCH BLVD & N PENA BLVD,1,1,0,0,1,3,0,0,40,0,0,0,0,2,4,2,14
,2024-003074,39.70386476,-104.9591855,2/11/2024 10:00,10:00,8,0,0,E EXPOSITION AVE & S UNIVERSITY BLVD,4,1,0,0,6,4,0,0,25,0,0,0,0,0,4,2,7
,2024-003075,39.65116503,-104.8848184,2/10/2024 20:38,20:38,6,0,0,E JEFFERSON AVE & S YOSEMITE ST,9,3,1,2,1,4,0,0,15,0,0,0,0,0,4,2,16
,2024-003107,39.69674956,-105.0250716,2/9/2024 17:40,17:40,3,0,0, FEDERAL BLVD & W MISSISSIPPI AVE,1,4,0,0,1,1,0,0,40,0,0,0,0,0,2,2,14
,2024-003108,39.71138063,-104.9362574,2/8/2024 9:15,9:15,12,0,0,E ALAMEDA AVE & S BIRCH ST,1,1,0,0,1,1,0,0,,0,0,0,0,0,4,2,16
,2024-003109,39.74153447,-104.9775572,2/10/2024 15:10,15:10,6,0,0, CLARKSON ST & E 16TH AVE,11,1,0,2,1,4,0,0,25,0,0,0,0,0,4,2,13
,2024-003113,39.73687785,-104.9730086,2/10/2024 23:43,23:43,5,0,0, DOWNING ST & E 13TH AVE,4,3,0,0,3,1,0,0,25,0,0,0,0,0,4,1,3
,2024-003115,39.75234177,-105.0039218,2/10/2024 21:43,21:43,12,0,2,15TH ST & DELGANY ST,4,3,1,0,1,1,0,0,25,0,0,0,0,2,4,3,3
,2024-003117,39.77421776,-104.9893442,1/18/2024 10:36,10:36,15,0,0,I-25 & I-70,1,1,0,0,1,4,0,0,55,0,0,0,0,0,1,2,10
,2024-003124,39.74378523,-104.9116637,2/9/2024 8:18,8:18,3,0,0,E 17TH AVE & N MAGNOLIA ST,1,1,0,0,1,1,0,0,20,0,0,0,0,1,4,2,16
,2024-003181,39.73681745,-104.9574417,1/25/2024 23:00,23:00,3,0,0, COLUMBINE ST & E 13TH AVE,1,3,0,0,1,1,0,0,30,0,0,0,0,0,4,3,16
,2024-003187,39.79839474,-104.7872888,2/12/2024 5:30,5:30,12,0,0,PENA BLVD & E 56TH AVE ON RAMP,1,3,0,0,1,4,0,0,65,0,0,0,0,0,4,2,16
,2024-003198,39.74757895,-105.0252232,2/12/2024 10:40,10:40,2,0,1, FEDERAL BLVD & W 20TH AVE,1,1,0,0,1,1,0,0,35,1,0,0,0,1,2,1,1
,2024-003207,39.67865994,-105.0203694,2/12/2024 11:25,11:25,3,0,0,W EVANS AVE & S CLAY ST,1,1,0,0,1,1,0,0,30,0,0,0,0,0,4,2,13
,2024-003208,39.78018812,-104.9517801,2/8/2024 14:35,14:35,12,0,1,I-70 & N VASQUEZ BLVD,1,1,0,0,1,4,0,0,55,0,0,0,0,1,1,2,3
,2024-003210,39.77937683,-104.9860204,2/12/2024 9:25,9:25,6,0,1,W 46TH AVE & N LINCOLN ST,4,1,1,0,1,4,0,0,20,0,0,0,0,1,4,2,7
,2024-003212,39.78363958,-104.7904701,2/12/2024 14:34,14:34,12,0,0, RAMP & E GREEN VALLEY RANCH BLVD,1,1,0,0,1,4,0,0,30,0,0,0,0,0,2,2,11
,2024-003213,39.78326481,-105.0064277,2/8/2024 15:43,15:43,12,0,0,I-70 & N PECOS ST,1,1,0,0,1,4,0,0,55,0,0,0,0,0,1,4,13
,2024-003219,39.74012978,-105.0154417,2/10/2024 11:05,11:05,12,0,0,1ST ST & WALNUT ST,11,1,0,0,1,1,0,0,25,0,0,0,0,0,4,2,4
,2024-003222,39.79833066,-104.8941092,2/12/2024 16:56,16:56,1,0,1,E 56TH AVE & N UINTA ST,1,1,0,0,1,1,0,0,40,0,0,0,0,1,4,2,7
,2024-003230,39.74494569,-105.0098383,2/10/2024 22:01,22:01,12,0,1,AURARIA PKWY & 7TH ST,4,3,0,2,1,4,0,0,40,0,0,0,0,1,4,2,16
,2024-003239,39.74671935,-104.9990275,1/15/2024 11:56,11:56,12,0,0,14TH ST & LAWRENCE ST,4,1,0,0,1,3,0,0,25,0,0,0,0,0,4,2,16
,2024-003243,39.70015751,-105.0532492,1/13/2024 23:20,23:20,15,0,0, SHERIDAN BLVD & W KENTUCKY AVE,1,3,0,0,1,4,0,0,,0,0,0,0,0,2,2,16
,2024-003251,39.72563961,-104.9874357,1/17/2024 8:35,8:35,15,0,0, BROADWAY ST & E 6TH AVE,1,1,0,0,1,1,0,0,30,0,0,0,0,0,4,2,16
,2024-003269,39.75947481,-105.0095764,2/9/2024 18:30,18:30,6,0,0,KENSING CT & BOULDER ST,14,4,1,7,1,4,0,0,20,0,0,0,0,0,4,2,1
,2024-003284,39.70577216,-105.0038405,2/12/2024 8:15,8:15,3,0,0,W CENTER AVE & S NAVAJO ST,1,1,0,0,1,1,0,0,30,0,0,0,0,0,4,2,8
,2024-003287,39.71220665,-105.022672,2/10/2024 12:38,12:38,6,0,0, DECATUR ST & W CEDAR AVE,4,1,1,0,1,4,0,0,25,0,0,0,0,0,4,2,3
,2024-003288,39.69664928,-104.9929193,2/11/2024 18:24,18:24,3,0,1, PLATTE RIVER DR & W MISSISSIPPI AVE,1,3,0,0,1,1,0,0,40,0,0,0,0,1,2,3,16
,2024-003289,39.71623988,-104.9469993,2/10/2024 13:25,13:25,12,0,0,E ELLSWORTH AVE & N COOK ST,10,1,0,2,1,4,0,0,25,0,0,0,0,0,4,3,13
,2024-003290,39.76503459,-105.0064462,1/19/2024 8:00,8:00,6,0,1,3400  PECOS ST & W 35TH AVE,1,1,0,0,1,4,0,0,20,0,0,0,0,2,4,3,16
,2024-003292,39.75643167,-104.9898549,2/9/2024 1:53,1:53,15,0,0,MARKET ST & PARK AVE W,1,3,0,0,1,3,0,0,30,0,0,0,0,0,4,3,16
,2024-003294,39.74946007,-104.9953339,2/11/2024 13:50,13:50,3,0,2,17TH ST & LAWRENCE ST,2,1,0,0,1,1,0,0,,0,0,0,0,1,4,3,16
,2024-003295,39.77851921,-104.9035003,2/11/2024 22:08,22:08,15,0,0,I-70 WB & QUEBEC ST,1,3,0,0,1,4,0,0,55,0,0,0,0,0,1,2,14
,2024-003296,39.72253484,-104.9510027,2/10/2024 14:40,14:40,3,0,0,E 4TH AVE & N ST PAUL ST,10,1,0,2,1,1,0,0,25,0,0,0,0,0,4,2,13
,2024-003297,39.72906305,-104.9777184,2/11/2024 11:55,11:55,12,0,0,E 8TH AVE & N CLARKSON ST,4,1,0,0,1,4,0,0,30,0,0,0,0,0,4,2,13
,2024-003298,39.78115434,-104.7370238,2/11/2024 22:30,22:30,6,0,0, ORLEANS ST & E 47TH AVE,1,3,0,0,1,4,0,0,20,0,0,0,0,0,4,3,1
,2024-003300,39.67475988,-104.8708045,2/12/2024 16:34,16:34,3,0,0,E ILIFF AVE & S PARKER RD,1,1,0,0,1,1,0,0,40,0,0,0,0,0,2,2,13
,2024-003301,39.74198915,-104.8846523,2/12/2024 6:26,6:26,3,0,0, YOSEMITE ST & E 16TH AVE,1,3,0,0,1,1,0,0,,0,0,0,0,0,4,2,16
,2024-003303,39.78326481,-105.0064277,2/5/2024 7:11,7:11,15,0,0,I-70 WB OFF RAMP & N PECOS ST,1,1,0,0,1,6,0,0,15,0,0,0,0,0,1,2,4
,2024-003304,39.78282609,-104.755365,1/29/2024 14:00,14:00,12,0,0,E GREEN VALLEY RANCH BLVD & N HIMALAYA RD,1,1,0,0,1,3,0,0,40,0,0,0,0,0,4,2,16
,2024-003314,39.74015771,-104.9518246,2/11/2024 18:27,18:27,3,0,0,E COLFAX AVE & N MILWAUKEE ST,1,3,0,0,1,1,0,0,35,0,0,0,0,0,2,2,10
,2024-003318,39.74015182,-104.9492297,1/29/2024 17:50,17:50,6,0,0,3200 E COLFAX AVE N STEELE ST,1,2,0,0,1,4,0,0,30,0,0,0,0,0,2,2,16
,2024-003325,39.70208703,-104.9593346,2/11/2024 21:09,21:09,12,0,0, UNIVERSITY BLVD & E OHIO AVE,1,3,0,0,1,4,0,0,30,0,0,0,0,0,4,2,14
,2024-003330,39.67857395,-105.0321169,2/11/2024 14:49,14:49,14,0,0,W EVANS AVE & S KNOX CT,1,1,0,0,6,1,0,0,20,0,0,0,0,0,4,2,1
,2024-003336,39.68396735,-104.9875456,2/5/2024 18:36,18:36,3,0,0, BROADWAY ST & E COLORADO AVE,1,3,0,0,1,3,0,0,35,0,0,0,0,0,4,2,16
,2024-003384,39.71123946,-105.0251719,2/5/2024 17:55,17:55,12,0,0, FEDERAL BLVD & W ALAMEDA AVE,1,3,0,0,1,4,0,0,,0,0,0,0,0,2,2,16
,2024-003387,39.68471783,-104.9504714,2/22/2024 16:15,16:15,12,0,0,I-25 SB & S STEELE ST,1,1,0,0,1,4,0,0,60,0,0,0,0,0,1,2,13
,2024-003389,39.72773151,-104.9764087,1/30/2024 8:20,8:20,12,0,0,EMERSON ST & E 7TH AVE,1,1,0,0,1,4,0,0,30,0,0,0,0,0,4,2,16
,2024-003390,39.77999514,-104.9593253,2/16/2024 20:38,20:38,5,0,2,I-70 EB & N YORK ST,9,3,0,2,3,4,0,0,65,0,0,0,0,2,1,1,13
,2024-003392,39.72726485,-104.9874161,2/4/2024 17:50,17:50,15,0,0,E SPEER BLVD & N BROADWAY ST,1,3,0,0,1,4,0,0,,0,0,0,0,0,4,3,16
,2024-003397,39.73080544,-105.0153366,2/14/2024 13:17,13:17,12,0,0,I-25 NB & W 6TH AVE FWY,1,1,0,0,1,4,0,0,,0,0,0,0,0,1,3,16
,2024-003400,39.79838671,-104.7863774,2/22/2024 7:14,7:14,1,0,0,E 56TH AVE & PENA BLVD,1,1,0,0,1,1,0,0,40,0,0,0,0,0,4,2,11
,2024-003403,39.75040959,-104.9941277,2/11/2024 1:30,1:30,3,0,0,18TH ST & LAWRENCE ST,5,3,0,0,1,1,0,0,25,0,0,0,0,0,4,2,13
,2024-003404,39.77248132,-105.0428544,2/22/2024 17:28,17:28,3,0,0, STUART ST & W 41ST AVE,1,1,0,0,1,1,0,0,25,0,0,0,0,0,4,2,11
,2024-003405,39.76180394,-104.9405117,2/19/2024 18:30,18:30,12,0,0, COLORADO BLVD & MLK JR BLVD,1,2,0,0,1,1,0,0,,0,0,0,0,0,2,2,16
,2024-003407,39.72578975,-105.039454,2/22/2024 14:05,14:05,12,0,0,6TH AVE WB & N PERRY ST,1,1,0,0,1,4,0,0,55,0,0,0,0,0,2,2,13
,2024-003409,39.74742618,-104.9163358,2/22/2024 12:25,12:25,3,0,0,E MONTVIEW BLVD & N KRAMERIA ST,1,1,0,0,1,1,0,0,25,0,0,0,0,0,4,2,13
,2024-003411,39.77293468,-105.0251802,2/19/2024 9:35,9:35,12,0,0,W 41ST AVE,1,1,0,0,1,4,0,0,40,0,0,0,0,1,4,2,13
,2024-003417,39.72516498,-105.0533353,2/22/2024 6:30,6:30,12,0,0,W 6TH AVE EB & S SHERIDAN BLVD,1,3,0,0,1,8,0,0,40,0,0,0,0,0,2,3,16
,2024-003419,39.74195872,-104.999857,2/22/2024 16:07,16:07,3,0,0, KALAMATH ST & N SPEER BLVD,1,1,0,0,1,3,0,0,35,0,0,0,0,0,4,2,16
,2024-003422,39.74002966,-105.0027148,2/21/2024 21:13,21:13,12,0,0, W COLFAX AVE & N MARIPOSA ST,1,3,0,0,1,3,0,0,35,0,0,0,0,0,2,2,16
,2024-003424,39.7657666,-104.9777806,2/22/2024 18:50,18:50,3,0,0,WALNUT ST & 33RD ST,1,3,0,0,1,1,0,0,30,0,0,0,0,0,4,2,8
,2024-003432,39.72479226,-104.9862562,2/16/2024 17:00,17:00,3,0,0, LINCOLN ST & E 6TH AVE,12,3,0,2,1,2,0,0,35,0,0,0,0,0,4,2,13
,2024-003433,39.76115933,-105.0047565,2/22/2024 15:50,15:50,15,0,0,I25 HWY_SB & 20TH ST,1,1,0,0,1,4,0,0,55,0,0,0,0,0,1,2,1