id,drcog_id,latitude,longitude,crashtime,time,crashtype,numbkilled,numbinjurd,drcoglocat,rdconditin,lightngcon,roadcntgrd,weatherco,location,roaddescrp,schoolzone,constrzone,splimit,bikeinv,pedinv,sctrinv,motoinv,svrty,rdsystem,ttlvehcls,hcf
,2024-003434,39.79839402,-104.7721172,2/22/2024 15:40,15:40,15,0,0,E 56TH AVE & N TOWER RD,1,1,0,0,1,1,0,0,40,0,0,0,0,0,4,2,3
,2024-003435,39.6791603,-105.0532681,2/21/2024 19:46,19:46,1,0,0,  SHERIDAN BLVD & W EVANS AVE,1,3,0,0,1,1,0,0,40,0,0,0,0,0,2,3,13
,2024-003438,39.77714136,-104.8829592,2/20/2024 22:03,22:03,15,0,0,I-70 EB & N CENTRAL PARK BLVD,1,3,0,0,1,4,0,0,,0,0,0,0,0,1,2,16
,2024-003440,39.77975689,-104.9791467,2/22/2024 20:07,20:07,10,0,0,I-70 WB EXIT RAMP  & N WASHINGTON ST,1,3,0,0,1,1,0,0,35,0,0,0,0,0,4,2,16
,2024-003455,39.68571455,-104.9106429,2/22/2024 5:52,5:52,12,0,0,E COLORADO DR & E MEXICO AVE,1,3,0,0,1,1,0,0,25,0,0,0,0,0,4,2,16
,2024-003494,39.66594333,-105.0349264,2/22/2024 21:11,21:11,6,0,1, LOWELL BLVD & W AMHERST AVE,1,3,0,0,1,4,0,0,30,0,0,0,0,2,4,3,13
,2024-003506,39.73648561,-104.9350056,2/21/2024 16:53,16:53,3,0,1,E 13TH AVE & N CLERMONT ST,1,2,0,0,1,1,0,0,25,0,0,0,0,2,4,2,13
,2024-003508,39.72560504,-104.9360178,2/22/2024 15:52,15:52,5,0,0,E 6TH AVE & N BIRCH ST,1,1,0,0,3,1,0,0,30,0,0,0,0,0,4,2,1
,2024-003510,39.74384575,-105.0532223,2/23/2024 15:12,15:12,15,0,0,  SHERIDAN BLVD & W 17TH AVE,1,1,0,0,1,4,0,0,40,0,0,0,0,0,2,2,13
,2024-003513,39.67845597,-104.9406291,2/22/2024 13:15,13:15,15,0,0, COLORADO BLVD & E EVANS AVE,1,1,0,0,1,1,0,0,35,0,0,0,0,0,2,2,3
,2024-003517,39.71656256,-104.9862472,2/22/2024 23:14,23:14,6,0,0, LINCOLN ST & E ELLSWORTH AVE,1,4,0,0,1,1,0,0,25,0,0,0,0,0,4,2,3
,2024-003518,39.65311287,-104.9216299,2/23/2024 11:17,11:17,10,0,1, E HAMPDEN AVE & S IVANHOE ST,1,1,1,0,1,3,0,0,40,0,0,0,0,1,2,2,1
,2024-003519,39.78022927,-104.9487479,2/23/2024 14:45,14:45,12,0,1,I-70 WB & N  VASQUEZ BLVD,1,1,0,0,1,4,0,0,,0,0,0,0,1,1,2,16
,2024-003520,39.72906831,-104.9861529,2/22/2024 22:36,22:36,1,0,0,E 8TH AVE & N LINCOLN ST,1,3,0,0,1,1,0,0,30,0,0,0,0,1,4,3,14
,2024-003524,39.67845405,-104.9366939,2/15/2024 14:20,14:20,15,0,0,E EVANS AVE & S BIRCH ST,1,1,0,0,1,1,0,0,30,0,0,0,0,0,4,2,1
,2024-003525,39.77996485,-104.9497578,2/23/2024 1:53,1:53,12,0,1,I-70 EB & N STEELE ST,1,3,0,0,1,4,0,0,55,0,0,0,0,1,1,2,16
,2024-003527,39.68727978,-104.9687859,2/22/2024 9:16,9:16,12,0,0,I-25 NB & S FRANKLIN ST,1,1,1,0,1,4,0,0,60,0,0,0,0,0,1,3,13
,2024-003528,39.78019967,-104.9891818,2/22/2024 9:55,9:55,15,0,0,I-70 WB ENT RAMP  & WASHINGTON AVE,1,1,1,0,1,4,0,0,55,0,0,0,0,0,1,2,10
,2024-003530,39.73727496,-104.8987477,2/22/2024 15:10,15:10,10,0,1,E 13TH AVE & N SYRACUSE ST,1,1,0,0,1,1,0,0,30,0,0,0,0,2,4,2,16
,2024-003531,39.77419349,-104.8470304,2/22/2024 14:17,14:17,12,0,0,I-70 WB & N PEORIA ST,1,1,0,0,1,4,0,0,55,0,0,0,0,0,1,3,3
,2024-003532,39.71134228,-104.9365704,2/22/2024 16:00,16:00,1,0,0, E ALAMEDA AVE & LEETSDALE DR,1,1,0,0,1,3,0,0,30,0,0,0,0,0,4,2,13
,2024-003534,39.74925452,-104.9373766,2/22/2024 12:18,12:18,6,0,0, E 22ND AVE & N BELLAIRE ST,1,1,0,0,1,4,0,0,20,0,0,0,0,0,4,2,2
,2024-003535,39.79125805,-104.7884179,2/23/2024 11:22,11:22,12,0,0,E 56TH AVE,1,1,0,0,1,4,0,0,65,0,0,0,0,0,3,3,1
,2024-003536,39.74488763,-104.9874171,2/23/2024 6:35,6:35,15,0,0,E 18TH AVE & N BROADWAY ST,1,1,0,0,1,1,0,0,20,0,0,0,0,0,4,2,16
,2024-003538,39.68954416,-105.0520937,2/22/2024 10:47,10:47,1,0,3, ZENOBIA ST & W FLORIDA AVE,1,1,0,0,1,1,0,0,25,0,0,0,0,1,4,2,3
,2024-003540,39.77833085,-104.9792445,2/23/2024 11:21,11:21,10,0,0,E 45TH AVE & N WASHINGTON ST,1,1,0,0,1,4,0,0,35,0,0,0,0,0,4,2,11
,2024-003542,39.65305327,-104.9185139,2/10/2024 2:50,2:50,5,0,0,I-25 SB & E HAMPDEN AVE,9,3,0,2,2,4,0,0,60,0,0,0,0,0,1,1,16
,2024-003544,39.77000312,-105.0252332,2/23/2024 12:29,12:29,15,0,0,  FEDERAL BLVD & W DENVER PL,1,1,0,0,1,4,0,0,40,0,0,0,0,0,2,2,13
,2024-003547,39.80032556,-104.716307,2/22/2024 19:20,19:20,12,0,1,PENA BLVD & E 56TH AVE,1,3,0,0,1,4,0,0,65,0,0,0,0,2,4,2,13
,2024-003548,39.6530794,-104.9182339,2/22/2024 14:54,14:54,12,0,0,I-25 NB & E HAMPDEN AVE,1,1,0,0,1,4,0,0,45,0,0,0,0,0,1,3,13
,2024-003550,39.71123946,-105.0251719,2/22/2024 12:21,12:21,15,0,0, FEDERAL BLVD & W ALAMEDA AVE,1,1,0,0,1,3,0,0,40,0,0,0,0,0,2,2,16
,2024-003552,39.74082323,-104.9430494,2/22/2024 14:30,14:30,3,0,0,  JACKSON ST & E COLFAX AVE,1,1,0,0,1,2,0,0,15,0,0,0,0,0,4,2,13
,2024-003553,39.74380958,-104.8846522,2/23/2024 7:56,7:56,12,0,0,E 17TH AVE & N YOSEMITE ST,1,1,0,0,1,1,0,0,20,0,0,0,0,0,4,2,16
,2024-003555,39.77231615,-105.0251836,2/17/2024 6:03,6:03,5,0,0, FEDERAL BLVD & W 40TH AVE,10,3,0,2,2,4,0,0,35,0,0,0,0,0,2,1,16
,2024-003556,39.76380692,-105.0300543,2/18/2024 1:57,1:57,6,0,1, IRVING ST & W 33RD AVE,11,3,0,0,1,4,0,0,30,0,0,0,0,1,4,5,16
,2024-003557,39.65302422,-104.8789825,2/20/2024 7:41,7:41,12,0,1, E HAMPDEN AVE & S AKRON ST,1,1,1,0,1,4,0,0,45,0,0,0,0,1,2,2,16
,2024-003558,39.78955,-104.78176,2/23/2024 15:59,15:59,1,0,2,E 51ST AVE & N TELLURIDE ST,1,1,0,0,1,3,0,0,35,0,0,0,0,1,4,2,16
,2024-003559,39.77383569,-104.8470326,2/23/2024 13:22,13:22,12,0,0,I-70 HWY  & N PEORIA ST,1,1,1,0,1,4,0,0,55,0,0,0,0,0,1,2,13
,2024-003561,39.72933123,-105.0251493,2/17/2024 14:22,14:22,12,0,0, FEDERAL BLVD & W 6TH AVE,1,1,0,0,1,4,0,0,,0,0,0,0,0,2,2,16
,2024-003564,39.67859781,-104.9128923,2/7/2024 13:02,13:02,12,0,0, MONACO ST & E EVANS AVE,1,1,0,0,1,3,0,0,35,0,0,0,0,0,4,2,16
,2024-003566,39.78406278,-104.9895503,2/22/2024 17:29,17:29,12,0,0,I-25 SB & W 48TH AVE,1,2,0,0,1,4,0,0,55,0,0,0,0,0,1,2,13
,2024-003570,39.65734718,-105.0339481,2/22/2024 21:11,21:11,6,0,1, LOWELL BLVD & W GRAMBLIN DR,1,3,0,0,1,1,0,0,25,0,0,0,0,2,4,3,14
,2024-003571,39.77841505,-104.9034011,2/16/2024 16:17,16:17,15,0,1,I-70 WB & N NORTHFIELD QUEBEC ST,11,2,0,2,1,4,0,0,55,0,0,0,0,2,1,2,16
,2024-003573,39.72565226,-104.98887,2/21/2024 17:12,17:12,10,0,0,W 6TH AVE & N ACOMA ST,1,1,0,7,1,3,0,0,35,0,0,0,0,0,2,2,16
,2024-003574,39.77271818,-105.0005821,2/8/2024 8:45,8:45,6,0,0,KALAMATH ST & W 41ST AVE,1,1,0,0,1,4,0,0,25,0,0,0,0,0,4,2,3
,2024-003577,39.7202558,-105.0250545,2/10/2024 0:36,0:36,5,0,0, FEDERAL BLVD & W 2ND AVE,11,3,0,2,3,4,0,0,40,0,0,0,0,0,2,1,13
,2024-003579,39.66960726,-104.9035231,2/23/2024 22:05,22:05,3,0,1,2601  QUEBEC ST,1,4,0,0,1,2,0,0,15,0,0,0,0,2,4,2,3
,2024-003580,39.63393867,-105.1022975,2/18/2024 17:00,17:00,6,0,0, GARLAND WAY & W TUFTS AVE,1,4,0,0,1,4,0,0,20,0,0,0,0,0,4,2,16
,2024-003581,39.7621262,-105.0387561,2/13/2024 15:50,15:50,6,0,0,W 32ND AVE & N PERRY ST,1,1,0,0,1,4,0,0,35,0,0,0,0,0,4,4,1
,2024-003582,39.69710481,-104.9827266,2/22/2024 8:10,8:10,12,0,1,I-25 SB & S LOGAN ST,1,1,0,0,1,4,0,0,65,0,0,0,0,1,1,2,14
,2024-003583,39.72406009,-104.8967197,2/22/2024 20:08,20:08,5,0,0, SPRUCE ST & E 1ST PL,1,3,0,0,3,4,0,0,30,0,0,0,0,0,4,1,16
,2024-003585,39.72254165,-104.9410342,2/19/2024 8:09,8:09,6,0,0,E HARRISON ST & N COLORADO BLVD,1,1,0,0,1,4,0,0,25,0,0,0,0,0,4,2,13
,2024-003586,39.7740069,-104.8470299,2/23/2024 13:08,13:08,12,0,0,I-70 EB & N PEORIA ST,1,1,0,0,1,4,0,0,55,0,0,0,0,0,1,2,7
,2024-003587,39.67206728,-105.0227498,2/23/2024 3:39,3:39,6,0,0,DECATUR ST 2475  & W HARVARD AVE,1,3,0,0,1,4,0,0,25,0,0,0,0,0,4,2,3
,2024-003588,39.725674,-105.0132201,2/17/2024 14:40,14:40,15,0,0,I-25 NB & 6TH AVE,1,1,0,0,1,4,0,0,65,0,0,0,0,0,1,2,13
,2024-003589,39.76004572,-104.8963999,2/21/2024 13:49,13:49,15,0,0,E MLK BLVD & N TRENTON ST,1,1,0,0,1,1,0,0,,0,0,0,0,0,4,5,16
,2024-003590,39.6910303,-104.9874819,2/23/2024 13:45,13:45,12,0,0, BROADWAY ST & E ARKANSAS AVE,1,1,0,0,1,4,0,0,35,0,0,0,0,0,2,2,16
,2024-003591,39.72613062,-105.0529698,2/23/2024 16:24,16:24,12,0,0, SHERIDAN BLVD & W 6TH AVE WB ENT,1,1,0,0,1,3,0,0,35,0,0,0,0,0,2,2,13
,2024-003592,39.67846468,-104.9159617,2/22/2024 16:45,16:45,3,0,0,E EVANS AVE & S LEYDEN ST,1,1,0,0,1,1,0,0,35,0,0,0,0,0,4,2,13
,2024-003593,39.73998219,-104.9600501,2/23/2024 9:02,9:02,12,0,0, E COLFAX AVE & N YORK ST,1,1,0,0,1,4,0,0,35,0,0,0,0,0,2,2,16
,2024-003594,39.739991,-104.9407897,2/23/2024 12:01,12:01,12,0,0, COLORADO BLVD & E COLFAX AVE,1,1,0,0,1,3,0,0,35,0,0,0,0,0,2,2,13
,2024-003595,39.74161971,-104.9597774,2/23/2024 8:15,8:15,12,0,0, YORK ST & E 16TH AVE,1,1,0,0,1,1,0,0,20,0,0,0,0,0,4,3,7
,2024-003596,39.69660567,-104.9929312,2/23/2024 6:33,6:33,10,0,0, SANTA FE DR SB & W FLORIDA AVE,1,1,0,0,1,2,0,0,45,0,0,0,0,0,2,2,1
,2024-003597,39.67250714,-104.9084692,1/22/2024 2:00,2:00,6,0,0, ONEIDA ST & E DICKENSON PL,1,4,0,0,6,1,0,0,,0,0,0,0,0,4,2,16
,2024-003598,39.7766661,-104.8449574,2/22/2024 16:22,16:22,3,0,0,E 44TH AVE & N QUENTIN ST,1,1,0,0,1,1,0,0,30,0,0,0,0,0,4,2,7
,2024-003600,39.71390528,-104.9394253,2/17/2024 17:05,17:05,12,0,0,LEETSDALE DR & E SHANGRI LA DR,1,3,0,0,1,1,0,0,30,0,0,0,0,0,2,2,13
,2024-003601,39.78362793,-104.7719542,2/20/2024 14:30,14:30,15,0,0,E GREEN VALLEY RANCH BLVD & N TOWER RD,1,1,0,0,1,4,0,0,35,0,0,0,0,0,4,2,16
,2024-003603,39.7504096,-104.9941276,2/21/2024 14:17,14:17,12,0,0,LAWRENCE ST & 18TH ST,1,1,0,0,1,4,0,0,30,0,0,0,0,0,4,2,16
,2024-003609,39.69672882,-105.0080291,2/24/2024 2:01,2:01,16,0,0,1770 W MISSISSIPPI AVE,1,3,0,0,5,7,0,0,,0,0,0,0,0,3,2,16
,2024-003611,39.68421346,-104.9828344,2/24/2024 9:28,9:28,12,0,0, LOGAN ST & E COLORADO AVE,1,1,0,0,1,4,0,0,30,0,0,0,0,0,4,2,13
,2024-003625,39.7573718,-104.9886186,2/23/2024 23:10,23:10,14,0,0,24TH ST & WALNUT ST,1,3,0,0,1,4,0,0,25,0,0,0,0,0,4,2,13
,2024-003626,39.73680785,-104.9561878,2/24/2024 4:12,4:12,15,0,0,E 13TH AVE & N ELIZABETH ST,1,3,0,0,1,3,0,0,30,0,0,0,0,0,4,3,14
,2024-003636,39.61630344,-105.0911289,2/24/2024 17:06,17:06,1,0,0, WADSWORTH BLVD & W CRESTLINE AVE,1,1,0,0,1,3,0,0,55,0,0,0,0,0,2,2,11
,2024-003651,39.75955051,-104.9866326,2/23/2024 12:35,12:35,6,0,0,2600 WALNUT ST,1,1,1,0,1,9,0,0,,0,0,0,0,0,4,2,16
,2024-003652,39.7234924,-105.0250231,2/24/2024 11:11,11:11,12,0,1, FEDERAL BLVD & W 5TH AVE,1,1,0,0,1,1,0,0,35,0,0,0,0,2,4,2,16
,2024-003662,39.77398102,-104.8133748,2/15/2024 2:13,2:13,6,0,0,E ANDREWS DR & E MITCHELL PL,1,1,0,0,3,4,0,0,30,0,0,0,0,0,4,3,16
,2024-003665,39.78573028,-104.883067,2/4/2024 15:03,15:03,3,0,0, CENTRAL PARK BLVD & E NORTHFIELD BLVD,11,1,0,0,1,1,0,0,,0,0,0,0,0,4,2,16
,2024-003673,39.77748374,-104.8829582,1/29/2024 16:30,16:30,15,0,0,I-70 WB  & N CENTRAL PARK BLVD,1,1,0,0,1,4,0,0,55,0,0,0,0,0,1,2,16
,2024-003674,39.78565555,-104.7816863,2/22/2024 8:36,8:36,10,0,0,E 49TH PL & N TELLURIDE ST,1,1,0,0,1,1,0,0,30,0,0,0,0,0,4,2,16
,2024-003698,39.78421574,-105.0344914,2/24/2024 19:10,19:10,12,0,0,I-70 WB EXIT RAMP [SLIP] &  N LOWELL BLVD,1,3,0,0,1,8,0,0,35,0,0,0,0,0,1,2,4
,2024-003702,39.65304776,-104.90168,2/23/2024 12:42,12:42,1,0,0,7500 SIGNAL E HAMPDEN AVE,1,1,0,0,1,1,0,0,35,0,0,0,0,0,2,2,11
,2024-003709,39.71121467,-105.01101,2/24/2024 19:16,19:16,6,0,0,200  TEJON ST W ALAMEDA AVE,1,3,0,0,1,4,0,0,25,0,0,0,0,0,4,2,4
,2024-003711,39.83185608,-104.6929572,2/22/2024 6:30,6:30,3,0,0,JACKSON GAP ST & E 75TH AVE,11,1,0,0,1,1,0,0,35,0,0,0,0,0,4,3,13
,2024-003726,39.75841548,-104.9033089,2/24/2024 0:35,0:35,1,0,0, QUEBEC ST & E MONTVIEW BLVD,1,3,0,0,1,1,0,0,40,0,0,0,0,0,4,2,16
,2024-003728,39.77833085,-104.9792445,2/23/2024 22:09,22:09,3,0,0,E 45TH AVE & N WASHINGTON ST,1,3,0,0,1,3,0,0,35,0,0,0,0,0,4,2,13
,2024-003729,39.75094346,-104.9899761,2/24/2024 1:26,1:26,3,0,1,20TH ST & CURTIS ST,1,3,0,0,1,1,0,0,35,0,0,0,0,2,4,2,16
,2024-003733,39.75449998,-104.9923371,2/24/2024 2:12,2:12,16,0,1,2090 MARKET ST,1,3,0,0,5,7,0,0,,0,0,0,0,2,3,1,14
,2024-003787,39.73040597,-104.9717895,1/31/2024 19:30,19:30,6,0,0, MARION ST & E 9TH AVE,1,3,0,0,1,3,0,0,20,0,0,0,0,0,4,2,16
,2024-003811,39.71621587,-104.9128592,2/25/2024 14:21,14:21,15,0,0, MONACO ST & E LOWRY BLVD,1,1,0,0,1,4,0,0,40,0,0,0,0,0,4,2,16
,2024-003812,39.75539945,-105.012736,2/25/2024 15:21,15:21,12,0,0,I-25 SB & N SPEER BLVD,1,1,0,0,1,4,0,0,55,0,0,0,0,0,1,2,13
,2024-003813,39.72683954,-104.9928385,2/14/2024 14:13,14:13,12,0,0,700  DELAWARE ST & W 8TH AVE,1,1,0,0,1,4,0,0,25,0,0,0,0,0,4,2,16
,2024-003814,39.78002964,-104.9404933,2/6/2024 16:21,16:21,12,0,0,I-70 WB & N COLORADO BLVD,1,1,0,0,1,4,0,0,,0,0,0,0,0,1,2,16
,2024-003819,39.73685832,-104.9933122,2/24/2024 16:30,16:30,15,0,0, 13TH AVE &  DELAWARE ST,1,1,0,0,1,4,0,0,25,0,0,0,0,0,4,2,11
,2024-003828,39.62412099,-104.8897675,2/25/2024 16:27,16:27,1,0,0,E BELLEVIEW AVE & S DTC BLVD,1,2,0,0,1,1,0,0,35,0,0,0,0,0,4,2,11
,2024-003831,39.73687954,-104.9798811,2/24/2024 21:14,21:14,3,0,0,E 13TH AVE & N PEARL ST,1,3,0,0,1,3,0,0,,0,0,0,0,0,4,2,16
,2024-003832,39.66674834,-104.94061,2/24/2024 14:47,14:47,16,0,2,2730  COLORADO & PRIVATE PROPERTY,1,1,0,0,5,7,0,0,,0,1,0,0,2,3,1,10
,2024-003834,39.66060813,-105.0399728,2/24/2024 6:00,6:00,2,0,1, PATTON CT & W DARTMOUTH AVE,1,2,1,0,1,1,0,0,20,1,0,0,0,2,4,1,11
,2024-003835,39.76321482,-104.9792903,2/2/2024 13:20,13:20,6,0,0,LARIMER ST,1,1,0,0,1,3,0,0,30,0,0,0,0,0,4,2,16
,2024-003839,39.74008036,-104.9034578,1/21/2024 2:02,2:02,12,0,0,E COLFAX AVE & N QUEBEC ST,1,3,0,0,1,1,0,0,35,0,0,0,0,0,2,2,16
,2024-003866,39.70734731,-104.9222823,1/18/2024 13:17,13:17,3,0,1, HOLLY ST & LEETSDALE DR,1,1,0,0,1,1,0,0,45,0,0,0,0,2,2,3,14
,2024-003873,39.70040985,-105.0461501,2/23/2024 8:30,8:30,6,0,0,4500 W KENTUCKY AVE & S VRAIN ST,1,1,0,0,1,4,0,0,35,0,1,0,0,1,4,3,16
,2024-003875,39.7004384,-105.017077,2/24/2024 16:49,16:49,6,0,0,2500 W KENTUCKY AVE & S ALCOTT ST,1,1,0,0,1,4,0,0,20,0,0,0,0,0,4,2,7
,2024-003877,39.74370947,-105.0532218,2/23/2024 21:36,21:36,8,0,0,2100  SHERIDAN & W 17TH AVE,1,3,0,0,1,4,0,0,35,0,0,0,0,0,4,4,16
,2024-003883,39.74014476,-105.005235,2/23/2024 8:56,8:56,3,0,1,W COLFAX AVE & N OSAGE ST,1,1,0,0,1,1,0,0,35,0,0,0,0,2,2,2,16
,2024-003891,39.78363961,-104.7904783,2/25/2024 14:55,14:55,1,0,1,E GREEN VALLEY RANCH BLVD & N PENA BLVD,1,1,0,0,1,1,0,0,25,0,0,0,0,3,4,2,11
,2024-003898,39.76738125,-104.9025338,2/24/2024 19:11,19:11,11,0,1,E 36TH AVE & N QUEBEC ST,1,4,0,0,1,1,0,0,35,0,1,0,0,2,4,1,11
,2024-003901,39.73712391,-104.9861285,2/16/2024 18:57,18:57,9,0,1, LINCOLN ST & E 13TH AVE,4,3,0,2,1,4,0,0,0,0,1,0,0,3,4,1,16
,2024-003909,39.78024507,-104.9318454,2/26/2024 7:50,7:50,15,0,0,I-70 & N DAHLIA ST,1,1,0,0,1,13,0,0,55,0,0,0,0,0,1,2,10
,2024-003911,39.70667958,-105.0392097,2/22/2024 16:47,16:47,8,0,0,MORRISON & S PATTON ST,1,1,0,0,1,1,0,0,30,0,0,0,0,0,4,2,16
,2024-003912,39.67845017,-104.9344401,2/23/2024 17:20,17:20,10,0,0,4600 E EVANS AVE I-25 SB ON RAMP,1,3,0,0,1,5,0,0,35,0,0,0,0,0,4,2,13
,2024-003913,39.77992262,-104.9317755,2/26/2024 8:22,8:22,12,0,0,I-70 & MM 277.006,1,1,1,0,1,13,0,0,55,0,0,0,0,0,1,2,13
,2024-003916,39.72375468,-105.0416168,2/23/2024 9:00,9:00,6,0,0,400  RALEIGH ST & W 4TH AVE,1,1,0,0,1,4,0,0,20,0,0,0,0,0,4,2,16
,2024-003917,39.78015085,-104.931652,2/25/2024 22:45,22:45,12,0,0, DAHLIA ST & E SMITH RD,1,3,0,0,1,12,0,0,35,0,0,0,0,0,4,2,1
,2024-003918,39.72554757,-105.0251306,2/23/2024 15:00,15:00,10,0,0,W 6TH AVE & N FEDERAL BLVD,1,1,0,0,1,1,0,0,35,0,0,0,0,0,4,2,16
,2024-003919,39.74000707,-104.9861326,2/25/2024 18:20,18:20,10,0,0,E COLFAX AVE & N LINCOLN ST,1,3,0,0,1,1,0,0,25,0,0,0,0,0,4,2,11
,2024-003920,39.74000712,-104.9861326,2/12/2024 17:50,17:50,15,0,0,LINCOLN ST & COLFAX AVE,1,1,0,7,1,1,0,0,25,0,0,0,0,0,2,2,16
,2024-003924,39.79832377,-104.8849109,2/26/2024 7:41,7:41,12,0,1,E 56TH AVE & N CENTRAL PARK BLVD,1,1,0,0,1,4,0,0,40,0,0,0,0,2,4,2,13
,2024-003928,39.78373196,-104.8098408,2/23/2024 7:50,7:50,12,0,0,E GATEWAY AVE & N CHAMBERS RD,1,1,0,0,1,3,0,0,25,0,0,0,0,0,4,2,16
,2024-003929,39.71140101,-104.9972348,2/25/2024 13:00,13:00,15,0,0, SANTA FE DR  & W ALAMEDA AVE,1,1,1,0,1,4,0,0,35,0,0,0,0,0,4,2,4
,2024-003932,39.78332486,-105.0345751,2/26/2024 14:01,14:01,12,0,0,I-70 & N LOWELL BLVD,1,1,1,0,1,13,0,0,55,0,0,0,0,0,1,2,13
,2024-003933,39.72413233,-104.9985771,2/22/2024 17:30,17:30,3,0,0,W 5TH AVE & N SANTA FE DR,1,1,0,0,1,1,0,0,25,0,0,0,0,0,4,2,3
,2024-003943,39.73368469,-104.975848,2/8/2024 19:41,19:41,6,0,0,900 E 11TH AVE & N DOWNING ST,1,4,0,0,1,4,0,0,30,0,0,0,0,0,4,3,16
,2024-003947,39.71022789,-104.9425592,2/26/2024 15:55,15:55,6,0,0, JACKSON ST & E DAKOTA AVE,1,1,0,0,1,4,0,0,20,0,0,0,0,0,4,2,16
,2024-003948,39.79110042,-105.0239324,2/16/2024 8:55,8:55,6,0,0,5200  ELIOT ST W PARKSIDE PL,11,1,1,0,1,2,0,0,20,0,0,0,0,0,4,2,11
,2024-003952,39.7129393,-105.000177,2/26/2024 6:47,6:47,12,0,1,I-25 & W ALAMEDA AVE,1,1,0,0,1,4,0,0,60,0,0,0,0,1,1,3,16
,2024-003960,39.71939978,-104.9562958,2/23/2024 18:20,18:20,11,0,1,E 2ND AVE & N COLUMBINE ST,1,3,1,0,1,9,0,0,,0,1,0,0,2,4,1,16
,2024-003967,39.78913041,-104.7344216,2/26/2024 8:14,8:14,3,0,0,E 51ST PL & N PICADILLY RD,1,1,0,0,1,1,0,0,25,0,0,0,0,0,4,2,13
,2024-003968,39.65307901,-104.8987255,2/25/2024 16:02,16:02,12,0,0,E HAMPDEN AVE & S TAMARAC DR,1,1,1,0,1,4,0,0,35,0,0,0,0,0,4,2,16
,2024-003969,39.78013757,-104.9307967,2/26/2024 7:16,7:16,15,0,0,I-70 & N DAHLIA ST,1,1,0,0,1,4,0,0,,0,0,0,0,0,1,2,16
,2024-003970,39.75829465,-104.9405256,2/26/2024 0:22,0:22,12,0,0,E 29TH AVE & N COLORADO BLVD,1,3,0,0,1,4,0,0,40,0,0,0,0,0,2,2,16
,2024-003971,39.77505059,-104.8098981,2/25/2024 16:09,16:09,11,0,1,E ANDREWS DR & N CHAMBERS RD,1,1,0,0,1,1,0,0,0,0,1,0,0,2,4,1,16
,2024-003973,39.75620936,-104.9901366,2/25/2024 9:25,9:25,15,0,0,2200 MARKET ST PARK AVE W,1,1,0,0,1,4,0,0,30,0,0,0,0,0,4,2,3
,2024-003976,39.71472025,-104.9769154,2/8/2024 17:20,17:20,11,0,1, EMERSON ST & E BAYAUD ST,1,2,0,0,1,1,0,0,20,0,1,0,0,2,4,1,14
,2024-003981,39.73966357,-104.9952856,2/24/2024 10:24,10:24,15,0,0,1400  FOX ST W COLFAX AVE,1,1,0,0,1,4,0,0,25,0,0,0,0,0,4,2,3
,2024-003988,39.71156489,-104.9406996,2/4/2024 1:25,1:25,3,0,1,S COLORADO BLVD E ALAMEDA AVE,11,3,0,0,1,1,0,0,45,0,0,0,0,2,4,2,16
,2024-003990,39.69311534,-105.0250363,2/21/2024 11:20,11:20,12,0,0,1300  FEDERAL BLVD W LOUISIANA AVE,1,1,0,0,1,3,0,0,40,0,0,0,0,0,2,2,11
,2024-003993,39.72093774,-104.9971504,2/25/2024 1:00,1:00,6,0,0,723 W 3RD AVE & N SANTA FE DR,1,4,0,0,1,4,0,0,,0,0,0,0,0,4,2,16
,2024-003999,39.71818816,-104.9593202,2/25/2024 22:13,22:13,1,0,1, UNIVERSITY BLVD & E 1ST AVE,1,3,0,0,1,3,0,0,30,0,0,0,0,2,4,2,6
,2024-004003,39.76115933,-105.0047565,2/25/2024 7:02,7:02,15,0,0,I-25 & 20TH ST,1,1,0,0,1,4,0,0,55,0,0,0,0,0,1,2,3
,2024-004004,39.71784053,-104.922263,2/23/2024 12:08,12:08,1,0,0, HOLLY ST & E 1ST AVE,1,1,0,0,1,1,0,0,20,0,0,0,0,0,4,2,11
,2024-004006,39.73370873,-104.9822833,2/25/2024 12:05,12:05,3,0,0,E 11TH AVE & N LOGAN ST,1,1,0,0,1,1,0,0,25,0,0,0,0,1,4,2,13
,2024-004007,39.6530794,-104.9182339,1/26/2024 17:08,17:08,12,0,0,I-25 & E HAMPDEN AVE,1,3,0,0,1,4,0,0,,0,0,0,0,0,1,2,16
,2024-004009,39.73834496,-104.9461919,2/26/2024 9:37,9:37,12,0,0,3400 E 14TH AVE N MADISON ST,1,1,0,0,1,3,0,0,30,0,0,0,0,0,4,2,7
,2024-004011,39.74537041,-104.9810802,2/23/2024 20:30,20:30,6,0,0,1800  PENNSYLVANIA ST E 18TH AVE,1,3,1,0,1,4,0,0,,0,0,0,0,0,4,2,16
,2024-004017,39.73677103,-105.029366,2/21/2024 22:00,22:00,12,0,0,3259 W AVONDALE DR & W HOWARD PL,1,3,1,0,1,4,0,0,30,0,0,0,0,0,4,2,2
,2024-004018,39.65302662,-104.8814805,2/24/2024 10:05,10:05,12,0,1,HAMPDEN AVE & N AKRON ST,1,1,0,0,1,3,0,0,45,0,0,0,0,1,2,2,3