id,drcog_id,latitude,longitude,crashtime,time,crashtype,numbkilled,numbinjurd,drcoglocat,rdconditin,lightngcon,roadcntgrd,weatherco,location,roaddescrp,schoolzone,constrzone,splimit,bikeinv,pedinv,sctrinv,motoinv,svrty,rdsystem,ttlvehcls,hcf
,2024-004026,39.78375726,-104.8097976,2/26/2024 7:28,7:28,15,0,0, CHAMBERS RD & E GREEN VALLEY RANCH BLVD,1,1,0,0,1,1,0,0,30,0,0,0,0,0,4,2,3
,2024-004031,39.7984031,-104.7878847,2/26/2024 18:26,18:26,12,0,0,PENA BLVD & E 56TH AVE,1,3,0,0,1,4,0,0,65,0,0,0,0,0,4,2,14
,2024-004039,39.74044801,-105.0141497,2/27/2024 11:18,11:18,3,0,0,I-25 SB OFF RAMP & W COLFAX AVE,11,1,1,0,1,1,0,0,30,0,0,0,0,0,2,2,11
,2024-004043,39.74080502,-104.9034563,2/7/2024 8:45,8:45,6,0,0,1500  QUEBEC ST & E COLFAX AVE,1,1,0,0,1,4,0,0,30,0,0,0,0,0,4,2,11
,2024-004045,39.76449081,-104.9597604,2/23/2024 16:47,16:47,3,0,0, YORK ST & E BRUCE RANDOLPH AVE,1,1,0,0,1,1,0,0,25,0,0,0,0,1,4,2,13
,2024-004048,39.69295498,-104.9676245,2/26/2024 12:00,12:00,6,0,0,E LOUISIANA AVE & S GILPIN ST,1,1,0,0,1,4,0,0,25,0,0,0,0,0,4,2,3
,2024-004052,39.72732139,-105.0001924,2/27/2024 9:05,9:05,3,0,0, KALAMATH ST & W 7TH AVE,7,1,0,2,1,1,0,0,30,0,0,0,0,0,4,2,1
,2024-004056,39.728905,-104.9964053,2/27/2024 9:56,9:56,10,0,0,W 8TH AVE & N GALAPAGO ST,4,1,0,2,1,1,0,0,30,0,0,0,0,0,4,2,13
,2024-004064,39.75453308,-104.9732958,2/27/2024 18:19,18:19,3,0,0,1207 E 26TH AVE & N DOWNING ST,1,3,0,6,1,9,0,0,20,0,0,0,0,1,4,4,16
,2024-004069,39.72359096,-104.9839742,2/27/2024 10:29,10:29,5,0,0,E SPEER BLVD & N GRANT ST,9,1,0,2,2,4,0,0,30,0,0,0,0,0,4,1,7
,2024-004070,39.74481992,-104.9672084,2/26/2024 10:59,10:59,11,0,1, GILPIN ST & E 18TH AVE,1,1,0,0,1,1,0,0,25,0,0,1,0,2,4,1,11
,2024-004071,39.78038256,-104.9421058,2/26/2024 17:30,17:30,12,0,1,I-70 & N COLORADO AVE,1,1,0,0,1,4,0,0,55,0,0,0,0,2,1,2,16
,2024-004075,39.72923751,-104.9316266,2/27/2024 9:30,9:30,3,0,0,E 8TH AVE & N DAHLIA ST,9,1,0,2,1,1,0,0,20,0,0,0,0,0,4,2,16
,2024-004078,39.7512771,-105.0165802,2/22/2024 14:11,14:11,15,0,1,I-25 & W 23RD AVE,1,1,0,0,1,4,0,0,55,0,0,0,0,1,1,2,13
,2024-004083,39.73999562,-104.9653607,2/26/2024 23:42,23:42,3,0,0,E COLFAX AVE & MM 299.306,1,3,0,0,1,9,0,0,30,0,0,0,0,0,2,2,11
,2024-004084,39.72070961,-104.8988627,2/26/2024 18:04,18:04,8,0,0, RAMPART WAY & E 1ST PL,1,3,0,0,1,1,0,0,,0,0,0,0,1,4,2,13
,2024-004086,39.75671596,-104.9609933,2/26/2024 21:10,21:10,6,0,0,2749  GAYLORD ST & E 28TH AVE,1,3,0,0,1,4,0,0,25,0,0,0,0,0,4,2,16
,2024-004088,39.77288275,-104.9427654,2/27/2024 13:47,13:47,8,0,1,E 40TH AVE & N JACKSON ST,1,1,0,0,1,4,0,0,35,0,0,0,0,2,4,2,14
,2024-004091,39.72127577,-105.0084346,2/26/2024 10:13,10:13,12,0,1,I-25 & W 6TH AVE EXIT GORE PT,1,1,0,0,1,4,0,0,55,0,0,0,0,1,1,2,13
,2024-004093,39.76209631,-105.0532422,2/27/2024 19:32,19:32,1,0,1, SHERIDAN BLVD & W 32ND AVE,1,3,1,0,1,1,0,0,35,0,0,0,0,1,2,2,1
,2024-004095,39.76650276,-104.9987057,2/26/2024 10:10,10:10,12,0,1,I-25 & EXIT GORE PT TO PARK AVE WEST,1,1,0,0,1,4,0,0,55,0,0,0,0,1,1,3,13
,2024-004097,39.7403419,-105.0473183,2/26/2024 13:55,13:55,12,0,0,COLFAX AVE & N WINONA CT,1,1,0,0,1,4,0,0,30,0,0,0,0,0,2,2,1
,2024-004098,39.77975689,-104.9791467,2/19/2024 14:30,14:30,12,0,0,I-70 WB OFF RAMP & N WASHINGTON ST,1,1,0,0,1,3,0,0,35,0,0,0,0,0,1,2,13
,2024-004099,39.77100287,-104.982387,2/27/2024 9:22,9:22,5,0,0,3400 RINGSBY CT WASHINGTON ST,7,1,0,0,3,2,0,0,30,0,0,0,0,0,4,1,7
,2024-004103,39.74680349,-105.0532329,2/26/2024 22:30,22:30,12,0,0,1900  SHERIDAN BLVD W 20TH AVE,1,3,0,0,1,4,0,0,35,0,0,0,0,0,2,2,14
,2024-004104,39.830622,-104.7788864,2/27/2024 9:26,9:26,12,0,0,7500  N TOWER RD,4,1,1,2,1,4,0,0,65,0,0,0,0,0,4,2,1
,2024-004105,39.73800797,-105.0252739,2/27/2024 12:09,12:09,1,0,0, FEDERAL BLVD & W 14TH AVE,11,1,0,0,1,1,0,0,35,0,0,0,0,0,2,2,13
,2024-004109,39.72093442,-104.9985786,2/12/2024 18:57,18:57,3,0,0,W 3RD AVE & N SANTA FE DR,1,3,0,0,1,1,0,0,35,0,0,0,0,0,4,3,14
,2024-004111,39.74013746,-104.943005,2/26/2024 17:08,17:08,3,0,0,E COLFAX AVE & N JACKSON ST,1,1,0,0,1,1,0,0,30,0,0,0,0,0,2,2,16
,2024-004115,39.67847275,-104.9222314,2/26/2024 22:04,22:04,12,0,0,E EVANS AVE & S HOLLY ST,1,3,0,0,1,1,0,0,35,0,0,0,0,0,4,2,13
,2024-004116,39.74005502,-104.9848501,2/26/2024 15:55,15:55,12,0,0, SHERMAN ST & E COLFAX AVE,1,1,0,0,1,1,0,0,,0,0,0,0,0,2,2,16
,2024-004117,39.78019967,-104.9891818,2/16/2024 1:13,1:13,15,0,0,I-25 & I-70,11,4,2,0,1,4,0,0,55,0,0,0,0,0,1,2,16
,2024-004122,39.7656837,-104.9948635,2/26/2024 16:25,16:25,11,0,0,PARK AVE W & N GLOBEVILLE RD,1,1,0,0,1,1,0,0,35,0,1,0,0,0,4,1,16
,2024-004128,39.76925709,-104.9176166,2/26/2024 12:42,12:42,11,0,1,E 38TH AVE & N KEARNEY ST,1,1,0,0,1,1,0,0,15,0,0,1,0,2,4,1,16
,2024-004129,39.78049407,-104.9672855,2/26/2024 21:59,21:59,12,0,0,I-70 & N BRIGHTON BLVD,1,3,0,0,1,4,0,1,55,0,0,0,0,0,1,2,13
,2024-004139,39.78344485,-105.0345731,2/26/2024 11:53,11:53,12,0,0,I-70 & N LOWELL BLVD,1,1,0,0,1,4,0,0,55,0,0,0,0,0,1,2,13
,2024-004140,39.71120673,-104.9111246,2/27/2024 7:00,7:00,3,0,0,E ALAMEDA AVE & S MAGNOLIA ST,1,1,0,0,1,1,0,0,25,0,0,0,0,0,4,2,11
,2024-004141,39.74001111,-104.9687148,2/26/2024 13:35,13:35,6,0,0,E COLFAX AVE & N. FRANKLIN ST.,1,1,0,0,1,4,0,0,30,0,0,0,0,0,2,2,13
,2024-004143,39.67579136,-104.9593868,2/27/2024 8:29,8:29,12,0,1,2200  UNIVERSITY BLVD E WARREN AVE,11,1,0,2,1,4,0,0,30,0,0,0,0,2,4,4,14
,2024-004144,39.7507535,-104.8884063,2/27/2024 15:05,15:05,6,0,0, XANTHIA WAY & N CENTRAL PARK BLVD,1,1,0,0,1,4,0,0,25,0,0,0,0,0,4,2,16
,2024-004146,39.78362735,-104.7721144,2/27/2024 7:47,7:47,1,0,1, TOWER DR & E GREEN VALLEY RANCH BLVD,1,1,0,0,1,1,0,0,35,0,0,0,0,2,4,2,13
,2024-004147,39.7255474,-105.0344602,2/11/2024 21:15,21:15,15,0,0,W 6TH AVE & N FEDERAL BLVD,2,3,0,0,1,4,0,0,,0,0,0,0,0,2,2,16
,2024-004148,39.74000997,-104.9684662,2/27/2024 19:03,19:03,5,0,0,PARK AVE W & I-70,4,3,1,6,3,4,0,0,40,0,0,0,0,0,4,1,7
,2024-004153,39.65305153,-104.8718257,2/27/2024 20:08,20:08,12,0,1,E HAMPDEN AVE & S FLORENCE ST,1,3,0,0,1,4,0,0,45,0,0,0,0,1,2,3,13
,2024-004155,39.78590237,-104.7721289,2/27/2024 15:32,15:32,8,0,1,E 49TH AVE & N TOWER RD,1,1,0,0,1,1,0,0,25,0,0,0,0,1,4,2,13
,2024-004156,39.75231689,-104.991728,2/25/2024 0:56,0:56,10,0,0,1200 20TH ST LAWRENCE ST,1,3,0,0,1,3,0,0,25,0,0,0,0,0,4,2,1
,2024-004175,39.78413818,-105.025211,2/6/2024 17:47,17:47,15,0,0, FEDERAL BLVD & I-70,1,3,0,0,1,4,0,0,30,0,0,0,0,0,2,2,16
,2024-004178,39.79144498,-104.8854444,2/8/2024 19:11,19:11,11,0,1,E PRAIRIE MEADOW DR & YOSEMITE WAY,1,3,0,0,1,1,0,0,30,1,0,0,0,3,4,1,16
,2024-004180,39.75270656,-104.9850215,2/28/2024 15:48,15:48,3,0,1,PARK AVE W & STOUT ST,1,1,0,0,1,9,0,0,15,0,0,0,0,2,4,2,16
,2024-004181,39.72908199,-104.9867699,2/22/2024 10:03,10:03,15,0,0,10 E 8TH AVE N BROADWAY ST,1,1,0,0,1,4,0,0,30,0,0,0,0,0,4,2,16
,2024-004183,39.74017563,-104.9684606,2/18/2024 2:00,2:00,12,0,1,COLFAX AVE & PARK AVE,1,3,0,0,1,3,0,0,30,0,0,0,0,2,2,2,16
,2024-004184,39.77430849,-104.8483627,2/28/2024 8:54,8:54,15,0,0,I-70 WB ON SLIP RAMP MERGE PT & N PEORIA ST,1,1,1,0,1,8,0,0,55,0,0,0,0,0,1,2,11
,2024-004186,39.76793364,-104.9950628,2/26/2024 10:10,10:10,12,0,0,I-25 & PARK AVE WEST,1,1,0,0,1,4,0,0,55,0,0,0,0,0,1,2,16
,2024-004187,39.79109196,-105.0207412,2/28/2024 8:42,8:42,15,0,0,W 52ND AVE & N CLAY ST,1,1,0,0,1,4,0,0,30,0,0,0,0,0,4,2,16
,2024-004188,39.6965748,-104.9453714,2/28/2024 8:10,8:10,3,0,0, MONROE ST & E MISSISSIPPI AVE,1,1,0,0,1,1,0,0,30,0,0,0,0,1,4,3,11
,2024-004189,39.74079518,-104.9597817,2/17/2024 17:00,17:00,12,0,0,1500  YORK ST & E COLFAX AVE,4,3,0,2,1,3,0,0,30,0,0,0,0,0,4,2,1
,2024-004191,39.69763452,-104.9832459,2/23/2024 16:07,16:07,15,0,0,I-25 & N LOGAN ST,1,1,0,0,1,4,0,0,55,0,0,0,0,0,1,2,13
,2024-004192,39.74188203,-104.9709192,2/12/2024 10:00,10:00,10,0,0,PARK AVE & N LAFAYETTE ST,1,1,0,0,1,1,0,0,30,0,0,0,0,0,4,2,6
,2024-004193,39.73515327,-104.9799314,2/28/2024 11:18,11:18,6,0,0,500 E 12TH AVE N PENNSYLVANIA ST,1,1,0,0,1,2,0,0,20,0,0,0,0,0,4,2,16
,2024-004194,39.66747905,-104.9274302,2/26/2024 17:48,17:48,8,0,0,E YALE AVE & YALE CIR,1,3,0,0,1,4,0,0,30,0,0,0,0,0,4,2,16
,2024-004197,39.83409376,-104.771881,2/28/2024 16:00,16:00,12,0,0,MM 5,1,1,0,0,1,4,0,0,65,0,0,0,0,0,2,3,11
,2024-004200,39.69431017,-104.94055,2/10/2024 16:00,16:00,12,0,0,1200  COLORADO BLVD E LOUISIANA ST,9,1,0,2,1,1,0,0,,0,0,0,0,0,4,2,16
,2024-004201,39.74027379,-105.0120466,2/16/2024 17:44,17:44,15,0,0,W COLFAX AVE & I-25 NB RAMPS,4,3,0,2,1,4,0,0,,0,0,0,0,0,2,4,16
,2024-004202,39.75360061,-104.9934899,2/24/2024 1:30,1:30,15,0,0,MARKET ST & 20TH ST,1,3,0,0,1,4,0,0,,0,0,0,0,0,4,2,13
,2024-004203,39.77966863,-104.9667771,1/12/2024 11:34,11:34,15,0,0,I-70 EB ON RAMP & BRIGHTON BLVD,1,1,0,0,1,8,0,0,55,0,0,0,0,0,1,2,1
,2024-004204,39.83812663,-104.7153085,2/27/2024 23:15,23:15,15,0,0,78TH AVE & GUN CLUB RD,1,3,0,0,1,3,0,0,45,0,0,0,0,0,4,2,7
,2024-004206,39.64345449,-104.8913061,2/28/2024 7:45,7:45,15,0,0,VINCENNES CT & 3985 S,1,1,1,0,1,4,0,0,25,0,0,0,0,0,4,2,16
,2024-004208,39.78852858,-104.828219,2/28/2024 8:20,8:20,12,0,0,E 51ST AVE & NCROWN BLVD,1,1,0,0,1,3,0,0,25,0,0,0,0,0,4,3,13
,2024-004209,39.68311279,-104.9405292,2/28/2024 6:50,6:50,15,0,0,I-25 & S COLORADO BLVD,14,5,3,7,1,4,0,0,55,0,0,0,0,0,4,2,13
,2024-004210,39.75856257,-105.0079904,2/28/2024 12:39,12:39,12,0,0,I-25 & W 17TH AVE,1,1,0,0,1,4,0,0,55,0,0,0,0,0,1,2,13
,2024-004211,39.75082503,-104.9970704,1/4/2024 9:09,9:09,3,0,0,17TH ST & MARKET ST,1,1,0,0,1,1,0,0,20,0,1,0,0,1,4,2,16
,2024-004212,39.77552857,-104.8625098,2/28/2024 13:59,13:59,15,0,1,I-70 & N HAVANA ST,1,1,0,0,1,4,0,0,55,0,0,0,0,1,1,2,10
,2024-004213,39.70736027,-104.9407892,2/28/2024 8:52,8:52,3,0,0, COLORADO BLVD & E CHERRY CREEK N DR,1,1,0,0,1,1,0,0,35,0,0,0,0,0,2,2,11
,2024-004214,39.77973882,-104.8470214,2/28/2024 8:11,8:11,12,0,0, PEORIA ST & E 46TH AVE,1,1,0,0,1,4,0,0,35,0,0,0,0,0,4,3,1
,2024-004215,39.7037846,-104.91444,1/28/2024 2:00,2:00,15,0,0,LEETSDALE DR & E EXPOSITION AVE,1,3,0,0,1,1,0,0,35,0,0,0,0,0,2,2,16
,2024-004216,39.78326245,-105.0068032,2/28/2024 8:26,8:26,12,0,1,I-70 & N PECOS ST,1,1,2,0,1,4,0,0,55,0,0,0,0,1,1,3,3
,2024-004217,39.77708489,-104.9034108,2/16/2024 15:25,15:25,15,0,0, NORTHFIELD QUEBEC ST NB & I-70 EB ON,11,1,1,3,1,3,0,0,35,0,0,0,0,0,2,2,11
,2024-004218,39.77427494,-105.0099841,2/18/2024 22:35,22:35,6,0,0,4225  SHOSHONE ST & W 42ND AVE,1,3,0,0,1,4,0,0,25,0,0,0,0,0,4,3,16
,2024-004221,39.77419144,-104.8827847,2/26/2024 12:15,12:15,12,0,0, CENTRAL PARK BLVD & E 40TH AVE,1,1,1,0,1,3,0,0,35,0,0,0,0,0,4,2,14
,2024-004223,39.75818066,-104.973669,2/16/2024 12:32,12:32,12,0,0,3000 WELTON ST N DOWNING ST,1,1,0,0,1,4,0,0,,0,0,0,0,0,4,2,16
,2024-004224,39.71128376,-104.9034949,2/28/2024 20:37,20:37,1,0,1,E ALAMEDA AVE & S QUEBEC ST,1,3,0,0,1,1,0,0,40,0,0,0,0,1,4,2,3
,2024-004226,39.68914602,-104.9972622,2/27/2024 19:58,19:58,3,0,0,W FLORIDA AVE & S PLATTE RIVER DR,1,3,0,0,1,3,0,0,30,0,0,0,0,0,4,2,11
,2024-004227,39.75507244,-104.9880933,2/22/2024 13:05,13:05,15,0,0,PARK AVEW & LAWRENCE ST,1,1,0,0,1,1,0,0,25,0,0,0,0,0,4,2,13
,2024-004228,39.78438301,-105.02518,2/25/2024 15:31,15:31,15,0,0,I-70 WB ON RAMP & N. FEDERAL BLVD,1,1,0,0,1,8,0,0,,0,0,0,0,0,1,2,16
,2024-004229,39.73592502,-104.9428922,2/22/2024 14:48,14:48,15,0,0,1200  JACKSON ST & E 13TH AVE,1,1,0,7,1,4,0,0,25,0,0,0,0,0,4,2,11
,2024-004230,39.74004921,-105.0000595,2/28/2024 9:45,9:45,1,0,1, KALAMATH ST & W COLFAX AVE,1,1,0,0,1,1,0,0,30,0,0,0,0,3,4,2,11
,2024-004231,39.68949238,-105.0250606,2/26/2024 1:10,1:10,12,0,2, FEDERAL BLVD & W FLORIDA AVE,1,3,0,0,1,1,0,0,45,0,0,0,0,1,2,2,7
,2024-004232,39.75230236,-105.0038707,2/23/2024 19:54,19:54,15,0,0,15TH ST & DELGANY ST,1,3,0,0,1,1,0,0,40,0,0,0,0,0,4,2,16
,2024-004234,39.78500798,-104.7816885,2/28/2024 8:55,8:55,3,0,0,4800  TELLURIDE ST E GREEN VALLEY RANCH BLVD,1,1,0,0,1,2,1,0,20,0,0,0,0,0,4,2,13
,2024-004236,39.78406278,-104.9895503,2/28/2024 12:11,12:11,12,0,0,I25 HWY_SB & W 48TH AVE,1,1,0,0,1,4,0,0,55,0,0,0,0,0,1,2,13
,2024-004248,39.68053353,-105.0203622,2/28/2024 13:39,13:39,3,0,0, CLAY ST & W ASBURY AVE,1,1,0,0,1,1,0,0,25,0,0,0,0,0,4,2,13
,2024-004251,39.70791449,-104.9406205,2/28/2024 7:44,7:44,15,0,0,COLORADO BLVD & E VIRGINIA AVE,1,1,0,0,1,4,0,0,35,0,0,0,0,0,2,2,16
,2024-004261,39.68758229,-104.9792801,2/28/2024 12:17,12:17,1,0,0,E IOWA AVE & S WASHINGTON ST,1,1,0,0,1,1,0,0,30,0,0,0,0,0,4,2,14
,2024-004263,39.71117859,-105.0145189,2/27/2024 15:45,15:45,15,0,0,W ALAMEDA AVE & S YUMA ST,1,1,0,0,1,1,0,0,30,0,0,0,0,0,2,2,3
,2024-004265,39.72906965,-104.9858107,2/26/2024 7:50,7:50,3,0,0,100 E 8TH AVE & N LINCOLN ST,1,1,1,0,1,3,0,0,30,0,0,0,0,0,4,2,14
,2024-004266,39.7802431,-104.9477995,2/28/2024 7:04,7:04,12,0,0,I-70 & EXIT GORE PT TO N COLORADO BLVD,1,1,3,0,1,4,0,0,,0,0,0,0,0,1,2,13
,2024-004289,39.72512977,-105.0250204,2/19/2024 1:50,1:50,3,0,0, FEDERAL BLVD & W 6TH AVE WB OFF RAMP,1,3,0,0,1,3,0,0,35,0,0,0,0,0,2,2,16
,2024-004298,39.65512578,-105.0531981,2/28/2024 7:49,7:49,3,0,0,3100 SIGNAL  SHERIDAN BLVD,1,1,0,0,1,2,0,0,40,0,0,0,0,0,2,2,3
,2024-004299,39.74005941,-104.9349999,2/20/2024 12:06,12:06,3,0,0,4500 E COLFAX AVE & E CLERMONT STREET,1,1,0,0,1,1,0,0,35,0,0,0,0,0,2,2,16
,2024-004300,39.71839148,-105.053281,2/28/2024 9:32,9:32,3,0,1, SHERIDAN BLVD & W 1ST AVE,1,1,0,0,1,1,0,0,35,0,0,0,0,1,2,2,3
,2024-004302,39.77154393,-104.8131581,2/28/2024 6:38,6:38,12,0,0,I-70 WB ON RAMP & I-225,1,1,3,0,1,8,0,0,55,0,0,0,0,0,1,2,13
,2024-004304,39.67661336,-104.9406367,2/16/2024 15:16,15:16,12,0,0, COLORADO BLVD & E WARREN AVE,1,1,0,0,1,4,0,0,,0,0,0,0,0,4,2,16
,2024-004307,39.71866538,-105.0532802,2/28/2024 12:00,12:00,12,0,0,SHERIDAN BLVD & W 1ST AVE,1,1,0,0,1,4,0,0,35,0,0,0,0,0,2,3,16
,2024-004309,39.76740302,-104.931738,2/27/2024 17:48,17:48,3,0,1,E 36TH AVE & N DAHLIA ST,1,2,0,0,1,1,0,0,25,0,0,0,0,3,4,2,11
,2024-004312,39.74003479,-105.0001523,2/22/2024 13:22,13:22,15,0,0,W COLFAX AVE & N KALAMATH ST,1,1,0,0,1,1,0,0,,0,0,0,0,0,2,2,16
,2024-004313,39.79828181,-104.7983606,2/11/2024 10:45,10:45,3,0,0, QUEBEC ST & E 56TH AVE,1,1,0,0,1,1,0,0,40,0,0,0,0,0,4,2,1
,2024-004314,39.67839065,-104.9599145,2/25/2024 12:00,12:00,6,0,0,2300 E EVANS AVE S UNIVERSITY BLVD,1,1,0,0,1,4,0,0,35,0,0,0,0,0,4,2,16
,2024-004315,39.70740269,-105.0381813,2/23/2024 16:17,16:17,2,0,1, OSCEOLA ST & MORRISON RD,1,1,0,0,1,1,0,0,,1,0,0,0,2,4,1,16
,2024-004317,39.781945,-104.9581474,2/24/2024 22:21,22:21,3,0,0,E 47TH AVE,1,3,0,0,1,1,0,0,25,0,0,0,0,0,4,3,14
,2024-004321,39.7742468,-104.8827813,2/23/2024 6:24,6:24,12,0,0,4000  CENTRAL PARK BLVD E 40TH AVE,1,3,0,0,1,4,0,0,35,0,0,0,0,0,4,2,16
,2024-004330,39.73197329,-104.9861279,2/28/2024 7:45,7:45,15,0,0,900  LINCOLN ST E 10TH AVE,1,1,0,0,1,3,0,0,30,0,0,0,0,0,4,2,11
,2024-004338,39.84796748,-104.6750282,2/8/2024 15:20,15:20,15,0,0,PENA BLVD & E 85TH AVE,1,1,0,0,1,4,0,0,15,0,0,0,0,0,4,2,11
,2024-004342,39.76230669,-105.0284066,2/8/2024 11:23,11:23,3,0,1,GREEN CT & N SPEER BLVD,1,1,0,0,1,9,0,0,15,0,0,0,0,1,4,2,13
,2024-004345,39.74060304,-104.9022575,2/8/2024 12:50,12:50,6,0,0,QUINCE ST & E COLFAX AVE,1,1,0,0,1,4,0,0,25,0,0,0,0,0,4,2,13
,2024-004347,39.76738838,-104.9025859,2/8/2024 14:25,14:25,12,0,0,E 36TH AVE & N QUEBEC ST,1,1,0,0,1,3,0,0,25,0,0,0,0,0,4,2,13
,2024-004349,39.78003484,-104.9891615,2/8/2024 23:56,23:56,15,0,0,I-70 EB ON RAMP & I-25 NB,1,3,0,0,1,8,0,0,45,0,0,0,0,0,1,2,16
,2024-004352,39.77935812,-104.9791543,2/7/2024 10:46,10:46,12,0,0,I70 HWY_EB & N WASHINGTON ST,1,1,1,0,1,4,0,0,55,0,0,0,0,0,1,2,13
,2024-004355,39.75081512,-104.9866426,2/9/2024 12:10,12:10,15,0,0,STOUT ST & 21ST ST,1,1,0,0,1,4,0,0,25,0,0,0,0,0,4,2,13
,2024-004356,39.74001048,-104.912434,2/9/2024 11:52,11:52,15,0,3,MONACO ST & E COLFAX AVE,1,1,0,0,1,4,0,0,35,0,0,0,0,1,2,3,16
,2024-004368,39.72932281,-105.0148301,2/9/2024 11:19,11:19,15,0,0,I25 HWY_NB & W 8TH AVE,1,1,0,0,1,1,0,0,35,0,0,0,0,0,1,2,13
,2024-004369,39.78221054,-104.7905021,2/9/2024 15:11,15:11,12,0,0,PENA BLVD & E GREEN VALLEY RANCH BLVD,1,1,0,0,1,4,0,0,65,0,0,0,0,0,4,3,11
,2024-004371,39.71292281,-104.9875437,2/7/2024 15:00,15:00,15,0,0, BROADWAY & E CEDAR AVE,1,1,0,0,1,4,0,0,30,0,0,0,0,0,4,2,3
,2024-004372,39.71132938,-104.9780828,2/8/2024 8:13,8:13,6,0,0, CLARKSON ST & E ALAMEDA AVE,1,1,0,0,1,4,0,0,25,0,0,0,0,0,4,2,13
,2024-004373,39.77996485,-104.9497578,2/6/2024 8:20,8:20,12,0,1,I-70 & N STEELE ST,1,1,0,0,1,4,0,0,,0,0,0,0,2,1,2,16
,2024-004378,39.73996726,-104.957429,2/8/2024 9:25,9:25,3,0,0,COLUMBINE ST & E COLFAX AVE,1,1,0,0,1,2,0,0,,0,0,0,0,0,4,2,16
,2024-004380,39.74335939,-104.9873765,2/8/2024 12:41,12:41,12,0,0,BROADWAY & E 17TH AVE,1,1,0,0,1,1,0,0,35,0,0,0,0,0,4,2,16
,2024-004381,39.6518364,-105.0529654,2/8/2024 17:40,17:40,12,0,0,W HAMPDEN AVE  FRONTAGE RD & S SHERIDAN BLVD,1,3,0,0,1,1,0,0,30,0,0,0,0,0,2,2,3
,2024-004382,39.78344485,-105.0345731,2/8/2024 12:52,12:52,3,0,0,I-70 WB OFF RAMP & N LOWELL BLVD,1,1,0,0,1,1,0,0,30,0,0,0,0,0,1,2,13
,2024-004390,39.77909548,-104.9883148,2/9/2024 7:56,7:56,12,0,0,I-70 EB ON RAMP & I-25 NB OFF RAMP,1,1,0,0,1,8,0,0,55,0,0,0,0,0,1,2,16
,2024-004394,39.75708144,-104.9890007,2/9/2024 12:00,12:00,6,0,0,WALNUT ST & 24TH ST,1,1,0,0,1,4,0,0,35,0,0,0,0,0,4,2,11
,2024-004395,39.73253477,-105.0251708,2/9/2024 8:52,8:52,15,0,0,1000  FEDERAL BLVD MM 0.523,1,1,0,0,1,4,0,0,35,0,0,0,0,0,2,2,13
,2024-004396,39.68767481,-104.9687267,2/8/2024 8:53,8:53,12,0,0,I25 HWY_NB & S FRANKLIN ST,1,1,1,0,1,4,0,0,60,0,0,0,0,0,1,2,14
,2024-004397,39.72932348,-105.0151002,2/9/2024 3:42,3:42,15,0,0,I-25 & 8TH AVE,1,3,0,0,1,4,0,0,,0,0,0,0,0,1,2,16
,2024-004399,39.7683233,-104.9949592,2/9/2024 8:55,8:55,12,0,0,I-25 & PARK AVE W,11,1,0,2,1,4,0,0,55,0,0,0,0,0,1,2,3
,2024-004404,39.84928164,-104.6726895,2/9/2024 17:25,17:25,15,0,0,8400 PENA BLVD,1,2,1,0,1,4,0,0,,0,0,0,0,0,4,2,13
,2024-004412,39.76573605,-104.9948621,2/9/2024 14:03,14:03,12,0,0,PARK AVE W & N GLOBEVILLE  RD,1,1,0,0,1,4,0,0,35,0,0,0,0,1,4,3,13
,2024-004414,39.77992621,-104.9836498,2/9/2024 12:06,12:06,15,0,0,I-70 WB OFF RAMP & I-25,1,1,0,0,1,8,0,0,,0,0,0,0,0,1,2,16
,2024-004416,39.73689981,-104.9929389,2/7/2024 13:56,13:56,2,0,0,DELAWARE ST & W 13TH AVE,1,1,0,0,1,2,0,0,25,1,0,0,0,0,4,2,14
,2024-004417,39.77661751,-105.0207225,2/6/2024 16:35,16:35,3,0,0,W 44TH AVE & N CLAY ST,1,1,0,0,1,9,0,0,35,0,0,0,0,0,4,2,8
,2024-004424,39.68221907,-105.03927,2/10/2024 18:57,18:57,8,0,1,3900 JEWELL AVE,9,3,0,2,1,4,0,0,35,0,0,0,0,1,4,2,16
,2024-004435,39.71833184,-104.987498,1/30/2024 17:30,17:30,10,0,0,100  BROADWAY ST W 1ST AVE,1,3,0,0,1,3,0,0,,0,0,0,0,0,4,2,16
,2024-004442,39.73763466,-104.9718521,1/26/2024 17:35,17:35,6,0,0,1300  MARION ST & E 13TH AVE,1,3,0,0,1,4,0,0,35,0,0,0,0,0,4,2,1
,2024-004443,39.68214054,-104.9418477,2/10/2024 17:37,17:37,12,0,0,I-25 SB OFF RAMP & S COLORADO BLVD,9,2,1,2,1,8,0,0,,0,0,0,0,0,1,2,16
,2024-004444,39.68311279,-104.9405292,2/10/2024 18:45,18:45,12,0,0,I-25 & S COLORADO BLVD,4,3,1,2,1,4,0,0,55,0,0,0,0,0,1,2,13
,2024-004445,39.71818681,-104.9592676,2/10/2024 9:27,9:27,12,0,0,E 1ST AVE & N UNIVERSITY BLVD,11,1,0,2,1,3,0,0,30,0,0,0,0,0,4,2,7
,2024-004446,39.78050211,-104.9534102,2/9/2024 23:34,23:34,15,0,1,I-70 WB ON RAMP MERGE PT & E 46TH AVE,7,3,1,2,1,8,0,0,,0,0,0,0,2,1,2,16