id,drcog_id,latitude,longitude,crashtime,time,crashtype,numbkilled,numbinjurd,drcoglocat,rdconditin,lightngcon,roadcntgrd,weatherco,location,roaddescrp,schoolzone,constrzone,splimit,bikeinv,pedinv,sctrinv,motoinv,svrty,rdsystem,ttlvehcls,hcf
,2024-005616,39.74015247,-104.9494935,2/17/2024 23:32,23:32,6,0,0, STEELE ST & E COLFAX AVE,1,3,0,0,1,3,0,0,30,0,0,0,0,0,2,2,12
,2024-005617,39.76539841,-104.9026045,2/18/2024 19:37,19:37,3,0,0,E 35TH AVE & N QUEBEC ST,1,3,0,0,1,1,0,0,30,0,0,0,0,0,4,2,7
,2024-005620,39.79837646,-104.7715605,2/14/2024 18:09,18:09,12,0,0,E 56TH AVE & N TOWER RD,1,3,0,0,1,3,0,0,,0,0,0,0,0,4,2,16
,2024-005625,39.70333061,-104.9129167,2/10/2024 20:30,20:30,16,0,0,6499 LEETSDALE DR,4,3,1,2,5,7,0,0,20,0,0,0,0,0,3,1,14
,2024-005630,39.71110872,-104.9791358,2/4/2024 14:07,14:07,15,0,0,E ALAMEDA AVE & S WASHINGTON ST,11,1,0,0,1,3,0,0,35,0,0,0,0,0,4,2,16
,2024-005635,39.73540765,-104.9986749,2/2/2024 23:02,23:02,6,0,0,SANTA FE DR & W 12TH AVE,11,3,0,1,1,4,0,0,25,0,0,0,0,0,4,4,4
,2024-005636,39.67475359,-104.8753016,2/18/2024 17:59,17:59,3,0,1,E ILIFF AVE & S DAYTON WAY,1,3,0,0,1,1,0,0,40,0,0,0,0,2,4,2,13
,2024-005638,39.74027513,-105.0139329,1/22/2024 18:03,18:03,12,0,1,I-25 & W COLFAX AVE,1,3,0,0,1,4,0,0,65,0,0,0,0,2,1,2,14
,2024-005639,39.72663312,-105.0124085,2/18/2024 11:32,11:32,12,0,0,I-25 NB OFF FLYOVER RAMP & W 6TH AVE,1,1,1,0,1,8,0,0,45,0,0,0,0,0,1,2,1
,2024-005644,39.77368881,-105.0439934,2/15/2024 9:31,9:31,12,0,0,TENNYSON ST & W 42ND AVE,1,1,0,0,1,4,0,0,30,0,0,0,0,1,4,4,16
,2024-005651,39.72908025,-104.9729356,2/15/2024 17:07,17:07,11,0,1, DOWNING ST & E 8TH AVE,1,2,0,0,1,1,0,0,20,0,1,0,0,1,4,1,11
,2024-005652,39.7224021,-105.0098037,2/15/2024 10:57,10:57,12,0,1,I-25 & W 6TH AVE,1,1,3,0,1,4,0,0,55,0,0,0,0,1,1,2,13
,2024-005653,39.76026873,-105.0252441,2/15/2024 17:00,17:00,2,0,1, SPEER BLVD & N FEDERAL BLVD,1,1,0,0,1,1,0,0,35,1,0,0,0,2,2,1,14
,2024-005664,39.78023054,-105.0497589,1/28/2024 16:00,16:00,14,0,0, XAVIER ST & W 46TH AVE,1,1,0,0,1,4,0,0,30,0,0,0,0,0,4,2,16
,2024-005669,39.75442213,-104.9873775,2/14/2024 19:11,19:11,11,0,1,PARK AVE W & ARAPAHOE ST,1,3,0,0,1,3,0,0,0,0,1,0,0,2,4,1,16
,2024-005674,39.63428827,-104.9070813,2/15/2024 14:39,14:39,15,0,0,I-25 & E QUINCY AVE,1,1,1,0,1,8,0,0,65,0,0,0,0,0,1,2,13
,2024-005675,39.76001886,-104.8881139,2/17/2024 20:13,20:13,15,0,0,E MLK BLVD & N WILLOW ST,1,3,0,0,1,4,0,0,35,0,0,0,0,0,4,2,11
,2024-005677,39.67860138,-104.9887948,2/3/2024 12:00,12:00,12,0,0, ACOMA ST & W EVANS AVE,7,1,0,2,1,3,0,0,20,0,0,0,0,0,4,2,8
,2024-005735,39.70942537,-104.8894472,2/17/2024 10:46,10:46,10,0,0,E ALAMEDA AVE & E FAIRMOUNT DR,7,1,0,0,1,2,0,0,35,0,0,0,0,0,4,2,16
,2024-005737,39.67625994,-104.9317303,1/21/2024 1:00,1:00,15,0,0,I-25 & E EVANS AVE,1,3,0,0,1,4,0,0,65,0,0,0,0,0,1,3,16
,2024-005738,39.72168928,-104.8998021,2/16/2024 1:53,1:53,16,0,0,200  RAMPART WAY,9,5,3,2,5,7,0,0,10,0,0,0,0,0,3,2,16
,2024-005739,39.71098914,-104.9592947,2/16/2024 15:20,15:20,12,0,0, UNIVERSITY BLVD & E ALAMEDA AVE,11,1,0,2,1,3,0,0,30,0,0,0,0,0,4,3,13
,2024-005740,39.76933565,-105.053248,2/16/2024 22:13,22:13,15,0,0,W 38TH AVE & N SHERIDAN BLVD,4,3,0,2,1,4,0,0,35,0,0,0,0,0,2,2,13
,2024-005741,39.65305327,-104.9185139,1/24/2024 6:51,6:51,15,0,0,I-25 & E HAMPDEN AVE,1,1,3,0,1,4,0,0,60,0,0,0,0,0,1,2,16
,2024-005745,39.66115625,-104.9026706,2/12/2024 4:21,4:21,5,0,0, QUEBEC ST & E DARTMOUTH AVE,1,3,0,0,3,4,0,0,,0,0,0,0,0,4,1,16
,2024-005747,39.76755515,-104.9696387,1/14/2024 10:30,10:30,6,0,0,3600  HUMBOLDT ST & 36TH AVE,9,1,0,0,1,3,0,0,30,0,0,0,0,0,4,2,1
,2024-005748,39.72186664,-105.0091049,2/19/2024 6:51,6:51,5,0,0,I-25 & W 6TH AVE EXIT GORE PT,1,1,0,0,1,8,0,0,55,0,0,0,0,0,1,3,1
,2024-005749,39.74004921,-105.0000595,2/8/2024 20:43,20:43,1,0,0,KALAMATH ST & W COLFAX AVE,1,3,0,0,1,1,0,0,30,0,0,0,0,0,2,2,16
,2024-005750,39.78105827,-104.9942066,2/11/2024 21:35,21:35,12,0,0,I-70 EB OFF RAMP & I-25,1,3,3,0,1,8,0,0,,0,0,0,0,0,1,2,16
,2024-005753,39.75674926,-104.9755446,2/9/2024 8:45,8:45,11,0,1,WELTON ST & 29TH ST,11,1,0,0,1,4,0,0,25,0,0,1,0,1,4,1,16
,2024-005754,39.78038776,-104.968032,1/13/2024 14:31,14:31,15,0,0,I-70 WB ON RAMP & N BRIGHTON BLVD,7,1,0,2,1,8,0,0,,0,0,0,0,0,1,2,16
,2024-005755,39.78427885,-105.0252105,2/10/2024 15:45,15:45,12,0,0,I-70 & FEDERAL BLVD,11,1,0,0,1,4,0,0,,0,0,0,0,0,1,3,16
,2024-005756,39.73386584,-104.9874156,2/18/2024 23:30,23:30,12,0,1,1100  BROADWAY ST E 11TH AVE,1,3,0,0,1,3,0,0,,0,0,0,0,1,4,2,16
,2024-005757,39.783893,-105.0251802,2/4/2024 2:36,2:36,3,0,0, FEDERAL BLVD & I-70 EB OFF RAMP,4,3,0,2,1,3,0,0,35,0,0,0,0,0,2,2,13
,2024-005758,39.83383015,-104.7492371,2/19/2024 19:14,19:14,12,0,0,PENA BLVD & E-470,1,3,0,0,1,4,0,0,65,0,0,0,0,0,4,2,13
,2024-005760,39.75580895,-105.0101173,2/10/2024 20:51,20:51,16,0,0,1416 PLATTE ST,4,3,0,2,5,7,0,0,,0,0,0,0,0,3,1,11
,2024-005762,39.72553362,-105.0130924,2/18/2024 2:22,2:22,12,0,0,I-25 & W 6TH AVE,1,3,2,0,1,4,0,0,55,0,0,0,0,0,1,2,16
,2024-005765,39.7683233,-104.9949592,2/12/2024 8:40,8:40,12,0,0,I-25 & PARK AVE,1,1,1,0,1,4,0,0,55,0,0,0,0,0,1,3,16
,2024-005766,39.7805145,-104.9605299,2/19/2024 3:32,3:32,5,0,0,I-70 & N BRIGHTON BLVD,1,3,1,0,3,4,0,0,65,0,0,0,0,0,1,1,16
,2024-005768,39.78010496,-104.9895616,2/16/2024 13:46,13:46,12,0,1,I-25 & I-70,1,1,0,0,1,4,0,0,55,0,0,0,0,1,1,3,13
,2024-005770,39.71095629,-104.9982461,2/19/2024 17:15,17:15,15,0,0, KALAMATH ST & W ALAMEDA AVE,1,1,0,0,1,4,0,0,45,0,0,0,0,0,4,2,13
,2024-005777,39.7495883,-104.9882272,2/11/2024 2:48,2:48,3,0,0,20TH ST & N STOUT ST,4,3,0,0,1,1,0,0,30,0,0,0,0,0,4,3,10
,2024-005779,39.76202191,-105.0201523,2/10/2024 20:00,20:00,6,0,0,W 32ND AVE & N CLAY ST,4,3,0,2,1,4,0,0,25,0,0,0,0,0,4,2,7
,2024-005780,39.73837743,-105.0269374,1/31/2024 23:50,23:50,6,0,1,3100 W 14TH AVE & N IRVING ST,1,3,1,0,1,4,0,0,25,0,0,0,0,3,4,2,13
,2024-005783,39.77265267,-104.9028134,2/17/2024 18:46,18:46,15,0,0, QUEBEC ST & E 40TH AVE,11,1,0,0,1,4,0,0,,0,0,0,0,0,4,2,16
,2024-005785,39.70634114,-104.9419356,2/15/2024 15:30,15:30,6,0,0,E CHERRY CREEK  DR & S UNIVERSITY BLVD,1,1,0,0,1,4,0,0,35,0,0,0,0,0,4,3,16
,2024-005787,39.77439889,-104.8515608,2/19/2024 12:04,12:04,12,0,0,I-70 & N PEORIA ST,1,1,0,0,1,4,0,0,55,0,0,0,0,0,1,5,10
,2024-005788,39.73713364,-105.0358055,2/6/2024 17:37,17:37,6,0,0,MEADE ST & W 13TH AVE,1,3,1,0,1,4,0,0,,0,0,0,0,0,4,2,16
,2024-005789,39.84414491,-104.6769999,2/10/2024 19:37,19:37,3,0,0,8148 PENA BLVD & TOLL BOOTH,5,3,0,2,1,4,0,0,35,0,0,0,0,0,4,2,13
,2024-005791,39.74383724,-104.9904434,2/10/2024 19:41,19:41,12,0,0,16TH ST & N PENNSYLVANIA ST,4,3,0,2,1,9,0,0,30,0,0,0,0,0,4,2,14
,2024-005794,39.67852775,-105.0017856,2/14/2024 16:09,16:09,10,0,0, LIPAN ST & W EVANS AVE,1,1,0,0,1,1,0,0,30,0,0,0,0,0,4,2,13
,2024-005799,39.63097606,-104.9050858,1/31/2024 19:28,19:28,12,0,1,I-225 SB DIRECT CONNECT & I-25 SB,1,3,0,0,1,4,0,0,50,0,0,0,0,1,1,2,16
,2024-005800,39.74045742,-105.01459,2/16/2024 18:49,18:49,12,0,0,W COLFAX AVE & I-25,4,3,0,2,1,4,0,0,35,0,0,0,0,0,2,2,7
,2024-005803,39.67078196,-104.8660462,2/12/2024 22:38,22:38,12,0,1, HAVANA ST & S PARKER RD,1,3,1,0,1,1,0,0,45,0,0,0,0,2,2,5,1
,2024-005805,39.764691,-104.9269736,2/19/2024 17:04,17:04,6,0,0, FOREST ST & E 34TH AVE,1,1,0,0,1,4,0,0,25,0,0,0,0,0,4,2,13
,2024-005807,39.69283781,-104.9775271,2/16/2024 15:04,15:04,12,0,1,I-25 & S LOUISIANA AVE,1,1,0,0,1,4,0,0,55,0,0,0,0,1,1,2,10
,2024-005808,39.73918481,-104.9610167,2/13/2024 16:30,16:30,6,0,0,1400  GAYLORD ST & E COLFAX AVE,1,1,0,0,1,4,0,0,30,0,0,0,0,0,4,2,13
,2024-005811,39.65305327,-104.9185139,2/19/2024 7:26,7:26,3,0,1,E HAMPDEN AVE & I-25 SB RAMPS,1,1,1,0,1,1,0,0,35,0,0,0,0,1,2,2,11
,2024-005812,39.74479215,-104.9892135,2/17/2024 12:28,12:28,10,0,0,17TH ST & GLENARM PL,1,1,0,0,1,3,0,0,30,0,0,0,0,0,4,2,16
,2024-005814,39.66917304,-104.866089,1/22/2024 23:17,23:17,12,0,1,2500  HAVANA ST & PARKER RD,1,3,1,0,1,4,0,0,45,0,0,0,0,2,2,2,1
,2024-005820,39.66763326,-104.91286,1/28/2024 7:17,7:17,3,0,1,E YALE AVE,1,1,0,0,1,1,0,0,35,0,0,0,0,1,4,2,16
,2024-005821,39.68855498,-105.0297107,1/26/2024 22:35,22:35,12,0,0,1500  IRVING ST & W FLORIDA AVE,1,3,0,0,1,3,0,0,25,0,0,0,0,0,4,2,2
,2024-005866,39.830622,-104.7788864,2/19/2024 8:03,8:03,6,0,0,PENA BLVD & N TOWER RD,1,1,1,0,1,8,0,0,45,0,0,0,0,0,4,2,3
,2024-005872,39.72821628,-104.9799353,1/4/2024 8:00,8:00,6,0,0,PEARL ST & 700 BLOCK,1,5,0,0,1,4,0,0,,0,0,0,0,0,4,2,16
,2024-005874,39.69205473,-104.9769494,2/5/2024 15:48,15:48,12,0,0,I-25 & S EMERSON ST,1,1,0,0,1,4,0,0,60,0,0,0,0,0,1,2,16
,2024-005875,39.68949238,-105.0250606,2/15/2024 1:05,1:05,3,0,0, FEDERAL BLVD & W FLORIDA AVE,1,3,0,0,1,1,0,0,,0,0,0,0,0,2,2,16
,2024-005877,39.78209674,-105.0251325,2/18/2024 19:03,19:03,2,0,1,W 47TH AVE & N FEDERAL BLVD,2,3,0,0,1,1,0,0,0,1,0,0,0,3,2,1,16
,2024-005878,39.74008036,-104.9034578,1/27/2024 15:39,15:39,3,0,1,E COLFAX AVE & N QUEBEC ST,1,1,0,0,1,1,0,0,,0,0,0,0,1,2,2,16
,2024-005880,39.72788212,-105.0462705,1/16/2024 22:16,22:16,6,0,0,600  VRAIN ST W 7TH AVE,9,3,1,2,1,4,0,0,20,0,0,0,0,0,4,3,16
,2024-005882,39.71146258,-104.999676,2/17/2024 9:24,9:24,15,0,0,I-25 SB OFF RAMP & W ALAMEDA AVE,12,1,0,0,1,8,0,0,45,0,0,0,0,0,1,2,1
,2024-005883,39.74010555,-105.0183951,2/15/2024 5:45,5:45,5,0,0,W COLFAX AVE & MILE HIGH STADIUM CIR,2,3,0,0,3,1,0,0,20,0,0,0,0,0,2,1,1
,2024-005889,39.71121425,-104.9129184,2/17/2024 15:25,15:25,11,0,1,E ALAMEDA AVE & S MONACO ST,1,1,0,0,1,1,0,0,40,0,1,0,0,3,4,1,7
,2024-005897,39.6679384,-104.8736199,2/16/2024 2:49,2:49,6,0,0,2600  DAYTON WAY & S ELMIRA ST,4,3,0,2,1,4,0,0,35,0,0,0,0,0,4,2,9
,2024-005899,39.73688207,-104.9785105,2/11/2024 0:03,0:03,6,0,0,E 13TH AVE & N WASHINGTON ST,4,1,0,0,1,4,0,0,30,0,0,0,0,0,4,3,16
,2024-005902,39.75846206,-105.0213688,2/20/2024 18:00,18:00,3,0,0,W 29TH AVE & N SPEER BLVD,1,1,0,0,1,1,0,0,25,0,0,0,0,0,4,2,13
,2024-005904,39.76568279,-104.9941585,2/20/2024 8:15,8:15,3,0,0, GLOBEVILLE RD & PARK AVE W,1,1,0,0,1,2,0,0,25,0,0,0,0,0,4,2,11
,2024-005906,39.75840979,-105.0118144,2/17/2024 7:50,7:50,6,0,0,UMATILLA ST & W 29TH AVE,9,1,1,0,1,4,0,0,20,0,0,0,0,0,4,4,9
,2024-005909,39.74012483,-104.9406125,2/5/2024 17:05,17:05,15,0,0,E COLFAX AVE & N STEELE ST,1,1,0,0,1,4,0,0,35,0,0,0,0,0,2,2,16
,2024-005910,39.76141866,-104.9034354,2/19/2024 9:40,9:40,3,0,0,E MLK BLVD & N QUEBEC ST,1,1,0,0,1,1,0,0,35,0,0,0,0,0,4,2,11
,2024-005913,39.65512644,-105.0531983,2/19/2024 9:31,9:31,12,0,0,3100  SHERIDAN BLVD & 3100 S (STRIP CENTER DRIVEWAY),1,1,0,0,1,3,0,0,35,0,0,0,0,0,2,2,16
,2024-005914,39.68631352,-104.9663611,2/20/2024 18:00,18:00,12,0,0,I-25 & S UNIVERSITY BLVD,1,3,0,0,1,4,0,0,55,0,0,0,0,0,1,2,3
,2024-005915,39.72409107,-105.0532653,2/19/2024 11:26,11:26,3,0,0, SHERIDAN BLVD & W 5TH AVE,1,1,0,0,1,1,0,0,35,0,0,0,0,0,2,2,16
,2024-005917,39.75847542,-105.0251338,2/20/2024 16:40,16:40,1,0,0, FEDERAL BLVD & W 29TH AVE,1,1,0,0,1,1,0,0,35,0,0,0,0,0,2,2,13
,2024-005921,39.71817555,-104.9666589,2/19/2024 16:00,16:00,12,0,0,E 1ST AVE & N GILPIN ST,1,1,0,0,1,1,0,0,30,0,0,0,0,0,4,2,3
,2024-005924,39.65311155,-104.9228095,2/20/2024 19:11,19:11,3,0,0, HOLLY ST & E HAMPDEN AVE,1,3,0,7,1,1,0,0,40,0,0,0,0,0,2,3,13
,2024-005933,39.76115933,-105.0047565,2/20/2024 6:41,6:41,12,0,0,I-25 & 20TH ST,1,1,0,0,1,4,0,0,55,0,0,0,0,0,1,2,16
,2024-005935,39.74140435,-104.9988394,2/20/2024 10:00,10:00,15,0,0,STOUT ST & N SPEER BLVD,1,1,0,0,1,1,0,0,30,0,0,0,0,0,4,2,13
,2024-005936,39.73848259,-105.0443388,2/18/2024 11:48,11:48,6,0,0,4300 W 14TH AVE N TENNYSON ST,1,1,0,0,1,4,0,0,25,0,0,0,0,0,4,2,16
,2024-005939,39.75576556,-104.9889558,2/19/2024 10:15,10:15,15,0,0,PARK AVE W & LARIMER ST,1,1,0,0,1,1,0,0,30,0,0,0,0,0,4,2,3
,2024-005940,39.72864884,-104.978769,2/16/2024 16:55,16:55,6,0,0,700  WASHINGTON ST E 8TH AVE,1,1,0,0,1,4,0,0,35,0,0,0,0,0,4,2,16
,2024-005941,39.71088371,-104.9969932,2/19/2024 17:48,17:48,12,0,0, SANTA FE DR & W ALAMEDA AVE,1,2,0,0,1,4,0,0,,0,0,0,0,0,2,2,13
,2024-005943,39.69297279,-104.9734141,2/16/2024 20:25,20:25,6,0,1,E LOUISIANA AVE & S DOWNING ST,4,3,0,2,1,4,0,0,35,0,0,0,0,2,4,2,16
,2024-005946,39.74033494,-104.9709031,2/19/2024 9:00,9:00,15,0,0,LAFAYETTE ST & E COLFAX AVE,1,1,0,0,1,4,0,0,25,0,0,0,0,0,2,2,3
,2024-005952,39.7809183,-104.9415044,1/27/2024 23:42,23:42,5,0,0, COLORADO FRTG & E 46TH AVE,1,1,0,0,6,1,0,0,35,0,0,0,0,0,4,1,16
,2024-005955,39.7397033,-105.0166218,2/19/2024 8:28,8:28,15,0,0,2300  OLD COLFAX AVE,1,1,0,0,1,4,0,0,40,0,0,0,0,0,2,2,1
,2024-005956,39.65317075,-104.9118419,2/19/2024 6:40,6:40,12,0,1,E HAMPDEN AVE & N MONACO PKWY,1,1,0,0,1,4,0,0,40,0,0,0,0,1,2,3,11
,2024-005958,39.74020529,-104.9990179,2/18/2024 11:34,11:34,15,0,0,W COLFAX AVE & N SPEER BLVD,1,1,0,0,1,3,0,0,35,0,0,0,0,0,2,2,4
,2024-005969,39.70395082,-105.0250877,2/19/2024 13:01,13:01,15,0,0,600  FEDERAL BLVD W. EXPOSITION AVE,1,1,0,0,1,4,0,0,35,0,0,0,0,0,2,2,13
,2024-005970,39.77833091,-104.9792445,2/18/2024 15:38,15:38,15,0,0, WASHINGTON ST & E 45TH AVE,1,1,0,0,1,1,0,0,30,0,0,0,0,0,4,2,4
,2024-005971,39.79248611,-104.8354812,2/17/2024 12:31,12:31,6,0,0,E ELMENDORF PL & N UVALDA ST,4,1,0,0,1,4,0,0,20,0,0,0,0,0,4,3,7
,2024-005972,39.78283814,-104.9035312,2/20/2024 15:03,15:03,15,0,0, QUEBEC ST & E 47TH AVE,1,1,1,0,1,4,0,0,45,0,0,0,0,0,4,2,8
,2024-005976,39.76931607,-104.9999911,2/20/2024 8:05,8:05,12,0,0,W 38TH AVE & N KALAMATH ST,1,1,1,0,1,4,0,0,35,0,0,0,0,0,4,2,11
,2024-005977,39.85193,-104.67405,2/19/2024 9:00,9:00,6,0,0,8500 PENA BLVD,1,1,0,0,1,4,0,0,15,0,0,0,0,0,4,2,13
,2024-005979,39.74191311,-105.0451717,2/7/2024 10:37,10:37,6,0,0,1500  UTICA ST W 16TH AVE,1,1,0,0,1,4,0,0,25,0,0,0,0,0,4,2,16
,2024-005981,39.76573889,-105.0454709,2/19/2024 11:09,11:09,6,0,0,W 35TH AVE & N UTICA ST,1,2,0,0,1,4,0,0,,0,0,0,0,0,4,2,16
,2024-005985,39.71498242,-105.0262284,2/19/2024 23:35,23:35,6,0,0,W BAYAUD AVE & S GROVE ST,1,4,0,0,1,4,0,0,20,0,0,0,0,0,4,2,16
,2024-005988,39.69658376,-104.9593216,2/19/2024 16:00,16:00,12,0,0,E MISSISSIPPI AVE & S UNIVERSITY BLVD,1,1,0,0,1,1,0,0,25,0,0,0,0,0,4,2,3
,2024-005991,39.76449903,-104.9647155,2/17/2024 13:34,13:34,3,0,0, HIGH ST & E BRUCE RANDOLPH AVE,4,1,0,0,1,1,0,0,20,0,0,0,0,0,4,2,7
,2024-005993,39.72028153,-104.9035435,2/19/2024 13:45,13:45,12,0,0, QUEBEC ST & E 2ND AVE,1,1,0,0,1,1,0,0,30,0,0,0,0,0,4,2,3
,2024-005995,39.71492236,-104.9875234,2/20/2024 17:16,17:16,6,0,0, BROADWAY & W BAYAUD AVE,1,3,0,0,1,4,0,0,30,0,0,0,0,0,4,2,14
,2024-005997,39.73298369,-105.0251694,2/17/2024 11:49,11:49,12,0,0,1000  FEDERAL BLVD W 10TH AVE,1,1,0,0,1,2,0,0,35,0,0,0,0,0,2,2,1
,2024-005999,39.76733768,-104.8943607,2/20/2024 15:33,15:33,3,0,0,E 36TH AVE & N ULSTER ST,1,1,0,0,1,1,0,0,30,0,0,0,0,0,4,2,13
,2024-006000,39.72589813,-105.0133468,2/20/2024 15:35,15:35,15,0,0,I-25 & W 6TH AVE,1,1,0,0,1,4,0,0,35,0,0,0,0,0,1,2,13
,2024-006004,39.76894551,-104.9753932,2/16/2024 10:00,10:00,6,0,0,BLAKE ST & 36TH ST,1,1,0,0,1,4,0,0,,0,0,0,0,0,4,2,16
,2024-006008,39.72567997,-105.0029698,2/20/2024 12:33,12:33,12,0,0,1100 W 6TH AVE OSAGE ST,1,1,0,0,1,4,0,0,45,0,0,0,0,0,2,2,1
,2024-006016,39.66051245,-105.0251647,2/20/2024 10:47,10:47,3,0,0, FEDERAL BLVD & W DARTMOUTH AVE,1,1,0,0,1,1,0,0,40,0,0,0,0,0,2,2,3
,2024-006026,39.68402167,-105.0297916,2/17/2024 21:03,21:03,1,0,0, IRVING ST & W BAILS PL,1,3,0,0,1,1,0,0,,0,0,0,0,0,4,2,16
,2024-006030,39.73045551,-104.9888592,3/3/2024 1:51,1:51,6,0,0,ACOMA ST & W 9TH AVE,1,3,0,0,1,4,0,0,25,0,0,0,0,0,4,3,14
,2024-006032,39.69155148,-104.9938386,3/3/2024 18:50,18:50,8,0,0, SANTA FE DR & S PLATTE RIVER DR,1,3,0,0,1,4,0,0,,0,0,0,0,0,2,2,8
,2024-006036,39.75159164,-104.9908311,2/17/2024 0:05,0:05,3,0,0,ARAPAHOE ST & 20TH ST,9,3,0,0,1,1,0,0,,0,0,0,0,0,4,2,16
,2024-006037,39.70641075,-104.9195193,3/2/2024 18:31,18:31,9,0,1,LEETSDALE DR & S JERSEY ST,1,3,0,0,1,4,0,0,35,0,0,0,1,3,2,1,11
,2024-006038,39.72927724,-104.9136946,3/1/2024 8:34,8:34,12,0,0,E 8TH AVE & N LOCUST ST,1,1,0,0,1,4,0,0,30,0,0,0,0,0,4,2,1
,2024-006039,39.68749992,-104.9383213,3/3/2024 14:09,14:09,3,0,0,E IOWA AVE & S ASH ST,1,1,0,0,1,1,0,0,20,0,0,0,0,0,4,3,11
,2024-006041,39.84278291,-104.677112,3/2/2024 4:50,4:50,5,0,0,8000  PENA BLVD,1,3,0,0,1,4,0,0,45,0,0,0,0,0,4,1,14
,2024-006044,39.72550364,-105.0133489,3/2/2024 12:14,12:14,12,0,0,I-25 & W 6TH AVE,1,1,0,0,1,8,0,0,55,0,0,0,0,0,1,2,3
,2024-006048,39.78013969,-104.9671124,2/10/2024 23:15,23:15,1,0,0,I-70 & N BRIGHTON BLVD,2,3,0,0,1,8,0,0,55,0,0,0,0,0,1,2,4
,2024-006049,39.76447601,-104.9562984,3/3/2024 12:46,12:46,6,0,1,E BRUCE RANDOLPH AVE & N ELIZABETH ST,1,1,0,7,1,4,0,0,30,0,0,0,0,2,4,3,14
,2024-006053,39.75420245,-104.9840101,2/20/2024 10:45,10:45,6,0,0,CHAMPA ST & 24TH ST,1,1,0,0,1,4,0,0,35,0,0,0,0,0,4,2,16
,2024-006056,39.71128376,-104.9034949,3/2/2024 21:14,21:14,12,0,0,E ALAMEDA AVE & S QUEBEC ST,1,3,0,0,1,1,0,0,35,0,0,0,0,0,4,2,13
,2024-006060,39.72890691,-104.9986114,3/2/2024 12:10,12:10,3,0,0,SANTA FE DR & W 8TH AVE,1,1,0,0,1,1,0,0,30,0,0,0,0,0,4,2,13
,2024-006063,39.751323,-105.0165225,3/3/2024 16:34,16:34,12,0,1,I-25 & W 23RD AVE,1,1,0,0,1,4,0,0,55,0,0,0,0,1,1,3,16
,2024-006064,39.78066161,-104.9410799,3/3/2024 20:02,20:02,3,0,0,COLORADO BLVD & E 46TH N AVE,1,3,0,0,1,1,0,0,40,0,0,0,0,0,2,2,16
,2024-006070,39.756305,-105.0158358,3/3/2024 0:51,0:51,16,0,0,2727  SPEER BLVD & N ZUNI ST,1,3,0,0,5,7,0,0,10,0,0,0,0,0,3,2,8
,2024-006076,39.74752799,-104.9861058,3/1/2024 14:26,14:26,3,0,1,E 20TH AVE & N LINCOLN ST,1,1,0,0,1,1,0,0,0,0,0,1,0,1,4,1,16
,2024-006083,39.75708202,-104.9906867,2/29/2024 10:46,10:46,5,0,0,PARK AVE W & BLAKE ST,1,1,0,0,2,4,0,0,,0,0,0,0,0,4,1,16
,2024-006089,39.78345913,-105.0536502,3/1/2024 16:30,16:30,15,0,0,I-70 & N SHERIDAN BLVD,1,1,0,0,1,4,0,0,55,0,0,0,0,0,1,2,16
,2024-006100,39.83694935,-104.670833,3/2/2024 15:19,15:19,3,0,0,7800  SHADY GROVE ST E 79TH AVE,1,1,0,0,1,2,0,0,25,0,0,0,0,0,4,2,11
,2024-006114,39.75744538,-104.9317184,3/1/2024 23:30,23:30,6,0,0,DAHLIA ST & E 28TH ST,1,4,0,0,6,4,0,0,20,0,0,0,0,0,4,2,16
,2024-006143,39.69645587,-105.0437296,2/16/2024 21:15,21:15,6,0,0, TENNYSON ST & W MISSISSIPPI AVE,4,4,0,2,1,4,0,0,25,0,0,0,0,0,4,2,13
,2024-006146,39.73840557,-104.9718539,3/3/2024 16:40,16:40,3,0,0, MARION ST & E 14TH AVE,1,2,0,0,1,1,0,0,20,0,0,0,0,0,4,2,11
,2024-006147,39.78026165,-104.9895512,2/5/2024 5:50,5:50,15,0,0,I-25 SB ON RAMP & I-70 WB,4,3,0,0,1,8,0,0,55,0,0,0,0,0,1,2,14
,2024-006158,39.73687145,-105.0015654,3/2/2024 16:24,16:24,3,0,0,W 13TH AVE & N LIPAN ST,1,1,0,0,1,1,0,0,30,0,0,0,0,0,4,2,11
,2024-006159,39.74863295,-104.9034369,3/4/2024 15:40,15:40,3,0,0,E 21ST AVE & N QUEBEC ST,1,1,0,0,1,1,0,0,25,0,0,0,0,0,4,2,13
,2024-006161,39.67501085,-105.025042,3/4/2024 18:08,18:08,12,0,0,2305  FEDERAL BLVD & W ILIFF AVE,1,3,1,0,1,4,0,0,40,0,0,0,0,0,2,2,7
,2024-006162,39.7400428,-104.9835797,2/24/2024 1:00,1:00,12,0,0, GRANT ST & E COLFAX AVE,1,3,0,0,1,1,0,0,35,0,0,0,0,0,2,2,16
,2024-006165,39.76918476,-104.9406476,2/16/2024 18:32,18:32,15,0,1, COLORADO BLVD & E 38TH AVE,4,4,1,2,1,1,0,0,35,0,0,0,0,2,2,4,14
,2024-006169,39.8339555,-104.760356,3/4/2024 15:37,15:37,12,0,0,PENA BLVD & MM 6.5,1,1,0,0,1,4,0,0,65,0,0,0,0,0,2,2,11