id,drcog_id,latitude,longitude,crashtime,time,crashtype,numbkilled,numbinjurd,drcoglocat,rdconditin,lightngcon,roadcntgrd,weatherco,location,roaddescrp,schoolzone,constrzone,splimit,bikeinv,pedinv,sctrinv,motoinv,svrty,rdsystem,ttlvehcls,hcf
,2024-006171,39.72554757,-105.0251306,3/3/2024 20:08,20:08,3,0,1,W 6TH AVE WB OFF RAMP & N FEDERAL BLVD,1,3,0,0,1,1,0,0,15,0,0,0,0,1,2,2,1
,2024-006177,39.77318887,-104.8096581,2/15/2024 7:14,7:14,12,0,0,E 40TH AVE & N CHAMBERS RD,1,1,0,0,1,4,0,0,30,0,0,0,0,0,4,2,16
,2024-006183,39.77656765,-105.0252833,3/4/2024 15:43,15:43,12,0,0,4300  FEDERAL BLVD W 44TH AVE,1,1,0,0,1,4,0,0,35,0,0,0,0,0,2,2,13
,2024-006193,39.72913152,-104.9528853,3/4/2024 9:12,9:12,3,0,0, FILLMORE ST & E 8TH AVE,1,1,0,0,1,1,0,0,20,0,0,0,0,0,4,2,16
,2024-006195,39.7004185,-105.0492022,3/4/2024 9:17,9:17,6,0,0,W KENTUCKY AVE & S WOLFF ST,1,1,0,0,1,1,0,0,,0,0,0,0,0,4,2,11
,2024-006196,39.73368128,-104.9965168,3/3/2024 10:28,10:28,2,0,0, GALAPAGO ST & W 11TH AVE,1,1,0,0,1,4,0,0,15,1,0,0,0,0,4,1,16
,2024-006201,39.74014986,-104.9483705,3/4/2024 16:07,16:07,1,0,0,E COLFAX AVE & N ADAMS ST,1,1,0,0,1,3,0,0,30,0,0,0,0,0,2,3,7
,2024-006202,39.73298365,-105.0251694,3/4/2024 6:58,6:58,3,0,0,W 10TH AVE & N FEDERAL BLVD,1,1,0,0,1,1,0,0,35,0,0,0,0,0,2,3,1
,2024-006204,39.77877767,-104.990984,2/29/2024 16:58,16:58,12,0,0,I-70 EB OFF RAMP & I-25 SB,1,1,1,0,1,8,0,0,55,0,0,0,0,0,1,2,2
,2024-006206,39.71469372,-104.9403022,2/24/2024 19:20,19:20,15,0,0,LEETSDALE DR & E BAYAUD AVE,1,2,0,0,1,3,0,0,30,0,0,0,0,0,2,2,16
,2024-006207,39.77714136,-104.8829592,3/4/2024 17:11,17:11,12,0,0,I-70 & N CENTRAL PARK BLVD,1,1,0,0,1,4,0,0,55,0,0,0,0,0,1,2,3
,2024-006215,39.78379917,-104.8017155,1/29/2024 17:42,17:42,3,0,0,E GREEN VALLEY RANCH BLVD & N KITTREDGE ST,1,1,0,0,1,1,0,0,30,0,0,0,0,0,4,2,16
,2024-006218,39.81292797,-104.7626057,3/3/2024 21:35,21:35,3,0,0, DUNKIRK ST & E 64TH AVE,1,3,0,0,1,1,0,0,25,0,0,0,0,0,4,2,10
,2024-006226,39.71114655,-105.0203576,3/3/2024 21:55,21:55,3,0,0,W ALAMEDA AVE & S CLAY ST,1,3,0,0,1,1,0,0,30,0,0,0,0,0,2,2,11
,2024-006232,39.7822766,-104.8657842,2/17/2024 9:48,9:48,15,0,0,E 47TH AVE & N HAVANA ST,8,1,0,0,1,3,0,0,35,0,0,0,0,0,4,2,3
,2024-006233,39.73133335,-105.0532242,2/21/2024 19:52,19:52,12,0,0,900  SHERIDAN BLVD W 9TH AVE,1,3,0,0,1,1,0,0,35,0,0,0,0,0,2,2,16
,2024-006235,39.63837244,-104.9101095,2/29/2024 10:07,10:07,15,0,0,I-25 & MM 200.44,1,1,1,0,1,8,0,0,55,0,0,0,0,0,1,2,13
,2024-006236,39.75171449,-104.9837447,3/1/2024 23:28,23:28,3,0,0,PARK AVE W & CALIFORNIA ST,1,3,0,0,1,1,0,0,35,0,0,0,0,0,4,2,1
,2024-006237,39.73856703,-105.053213,3/4/2024 13:04,13:04,12,0,1,SHERIDAN BLVD & W 14TH AVE,1,1,0,0,1,4,0,0,35,0,0,0,0,1,2,2,13
,2024-006241,39.77935812,-104.9791543,2/29/2024 13:34,13:34,3,0,1, WASHINGTON ST & I-70 EB OFF RAMP,1,1,0,0,1,1,0,0,40,0,0,0,0,1,4,2,13
,2024-006247,39.83425061,-104.6929174,3/3/2024 9:29,9:29,15,0,0,PENA BLVD LEVEL 5 WEST & JACKSON GAP RD,1,1,0,0,1,1,0,0,10,0,0,0,0,0,4,2,3
,2024-006251,39.72551872,-105.0131184,3/1/2024 14:34,14:34,12,0,0,I-25 & W 6TH AVE,1,1,0,0,1,4,0,0,55,0,0,0,0,0,1,3,10
,2024-006252,39.71119469,-104.9988902,3/1/2024 13:15,13:15,12,0,3,I-25 & W ALAMEDA AVE,1,1,0,0,1,4,0,0,55,0,0,0,0,1,1,4,10
,2024-006256,39.76003439,-104.8945105,3/1/2024 12:03,12:03,2,0,1,8000 E MLK BLVD N ULSTER ST,1,1,0,0,1,3,0,0,0,1,0,0,0,3,4,1,16
,2024-006266,39.73727964,-104.8858419,2/21/2024 17:30,17:30,6,0,0,E 13TH AVE & N XENIA ST,1,1,0,0,1,4,0,0,25,0,0,0,0,0,4,2,14
,2024-006271,39.78021172,-104.9499499,3/4/2024 17:42,17:42,15,0,0,I-70 & N STEELE ST,1,3,0,0,1,4,0,0,55,0,0,0,0,0,1,2,16
,2024-006275,39.73676196,-104.9196393,2/29/2024 14:40,14:40,15,0,0,E 13TH AVE & JERSEY ST,1,1,0,0,1,4,0,0,30,0,0,0,0,0,4,2,16
,2024-006289,39.66758046,-104.9229283,2/21/2024 10:10,10:10,15,0,0,E YALE AVE & S HOLLY ST,1,1,0,0,1,4,0,0,30,0,0,0,0,0,4,2,16
,2024-006290,39.70942537,-104.8894472,2/17/2024 10:46,10:46,10,0,0,E ALAMEDA AVE & E FAIRMOUNT DR,7,1,0,0,1,2,0,0,35,0,0,0,0,0,4,2,7
,2024-006292,39.69785092,-104.901594,3/5/2024 7:48,7:48,12,0,0,1000  PARKER RD MM 74.794,1,1,1,0,1,4,0,0,45,0,0,0,0,0,2,2,3
,2024-006300,39.69290691,-104.9593433,3/4/2024 14:18,14:18,12,0,0, UNIVERSITY BLVD & E LOUISIANA AVE,1,1,0,0,1,3,0,0,30,0,0,0,0,0,4,2,11
,2024-006301,39.72932336,-105.0150501,2/29/2024 15:05,15:05,12,0,0,I-25 & W 8TH AVE,1,1,0,0,1,4,0,0,55,0,0,0,0,0,1,3,13
,2024-006302,39.72566041,-104.9904601,3/4/2024 12:01,12:01,10,0,0,W 6TH AVE & N BANNOCK ST,1,1,0,0,1,1,0,0,30,0,0,0,0,0,4,2,3
,2024-006303,39.68981488,-104.9734247,3/5/2024 17:27,17:27,12,0,0,I-25 & S DOWNING ST,1,3,0,0,1,4,0,0,60,0,0,0,0,0,1,2,16
,2024-006304,39.73998114,-104.9622356,3/4/2024 8:52,8:52,1,0,0, VINE ST & E COLFAX AVE,1,1,0,0,1,1,0,0,30,0,0,0,0,0,2,2,11
,2024-006307,39.72969466,-104.9975922,3/3/2024 10:00,10:00,6,0,0,800  INCA ST W. 8TH AVE.,1,1,0,0,1,4,0,0,25,0,0,0,0,0,4,2,16
,2024-006308,39.75072089,-104.9634523,3/5/2024 8:08,8:08,3,0,3,E 23RD AVE & N RACE ST,1,1,0,0,1,1,0,0,20,0,0,0,0,2,4,2,16
,2024-006311,39.76001478,-104.8905208,3/1/2024 14:15,14:15,15,0,0, CENTRAL PARK BLVD & E MLK BLVD,1,1,0,0,1,1,0,0,35,0,0,0,0,0,4,2,16
,2024-006314,39.78026165,-104.9895512,3/5/2024 16:53,16:53,15,0,0,I-70 & I-25,1,3,0,0,1,4,0,0,55,0,0,0,0,0,1,2,13
,2024-006316,39.73539851,-104.9874004,2/25/2024 2:04,2:04,15,0,0,BROADWAY & E 12TH AVE,1,3,0,0,1,4,0,0,35,0,0,0,0,0,4,2,16
,2024-006318,39.77913551,-104.9791007,3/5/2024 18:43,18:43,1,0,0, WASHINGTON ST & I-70 EB ON RAMPS,1,3,0,0,1,1,0,0,35,0,0,0,0,0,4,3,8
,2024-006319,39.78356974,-105.0156016,3/5/2024 7:28,7:28,12,0,0,I-70 & N PECOS ST,1,1,1,0,1,4,0,0,55,0,0,0,0,0,1,2,11
,2024-006320,39.77292483,-104.865815,3/3/2024 14:13,14:13,3,0,0, HAVANA ST & E 40TH AVE,1,1,0,0,1,1,0,0,35,0,0,0,0,0,4,2,4
,2024-006321,39.75158216,-104.987384,3/5/2024 13:35,13:35,15,0,0,CHAMPA ST & BROADWAY,1,1,0,0,1,1,0,0,25,0,0,0,0,0,4,2,16
,2024-006322,39.73385786,-104.9874157,3/5/2024 3:36,3:36,5,0,0, BROADWAY ST & E 11TH AVE,1,3,0,0,2,4,0,0,,0,0,0,0,0,4,1,16
,2024-006323,39.71117859,-105.0145189,2/27/2024 15:30,15:30,12,0,0,W ALAMEDA AVE & S YUMA ST,11,1,1,0,1,4,0,0,25,0,0,0,0,0,2,2,14
,2024-006324,39.80555328,-104.769127,3/3/2024 19:24,19:24,10,0,0,E 60TH AVE & N ARGONNE ST,1,3,0,0,1,4,0,0,35,0,0,0,0,0,4,2,11
,2024-006325,39.7240718,-104.9752352,3/4/2024 14:50,14:50,11,0,0, OGDEN AVE & E 5TH AVE,1,1,0,0,1,1,0,0,,0,1,0,0,0,4,1,16
,2024-006326,39.78950627,-104.7721425,3/5/2024 8:45,8:45,3,0,0,E 51ST AVE & N TOWER RD,1,1,1,0,1,1,0,0,25,0,0,0,0,1,4,2,16
,2024-006329,39.78877849,-104.9893504,2/24/2024 2:45,2:45,11,0,1,I-25 & W 51ST AVE,1,3,0,0,1,4,0,0,0,0,1,0,0,3,1,1,16
,2024-006333,39.72534787,-105.0129628,3/5/2024 12:49,12:49,15,0,0,I-25 & W 6TH AVE,1,1,0,0,1,4,0,0,,0,0,0,0,0,1,4,16
,2024-006334,39.72541702,-105.0255101,3/5/2024 8:51,8:51,12,0,1,W 6TH AVE FWY & N FEDERAL BLVD,1,1,1,0,1,4,0,0,55,0,0,0,1,3,2,2,14
,2024-006337,39.72571388,-105.0254992,3/5/2024 7:58,7:58,12,0,0,W 6TH AVE & N FEDERAL BLVD,1,1,1,0,1,3,0,0,55,0,0,0,0,0,2,3,12
,2024-006340,39.72020863,-105.0072852,3/4/2024 6:59,6:59,12,0,0,I-25 & W 6TH AVE,1,1,1,0,1,4,0,0,55,0,0,0,0,0,1,2,7
,2024-006343,39.67495077,-105.0349031,2/21/2024 9:00,9:00,3,0,0,W ILIFF AVE & S LOWELL BLVD,1,1,0,0,1,1,0,0,25,0,0,0,0,0,4,2,16
,2024-006344,39.70043184,-105.0532497,3/5/2024 8:10,8:10,1,0,0,W KENTUCKY AVE & S SHERIDAN BLVD,1,1,0,0,1,1,0,0,30,0,0,0,0,0,2,2,11
,2024-006345,39.72541642,-105.0251302,2/3/2024 10:33,10:33,12,0,0,W 6TH AVE & N FEDERAL BLVD,7,1,0,2,1,4,0,0,55,0,0,0,0,0,2,2,14
,2024-006346,39.76684729,-105.0029095,3/4/2024 22:30,22:30,6,0,0,W 36TH AVE & N MARIPOSA ST,1,3,0,0,1,4,0,0,25,0,0,0,0,1,4,3,16
,2024-006348,39.70428468,-105.043303,2/21/2024 7:20,7:20,6,0,0,W EXPOSITION AVE & S STUART ST,1,1,0,0,1,4,0,0,20,0,0,0,0,0,4,2,14
,2024-006349,39.65311237,-104.9220569,3/5/2024 7:18,7:18,15,0,1,E HAMPDEN AVE & S IVANHOE ST,1,1,1,0,1,4,0,0,40,0,0,0,0,1,2,2,3
,2024-006350,39.74377309,-104.9124342,3/5/2024 13:20,13:20,3,0,0, MONACO ST & E 17TH AVE,1,1,0,0,1,1,0,0,30,0,0,0,0,0,4,2,16
,2024-006351,39.63856632,-104.8865769,2/8/2024 23:25,23:25,12,0,0,I-225 & S YOSEMITE ST,1,3,0,0,1,4,0,0,60,0,0,0,0,0,1,2,1
,2024-006352,39.77803343,-104.8470317,3/4/2024 19:27,19:27,12,0,0,E 45TH AVE & N PEORIA ST,1,3,0,0,1,3,0,0,45,0,0,0,0,0,4,2,16
,2024-006353,39.76191103,-104.9199508,3/5/2024 14:55,14:55,12,0,0, IVY ST & MARTIN LUTHER KING BLVD,1,1,0,0,1,3,0,0,25,0,0,0,0,0,4,2,11
,2024-006354,39.72570938,-105.0001487,3/5/2024 12:20,12:20,12,0,0, KALAMATH ST & W 6TH AVE,1,1,0,0,1,1,0,0,35,0,0,0,0,0,4,2,13
,2024-006355,39.7831658,-105.0064261,3/4/2024 7:45,7:45,15,0,0,I-70 & N PECOS ST,1,1,1,0,1,4,0,0,55,0,0,0,0,0,1,4,8
,2024-006356,39.72906831,-104.9861529,3/4/2024 22:27,22:27,3,0,2,E 8TH AVE & N LINCOLN ST,1,3,3,7,1,1,0,0,30,0,0,0,0,2,4,2,1
,2024-006357,39.76623004,-104.9992311,3/4/2024 21:40,21:40,15,0,0,I-25 & PARK AVE,1,3,0,0,1,4,0,0,55,0,0,0,0,0,1,3,16
,2024-006360,39.67754488,-104.9316334,3/4/2024 14:00,14:00,15,0,0,2100  DAHLIA ST & E EVANS AVE,1,1,0,0,1,4,0,0,,0,0,0,0,0,4,2,16
,2024-006361,39.67849077,-104.9687485,3/4/2024 15:50,15:50,12,0,0,E EVANS AVE & S FRANKLIN ST,1,1,0,0,1,1,0,0,30,0,0,0,0,0,4,2,3
,2024-006362,39.73045217,-104.9861339,3/4/2024 10:15,10:15,1,0,0,E 9TH AVE & N LINCOLN ST,1,1,0,0,1,1,0,0,25,0,0,0,0,0,4,2,3
,2024-006369,39.69673561,-105.0237177,3/5/2024 16:24,16:24,3,0,0, ELIOT ST & W MISSISSIPPI AVE,1,1,0,0,1,1,0,0,30,0,0,0,0,0,4,2,13
,2024-006372,39.77419349,-104.8470304,3/4/2024 6:50,6:50,10,0,0,I-70 WB OFF RAMP & N PEORIA ST,1,1,0,0,1,1,0,0,25,0,0,0,0,0,4,2,3
,2024-006373,39.75504285,-105.0236135,3/5/2024 14:40,14:40,12,0,1,2600  ELIOT ST W 26TH AVE,1,1,0,0,1,4,0,0,25,0,0,0,0,1,4,2,16
,2024-006375,39.77874606,-104.9792482,3/3/2024 13:55,13:55,15,0,0, WASHINGTON ST & I-70 EB OFF RAMP,1,1,0,0,1,1,0,0,,0,0,0,0,0,4,2,16
,2024-006377,39.77547716,-105.0017597,3/5/2024 16:51,16:51,10,0,0, LIPAN ST & W 43RD AVE,1,1,0,0,1,1,0,0,25,0,0,0,0,0,4,3,7
,2024-006378,39.74496015,-104.9959723,3/3/2024 11:15,11:15,10,0,0,1400 CHAMPA ST 14TH ST,1,1,0,0,1,3,0,0,20,0,0,0,0,0,4,2,11
,2024-006380,39.77034123,-104.9912804,3/5/2024 18:47,18:47,12,0,0,I-25 & NB ON RAMP FROM PARK AVE,1,2,0,0,1,4,0,0,55,0,0,0,0,0,1,3,1
,2024-006381,39.77851332,-104.8992702,3/4/2024 13:19,13:19,15,0,0,I-70 & QUEBEC ST,1,1,0,0,1,4,0,0,55,0,0,0,0,0,1,2,13
,2024-006382,39.78241726,-104.865729,3/5/2024 7:17,7:17,6,0,0, HAVANA ST & E 47TH AVE,1,1,0,0,1,4,0,0,35,0,0,0,0,0,4,3,16
,2024-006389,39.7272791,-104.9861501,3/4/2024 18:18,18:18,2,0,1, LINCOLN ST & E 7TH AVE,1,3,0,0,1,1,0,0,0,1,0,0,0,2,4,1,16
,2024-006391,39.76386488,-104.9659488,3/5/2024 16:15,16:15,6,0,0,3300  WILLIAMS ST E 34TH AVE,1,1,0,0,2,4,0,0,25,0,0,0,0,0,4,3,7
,2024-006396,39.7609449,-105.0043202,3/4/2024 8:53,8:53,12,0,0,I-25 & 20TH ST,1,1,0,0,1,4,0,0,55,0,0,0,0,0,1,2,13
,2024-006401,39.71699053,-104.8980631,3/4/2024 12:30,12:30,15,0,0,E LOWRY BLVD & N SPRUCE ST,1,1,0,0,1,1,0,0,30,0,0,0,0,0,1,2,3
,2024-006408,39.77984436,-104.9680861,2/20/2024 16:57,16:57,15,0,2,I-70 & N BRIGHTON BLVD,1,1,1,0,1,4,0,0,55,0,0,0,0,3,1,2,1
,2024-006411,39.76449081,-104.9597604,3/4/2024 13:30,13:30,3,0,2, YORK ST & E BRUCE RANDOLPH AVE,1,1,0,0,1,1,0,0,30,0,0,0,0,2,4,2,13
,2024-006412,39.78237035,-104.8569905,3/4/2024 11:35,11:35,10,0,0,E 47TH AVE & N LIMA ST,1,1,0,0,1,2,0,0,35,0,0,0,0,0,4,2,16
,2024-006418,39.7431835,-105.0315031,3/5/2024 10:30,10:30,6,0,0, JULIAN ST & W 16TH AVE,1,1,0,0,1,4,0,0,20,0,0,0,0,0,4,2,3
,2024-006465,39.75536831,-105.0126881,1/9/2024 9:10,9:10,12,0,0,I-25 & SPEER BLVD,1,1,3,0,1,4,0,0,65,0,0,0,0,0,1,2,14
,2024-006467,39.75270656,-104.9850215,2/28/2024 15:48,15:48,3,0,1,PARK AVE & STOUT ST,1,1,0,0,1,9,0,0,15,0,0,0,0,2,4,2,16
,2024-006472,39.77935812,-104.9791543,2/29/2024 8:30,8:30,3,0,0, WASHINGTON ST & I-70 EB RAMPS,1,1,0,0,1,3,0,0,35,0,0,0,0,0,4,2,13
,2024-006473,39.68940412,-104.9927545,3/6/2024 13:59,13:59,12,0,4,400 W FLORIDA AVE S SANTA FE DR,1,1,0,0,1,3,0,0,30,0,0,0,0,2,4,3,14
,2024-006476,39.78377625,-104.9405185,3/5/2024 13:45,13:45,6,0,0,4600 E 48TH AVE N DAHLIA ST,1,1,0,0,2,4,0,0,,0,0,0,0,0,4,2,16
,2024-006477,39.75115704,-104.950152,3/6/2024 11:56,11:56,12,0,0,E 23RD AVE & N COLORADO BLVD,1,1,1,0,1,2,0,0,25,0,0,0,0,0,4,2,11
,2024-006482,39.70382097,-104.9407895,3/6/2024 19:54,19:54,12,0,1, COLORADO BLVD & E EXPOSITION AVE,1,3,0,0,1,1,0,0,35,0,0,0,0,1,2,2,7
,2024-006484,39.69674956,-105.0250716,3/6/2024 11:01,11:01,12,0,2, FEDERAL BLVD & W MISSISSIPPI AVE,1,1,0,0,1,1,0,0,40,0,0,0,0,1,2,2,2
,2024-006486,39.6527621,-105.032529,3/6/2024 8:47,8:47,12,0,2,W HAMPDEN AVE & S LOWELL BLVD,1,1,1,0,1,4,0,0,55,0,0,0,0,1,2,2,1
,2024-006491,39.79838897,-104.8660411,3/6/2024 17:49,17:49,1,0,2,E 56TH AVE & N HAVANA ST,1,3,0,0,1,1,0,0,40,0,0,0,0,2,4,2,7
,2024-006493,39.7194791,-104.9874951,1/18/2024 14:30,14:30,15,0,0,200  BROADWAY ST E 2ND AVE,1,1,0,0,1,4,0,0,,0,0,0,0,0,4,2,16
,2024-006497,39.77467038,-104.7721683,3/6/2024 18:36,18:36,12,0,0, TOWER RD & E 43RD AVE,1,3,0,0,1,1,0,0,40,0,0,0,0,0,4,2,13
,2024-006501,39.7609449,-105.0043202,3/4/2024 8:53,8:53,12,0,0,I-25 & 20TH ST,1,1,0,0,1,4,0,0,55,0,0,0,0,0,1,2,13
,2024-006502,39.72562519,-104.9787744,3/5/2024 11:30,11:30,12,0,0,E 6TH AVE & N WASHINGTON ST,1,1,0,0,1,1,0,0,30,0,0,0,0,0,4,2,3
,2024-006503,39.71119525,-104.997141,2/2/2024 3:11,3:11,15,0,0, SANTA FE DR  & W ALAMEDA AVE,1,3,0,0,1,1,0,0,35,0,0,0,0,0,4,2,3
,2024-006504,39.73537352,-104.9586076,3/5/2024 15:45,15:45,12,0,0,JOSEPHINE ST & E 12TH AVE,1,1,0,0,1,4,0,0,30,0,0,0,0,1,4,2,11
,2024-006510,39.74488763,-104.9874171,3/5/2024 9:30,9:30,12,0,0,E 18TH AVE & BROADWAY,1,1,0,0,1,1,0,0,25,0,0,0,0,0,4,2,3
,2024-006513,39.79054406,-104.8097521,3/5/2024 21:09,21:09,15,0,4, CHAMBERS RD & E 53RD AVE,1,3,0,0,1,4,0,0,40,0,0,0,0,2,4,2,10
,2024-006514,39.71120815,-104.9991197,3/5/2024 19:34,19:34,12,0,0,I-25 & W ALAMEDA AVE,1,3,0,0,1,4,0,0,60,0,0,0,0,0,1,2,3
,2024-006515,39.78313683,-104.9008997,3/5/2024 17:56,17:56,12,0,0,I-270 & N NORTHFIELD QUEBEC ST,1,1,0,0,1,4,0,0,55,0,0,0,0,0,1,2,3
,2024-006516,39.71836006,-104.9874978,3/6/2024 2:14,2:14,3,0,0,BROADWAY & E 1ST AVE,1,3,3,0,1,1,0,0,30,0,0,0,0,0,4,2,13
,2024-006517,39.77640089,-104.8747336,3/5/2024 16:45,16:45,12,0,0,I-70 & N HAVANA ST,1,1,0,0,1,4,0,0,,0,0,0,0,0,1,2,16
,2024-006519,39.68226303,-105.0262138,3/4/2024 14:44,14:44,3,0,0,W JEWELL AVE & S GROVE ST,1,1,0,0,1,1,0,0,25,0,0,0,0,0,4,2,11
,2024-006520,39.68590571,-105.0250217,3/5/2024 8:22,8:22,12,0,1,1700  FEDERAL BLVD W MEXICO AVE,1,1,1,0,1,4,0,0,35,0,0,0,0,1,2,3,16
,2024-006521,39.69299992,-104.97797,3/6/2024 8:51,8:51,12,0,0,I-25 & E LOUISIANA AVE,1,1,0,0,1,5,0,0,65,0,0,0,0,0,1,2,14
,2024-006522,39.74762669,-105.0053686,3/5/2024 18:41,18:41,3,0,0,AURARIA PKWY & 11TH ST,1,3,0,0,1,1,0,0,35,0,0,0,0,0,4,3,16
,2024-006526,39.69294014,-104.9934628,3/6/2024 12:53,12:53,5,0,0,1100   PLATTE RIVER DR W MISSISSIPPI AVE,1,1,0,0,1,4,0,0,35,0,0,0,0,0,2,1,13
,2024-006528,39.682081,-104.9128937,3/5/2024 15:30,15:30,1,0,0, MONACO ST & E JEWELL AVE,1,1,0,0,1,1,0,0,30,0,0,0,0,0,4,2,3
,2024-006533,39.74849617,-105.0031427,3/6/2024 12:45,12:45,12,0,0,BLAKE ST & N SPEER BLVD,1,1,0,0,1,4,0,0,35,0,0,0,0,0,4,2,13
,2024-006535,39.75022502,-105.0047788,2/14/2024 13:15,13:15,15,0,0, SPEER BLVD & WEWATTA ST,1,1,3,0,1,1,0,0,35,0,0,0,0,0,4,2,14
,2024-006538,39.74011794,-105.0532106,3/6/2024 17:56,17:56,12,0,1, SHERIDAN BLVD & W COLFAX AVE,1,3,0,0,1,4,0,0,35,0,0,0,0,1,2,2,13
,2024-006539,39.77913551,-104.9791007,3/6/2024 15:32,15:32,15,0,0, WASHINGTON ST & I-70 EB ON RAMP,1,1,1,0,1,1,0,0,25,0,0,0,0,0,1,2,8
,2024-006540,39.72553362,-105.0130924,3/6/2024 19:23,19:23,12,0,1,I-25 & W 6TH AVE,14,3,0,0,1,4,0,0,55,0,0,0,0,1,1,3,12
,2024-006541,39.7683672,-104.9948558,3/6/2024 16:04,16:04,15,0,0,I-25 & PARK AVE W,1,1,0,0,1,4,0,0,55,0,0,0,0,0,1,2,13
,2024-006542,39.77282973,-104.7905735,3/6/2024 8:10,8:10,1,0,0,E 40TH AVE & PENA BLVD,1,1,0,0,1,1,0,0,35,0,0,0,0,0,4,2,11
,2024-006544,39.74379383,-105.0164275,3/6/2024 6:35,6:35,15,0,0,I-25 & W 17TH AVE,1,1,0,0,1,4,0,0,55,0,0,0,0,0,1,2,13
,2024-006545,39.72564335,-104.9878694,3/6/2024 9:41,9:41,15,0,0,6TH AVE & BROADWAY,1,1,0,0,1,4,0,0,35,0,0,0,0,0,4,2,11
,2024-006547,39.77566311,-104.9420394,3/6/2024 17:27,17:27,6,0,0,4200  JACKSON ST E 42ND AVE,1,3,0,0,1,4,0,0,25,0,0,0,0,0,4,2,7
,2024-006548,39.73700351,-104.9798831,1/26/2024 12:57,12:57,6,0,0,1300  PEARL ST & E 14TH AVE,1,1,0,0,1,4,0,0,20,0,0,0,0,0,4,3,16
,2024-006558,39.74326857,-104.9787393,3/6/2024 5:45,5:45,10,0,0,E 17TH AVE & N WASHINGTON ST,1,3,0,0,1,1,0,0,30,0,0,0,0,0,4,2,6
,2024-006561,39.6812277,-105.025023,3/5/2024 11:47,11:47,11,0,1,FEDERAL BLVD & W ASBURY AVE,1,1,0,0,1,4,0,0,0,0,1,0,0,3,2,1,16
,2024-006564,39.78018998,-104.9768605,3/6/2024 8:30,8:30,8,0,2,E 47TH AVE & NATIONAL WESTERN DR,1,1,0,0,6,4,0,0,,0,0,0,0,2,4,2,16
,2024-006567,39.7254917,-105.0383601,3/6/2024 6:39,6:39,12,0,0,W 6TH AVE & MM 283.155,1,1,0,0,1,4,0,0,55,0,0,0,0,0,2,3,13
,2024-006570,39.74888912,-104.9994223,3/5/2024 19:01,19:01,15,0,0,15TH ST & MARKET ST,1,3,0,6,1,4,0,0,25,0,0,0,0,0,4,2,11
,2024-006572,39.74035484,-105.0322771,3/6/2024 14:54,14:54,12,0,0,W COLFAX AVE & UNKNOWN LOCATION,1,1,0,0,1,3,0,0,35,0,0,0,0,0,2,2,13
,2024-006589,39.74760236,-105.0030274,3/3/2024 13:35,13:35,15,0,0,AURARIA PKWY & N SPEER BLVD,1,1,0,0,1,4,0,0,35,0,0,0,0,0,4,3,16
,2024-006631,39.77987559,-104.9671668,1/12/2024 11:34,11:34,15,0,0,I-70 EB ON RAMP & BRIGHTON BLVD,1,1,0,0,1,8,0,0,55,0,0,0,0,0,1,2,1
,2024-006633,39.74474339,-105.0000426,3/7/2024 22:26,22:26,12,0,1, SPEER BLVD & ARAPAHOE ST,11,3,0,1,1,4,0,0,30,0,0,0,0,2,4,3,16
,2024-006635,39.69312936,-104.9405491,3/8/2024 10:27,10:27,12,0,0,1220   COLORADO BLVD E LOUISIANA AVE,11,1,0,2,1,4,0,0,35,0,0,0,0,0,2,2,14
,2024-006641,39.65305579,-104.8847851,3/5/2024 14:45,14:45,10,0,0, YOSEMITE ST & E HAMPDEN AVE,1,1,0,0,1,1,0,0,30,0,0,0,0,0,2,2,3
,2024-006644,39.74686521,-104.982316,2/28/2024 20:02,20:02,6,0,0,1900  LOGAN ST & 19TH AVE,1,3,0,0,1,4,0,0,,0,0,0,0,0,4,2,16
,2024-006646,39.71291987,-104.9728422,3/7/2024 16:10,16:10,6,0,0,E CEDAR AVE & S DOWNING ST,1,1,0,0,1,4,0,0,25,0,0,0,0,0,4,2,13
,2024-006647,39.67528918,-105.02504,3/8/2024 15:46,15:46,11,0,1,2200  FEDERAL BLVD W ILIFF AVE,1,1,0,0,1,4,0,0,0,0,1,0,0,2,2,1,16
,2024-006653,39.6747599,-104.8708045,3/6/2024 10:30,10:30,15,0,0, PARKER RD & E ILIFF AVE,1,1,0,0,1,1,0,0,30,0,0,0,0,0,2,2,1
,2024-006654,39.69256426,-105.0343763,3/8/2024 17:18,17:18,6,0,1,1300  LOWELL BLVD W LOUISIANA AVE,1,1,0,0,3,4,0,0,25,0,0,0,0,1,4,2,4
,2024-006655,39.78344485,-105.0345731,2/23/2024 23:56,23:56,15,0,0,I-70 & N LOWELL BLVD,1,4,0,0,1,4,0,0,55,0,0,0,0,0,1,2,1
,2024-006656,39.65699312,-104.8663964,2/16/2024 19:45,19:45,12,0,0, HAVANA ST & E GIRARD AVE,9,3,0,3,1,1,0,0,,0,0,0,0,0,2,2,16
,2024-006657,39.74906556,-104.9923982,3/7/2024 15:19,15:19,3,0,0,CURTIS ST & 18TH ST,1,1,0,0,1,1,0,0,,0,0,0,0,0,4,2,3
,2024-006661,39.71598662,-104.9862542,2/24/2024 18:59,18:59,15,0,0,28  LINCOLN ST & E ELLSWORTH AVE,1,3,0,0,1,4,0,0,35,0,0,0,0,0,4,5,16
,2024-006664,39.71119469,-105.0086538,3/6/2024 13:30,13:30,10,0,0,W ALAMEDA AVE & S RARITAN ST,1,1,0,0,1,1,0,0,35,0,0,0,0,0,2,2,3