id,drcog_id,latitude,longitude,crashtime,time,crashtype,numbkilled,numbinjurd,drcoglocat,rdconditin,lightngcon,roadcntgrd,weatherco,location,roaddescrp,schoolzone,constrzone,splimit,bikeinv,pedinv,sctrinv,motoinv,svrty,rdsystem,ttlvehcls,hcf
,2024-006666,39.71106024,-104.997077,3/7/2024 8:08,8:08,12,0,0,300  SANTA FE DR W ALAMEDA AVE,1,1,0,0,1,4,0,0,30,0,0,0,0,0,2,2,16
,2024-006667,39.73845356,-104.994133,2/4/2024 17:09,17:09,3,0,0,W 14TH AVE & ELATI ST,1,1,0,7,1,1,0,0,,0,0,0,0,0,4,2,1
,2024-006670,39.72315222,-104.9406294,3/7/2024 17:26,17:26,12,0,0,E 4TH AVE & COLORADO BLVD,1,3,0,0,1,4,0,0,30,0,0,0,0,0,2,2,7
,2024-006671,39.70203367,-104.9593339,3/6/2024 16:00,16:00,12,0,0, UNIVERSITY BLVD & E OHIO AVE,1,1,0,0,1,1,0,0,30,0,0,0,0,0,4,2,3
,2024-006672,39.71156233,-104.9406226,3/7/2024 7:32,7:32,1,0,0,E ALAMEDA AVE & S COLORADO BLVD,1,1,0,0,1,1,0,0,30,0,0,0,0,0,2,2,16
,2024-006674,39.69674951,-105.0250716,2/28/2024 8:17,8:17,3,0,0,W MISSISSIPPI AVE & S FEDERAL BLVD,1,1,0,0,1,1,0,0,30,0,0,0,0,0,2,2,16
,2024-006679,39.78082008,-104.9667469,3/8/2024 8:42,8:42,15,0,0,BRIGHTON BLVD & I-70 WB RAMPS,9,1,0,2,1,4,0,0,35,0,0,0,0,0,2,2,16
,2024-006683,39.73650026,-104.9234312,3/7/2024 11:37,11:37,3,0,0,E 13TH AVE & N HUDSON ST,1,1,0,0,1,1,0,0,20,0,0,0,0,1,4,2,12
,2024-006684,39.66132456,-104.8771601,3/2/2024 17:05,17:05,3,0,0, DAYTON CT & E CORNELL AVE,1,2,0,0,1,1,0,0,25,0,0,0,0,0,4,2,13
,2024-006687,39.6747241,-104.8725767,3/7/2024 14:00,14:00,12,0,0,E ILIFF AVE & S PARKER RD,1,1,0,0,1,3,0,0,30,0,0,0,0,0,2,2,13
,2024-006689,39.74015065,-104.9487152,3/7/2024 15:18,15:18,6,0,0,3200 E COLFAX AVE N ADAMS ST,1,1,0,0,3,4,0,0,35,0,0,0,0,0,2,4,3
,2024-006690,39.77113258,-104.7391578,3/7/2024 7:53,7:53,10,0,0, ODESSA ST & E 40TH AVE,1,1,0,0,1,1,0,0,20,0,0,0,0,0,4,2,16
,2024-006691,39.73685719,-104.9941214,3/6/2024 9:30,9:30,15,0,0,W 13TH AVE & N ELATI ST,1,1,0,0,1,1,0,0,25,0,0,0,0,0,4,2,3
,2024-006692,39.7474229,-104.9187915,3/7/2024 12:50,12:50,11,0,0,E MONTVIEW BLVD & N JASMINE ST,1,1,0,0,1,1,0,0,0,0,0,1,0,0,4,1,16
,2024-006693,39.70022548,-104.9593282,3/6/2024 14:30,14:30,12,0,0, UNIVERSITY BLVD & E KENTUCKY AVE,1,1,0,0,1,1,0,0,30,0,0,0,0,0,4,2,3
,2024-006694,39.74276921,-105.0134337,3/7/2024 7:03,7:03,15,0,1,I-25 & 17TH AVE,1,1,0,0,1,4,0,0,55,0,0,0,0,1,1,3,7
,2024-006700,39.64417607,-104.8914562,1/26/2024 8:55,8:55,16,0,0,3985  VINCENNES CT & E MANSFIELD AVE,11,1,1,0,5,7,0,0,,0,0,0,0,0,3,2,13
,2024-006705,39.75482911,-105.020532,3/7/2024 9:22,9:22,3,0,0, CLAY ST & W 26TH AVE,1,1,0,0,1,1,0,0,25,0,0,0,0,0,4,2,13
,2024-006708,39.78345493,-105.0252133,3/7/2024 14:16,14:16,14,0,0, FEDERAL BLVD & MM 285.713,1,1,0,0,1,4,0,0,35,0,0,0,0,0,2,2,16
,2024-006715,39.72550364,-105.0133489,3/8/2024 17:44,17:44,15,0,1,I-25 & W 6TH AVE,1,3,0,0,1,4,0,0,55,0,0,0,0,1,1,2,11
,2024-006716,39.76182864,-104.9124088,3/7/2024 21:50,21:50,3,0,1,E MLK JR BLVD & N MONACO ST,1,3,0,0,1,1,0,0,30,0,0,0,0,2,4,2,14
,2024-006717,39.78745488,-105.0252217,3/7/2024 16:45,16:45,1,0,0, FEDERAL BLVD & W REGIS BLVD,11,4,0,2,1,1,0,0,25,0,0,0,0,0,2,2,7
,2024-006718,39.77490152,-104.931744,3/8/2024 13:51,13:51,12,0,0, DAHLIA ST & E SMITH RD,1,1,0,0,1,4,0,0,30,0,0,0,0,0,4,2,16
,2024-006719,39.67662185,-104.9579366,3/8/2024 6:49,6:49,3,0,0,E WARREN AVE & S JOSEPHINE ST,11,1,0,2,1,1,0,0,30,0,0,0,0,0,4,2,14
,2024-006720,39.74158259,-104.9881449,3/2/2024 0:42,0:42,5,0,0,200 16TH ST & CLEVELAND PL,14,3,0,0,3,4,0,0,,0,0,0,0,0,4,1,16
,2024-006721,39.7401156,-104.9775567,3/3/2024 22:04,22:04,6,0,0,1500 N CLARKSON ST,1,3,0,0,1,4,0,0,,0,0,0,0,0,4,2,16
,2024-006724,39.69836827,-104.8917417,3/6/2024 16:45,16:45,3,0,0,HARBOR DR & S VALENCIA ST,1,1,0,0,1,1,0,0,,0,0,0,0,0,4,2,16
,2024-006725,39.7620673,-104.959753,3/8/2024 8:49,8:49,12,0,0,YORK ST & E MLK BLVD,11,1,0,2,1,3,0,0,30,0,0,0,0,0,4,2,3
,2024-006726,39.68585828,-105.006339,3/6/2024 23:13,23:13,6,0,0,1600 W MEXICO AVE & S PECOS ST,1,3,0,0,3,3,0,0,15,0,0,0,0,0,4,2,16
,2024-006727,39.67845765,-104.9082014,3/8/2024 10:23,10:23,1,0,1,E EVANS AVE & S ONEIDA ST,11,1,1,2,1,1,0,0,35,0,0,0,0,2,4,2,11
,2024-006728,39.78064525,-104.9497542,2/16/2024 16:25,16:25,12,0,0,I-70 & N STEELE ST,4,1,0,2,1,4,0,0,,0,0,0,0,0,1,2,16
,2024-006729,39.751323,-105.0165225,2/27/2024 23:00,23:00,15,0,0,I-25 & W 23RD AVE,1,3,0,0,1,4,0,0,55,0,0,0,0,0,1,2,16
,2024-006730,39.75365591,-104.9934187,3/3/2024 0:10,0:10,12,0,0,MARKET ST & 20TH ST,1,3,0,0,1,4,0,0,30,0,0,0,0,0,4,3,1
,2024-006732,39.73325348,-104.9330695,3/7/2024 14:13,14:13,6,0,0,E HALE PKWY & N DAHLIA ST,1,1,0,0,1,4,0,0,30,0,0,0,0,0,4,2,16
,2024-006733,39.70211856,-104.994042,3/7/2024 9:00,9:00,12,0,0, SANTA FE DR & I-25 EXIT GORE PT,1,1,0,0,1,1,0,0,45,0,0,0,0,0,2,2,3
,2024-006734,39.70704781,-104.9960752,3/8/2024 7:55,7:55,12,0,1,I-25 NB ON RAMP & S SANTA FE DR,11,1,1,2,1,8,0,0,55,0,0,0,0,1,1,2,16
,2024-006735,39.77483825,-104.8470472,2/17/2024 16:50,16:50,12,0,0, PEORIA ST & I-70 WB RAMPS,1,1,0,0,1,1,0,0,45,0,0,0,0,0,4,2,7
,2024-006736,39.78363958,-104.7904701,3/7/2024 20:30,20:30,3,0,1,E GREEN VALLEY RANCH BLVD,1,3,0,0,1,1,0,0,35,0,0,0,0,2,4,2,11
,2024-006737,39.67846447,-104.9153405,3/8/2024 10:05,10:05,3,0,0,E EVANS AVE & S LEYDEN ST,11,1,0,2,1,2,0,0,15,0,0,0,0,1,4,2,11
,2024-006738,39.7740069,-104.8470299,3/7/2024 18:12,18:12,12,0,0,I-70 & N PEORIA ST,1,3,0,0,1,4,0,0,55,0,0,0,0,0,1,3,3
,2024-006739,39.78641922,-105.0345761,3/6/2024 19:59,19:59,12,0,0,LOWELL BLVD & W 49TH AVE,1,4,0,0,1,4,0,0,25,0,0,0,0,0,4,2,16
,2024-006743,39.74865229,-104.9894468,3/8/2024 5:09,5:09,10,0,0,19TH ST & STOUT ST,11,3,0,0,1,1,0,0,25,0,0,0,0,0,4,2,8
,2024-006744,39.71117211,-104.9900082,3/5/2024 12:20,12:20,3,0,0, BANNOCK ST & W ALAMEDA AVE,1,1,0,0,1,1,0,0,,0,0,0,0,0,4,2,16
,2024-006746,39.68932353,-104.9405462,3/7/2024 15:45,15:45,12,0,0, COLORADO BLVD & E FLORIDA AVE,1,1,0,0,1,1,0,0,35,0,0,0,0,0,2,3,3
,2024-006747,39.77935812,-104.9791543,1/30/2024 13:00,13:00,12,0,0,I-70 EB OFF RAMP & N WASHINGTON ST,1,1,0,0,1,1,0,0,15,0,0,0,0,0,1,2,1
,2024-006749,39.74290519,-104.9916416,3/8/2024 18:20,18:20,15,0,0,400 15TH ST GLENARM ST,1,2,0,0,1,4,0,0,30,0,0,0,0,0,4,2,11
,2024-006752,39.76115933,-105.0047565,1/25/2024 13:00,13:00,15,0,0,I-25 & 20TH ST,1,1,0,0,1,4,0,0,55,0,0,0,0,0,1,2,16
,2024-006753,39.76076043,-104.9733423,3/8/2024 10:33,10:33,3,0,0, DOWNING ST & E 31ST AVE,9,1,0,2,1,1,0,0,35,0,0,0,0,0,4,2,16
,2024-006756,39.72617306,-105.0135152,3/7/2024 11:55,11:55,12,0,0,I-25 & W 6TH AVE,1,1,0,0,1,4,0,0,55,0,0,0,0,0,1,2,13
,2024-006758,39.78504247,-105.0169977,3/7/2024 17:33,17:33,6,0,0, ALCOTT ST & W 49TH AVE,1,1,0,0,1,4,0,0,25,0,0,0,0,0,4,2,11
,2024-006760,39.74034136,-105.0358127,3/7/2024 7:50,7:50,3,0,0,W COLFAX AVE & N MEADE ST,1,1,0,0,1,1,0,0,35,0,0,0,0,0,2,2,13
,2024-006761,39.68930903,-104.996595,3/8/2024 7:50,7:50,1,0,0,W FLORIDA AVE & S PLATTE RIVER DR,11,1,0,2,1,1,0,0,30,0,0,0,0,0,4,2,16
,2024-006763,39.68223923,-105.0442641,3/7/2024 8:20,8:20,3,0,0,W JEWELL AVE & S TENNYSON ST,1,1,0,0,1,1,0,0,30,0,0,0,0,0,4,2,3
,2024-006765,39.73210248,-104.9983221,2/8/2024 6:00,6:00,6,0,0,W 10TH AVE & N SANTA FE DR,1,1,0,0,1,4,0,0,,0,0,0,0,0,4,2,16
,2024-006769,39.78863267,-104.815194,2/24/2024 3:27,3:27,6,0,0, EAGLE ST & E 52ND AVE,1,3,0,0,1,4,0,0,,0,0,0,0,0,4,2,16
,2024-006771,39.750225,-105.0047788,2/12/2024 17:58,17:58,12,0,0,WEWATTA ST & N SPEER BLVD,1,1,0,0,1,1,0,0,30,0,0,0,0,1,4,2,16
,2024-006772,39.78573028,-104.883067,3/7/2024 22:26,22:26,12,0,0,E NORTHFIELD BLVD & N CENTRAL PARK BLVD,1,3,0,0,1,3,0,0,40,0,0,0,0,0,4,2,3
,2024-006773,39.7532313,-104.9684106,3/8/2024 7:41,7:41,3,0,0,E 25TH AVE & N FRANKLIN ST,9,1,0,2,1,1,0,0,20,0,0,0,0,0,4,2,16
,2024-006775,39.7194225,-104.959439,3/7/2024 14:45,14:45,3,0,0,E 2ND AVE & N UNIVERSITY BLVD,1,1,0,0,1,1,0,0,25,0,0,0,0,0,4,2,3
,2024-006779,39.7368509,-104.9871202,3/8/2024 22:21,22:21,12,0,0,E 13TH AVE & BROADWAY,1,3,0,0,1,4,0,0,30,0,0,0,0,0,4,2,14
,2024-006784,39.77799518,-104.7721474,3/7/2024 17:57,17:57,1,0,5, TOWER RD & E 45TH AVE,1,3,0,0,1,1,0,0,40,0,0,0,0,2,4,2,10
,2024-006785,39.6875079,-104.9593948,3/7/2024 17:40,17:40,3,0,1,E IOWA AVE & S UNIVERSITY BLVD,1,3,0,0,1,1,0,0,35,0,0,0,0,1,4,2,13
,2024-006786,39.71121184,-104.9126569,2/19/2024 7:15,7:15,5,0,0,6600 E ALAMEDA AVE S MONACO ST,1,1,0,0,3,2,0,0,35,0,0,0,0,0,4,2,14
,2024-006787,39.78034731,-104.8098492,2/23/2024 16:14,16:14,12,0,0,E BOLLING DR & N CHAMBERS RD,1,1,0,0,1,3,0,0,,0,0,0,0,0,4,2,16
,2024-006792,39.78048483,-104.9668101,2/29/2024 9:35,9:35,15,0,0,I-70 WB OFF RAMP & N BRIGHTON BLVD,1,1,0,0,1,1,0,0,35,0,0,0,0,0,1,2,13
,2024-006793,39.70815753,-104.9269733,3/9/2024 4:00,4:00,3,0,1, FOREST ST & LEETSDALE DR,1,3,0,7,1,1,0,0,25,0,0,0,0,2,2,2,16
,2024-006794,39.7604786,-105.0252422,3/4/2024 8:53,8:53,11,0,0, FEDERAL BLVD & N SPEER BLVD,1,1,0,0,1,4,0,0,0,0,0,1,0,0,2,1,16
,2024-006795,39.78365157,-104.7648972,3/8/2024 20:48,20:48,15,0,0,E GREEN VALLEY RANCH BLVD & N ARGONNE ST,1,3,0,0,1,4,0,0,35,0,0,0,0,0,4,2,11
,2024-006796,39.84515078,-104.6725046,3/8/2024 23:25,23:25,15,0,0,8200   PENA BLVD,1,3,0,0,1,4,0,0,35,0,0,0,0,0,4,2,8
,2024-006805,39.71113151,-105.0144921,3/8/2024 20:17,20:17,1,0,2,2345 W ALAMEDA AVE & S YUMA ST,1,3,0,0,1,2,0,0,40,0,0,0,0,1,2,2,1
,2024-006812,39.72265744,-105.0101635,3/9/2024 18:51,18:51,12,0,0,I-25 & W 6TH AVE,1,3,0,0,1,4,0,0,55,0,0,0,0,0,1,3,13
,2024-006820,39.7842226,-105.0251803,3/9/2024 10:35,10:35,3,0,0, FEDERAL BLVD & I-70 EB OFF RAMP,1,1,0,0,1,1,0,0,35,0,0,0,0,0,2,2,16
,2024-006821,39.6271011,-104.9033586,3/9/2024 18:54,18:54,12,0,0,I-25 NB & BELLEVIEW AVE,1,3,0,0,1,4,0,0,65,0,0,0,0,0,1,2,3
,2024-006823,39.75400056,-104.9963885,3/8/2024 19:50,19:50,15,0,0,19TH ST & WAZEE ST,1,3,0,0,1,4,0,0,25,0,0,0,0,0,4,2,1
,2024-006835,39.67675234,-104.9863444,3/6/2024 17:30,17:30,6,0,0,2100  LINCOLN ST E WARREN AVE,1,5,0,7,1,4,0,0,25,0,0,0,0,0,4,2,16
,2024-006842,39.76746209,-104.9034673,3/9/2024 13:02,13:02,3,0,2, QUEBEC ST & E 36TH AVE,1,1,0,0,1,1,0,0,35,0,0,0,0,2,2,2,13
,2024-006848,39.74008081,-104.9124342,3/9/2024 16:30,16:30,3,0,2, MONACO ST & E COLFAX AVE,1,1,0,0,1,1,0,0,35,0,0,0,0,2,2,2,16
,2024-006860,39.78184899,-104.9786402,3/9/2024 18:22,18:22,3,0,0, WASHINGTON ST & E 46TH AVE,1,3,0,0,1,3,0,0,35,0,0,0,0,0,4,2,13
,2024-006862,39.73509719,-104.9418613,3/9/2024 20:53,20:53,5,0,0,E 12TH AVE & N HARRISON ST,1,3,0,0,3,3,0,0,25,0,0,0,0,0,4,1,14
,2024-006863,39.77660238,-104.8470268,3/3/2024 14:04,14:04,12,0,0,PEORIA ST & E 45TH AVE,1,1,0,0,1,4,0,0,35,0,0,0,0,0,4,2,13
,2024-006864,39.7620395,-105.0111854,3/9/2024 0:10,0:10,3,0,1,W 32ND AVE & N TEJON ST,1,3,0,0,1,1,0,0,30,0,0,0,0,1,4,2,16
,2024-006866,39.71302876,-104.9924865,3/9/2024 0:17,0:17,6,0,0,E CEDAR AVE & S CHEROKEE ST,1,4,0,0,1,4,0,0,,0,0,0,0,0,4,2,16
,2024-006869,39.78363965,-104.7904783,3/8/2024 17:45,17:45,10,0,0,PENA BLVD & E GREEN VALLEY RANCH BLVD,1,1,0,0,1,1,0,0,40,0,0,0,0,0,4,2,3
,2024-006873,39.78652488,-105.0252026,3/8/2024 7:50,7:50,15,0,0,4900  FEDERAL BLVD MM 285.928,11,1,0,2,1,4,0,0,35,0,0,0,0,0,2,2,7
,2024-006881,39.70736022,-104.9407892,3/9/2024 7:48,7:48,3,0,0,E CHERRY CREEK  DR & S COLORADO BLVD,1,1,0,0,1,1,0,0,30,0,0,0,0,0,2,3,7
,2024-006977,39.78019967,-104.9891818,2/16/2024 1:13,1:13,15,0,0,I-25 & I-70,11,4,2,0,1,4,0,0,55,0,0,0,0,0,1,2,16
,2024-006979,39.65318284,-104.8990738,2/21/2024 19:00,19:00,15,0,0,E HAMPDEN AVE & S TAMARAC DR,1,3,0,0,1,3,0,0,40,0,0,0,0,0,2,2,16
,2024-006983,39.78203526,-104.845262,2/25/2024 10:30,10:30,8,0,1,E ALBROOK DR & N PEORIA ST,1,1,0,0,1,2,0,0,30,0,0,0,0,2,4,2,16
,2024-006984,39.70141195,-104.9873871,2/21/2024 15:50,15:50,15,0,0,I-25 & S BROADWAY ST,1,1,1,0,1,4,0,0,65,0,0,0,0,0,1,2,16
,2024-006987,39.72367465,-104.9127412,3/5/2024 8:42,8:42,14,0,0,MONACO ST & E 4TH AVE,1,1,0,0,6,4,0,0,30,0,0,0,0,0,4,2,11
,2024-006989,39.75120165,-105.0175616,3/9/2024 13:41,13:41,2,0,0,W 23RD AVE & I-25 SB ON RAMP,1,1,0,0,1,3,0,0,35,1,0,0,0,0,1,1,16
,2024-006990,39.65308348,-104.9177002,3/10/2024 7:52,7:52,3,0,3,E HAMPDEN AVE & I-25 NB RAMPS,1,1,1,0,1,1,0,0,35,0,0,0,0,1,2,2,16
,2024-006991,39.72567956,-105.0025904,2/23/2024 10:25,10:25,12,0,0,W 6TH AVE & N KALAMATH ST,1,1,0,0,1,4,0,0,35,0,0,0,0,0,4,2,16
,2024-006992,39.72956661,-104.9124395,2/23/2024 10:31,10:31,15,0,0,MONACO ST & E 8TH AVE,1,1,0,0,1,4,0,0,35,0,0,0,0,0,4,2,16
,2024-006996,39.72928476,-104.9823728,3/8/2024 18:32,18:32,6,0,1,816  LOGAN ST & E 8TH AVE,1,3,0,0,1,4,0,0,30,0,0,0,0,2,4,3,10
,2024-007003,39.71781109,-104.9497461,3/2/2024 2:05,2:05,5,0,0,E 1ST AVE & N STEELE ST,1,3,0,0,3,4,0,0,,0,0,0,0,0,4,1,16
,2024-007004,39.68933481,-104.8967346,3/7/2024 12:45,12:45,2,0,1,E FLORIDA AVE & S QUEBEC WAY,1,1,0,0,1,1,0,0,0,1,0,0,0,2,4,1,16
,2024-007005,39.72691597,-105.0462695,2/16/2024 19:08,19:08,6,0,0,VRAIN ST & W 6TH AVE,9,3,1,2,1,4,0,0,15,0,0,0,0,0,4,2,16
,2024-007006,39.76802822,-104.9948189,3/10/2024 0:57,0:57,15,0,1,I-25 & PARK AVE W,1,3,0,0,1,4,0,0,55,0,0,0,0,2,1,2,13
,2024-007009,39.73045147,-104.9859632,3/5/2024 17:52,17:52,6,0,0,E 9TH AVE & N LINCOLN ST,1,1,3,7,1,9,0,0,20,0,0,0,0,0,4,2,3
,2024-007011,39.68925629,-104.9920228,2/20/2024 18:42,18:42,12,0,0, SANTA FE DR & W FLORIDA AVE,1,3,0,0,1,3,0,0,,0,0,0,0,0,2,3,16
,2024-007012,39.71569177,-104.9892867,2/25/2024 14:30,14:30,6,0,0,W ARCHER PL & S BROADWAY,1,1,0,0,1,4,0,0,30,0,0,0,0,0,4,2,16
,2024-007013,39.76010794,-105.0249552,3/8/2024 15:27,15:27,1,0,0, SPEER BLVD & N FEDERAL BLVD,1,1,1,0,1,2,0,0,35,0,0,0,0,0,4,2,11
,2024-007014,39.74008039,-104.9127931,3/10/2024 0:15,0:15,3,0,0,E COLFAX AVE & N MONACO ST,1,3,0,0,1,1,0,0,30,0,0,0,0,0,2,2,8
,2024-007015,39.77744397,-104.8239186,3/9/2024 12:49,12:49,1,0,0,E 44TH AVE & E ANDREWS DR,1,1,0,0,1,1,0,0,25,0,0,0,0,1,4,2,1
,2024-007016,39.72727868,-104.9764076,3/7/2024 3:17,3:17,6,0,0,E 7TH AVE & N EMERSON ST,1,4,1,0,1,3,0,0,30,0,0,0,0,0,4,3,16
,2024-007017,39.7384924,-105.0520687,2/15/2024 15:55,15:55,12,0,0,W 14TH AVE & N ZENOBIA ST,1,1,0,0,1,1,0,0,25,0,0,0,0,0,4,2,14
,2024-007019,39.73673176,-104.945076,3/10/2024 18:24,18:24,12,0,0,MONROE ST & E 13TH AVE,1,2,0,0,1,4,0,0,25,0,0,0,0,0,4,2,10
,2024-007023,39.62254103,-104.9006903,3/3/2024 18:15,18:15,15,0,0,I-25 & E BELLEVIEW AVE,1,3,0,0,1,4,0,0,55,0,0,0,0,0,1,3,1
,2024-007024,39.74001105,-104.9718064,3/8/2024 23:16,23:16,11,0,1,1201 E COLFAX AVE & N MARION ST,1,3,0,0,1,3,0,0,0,0,1,0,0,2,2,1,16
,2024-007027,39.78389696,-105.0250905,3/9/2024 0:43,0:43,3,0,0, FEDERAL BLVD & I-70 EB RAMPS,1,3,0,0,1,1,0,0,,0,0,0,0,0,2,2,16
,2024-007029,39.65305327,-104.9185139,2/10/2024 2:41,2:41,5,0,0,I-25 & E HAMPDEN AVE,4,3,0,2,3,4,0,0,65,0,0,0,0,0,1,2,7
,2024-007030,39.63828518,-104.8947947,2/23/2024 18:00,18:00,12,0,0,E QUINCY AVE & S TAMARAC ST,1,2,3,0,1,3,0,0,,0,0,0,0,0,4,2,16
,2024-007033,39.6530814,-104.8918339,2/25/2024 20:10,20:10,15,0,0,E HAMPDEN AVE & S VERBENA ST,1,3,0,0,1,3,0,0,40,0,0,0,0,0,2,2,14
,2024-007040,39.67188877,-104.8726096,2/14/2024 7:20,7:20,10,0,0,E HARVARD AVE & S DAYTON WAY,1,1,0,0,1,2,0,0,30,0,0,0,0,0,4,2,16
,2024-007041,39.7740069,-104.8470299,3/10/2024 14:45,14:45,12,0,0,I70 HWY_EB & N PEORIA ST,1,1,0,0,1,4,0,0,55,0,0,0,0,0,1,4,13
,2024-007056,39.77776252,-104.904049,3/9/2024 18:27,18:27,12,0,0,I-70 EB OFF RAMP & N QUEBEC ST,1,2,0,0,1,8,0,0,,0,0,0,0,0,1,2,16
,2024-007061,39.71118486,-105.0396994,3/9/2024 22:19,22:19,3,0,0,4000 W ALAMEDA AVE & S PERRY ST,1,3,0,0,1,1,0,0,,0,0,0,0,0,4,2,16
,2024-007072,39.76097951,-104.9856953,3/4/2024 21:29,21:29,6,0,0,BLAKE ST & 27TH ST,1,3,0,0,1,4,0,0,,0,0,0,0,0,4,4,16
,2024-007078,39.75121054,-105.0252855,3/8/2024 10:19,10:19,3,0,2, FEDERAL BLVD & W 23RD AVE,1,1,0,0,1,1,0,0,35,0,0,0,0,1,2,3,16
,2024-007081,39.76212837,-105.0326355,3/7/2024 9:24,9:24,6,0,0,3500 W 32ND AVE N JULIAN ST,1,1,0,0,1,4,0,0,30,0,0,0,0,0,4,2,16
,2024-007082,39.76199894,-105.0346093,2/8/2024 16:00,16:00,6,0,0,LOWELL BLVD & W 32ND AVE,1,1,0,0,1,4,0,0,25,0,0,0,0,0,4,2,14
,2024-007083,39.75503446,-105.0051462,2/26/2024 12:00,12:00,6,0,0,LITTLE RAVEN ST & 16TH ST,14,5,3,7,1,4,0,0,30,0,0,0,0,0,4,2,16
,2024-007089,39.69859572,-104.9035551,3/7/2024 16:48,16:48,11,0,1,7200 LEETSDALE DR S QUEBEC ST,1,1,0,0,1,4,0,0,0,0,1,0,0,2,2,1,16
,2024-007091,39.76199517,-104.9659556,3/9/2024 17:14,17:14,12,0,0, WILLIAMS ST & E MLK BLVD,1,1,0,0,1,4,0,0,35,0,0,0,0,0,4,2,16
,2024-007096,39.71115914,-104.9875752,3/8/2024 13:50,13:50,11,0,0, BROADWAY ST & E ALAMEDA AVE,1,1,0,0,1,1,0,0,35,0,0,1,0,0,4,1,13
,2024-007102,39.66768253,-105.034962,3/9/2024 17:46,17:46,3,0,0,W YALE AVE & S LOWELL BLVD,1,2,0,0,1,1,0,0,30,0,0,0,0,0,4,2,10
,2024-007110,39.75723826,-105.0184446,3/9/2024 20:38,20:38,15,0,0, SPEER BLVD & N ALCOTT ST,1,3,0,0,1,4,0,0,35,0,0,0,0,0,4,2,16
,2024-007113,39.75411121,-104.9962928,3/10/2024 3:16,3:16,6,0,1,1800 WAZEE ST 19TH ST,1,3,0,0,1,4,0,0,30,0,0,0,0,2,4,2,3
,2024-007114,39.74044315,-105.0139482,3/1/2024 13:02,13:02,15,0,1,W COLFAX AVE & I-25,1,1,0,0,1,1,0,0,40,0,0,0,0,2,2,3,13
,2024-007115,39.7115354,-104.9419608,2/27/2024 9:31,9:31,12,0,0,E ALAMEDA AVE & S HARRISON ST,7,1,0,2,1,4,0,0,30,0,0,0,0,1,4,2,16
,2024-007116,39.75298521,-104.9926422,3/10/2024 1:40,1:40,12,0,0,20TH ST & LARIMER ST,1,3,0,0,1,3,0,0,35,0,0,0,0,1,4,2,4
,2024-007120,39.75520107,-105.0129064,3/8/2024 13:23,13:23,3,0,0, SPEER BLVD & I-25 SB RAMPS,1,1,0,0,1,1,0,0,35,0,0,0,0,0,4,3,16
,2024-007171,39.68209225,-104.9211121,3/8/2024 16:53,16:53,12,0,0,E JEWELL AVE & S IVANHOE ST,1,1,0,0,1,4,0,0,25,0,0,0,0,0,4,2,2
,2024-007179,39.74617704,-104.9775424,2/29/2024 20:20,20:20,2,0,1,E 19TH AVE & N CLARKSON ST,1,3,0,0,1,1,0,0,0,1,0,0,0,3,4,1,16
,2024-007183,39.66869766,-104.9593886,3/9/2024 15:45,15:45,12,0,0, UNIVERSITY BLVD & E YALE AVE,1,1,0,0,1,4,0,0,30,0,0,0,0,0,4,2,13
,2024-007194,39.71095232,-105.0330726,3/8/2024 12:41,12:41,12,0,0,MORRISON RD & W ALAMEDA AVE,1,1,0,0,1,3,0,0,35,0,0,0,0,0,2,2,16
,2024-007196,39.74743236,-104.9124435,3/10/2024 14:09,14:09,1,0,0,E MONTVIEW BLVD & N MONACO ST,1,1,3,0,1,1,0,0,30,0,0,0,0,0,4,2,13
,2024-007197,39.69128132,-105.0250159,3/10/2024 11:19,11:19,6,0,0,2900 W ARKANSAS AVE S FEDERAL BLVD,1,1,0,0,1,4,0,0,20,0,0,0,0,0,4,2,16
,2024-007217,39.76001609,-104.890774,3/9/2024 12:23,12:23,3,0,0,E MLK BLVD & N CENTRAL PARK BLVD,1,1,0,0,1,1,0,0,35,0,0,0,0,0,4,2,11
,2024-007225,39.72571551,-105.0249407,3/10/2024 22:01,22:01,10,0,1, FEDERAL BLVD & W 6TH AVE WB OFF RAMP,1,3,0,0,1,1,0,0,35,0,0,0,0,2,2,3,14
,2024-007228,39.68949238,-105.0250606,3/8/2024 22:05,22:05,1,0,0, FEDERAL BLVD & W FLORIDA AVE,1,3,0,0,1,1,0,0,40,0,0,0,0,0,2,2,13
,2024-007234,39.74379682,-104.8895334,3/11/2024 18:18,18:18,3,0,0,E 17TH AVE & N WABASH ST,1,1,0,0,1,1,0,0,25,0,0,0,0,0,4,2,16
,2024-007235,39.73688541,-104.9787209,3/10/2024 11:50,11:50,10,0,0,E 13TH AVE & N WASHINGTON ST,1,1,0,0,1,1,0,0,30,0,0,0,0,0,4,2,13
,2024-007236,39.71870727,-104.9732712,3/5/2024 15:00,15:00,12,0,1,E SPEER BLVD & N DOWNING ST,1,1,0,0,1,3,0,0,35,0,0,0,0,1,4,3,1
,2024-007239,39.66778753,-105.0532564,3/11/2024 0:59,0:59,3,0,3,W YALE AVE & S SHERIDAN BLVD,1,3,1,0,1,1,0,0,30,0,0,0,0,3,2,2,16
,2024-007241,39.79767456,-104.8440694,3/10/2024 21:46,21:46,6,0,0,E RANDOLPH PL & E OLMSTED DR,1,3,0,0,1,4,0,0,15,0,0,0,0,0,4,2,1