id,drcog_id,latitude,longitude,crashtime,time,crashtype,numbkilled,numbinjurd,drcoglocat,rdconditin,lightngcon,roadcntgrd,weatherco,location,roaddescrp,schoolzone,constrzone,splimit,bikeinv,pedinv,sctrinv,motoinv,svrty,rdsystem,ttlvehcls,hcf
,2024-007242,39.75967279,-105.0017786,3/9/2024 8:02,8:02,12,0,0,20TH ST & LITTLE RAVEN ST,1,1,0,0,1,1,0,1,30,0,0,0,0,0,4,2,3
,2024-007245,39.78326481,-105.0064277,3/11/2024 12:40,12:40,15,0,0,I-70 WB OFF RAMP & N PECOS ST,1,1,0,0,1,6,0,0,35,0,0,0,0,0,1,2,11
,2024-007246,39.66772838,-105.042778,3/11/2024 8:47,8:47,12,0,0,W YALE AVE & S STUART ST,1,1,1,0,1,3,0,0,35,0,0,0,0,0,4,3,16
,2024-007250,39.74782589,-105.0028131,3/10/2024 20:06,20:06,15,0,0, SPEER BLVD & AURARIA PKWY,1,3,3,7,1,4,0,0,40,0,0,0,0,0,4,2,16
,2024-007252,39.68037192,-104.9222742,3/8/2024 11:04,11:04,10,0,0, HOLLY ST & E EVANS AVE,11,1,0,2,1,2,0,0,30,0,0,0,0,0,4,2,11
,2024-007253,39.71839946,-104.9850012,3/8/2024 18:00,18:00,6,0,0, SHERMAN ST & E 1ST AVE,1,2,0,0,1,4,0,0,25,0,0,0,0,0,4,2,16
,2024-007267,39.76116038,-104.9819834,3/10/2024 17:51,17:51,11,0,1,2854 LARIMER ST & 29TH ST,1,1,0,0,1,4,0,0,25,0,0,1,0,2,4,1,16
,2024-007270,39.74812727,-104.9815317,2/23/2024 16:45,16:45,11,0,1,22ND ST & COURT PL,1,1,0,0,2,4,0,0,20,0,1,0,0,3,4,1,11
,2024-007273,39.72543314,-105.0310898,1/28/2024 20:55,20:55,12,1,4,W 6TH AVE & FEDERAL BLVD,1,3,0,0,1,4,0,0,55,0,0,0,0,4,2,2,16
,2024-007279,39.78029731,-104.9407538,3/12/2024 14:03,14:03,12,0,0,E 46TH  AVE & N COLORADO BLVD,1,1,0,0,1,1,0,0,35,0,0,0,0,0,2,2,11
,2024-007282,39.73205816,-104.9694857,3/6/2024 20:30,20:30,6,0,0,HUMBOLDT ST & E 10TH AVE,1,1,0,0,1,3,0,0,20,0,0,0,0,0,4,2,16
,2024-007285,39.67847306,-104.9222662,1/25/2024 7:03,7:03,1,0,3,E EVANS AVE & S HOLLY ST,1,1,0,0,1,1,0,0,35,0,0,0,0,1,4,2,13
,2024-007290,39.73843777,-104.9835952,3/8/2024 17:19,17:19,10,0,0, GRANT ST & E 14TH AVE,1,2,0,0,1,1,0,0,30,0,0,0,0,0,4,2,8
,2024-007294,39.75106903,-104.982887,3/12/2024 5:28,5:28,3,0,0,PARK AVE W & WELTON ST,1,3,0,0,1,1,0,0,30,0,0,0,0,0,4,2,14
,2024-007302,39.67414312,-104.9087402,3/11/2024 12:50,12:50,6,0,0,E ILIFF PL & S ONEIDA ST,1,1,1,0,1,3,0,0,25,0,0,0,0,1,4,2,6
,2024-007304,39.72903097,-105.0093533,3/12/2024 12:00,12:00,5,0,0,W 8TH AVE & N WYANDOT ST,1,1,1,0,2,4,0,0,30,0,0,0,0,0,4,1,1
,2024-007305,39.72621886,-105.0144858,3/12/2024 9:54,9:54,12,0,2,I-25 & W 6TH AVE,1,1,0,7,1,4,0,0,60,0,0,0,0,1,1,3,13
,2024-007306,39.72561089,-105.0131463,3/12/2024 6:45,6:45,12,0,0,I-25 & W 6TH AVE,1,4,1,0,1,4,0,0,55,0,0,0,0,0,1,2,1
,2024-007307,39.76449081,-104.9597604,3/12/2024 17:46,17:46,3,0,1, YORK ST & BRUCE RANDOLPH AVE,14,5,3,7,1,1,0,0,30,0,0,0,0,2,4,2,13
,2024-007312,39.7723465,-105.0251834,3/12/2024 9:00,9:00,12,0,0, FEDERAL BLVD & W 40TH AVE,1,1,0,0,1,3,0,0,40,0,0,0,0,0,2,3,3
,2024-007314,39.69362183,-104.9930565,1/27/2024 8:30,8:30,15,0,0,1200  PLATTE RIVER DR & W MISSISSIPPI AVE,1,1,0,0,1,4,0,0,40,0,0,0,0,0,4,2,16
,2024-007319,39.69674956,-105.0250716,3/11/2024 0:51,0:51,12,0,0, FEDERAL BLVD & W MISSISSIPPI AVE,1,3,0,0,1,1,0,0,45,0,0,0,0,0,2,2,16
,2024-007325,39.77955182,-104.9858518,3/12/2024 14:15,14:15,12,0,0,I-70 EB RAMP FROM -25 NB RAMP & N LINCOLN ST,1,1,0,0,1,8,0,0,45,0,0,0,0,0,1,2,13
,2024-007326,39.71819784,-104.9732324,3/11/2024 16:00,16:00,15,0,0,E 1ST AVE & N DOWNING ST,1,1,0,0,1,1,0,0,30,0,0,0,0,0,4,2,3
,2024-007327,39.68469395,-104.9594472,3/12/2024 14:01,14:01,15,0,0, UNIVERSITY BLVD & I-25,1,1,0,0,1,4,0,0,35,0,0,0,0,0,4,2,11
,2024-007328,39.75844386,-104.9984474,3/6/2024 7:30,7:30,11,0,1,W 29TH AVE & N INCA ST,1,1,0,0,1,1,0,0,20,0,1,0,0,1,4,1,16
,2024-007331,39.78045641,-104.931638,3/12/2024 8:30,8:30,12,0,1, DAHLIA ST & E 46TH AVE,1,1,0,0,1,1,0,0,35,0,0,0,0,1,4,2,16
,2024-007334,39.7204756,-104.9791281,3/11/2024 9:30,9:30,15,0,0, WASHINGTON ST & E SPEER BLVD,1,1,0,0,1,1,0,0,25,0,0,0,0,0,4,2,3
,2024-007335,39.75247278,-105.0251318,3/12/2024 13:30,13:30,15,0,0, FEDERAL BLVD & W 24TH AVE,1,1,0,0,1,4,0,0,35,0,0,0,0,0,2,2,1
,2024-007338,39.77358297,-104.8420439,3/12/2024 7:40,7:40,12,0,0,I-70 & N PEORIA ST,1,1,0,0,1,4,0,0,55,0,0,0,0,0,1,2,13
,2024-007340,39.76202355,-105.0252193,3/12/2024 10:45,10:45,1,0,0, FEDERAL BLVD & W 32ND AVE,1,1,0,0,1,1,0,0,40,0,0,0,0,0,2,2,13
,2024-007352,39.74291429,-104.9916534,3/10/2024 1:55,1:55,8,0,0,15TH ST & GLENARM PL,1,3,0,0,1,1,0,0,25,0,0,0,0,0,4,2,16
,2024-007353,39.78379645,-104.8007801,3/12/2024 13:40,13:40,12,0,1,GREEN VALLEY RANCH BLVD 16000 E  PENA BLVD,1,1,0,0,1,4,0,0,40,0,0,0,0,1,4,2,3
,2024-007354,39.73776226,-104.9971332,3/11/2024 17:20,17:20,15,0,0, SPEER BLVD & W 14TH AVE,1,1,0,0,1,4,0,0,30,0,0,0,0,0,4,2,16
,2024-007364,39.77666613,-104.8449574,3/12/2024 10:50,10:50,1,0,0, QUENTIN ST & E 44TH AVE,1,1,0,0,1,1,0,0,25,0,0,0,0,1,4,2,16
,2024-007366,39.63484981,-104.8933538,3/12/2024 8:28,8:28,3,0,0, DTC BLVD & I-225 NB RAMPS,1,1,0,0,1,1,0,0,35,0,0,0,0,0,4,2,11
,2024-007371,39.72557984,-104.9719447,1/22/2024 9:31,9:31,10,0,0,E 6TH AVE & N MARION ST,1,1,0,0,1,3,0,0,30,0,0,0,0,0,4,2,4
,2024-007372,39.77165055,-104.8176234,3/12/2024 7:30,7:30,15,0,2,I-70 & WB OFF RAMP EXT TO N PEORIA ST,1,1,0,0,1,4,0,0,55,0,0,0,0,2,1,2,11
,2024-007375,39.72911069,-104.9601928,3/11/2024 20:46,20:46,3,0,0, YORK ST & E 8TH AVE,1,3,0,0,1,1,0,0,30,0,0,0,0,0,4,2,11
,2024-007376,39.73930444,-105.0052305,2/12/2024 9:30,9:30,6,0,0,OSAGE ST & W COLFAX AVE,1,1,0,0,1,4,0,0,35,0,0,0,0,0,4,2,16
,2024-007378,39.74394472,-105.0252089,3/5/2024 8:15,8:15,3,0,1, FEDERAL BLVD & W 17TH AVE,1,1,0,0,1,3,0,0,40,0,0,0,0,2,2,4,1
,2024-007380,39.74003335,-104.9587927,3/11/2024 11:37,11:37,12,0,0, JOSEPHINE ST & E COLFAX AVE,1,1,0,0,1,4,0,0,30,0,0,0,0,0,4,2,16
,2024-007389,39.78002553,-104.7590095,3/12/2024 8:25,8:25,11,0,1,E 46TH AVE & N FLANDERS WY,1,1,0,0,1,1,1,0,25,0,1,0,0,1,4,1,11
,2024-007408,39.73071148,-104.998634,3/11/2024 14:41,14:41,6,0,0,900  SANTA FE DR W 9TH AVE,1,1,0,0,1,4,0,0,30,0,0,0,0,0,4,3,16
,2024-007413,39.74244761,-105.0001307,2/20/2024 13:41,13:41,3,0,0,ST FRANCIS WAY & SOUTHBOUND SPEAR BLVD,1,1,0,0,1,1,0,0,10,0,0,0,0,0,4,2,7
,2024-007415,39.79109969,-105.0219198,3/12/2024 10:25,10:25,6,0,0,2800 W 52ND AVE & N ELIOT ST,1,1,0,0,1,4,0,0,30,0,0,0,0,0,4,2,3
,2024-007425,39.67845765,-104.9082014,3/5/2024 18:50,18:50,1,0,2,E EVANS AVE & S ONEIDA ST,1,3,1,0,1,1,0,0,30,0,0,0,0,3,4,2,16
,2024-007431,39.68950314,-105.0203788,3/12/2024 8:09,8:09,3,0,0, CLAY ST & W FLORIDA AVE,1,1,1,0,1,1,0,0,20,0,0,0,0,0,4,2,11
,2024-007434,39.73130556,-104.9406227,3/6/2024 13:50,13:50,12,0,0,COLORADO BLVD & E 9TH AVE,1,1,0,0,1,4,0,0,25,0,0,0,0,0,2,2,16
,2024-007435,39.67846361,-104.9128118,3/11/2024 12:15,12:15,12,0,0, MONACO ST & E EVANS AVE,1,1,0,0,1,1,0,0,,0,0,0,0,0,4,2,16
,2024-007436,39.65320074,-104.9175589,3/12/2024 8:20,8:20,12,0,0,E HAMPDEN AVE & I-25 NB RAMPS,1,1,0,0,1,3,0,0,40,0,0,0,0,0,2,3,3
,2024-007437,39.63706565,-104.8939934,3/12/2024 12:04,12:04,12,0,0,I-225 WB OFF RAMP SLIP & S TAMARAC ST,1,1,0,0,1,1,0,0,35,0,0,0,0,0,4,2,3
,2024-007438,39.78752973,-104.7898658,3/12/2024 15:21,15:21,15,0,0,PENA BLVD NB ON RAMP & GREEN VALLEY RANCH BLVD,1,1,2,0,1,4,0,0,45,0,0,0,0,0,4,2,13
,2024-007444,39.78139133,-104.8688496,3/11/2024 21:13,21:13,6,0,0,GENEVA ST & E 46TH AVE,1,3,0,0,1,4,0,0,25,0,0,0,0,0,4,2,3
,2024-007483,39.78434488,-105.0252102,3/12/2024 12:15,12:15,6,0,0,I-70 & N FEDERAL BLVD,1,1,0,0,1,4,0,0,55,0,0,0,0,0,1,3,16
,2024-007582,39.77319002,-104.8098795,3/12/2024 10:01,10:01,11,0,1,E 40TH AVE & CHAMBERS RD,1,1,1,0,1,1,0,0,40,0,1,0,0,3,4,1,13
,2024-007583,39.64016492,-104.9108248,3/13/2024 9:55,9:55,12,0,0,I-25 & E QUINCY AVE,1,1,0,0,1,4,0,0,65,0,0,0,0,0,1,2,13
,2024-007593,39.74231514,-104.9993361,3/14/2024 14:02,14:02,3,0,0, SPEER BLVD & CHAMPA ST,4,1,0,2,1,1,0,0,35,0,0,0,0,0,4,2,13
,2024-007595,39.69662441,-104.9128903,3/12/2024 17:00,17:00,3,0,0, MONACO ST & E MISSISSIPPI AVE,1,1,0,0,1,1,0,0,30,0,0,0,0,1,4,2,1
,2024-007596,39.7384251,-104.9752968,3/13/2024 12:42,12:42,3,0,0, OGDEN ST & E 14TH AVE,1,1,0,0,1,1,0,0,20,0,0,0,0,0,4,2,16
,2024-007597,39.76926739,-105.020524,3/13/2024 8:10,8:10,3,0,0, CLAY ST & W 38TH AVE,1,1,0,0,1,1,0,0,20,0,0,0,0,1,4,2,10
,2024-007598,39.74800663,-104.9034428,3/5/2024 16:13,16:13,12,0,0, QUEBEC ST & E MONTVIEW BLVD,1,1,0,0,1,4,0,0,30,0,0,0,0,0,4,2,14
,2024-007599,39.79838752,-104.7864705,3/13/2024 15:23,15:23,12,0,0,E 56TH AVE,1,1,0,0,1,4,0,0,65,0,0,0,0,0,2,2,11
,2024-007602,39.72558907,-105.0131311,3/12/2024 6:54,6:54,12,0,1,I-25 & W 6TH AVE,1,1,0,0,1,4,0,0,60,0,0,0,0,1,1,2,13
,2024-007605,39.77800175,-104.9128804,2/29/2024 16:33,16:33,3,0,0,E 44TH AVE & N MONACO ST,1,1,0,0,1,1,0,0,35,0,0,0,0,1,4,2,16
,2024-007607,39.75360424,-105.0221912,3/14/2024 11:03,11:03,6,0,0,W 25TH AVE & N DECATUR ST,4,1,0,2,1,3,0,0,25,0,0,0,0,0,4,2,13
,2024-007608,39.74326102,-104.9597834,3/13/2024 8:45,8:45,12,0,0,E 17TH AVE & N YORK ST,1,1,0,0,1,1,0,0,30,0,0,0,0,0,4,2,3
,2024-007611,39.755175,-105.0130619,3/13/2024 8:41,8:41,12,0,1,I-25 & SB OFF RAMP EXT TO W 23RD AVE,1,1,0,0,1,8,0,0,55,0,0,0,0,1,1,2,16
,2024-007612,39.71325397,-104.9994137,3/13/2024 11:27,11:27,15,0,0, KALAMATH ST & W CEDAR AVE,1,1,3,0,1,3,0,0,25,0,0,0,0,0,4,2,6
,2024-007613,39.71949122,-104.9498065,3/12/2024 16:00,16:00,3,0,0, STEELE ST & E 2ND AVE,1,1,0,0,1,2,0,0,,0,0,0,0,0,4,2,3
,2024-007617,39.70665358,-104.9965503,3/2/2024 17:00,17:00,12,0,0, SANTA FE DR & I-25,1,1,0,0,1,1,0,0,45,0,0,0,0,0,2,2,16
,2024-007618,39.7842226,-105.0251663,3/13/2024 17:31,17:31,12,0,0,I-70 & N FEDERAL BLVD,11,1,0,1,1,4,0,0,55,0,0,0,0,0,1,2,13
,2024-007621,39.73870282,-104.9034649,3/14/2024 9:14,9:14,3,0,1, QUEBEC ST & E 14TH AVE,9,1,1,2,1,1,0,0,35,0,0,0,0,1,4,2,16
,2024-007627,39.78596605,-104.8470447,3/13/2024 19:47,19:47,3,0,0, PEORIA ST & E ANDREWS DR,11,3,0,1,1,2,0,0,40,0,0,0,0,0,4,3,13
,2024-007628,39.70234039,-105.0215388,3/13/2024 6:49,6:49,6,0,0,700  DALE CT W OHIO AVE,1,1,0,0,1,4,0,0,20,0,0,0,0,0,4,3,2
,2024-007632,39.73870271,-104.8952449,3/15/2024 18:34,18:34,10,0,0,E 14TH AVE & N TAMARAC ST,1,1,0,0,1,1,0,0,30,0,0,0,0,0,4,2,8
,2024-007633,39.70036042,-105.0482049,3/11/2024 17:34,17:34,12,0,0,MORRISON RD & W KENTUCKY AVE,1,1,0,0,1,3,0,0,25,0,0,0,0,0,4,2,13
,2024-007638,39.73849206,-105.0519803,3/9/2024 14:53,14:53,6,0,0,W 14TH AVE & N ZENOBIA ST,1,1,0,0,3,4,0,0,25,0,0,0,0,0,4,3,1
,2024-007639,39.69772227,-104.9830271,3/13/2024 17:23,17:23,12,0,0,I-25 & S LOGAN ST,11,2,0,1,1,4,0,0,50,0,0,0,0,0,2,2,13
,2024-007640,39.75860109,-104.9524285,3/14/2024 7:30,7:30,6,0,0, MILWAUKEE ST & E 29TH AVE,9,1,0,2,1,4,0,0,20,0,0,0,0,0,4,2,16
,2024-007644,39.75646213,-105.0092778,3/13/2024 21:36,21:36,3,0,0,15TH ST & PLATTE ST,7,3,0,2,1,1,0,0,30,0,0,0,0,0,4,2,7
,2024-007646,39.63289209,-104.9064137,3/14/2024 6:25,6:25,9,0,1,I-225 SB OFF RAMP & I-25,4,1,1,2,2,8,0,0,55,0,0,0,0,1,1,1,7
,2024-007647,39.77825002,-104.9222932,3/13/2024 21:22,21:22,15,0,0,I-70 & N HOLLY ST,11,3,0,1,1,4,0,0,50,0,0,0,0,0,1,2,16
,2024-007650,39.63922221,-104.9106642,3/14/2024 8:46,8:46,15,0,1,I-25 & I-225 NB ON RAMP ENT,4,1,0,2,1,4,0,0,55,0,0,0,0,1,1,2,16
,2024-007653,39.76545181,-104.8657906,2/23/2024 13:54,13:54,15,0,0,3600  HAVANA ST & E SMITH RD,1,1,0,0,1,4,0,0,,0,0,0,0,0,4,2,16
,2024-007654,39.70042022,-105.0481214,3/14/2024 18:00,18:00,3,0,1,MORRISON RD & W KENTUCKY AVE,7,1,0,2,1,1,0,0,25,0,0,0,0,2,4,2,13
,2024-007655,39.68228963,-105.0526743,3/10/2024 17:59,17:59,12,0,1,5100 W JEWELL AVE S SHERIDAN BLVD,1,1,0,0,1,4,0,0,35,0,0,0,0,2,4,3,16
,2024-007658,39.76875104,-104.9940493,3/8/2024 17:24,17:24,12,0,0,I-25 & PARK AVE W,1,1,0,0,1,4,0,0,55,0,0,0,0,0,1,2,13
,2024-007662,39.68941605,-104.9870973,2/21/2024 7:54,7:54,14,0,0,1500  BROADWAY ST & W FLORIDA AVE,1,1,0,0,1,9,0,0,15,0,0,0,0,0,4,2,16
,2024-007663,39.77822314,-104.9041,2/12/2024 17:00,17:00,12,0,1,I-70 EB & N QUEBEC ST,1,1,0,0,1,4,0,0,,0,0,0,0,1,1,2,16
,2024-007664,39.6783804,-104.9437966,3/13/2024 13:10,13:10,3,0,0,E EVANS AVE & S JACKSON ST,1,1,0,0,1,2,0,0,25,0,0,0,0,0,4,2,3
,2024-007668,39.74891384,-104.9873973,3/2/2024 18:17,18:17,15,0,0, BROADWAY ST & 20TH ST,1,3,0,0,1,1,0,0,30,0,0,0,0,0,4,2,16
,2024-007670,39.70844509,-104.9593279,3/4/2024 8:36,8:36,15,0,0, UNIVERSITY BLVD & E DAKOTA AVE,1,1,3,0,1,4,0,0,30,0,0,0,0,0,4,2,10
,2024-007672,39.68950314,-105.0203788,3/13/2024 16:56,16:56,3,0,0, CLAY ST & W FLORIDA AVE,11,2,0,1,1,1,0,0,20,0,0,0,0,0,4,2,7
,2024-007673,39.76199511,-104.9659556,3/13/2024 10:20,10:20,15,0,0,E MLK BLVD & N WILLIAMS ST,1,1,0,0,1,1,0,0,,0,0,0,0,0,4,2,16
,2024-007675,39.8036758,-104.7626736,3/13/2024 7:16,7:16,6,0,0,19200 E 59TH AVE N DUNKIRK ST,1,1,0,0,1,4,0,0,30,0,0,0,0,0,4,2,16
,2024-007677,39.79837614,-104.7863789,3/14/2024 5:58,5:58,12,0,0,TOWER RD,12,3,0,2,1,4,0,0,65,0,0,0,0,0,2,2,11
,2024-007686,39.78389255,-105.0251902,3/15/2024 11:43,11:43,1,0,0, FEDERAL BLVD & I-70 EB RAMPS,1,1,0,0,1,1,0,0,40,0,0,0,0,0,2,2,16
,2024-007688,39.79697471,-104.809692,3/11/2024 3:44,3:44,5,0,0, CHAMBERS RD & E MARCH PL,1,3,0,0,6,3,0,0,,0,0,0,0,0,4,1,16
,2024-007689,39.78406293,-104.9893633,3/13/2024 8:46,8:46,15,0,1,I-25 **HOV** & W 48TH AVE,1,1,0,0,1,13,0,0,55,0,0,0,0,1,1,2,3
,2024-007690,39.67847,-104.926745,3/13/2024 9:04,9:04,3,0,0,E EVANS AVE & S GRAPE ST,1,1,0,0,1,2,0,0,35,0,0,0,0,0,4,2,11
,2024-007691,39.74014046,-104.9969489,3/13/2024 22:52,22:52,12,0,0,W COLFAX AVE & WELTON ST,7,3,0,2,1,1,0,0,30,0,0,0,0,0,2,2,3
,2024-007692,39.77729109,-104.8829709,3/15/2024 13:22,13:22,12,0,0, CENTRAL PARK BLVD & I-70 WB OFF RAMP,2,1,0,0,1,1,0,0,40,0,0,0,0,0,4,2,3
,2024-007694,39.77987559,-104.9671668,3/11/2024 10:06,10:06,12,0,0,I-70 & N BRIGHTON BLVD,1,1,0,0,1,4,0,0,55,0,0,0,0,0,1,2,10
,2024-007695,39.66702084,-104.9407882,3/13/2024 18:36,18:36,10,0,0, COLORADO BLVD & E YALE AVE,11,1,1,1,1,2,0,0,35,0,0,0,0,0,2,2,11
,2024-007696,39.68379683,-105.0297913,3/13/2024 8:15,8:15,6,0,1, IRVING ST & W BAILS PL,1,1,0,0,1,4,0,0,25,0,0,0,0,2,4,3,2
,2024-007697,39.83340144,-104.7719619,3/13/2024 16:59,16:59,3,0,0,N TOWER RD,11,1,0,0,1,1,0,0,20,0,0,0,0,0,4,2,16
,2024-007698,39.76820347,-104.9944104,3/11/2024 6:46,6:46,12,0,0,I-25 & NB OFF RAMP TO I-70,1,2,1,0,1,8,0,0,55,0,0,0,0,0,1,3,14
,2024-007699,39.74013192,-104.9873893,3/13/2024 20:36,20:36,1,0,1,E COLFAX AVE & N BROADWAY ST,11,3,0,1,1,1,0,0,25,0,0,0,0,2,2,2,11
,2024-007700,39.76919338,-104.8278069,3/8/2024 16:44,16:44,12,0,2,I-70 EB OFF RAMP & I-225 SB,1,1,1,0,1,8,0,0,55,0,0,0,0,2,1,3,3
,2024-007701,39.77579387,-104.8677017,3/8/2024 14:50,14:50,12,0,1,I-70 & N PEORIA ST,1,1,0,0,1,4,0,0,55,0,0,0,0,1,1,2,10
,2024-007703,39.78485302,-104.8657572,3/13/2024 11:50,11:50,12,0,0,4800  HAVANA ST & E 48TH AVE,1,1,0,0,1,4,0,0,35,0,0,0,0,0,4,2,16
,2024-007704,39.79842592,-104.7343933,3/12/2024 18:00,18:00,3,0,1,E 56TH AVE & N PICADILLY RD,1,1,0,0,1,1,0,0,45,0,0,0,0,2,4,3,13
,2024-007705,39.69128139,-105.0250486,3/14/2024 3:48,3:48,12,0,0, FEDERAL BLVD & W ARKANSAS AVE,14,5,3,7,1,3,0,0,40,0,0,0,0,0,2,2,7
,2024-007707,39.65266859,-104.9175991,3/13/2024 12:51,12:51,12,0,0,I-25 NB OFF RAMP & E HAMPDEN AVE,1,1,1,0,1,8,0,0,40,0,0,0,0,0,4,2,13
,2024-007712,39.63848477,-104.8952469,3/15/2024 13:30,13:30,15,0,0,E QUINCY AVE & S TAMARRAC ST,7,1,0,0,1,4,0,0,30,0,0,0,0,0,4,2,13
,2024-007716,39.69657874,-104.9405608,3/15/2024 10:37,10:37,3,0,0,E MISSISSIPPI AVE & S COLORADO BLVD,11,1,0,0,1,1,0,0,25,0,0,0,0,0,2,3,13
,2024-007717,39.71209371,-105.0252078,3/15/2024 14:59,14:59,12,0,0,275  FEDERAL BLVD & W ALAMEDA AVE,11,1,0,0,1,4,0,0,35,0,0,0,0,0,2,2,14
,2024-007719,39.77656604,-105.0158551,3/15/2024 9:54,9:54,3,0,0,W 44TH AVE & N ZUNI ST,1,1,0,0,1,1,0,0,35,0,0,0,0,0,4,2,16
,2024-007720,39.74022191,-104.8952271,3/15/2024 11:18,11:18,15,0,0,E COLFAX AVE & N TAMARAC ST,11,1,0,0,1,1,0,0,30,0,0,0,0,0,2,2,13
,2024-007722,39.67663253,-104.9593916,3/13/2024 11:37,11:37,3,0,0,E WARREN AVE & S UNIVERSITY BLVD,1,1,0,0,1,9,0,0,20,0,0,0,0,0,4,2,11
,2024-007724,39.74004915,-105.0000677,3/13/2024 12:53,12:53,1,0,0,W COLFAX AVE & N KALAMATH ST,1,1,0,0,1,1,0,0,30,0,0,0,0,0,2,2,13
,2024-007726,39.77665511,-105.0252832,3/15/2024 14:26,14:26,12,0,1, FEDERAL BLVD & W 44TH AVE,1,1,0,0,1,3,0,0,35,0,0,0,0,2,2,2,13
,2024-007729,39.72412277,-105.0001885,3/12/2024 11:00,11:00,15,0,0, KALAMATH ST & W 5TH AVE,1,1,0,0,1,1,0,0,35,0,0,0,0,0,4,2,3
,2024-007735,39.7500791,-105.0049415,3/16/2024 9:00,9:00,12,0,0, SPEER BLVD & CHOPPER CIR,1,1,0,0,1,1,0,0,45,0,0,0,0,0,4,2,13
,2024-007743,39.74082455,-104.9761641,3/2/2024 11:45,11:45,14,0,0,1500  EMERSON ST & E 16TH AVE,1,1,0,0,1,1,0,0,,0,0,0,0,0,4,2,16
,2024-007744,39.71128469,-105.0372811,3/1/2024 16:18,16:18,3,0,2,W ALAMEDA AVE & S NEWTON ST,1,1,0,0,1,1,0,0,20,0,0,0,0,3,2,2,1
,2024-007745,39.77407092,-104.8428259,3/16/2024 2:56,2:56,15,0,1,I-70 WB OFF RAMP & N PEORIA ST,1,3,0,0,1,8,0,0,55,0,0,0,0,2,1,3,1
,2024-007746,39.70990041,-104.9803729,3/13/2024 7:38,7:38,10,0,0, PEARL ST & W ALAMEDA AVE,1,1,0,0,1,4,0,0,30,0,0,0,0,0,4,2,11
,2024-007748,39.67608252,-104.9318752,3/14/2024 12:53,12:53,5,0,2,I-25 & E EVANS AVE,7,1,1,7,2,4,0,0,55,0,0,0,0,1,1,1,16
,2024-007749,39.72991627,-105.0150307,3/12/2024 16:04,16:04,12,0,0,I-25 & W 8TH AVE,1,1,0,0,1,4,0,0,55,0,0,0,0,0,2,2,13
,2024-007751,39.75104341,-104.9407644,3/16/2024 16:55,16:55,1,0,6, COLORADO BLVD & E 23RD AVE,1,1,0,0,1,1,0,0,35,0,0,0,0,1,2,2,11
,2024-007752,39.76744785,-105.0005899,3/12/2024 23:50,23:50,6,0,0,3600  KALAMATH ST W 36TH AVE,1,4,1,0,1,4,0,0,20,0,0,0,0,0,4,3,1
,2024-007753,39.78001051,-104.9792162,3/13/2024 15:05,15:05,3,0,0, WASHINGTON ST & I-70 WB RAMPS,1,1,0,0,1,1,0,0,30,0,0,0,0,0,4,2,13
,2024-007754,39.7175836,-105.004418,3/16/2024 19:55,19:55,12,0,0,I-25 & W ALAMEDA AVE,1,3,0,0,1,4,0,0,65,0,0,0,0,0,1,2,3
,2024-007755,39.76162214,-104.984863,3/13/2024 11:05,11:05,10,0,0,BLAKE ST & 28TH ST,1,1,0,0,1,2,0,0,,0,0,0,0,0,4,2,16
,2024-007756,39.74487464,-104.9810798,3/12/2024 13:30,13:30,3,0,0, PENNSYLVANIA ST & E 18TH AVE,1,1,0,0,1,1,0,0,25,0,0,0,0,0,4,2,3
,2024-007757,39.65304434,-104.8720005,3/13/2024 7:04,7:04,10,0,1,9925 E HAMPDEN AVE & S FLORENCE ST,1,3,0,0,1,2,0,0,45,0,0,0,0,1,2,2,11
,2024-007758,39.76824461,-104.994316,3/6/2024 11:45,11:45,12,0,0,I-25 & I-70,1,1,0,1,1,8,0,0,45,0,0,0,0,0,1,2,13
,2024-007759,39.76024518,-105.0069621,3/13/2024 14:44,14:44,15,0,0,18TH ST & CENTRAL ST,1,1,3,0,1,4,0,0,30,0,0,0,0,0,4,3,16
,2024-007760,39.78430958,-104.8657509,3/13/2024 15:16,15:16,1,0,0, HAVANA ST & E 48TH AVE,1,1,0,0,1,1,0,0,40,0,0,0,0,0,4,3,13
,2024-007762,39.73800797,-105.0252739,3/16/2024 14:56,14:56,1,0,1, FEDERAL BLVD & W 14TH AVE,1,1,0,0,1,1,0,0,45,0,0,0,0,2,2,2,10
,2024-007763,39.77180525,-104.9036584,3/16/2024 14:24,14:24,12,0,0,E SMITH RD & N QUEBEC ST,1,1,0,0,1,4,0,0,30,0,0,0,0,0,4,2,11
,2024-007766,39.74021261,-104.9127933,3/16/2024 1:27,1:27,3,0,1,E COLFAX AVE & N MONACO ST PKWY,1,3,0,0,1,1,0,0,40,0,0,0,0,2,2,2,13
,2024-007767,39.73684888,-104.9861022,3/13/2024 15:33,15:33,2,0,1,E 13TH AVE & N LINCOLN ST,1,1,1,0,1,3,0,0,0,1,0,0,0,2,4,1,16
,2024-007768,39.7739759,-104.8466718,3/16/2024 0:04,0:04,12,0,1,I-70 & N PEORIA ST,1,3,1,0,1,4,0,0,55,0,0,0,0,2,1,2,1
,2024-007772,39.65330143,-105.0483894,3/16/2024 1:50,1:50,5,0,0,W HAMPDEN AVE & S SHERIDAN BLVD,11,3,0,0,2,4,0,0,55,0,0,0,0,0,2,1,14