id,drcog_id,latitude,longitude,crashtime,time,crashtype,numbkilled,numbinjurd,drcoglocat,rdconditin,lightngcon,roadcntgrd,weatherco,location,roaddescrp,schoolzone,constrzone,splimit,bikeinv,pedinv,sctrinv,motoinv,svrty,rdsystem,ttlvehcls,hcf
,2024-007775,39.7805397,-104.9496796,3/13/2024 17:13,17:13,12,0,0,I-70 & N VASQUEZ BLVD,11,1,0,1,1,4,0,0,55,0,0,0,0,0,1,2,10
,2024-007777,39.70040651,-105.0250848,3/13/2024 18:32,18:32,1,0,0, FEDERAL BLVD & W KENTUCKY AVE,11,3,0,1,1,1,0,0,40,0,0,0,0,0,2,2,13
,2024-007781,39.75483013,-105.0532448,3/15/2024 20:27,20:27,15,0,0, SHERIDAN BLVD & W 26TH AVE,1,3,0,0,1,1,0,0,35,0,0,0,0,0,2,2,7
,2024-007783,39.68212172,-104.9924169,3/12/2024 14:15,14:15,3,0,0,W JEWELL AVE & S SANTA FE DR,1,1,0,0,1,1,0,0,25,0,0,0,0,0,2,2,3
,2024-007784,39.79838676,-104.7863774,3/11/2024 20:30,20:30,12,0,1,PENA BLVD & E 56TH AVE,1,3,1,0,1,4,0,0,,0,0,0,0,1,4,2,13
,2024-007785,39.75277985,-104.9745667,1/10/2024 23:57,23:57,6,0,0, OGDEN ST & E 26TH AVE,1,3,0,0,1,4,0,0,,0,0,0,0,0,4,3,16
,2024-007786,39.71483774,-104.9875248,3/15/2024 19:45,19:45,12,0,0, BROADWAY & E BAYAUD AVE,1,3,0,0,1,1,0,0,30,0,0,0,0,0,4,2,7
,2024-007787,39.72922688,-104.9394579,3/15/2024 21:06,21:06,3,0,0, ALBION ST & E 8TH AVE,1,3,0,0,1,1,0,0,20,0,0,0,0,0,4,2,11
,2024-007789,39.74751129,-104.8846771,3/16/2024 0:09,0:09,12,0,1, CENTRAL PARK BLVD & E MONTVIEW BLVD,1,3,0,0,1,3,0,0,40,0,0,0,0,2,4,2,14
,2024-007790,39.75388011,-104.9983549,3/16/2024 1:19,1:19,12,0,0,WYNKOOP ST & 18TH ST,12,3,0,0,1,4,0,0,25,0,0,0,0,0,4,2,14
,2024-007791,39.74854089,-105.0019762,3/15/2024 2:44,2:44,5,0,1,14TH ST & BLAKE ST,11,3,0,1,2,3,0,0,25,0,0,0,0,2,4,1,16
,2024-007794,39.73312204,-105.0532214,3/15/2024 22:21,22:21,12,0,1, SHERIDAN BLVD & W 10TH AVE,11,3,0,0,1,3,0,0,35,0,0,0,0,2,2,2,14
,2024-007796,39.65283745,-105.0556659,3/16/2024 1:09,1:09,5,0,1,W HAMPDEN  FRTG & S SHERIDAN BLVD,11,3,0,0,2,4,0,0,30,0,0,0,0,2,4,1,14
,2024-007802,39.74378869,-104.9081629,3/16/2024 0:01,0:01,3,0,1, ONEIDA ST & E 17TH AVE,1,3,0,0,1,1,0,0,25,0,0,0,0,2,4,2,1
,2024-007804,39.70407697,-105.0429143,3/13/2024 23:30,23:30,6,0,0,4225 MORRISON RD & W WALSH PL,11,3,0,2,1,4,0,0,35,0,0,0,0,0,4,2,16
,2024-007809,39.73870557,-104.897556,2/8/2024 16:42,16:42,10,0,0,E 14TH AVE & N SPRUCE ST,1,1,0,0,1,1,0,0,30,0,0,0,0,1,4,2,13
,2024-007813,39.75775055,-104.9985751,3/15/2024 22:39,22:39,3,0,0,20TH ST & CHESTNUT PL,1,3,0,0,1,1,0,0,35,0,0,0,0,0,4,2,16
,2024-007819,39.78384201,-105.0064371,3/16/2024 12:09,12:09,15,0,0, PECOS ST & W 48TH AVE,1,1,0,0,1,6,0,0,25,0,0,0,0,0,1,2,16
,2024-007822,39.68472479,-104.9594473,3/16/2024 7:15,7:15,5,0,0,I-25 & S UNIVERSITY BLVD,14,5,3,7,1,4,0,0,,0,0,0,0,0,4,2,16
,2024-007898,39.74655,-105.0045,2/22/2024 11:31,11:31,5,0,0,11TH ST & WALNUT ST,1,1,0,0,1,1,0,0,30,0,0,0,0,0,4,1,8
,2024-007902,39.75775055,-104.9985751,3/16/2024 23:02,23:02,1,0,0,20TH ST & CHESTNUT PL,1,3,2,0,1,1,0,0,35,0,0,0,0,0,4,2,16
,2024-007904,39.77864478,-104.7671329,3/15/2024 7:39,7:39,6,0,0,E CHAFFEE PL & N BISCAY ST,5,3,0,2,1,1,0,0,,0,0,0,0,0,4,2,16
,2024-007908,39.74014776,-104.9474529,3/16/2024 23:53,23:53,10,0,0,E COLFAX AVE & N COOK ST,1,3,0,0,1,2,0,0,35,0,0,0,0,0,2,2,16
,2024-007911,39.72932283,-105.0148371,3/17/2024 2:27,2:27,5,0,1,I-25 & W 8TH AVE,1,3,2,0,2,4,0,0,65,0,0,0,0,3,1,1,14
,2024-007912,39.7610145,-104.9788481,3/16/2024 16:56,16:56,3,0,0,30TH ST & ARAPAHOE ST,1,1,0,0,1,9,0,0,25,0,0,0,0,0,4,2,14
,2024-007914,39.7835571,-105.0532792,3/16/2024 14:20,14:20,12,0,0, SHERIDAN BLVD & W 48TH AVE,1,1,0,0,1,4,0,0,35,0,0,0,0,0,2,2,16
,2024-007915,39.73526563,-104.9870462,2/29/2024 10:29,10:29,12,0,0,1200  BROADWAY ST & E 12TH AVE,1,1,0,0,1,4,0,0,30,0,0,0,0,0,4,2,16
,2024-007918,39.68503744,-104.9037197,3/16/2024 15:04,15:04,1,0,0,E CHERRY CREEK  DR & S QUEBEC ST,1,1,0,0,1,4,0,0,,0,0,0,0,0,4,2,13
,2024-007921,39.77928768,-104.9033977,3/15/2024 16:48,16:48,12,0,0, NORTHFIELD QUEBEC ST & I-70,1,1,0,0,1,1,0,0,35,0,0,0,0,0,2,2,11
,2024-007924,39.66763114,-104.912967,3/8/2024 20:34,20:34,12,0,0,E YALE AVE & S MONACO ST,1,3,0,0,1,4,0,0,35,0,0,0,0,0,4,2,1
,2024-007928,39.75835099,-105.0093383,3/15/2024 22:30,22:30,11,0,1,16TH ST & CENTRAL ST,1,3,0,0,1,4,0,0,0,0,1,0,0,3,4,1,16
,2024-007930,39.71112785,-105.0326979,3/17/2024 11:24,11:24,12,0,0,W ALAMEDA AVE & MORRISON RD,1,1,0,0,1,1,0,0,35,0,0,0,0,0,2,3,14
,2024-007933,39.7236381,-105.0111281,3/17/2024 13:35,13:35,12,0,0,I-25 NB OFF RAMP & W 6TH AVE FWY WB,1,1,0,0,1,8,0,0,55,0,0,0,0,0,1,2,3
,2024-007934,39.69491919,-104.9827666,3/17/2024 1:50,1:50,6,0,0, LOGAN ST & E ARIZONA AVE,1,3,0,0,1,4,0,0,30,0,0,0,0,0,4,3,3
,2024-007936,39.72927316,-104.9162583,3/15/2024 11:05,11:05,12,0,1,E 8TH AVE & N KRAMERIA ST,7,1,0,0,1,3,0,0,30,0,0,0,0,3,4,2,10
,2024-007941,39.74008042,-104.9034579,3/16/2024 11:12,11:12,1,0,0, QUEBEC ST & E COLFAX AVE,1,1,0,0,1,1,0,0,35,0,0,0,0,0,2,2,13
,2024-007942,39.78014105,-104.9633568,3/17/2024 1:44,1:44,15,0,1,I-70 & EB ON RAMP MERGE PT FROM N BRIGHTON BLVD,1,3,0,0,1,8,0,0,65,0,0,0,0,2,1,2,11
,2024-007943,39.7618961,-105.0040095,3/16/2024 16:39,16:39,12,0,0,I-25 & 20TH ST,1,1,0,0,1,4,0,0,55,0,0,0,0,0,1,2,13
,2024-007944,39.77912501,-104.989167,3/16/2024 22:31,22:31,15,0,1,I-25 & I-70,1,3,0,0,1,4,0,0,55,0,0,0,0,2,1,2,1
,2024-007946,39.6676264,-104.9035093,3/8/2024 20:40,20:40,3,0,0,E YALE AVE & S QUEBEC ST,1,3,0,0,1,1,0,0,35,0,0,0,0,0,4,2,16
,2024-007949,39.78927953,-104.8470876,3/16/2024 16:13,16:13,15,0,2,E 51ST AVE & N PEORIA ST,1,1,0,0,1,1,0,0,25,0,0,0,0,2,4,2,11
,2024-007950,39.74274113,-105.0406347,2/21/2024 22:01,22:01,6,0,0,W 16TH AVE & N QUITMAN ST,1,3,0,0,1,3,0,0,20,0,0,0,0,0,4,2,16
,2024-007953,39.69476656,-104.9128905,3/1/2024 23:17,23:17,5,0,0,1200  MONACO ST E ARIZONA AVE,1,4,0,0,3,4,0,0,,0,0,0,0,0,4,1,16
,2024-007961,39.71106096,-104.9269795,3/17/2024 4:40,4:40,6,0,0,330  FOREST ST & E ALAMEDA AVE,1,3,0,0,1,4,0,0,25,0,0,0,0,0,4,2,14
,2024-007963,39.73204586,-104.9874031,3/17/2024 0:21,0:21,5,0,0,W 10TH AVE & N BROADWAY ST,1,3,0,0,1,3,0,0,,0,0,0,0,0,4,1,8
,2024-007969,39.71108422,-105.0249415,3/15/2024 17:43,17:43,11,0,0, FEDERAL BLVD & W ALAMEDA AVE,2,1,0,0,1,1,0,0,0,0,0,1,0,0,2,1,16
,2024-007970,39.69311534,-105.0250363,3/3/2024 2:15,2:15,5,0,0, FEDERAL BLVD & W LOUISIANA AVE,1,3,0,0,1,1,0,0,,0,0,0,0,0,2,1,16
,2024-007977,39.76564164,-105.0096119,3/16/2024 17:48,17:48,15,0,0, SHOSHONE ST & W 35TH AVE,1,1,0,0,1,1,0,0,35,0,0,0,0,0,4,2,16
,2024-008027,39.77998736,-104.9789833,3/13/2024 17:24,17:24,12,0,0, WASHINGTON ST & I-70 WB RAMPS,11,1,0,1,1,1,0,0,35,0,0,0,0,0,4,2,16
,2024-008028,39.6962879,-104.9874344,3/9/2024 11:13,11:13,15,0,0,1100  BROADWAY ST E MISSISSIPPI AVE,1,1,0,0,1,4,0,0,35,0,0,0,0,0,4,2,16
,2024-008030,39.75122674,-105.0173723,3/10/2024 22:54,22:54,1,0,0,W 23RD AVE & I-25 SB RAMPS,1,3,0,0,1,1,0,0,30,0,0,0,0,0,4,2,16
,2024-008032,39.7828648,-104.7648974,3/2/2024 3:31,3:31,6,0,0, ARGONNE ST & E GREEN VALLEY RANCH BLVD,1,4,0,0,1,4,0,0,,0,0,0,0,0,4,3,16
,2024-008034,39.65153485,-104.9191345,3/16/2024 21:30,21:30,6,0,0,HILLCREST DR & ITHICA PL,11,5,1,7,1,4,0,0,25,0,0,0,0,0,4,3,14
,2024-008039,39.77851987,-104.9039782,3/15/2024 22:33,22:33,15,0,0,I-70 & N NORTHFIELD QUEBEC ST,1,3,0,0,1,13,0,0,55,0,0,0,0,0,1,2,11
,2024-008040,39.7474663,-104.8881563,3/15/2024 16:40,16:40,2,0,1,E MONTVIEW BLVD & WILLOW ST,1,1,0,0,1,2,0,0,0,1,0,0,0,3,4,1,16
,2024-008043,39.72488375,-105.0126207,3/11/2024 15:52,15:52,12,0,0,I-25 & W 6TH AVE,1,1,0,0,1,4,0,0,55,0,0,0,0,0,1,3,16
,2024-008046,39.74020806,-104.9199464,3/16/2024 10:52,10:52,11,0,1,E COLFAX AVE & N IVY ST,1,1,0,0,1,1,0,0,0,0,0,1,0,2,2,1,16
,2024-008047,39.72911064,-104.9601928,3/17/2024 19:53,19:53,3,0,0,E 8TH AVE & N YORK ST,1,3,0,0,1,1,0,0,30,0,0,0,0,0,4,2,3
,2024-008078,39.71116069,-104.9863693,3/17/2024 9:42,9:42,3,0,0,E ALAMEDA AVE & S LINCOLN ST,1,1,0,0,1,1,0,0,30,0,0,0,0,0,4,2,6
,2024-008081,39.73924132,-104.9861877,2/12/2024 17:50,17:50,15,0,0,1400  LINCOLN ST,1,1,0,7,1,4,0,0,25,0,0,0,0,0,4,2,16
,2024-008085,39.75966475,-105.0268432,3/18/2024 8:15,8:15,6,0,0, GROVE ST & W 30TH AVE,1,1,0,0,1,4,0,0,,0,0,0,0,0,4,2,16
,2024-008086,39.7111855,-105.0015651,3/18/2024 7:38,7:38,12,0,0,W ALAMEDA AVE & S LIPAN ST,1,1,0,0,1,3,0,1,25,0,0,0,0,0,2,2,3
,2024-008087,39.78283028,-104.9993041,3/17/2024 19:15,19:15,12,0,0,I-70 & WB OFF RAMP EXT TO N PECOS ST,1,3,0,0,1,4,0,0,55,0,0,0,0,0,1,2,16
,2024-008088,39.73801113,-105.0251007,3/18/2024 12:52,12:52,12,0,1, FEDERAL BLVD & W HOWARD PL,1,1,1,0,1,3,0,0,35,0,0,0,0,1,2,3,1
,2024-008089,39.72285471,-104.9406293,3/17/2024 17:32,17:32,6,0,0,386  COLORADO BLVD & E 4TH AVE,1,1,0,0,1,9,0,0,10,0,0,0,0,0,4,2,14
,2024-008091,39.7162259,-104.9407885,3/18/2024 8:51,8:51,3,0,1, COLORADO BLVD & E ELLSWORTH AVE,1,1,1,0,1,1,0,0,35,0,0,0,0,2,2,2,11
,2024-008092,39.74059798,-105.0154416,3/18/2024 11:54,11:54,12,0,1,I-25 & W COLFAX AVE,1,1,0,0,1,8,0,0,45,0,0,0,0,1,2,2,16
,2024-008093,39.69128624,-105.029717,3/18/2024 9:10,9:10,3,0,1,W ARKANSAS AVE & S IRVING ST,1,1,0,0,1,1,0,0,25,0,0,0,0,2,4,2,11
,2024-008094,39.69978395,-105.0203693,3/17/2024 19:00,19:00,6,0,0, CLAY ST & W KENTUCKY AVE,1,4,0,0,1,4,0,0,25,0,0,0,0,0,4,2,16
,2024-008107,39.74327313,-104.9835889,3/17/2024 22:00,22:00,11,0,0,E 17TH AVE & N GRANT ST,1,3,0,0,1,1,0,0,35,0,0,1,0,0,4,1,16
,2024-008109,39.77913768,-104.9791815,3/11/2024 12:45,12:45,1,0,0, WASHINGTON ST & I-70 EB RAMPS,1,1,0,0,1,1,0,0,35,0,0,0,0,0,4,2,13
,2024-008110,39.75201037,-104.9938032,3/17/2024 21:11,21:11,3,0,0,19TH ST & LARIMER ST,1,3,0,0,1,1,0,0,30,0,0,0,0,0,4,2,16
,2024-008112,39.7621923,-105.0532422,3/18/2024 7:15,7:15,12,0,2, SHERIDAN BLVD & W 32ND AVE,11,1,1,0,1,4,0,0,35,0,0,0,0,2,2,3,1
,2024-008114,39.77288889,-104.8340222,3/18/2024 7:20,7:20,5,0,0,I-70 & I-225 SB RAMP GORE PT,1,1,0,0,3,8,0,0,55,0,0,0,0,0,1,1,11
,2024-008115,39.7291744,-105.0028413,3/16/2024 10:41,10:41,6,0,0,MARIPOSA ST & W 8TH AVE,1,1,0,0,1,4,0,0,,0,0,0,0,0,4,2,16
,2024-008117,39.73345505,-104.9835918,3/16/2024 15:09,15:09,3,0,2, GRANT ST & E 10TH AVE,1,1,0,0,1,2,0,0,30,0,0,0,0,2,4,3,8
,2024-008122,39.75114777,-105.0166484,3/3/2024 14:24,14:24,12,0,2,I-25 & W 23RD AVE,1,1,0,0,1,4,0,0,55,0,0,0,0,2,1,2,1
,2024-008123,39.65677179,-104.920162,3/14/2024 19:25,19:25,12,0,0,I-25 & E HAMPDEN AVE,8,3,0,2,1,4,0,0,60,0,0,0,0,0,1,2,14
,2024-008124,39.84012815,-104.6718528,3/18/2024 18:50,18:50,15,0,0,8400 PENA BLVD,1,1,0,0,1,1,0,0,35,0,0,0,0,0,4,2,16
,2024-008126,39.77822436,-104.9035531,3/18/2024 17:29,17:29,12,0,0,I-70 & N NORTHFIELD QUEBEC ST,1,1,0,0,1,4,0,0,55,0,0,0,0,0,1,2,10
,2024-008127,39.73685143,-104.9873938,3/17/2024 13:40,13:40,3,0,0,E 13TH AVE & BROADWAY,1,1,1,0,1,1,0,0,30,0,0,0,0,0,4,2,13
,2024-008128,39.71497328,-105.032449,3/18/2024 8:47,8:47,10,0,0,W BAYAUD AVE & S KNOX CT,1,1,0,0,1,1,0,0,25,0,0,0,0,0,4,2,1
,2024-008133,39.74050475,-105.0214754,3/18/2024 18:36,18:36,3,0,1,W COLFAX AVE & N ELIOT ST,1,3,0,0,1,1,0,0,30,0,0,0,0,1,2,2,16
,2024-008142,39.71321862,-104.9386528,3/18/2024 8:38,8:38,12,0,0,LEETSDALE DR & E CEDAR AVE,1,1,0,0,1,4,0,0,30,0,0,0,0,0,2,2,13
,2024-008143,39.72055803,-105.0076594,3/18/2024 12:46,12:46,12,0,0,I-25 & NB OFF RAMP MERGE PT TO W 6TH AVE,1,1,1,0,1,8,0,0,55,0,0,0,0,0,1,4,13
,2024-008144,39.84928164,-104.6726895,3/14/2024 23:27,23:27,16,0,0,PENA BLVD & E 86TH AVE,7,3,0,2,5,4,0,0,10,0,0,0,0,0,3,1,14
,2024-008145,39.71848873,-104.9826119,3/16/2024 3:53,3:53,6,0,0, LOGAN ST & E 1ST AVE,1,3,0,7,1,4,0,0,25,0,0,0,0,0,4,3,16
,2024-008156,39.70343196,-104.990974,3/16/2024 12:35,12:35,12,0,0,I-25 & NB OFF RAMP GORE PT TO S SANTA FE DR,1,1,0,0,1,4,0,0,55,0,0,0,0,0,1,3,13
,2024-008159,39.72998325,-105.0475027,3/17/2024 15:29,15:29,6,0,0, WINONA CT & W 8TH AVE,1,1,1,0,1,4,0,0,25,0,0,0,0,0,4,3,12
,2024-008161,39.66371913,-104.8872251,3/17/2024 9:00,9:00,6,0,0, XANTHIA CT & E BATES AVE,1,1,0,0,1,4,0,0,20,0,0,0,0,0,4,2,16
,2024-008163,39.85193,-104.67405,3/9/2024 13:10,13:10,15,0,0,PENA BLVD & DOOR 410,1,1,0,0,1,4,0,0,10,0,0,0,0,0,4,2,13
,2024-008165,39.71466007,-104.9407886,3/17/2024 18:35,18:35,1,0,1, COLORADO BLVD & E BAYAUD AVE,1,1,0,0,1,1,0,0,35,0,0,0,0,1,2,2,11
,2024-008177,39.74000712,-104.9861326,3/17/2024 20:54,20:54,15,0,0, LINCOLN ST & E COLFAX AVE,1,3,0,7,1,1,0,0,40,0,0,0,0,0,2,2,11
,2024-008178,39.69083899,-105.0390583,3/7/2024 0:16,0:16,6,0,0, PATTON CT & W ARKANSAS AVE,1,3,0,0,3,4,0,0,,0,0,0,0,0,4,2,16
,2024-008179,39.79080358,-104.9852027,2/15/2024 15:30,15:30,6,0,0,SHERMAN ST & E 52ND AVE,1,1,0,0,1,4,0,0,,0,0,0,0,0,4,2,16
,2024-008181,39.75175194,-104.9958688,3/15/2024 17:10,17:10,3,0,0,18TH ST & MARKET ST,9,3,0,0,1,1,0,0,30,0,0,0,0,0,4,2,13
,2024-008183,39.67502036,-105.0178671,3/18/2024 8:29,8:29,6,0,0,W ILIFF AVE & S BRYANT ST,1,1,0,0,1,4,0,0,20,0,0,0,0,0,4,2,16
,2024-008184,39.7255802,-104.9717629,3/17/2024 13:55,13:55,3,0,0,E 6TH AVE & N MARION ST,1,1,0,0,1,1,0,0,25,0,0,0,0,1,4,2,13
,2024-008187,39.75388907,-104.9913826,3/16/2024 17:07,17:07,1,0,0,LARIMER ST & 21ST ST,1,1,0,0,1,1,0,0,,0,0,0,0,0,4,2,16
,2024-008188,39.74322578,-104.964756,3/18/2024 9:04,9:04,3,0,1, HIGH ST & E 17TH AVE,1,1,0,0,1,1,0,0,30,0,0,0,0,2,4,2,3
,2024-008190,39.71491294,-105.0011813,3/18/2024 17:27,17:27,12,0,1,I-25 & W ALAMEDA AVE,1,2,0,0,1,4,0,0,50,0,0,0,0,2,1,4,16
,2024-008191,39.63859818,-104.8969093,3/3/2024 18:00,18:00,16,0,0,8000 E QUINCY AVE & PRIVATE PROPERTY,1,2,0,0,5,7,0,0,,0,0,0,0,0,3,2,16
,2024-008192,39.65496861,-104.8709619,3/18/2024 19:12,19:12,6,0,0,E GIRARD AVE & S GALENA ST,1,3,0,0,1,4,0,0,20,0,0,0,0,0,4,3,16
,2024-008197,39.76085605,-105.0299044,3/4/2024 16:14,16:14,6,0,0, IRVING ST & W 31ST AVE,1,1,0,0,1,1,0,0,25,0,0,0,0,0,4,2,16
,2024-008198,39.78573028,-104.883067,3/17/2024 17:16,17:16,3,0,2,E NORTHFIELD BLVD & N CENTRAL PARK BLVD,1,2,3,0,1,1,0,0,35,0,0,0,0,3,4,2,3
,2024-008200,39.67847405,-104.9226318,3/18/2024 14:56,14:56,15,0,0,E EVANS AVE & S HOLLY ST,1,1,0,0,1,4,0,0,35,0,0,0,0,0,4,2,16
,2024-008201,39.72526244,-105.0131953,3/15/2024 12:01,12:01,12,0,1,I-25 & W 6TH AVE FWY,11,1,0,0,1,4,0,0,55,0,0,0,0,1,1,2,13
,2024-008209,39.69879113,-104.9430608,3/17/2024 6:00,6:00,6,0,0, JACKSON ST & E TENNESSEE AVE,1,1,0,0,1,4,0,0,20,0,0,0,0,0,4,3,16
,2024-008261,39.7256108,-104.9509902,3/19/2024 4:27,4:27,5,0,0,E 6TH AVE & N ST PAUL ST,1,3,0,0,1,4,0,0,35,0,0,0,0,0,4,1,13
,2024-008266,39.72997873,-104.9906546,3/19/2024 13:39,13:39,3,0,2,W BANNOCK ST & W SPEER BLVD,1,1,0,0,1,1,0,0,25,0,0,0,0,1,4,2,11
,2024-008268,39.77597883,-104.8449589,3/19/2024 7:57,7:57,10,0,0, QUENTIN ST & E 44TH AVE,1,1,0,0,1,4,0,0,35,0,0,0,0,0,4,2,11
,2024-008271,39.65265793,-104.9180343,3/19/2024 21:10,21:10,12,0,0,I-25 & E HAMPDEN AVE,1,3,0,0,1,4,0,0,65,0,0,0,0,0,1,2,13
,2024-008274,39.70147193,-104.9935137,3/18/2024 10:40,10:40,12,0,0, SANTA FE DR & NB ENT RAMP TO I-25,1,1,0,0,1,8,0,0,50,0,0,0,0,0,2,2,14
,2024-008276,39.7112035,-104.9995696,3/18/2024 7:48,7:48,3,0,0,W ALAMEDA AVE & I-25 SB RAMPS,1,1,0,0,1,1,0,1,25,0,0,0,0,0,2,2,11
,2024-008277,39.75882124,-104.9832584,3/16/2024 22:10,22:10,3,0,3,LAWRENCE ST & 27TH ST,1,3,0,0,1,1,0,0,25,0,0,0,0,3,4,2,16
,2024-008282,39.71120569,-104.9983912,3/19/2024 2:15,2:15,15,0,0,W ALAMEDA AVE & S KALAMATH ST,1,3,0,0,1,1,0,0,35,0,0,0,0,0,4,2,7
,2024-008283,39.72494796,-105.0126708,3/19/2024 13:36,13:36,12,0,0,I-25 & W 6TH AVE FWY,1,1,0,0,1,4,0,0,55,0,0,0,0,0,1,2,13
,2024-008285,39.77476121,-105.0532433,3/18/2024 16:00,16:00,3,0,0,W 43RD AVE & N SHERIDAN BLVD,1,1,0,0,1,1,0,0,25,0,0,0,0,0,2,2,11
,2024-008286,39.74026553,-105.0052367,3/4/2024 15:05,15:05,15,0,0,7TH ST & W COLFAX AVE,1,1,0,0,1,3,0,0,,0,0,0,0,0,4,2,16
,2024-008289,39.6677339,-105.081527,2/6/2024 17:54,17:54,12,0,0,W YALE AVE & S WADSWORTH BLVD,1,1,0,0,1,4,0,0,,0,0,0,0,0,4,2,16
,2024-008290,39.83799071,-104.6950504,3/18/2024 11:55,11:55,3,0,0,24050 E 78TH AVE & N JACKSON GAP ST,1,1,0,0,1,2,0,0,45,0,0,0,0,0,4,2,11
,2024-008291,39.73845521,-104.9953011,3/18/2024 11:56,11:56,3,0,0,W 14TH AVE & N FOX ST,1,1,0,0,1,1,0,0,25,0,0,0,0,1,4,2,11
,2024-008292,39.77272502,-104.9034978,3/18/2024 11:30,11:30,15,0,0, QUEBEC ST & E SANDOWN RD,1,1,1,0,1,4,0,0,40,0,0,0,0,0,2,2,11
,2024-008293,39.71296791,-104.9855841,3/17/2024 0:00,0:00,6,0,0,E CEDAR AVE & S LINCOLN ST,1,3,0,0,1,4,0,0,25,0,0,0,0,0,4,2,16
,2024-008294,39.84728616,-104.6656207,3/18/2024 8:36,8:36,15,0,0,PENA 20 BLVD,1,1,1,0,1,4,0,0,45,0,0,0,0,1,4,2,1
,2024-008296,39.72563961,-104.9874357,3/18/2024 16:20,16:20,12,0,0,BROADWAY & E 6TH AVE,1,1,0,0,1,1,0,0,30,0,0,0,0,0,4,2,3
,2024-008303,39.83409376,-104.771881,3/15/2024 16:45,16:45,12,0,0,TOWER RD,1,1,0,0,1,4,0,0,55,0,0,0,0,0,2,2,11
,2024-008315,39.78950627,-104.7721425,3/18/2024 8:30,8:30,3,0,0,E 51ST AVE & N TOWER RD,1,1,0,0,1,1,0,0,25,0,0,0,0,0,4,2,14
,2024-008319,39.74002994,-104.9821489,3/18/2024 10:20,10:20,12,0,0,E COLFAX AVE & N LOGAN ST,1,1,0,0,1,4,0,0,30,0,0,0,0,0,2,2,13
,2024-008320,39.71495496,-105.0459945,3/18/2024 7:38,7:38,6,0,0,W BAYAUD AVE & S VRAIN ST,1,1,1,0,1,4,0,0,20,0,0,0,0,0,4,2,16
,2024-008322,39.7519682,-104.9648716,3/5/2024 20:10,20:10,5,0,0,E 24TH AVE & N HIGH ST,1,3,0,0,3,4,0,0,25,0,0,0,0,0,4,1,16
,2024-008327,39.72541566,-105.0246512,3/18/2024 9:49,9:49,15,0,1,W 6TH AVE & FEDERAL BLVD,1,1,0,0,1,4,0,0,55,0,0,0,0,1,2,3,16
,2024-008336,39.7588244,-105.0268422,3/18/2024 6:55,6:55,6,0,0, GROVE ST & W 29TH AVE,1,1,0,0,1,1,0,0,25,0,0,0,0,0,4,2,16
,2024-008353,39.7400783,-104.9023193,3/11/2024 7:56,7:56,3,0,4, QUINCE ST & E COLFAX AVE,1,1,0,0,1,1,0,0,35,0,0,0,0,3,2,2,16
,2024-008356,39.76447637,-104.9564922,3/19/2024 8:15,8:15,6,0,0,BRUCE RANDOLPH AVE & ELIZABETH ST,1,1,1,0,1,4,0,0,25,0,0,0,0,0,4,3,3
,2024-008359,39.74358378,-104.9925206,3/2/2024 1:08,1:08,8,0,0,WELTON ST & 15TH ST,14,5,3,7,1,1,0,0,,0,0,0,0,0,4,2,16
,2024-008360,39.73648927,-104.9315421,3/19/2024 15:43,15:43,3,0,0,E 13TH AVE & N DAHLIA ST,1,1,0,0,1,1,0,0,20,0,0,0,0,0,4,2,13
,2024-008363,39.75565028,-105.012392,3/19/2024 11:24,11:24,12,0,0,I-25 & N SPEER BLVD,1,1,0,0,1,4,0,0,55,0,0,0,0,0,1,2,13
,2024-008368,39.76061369,-104.9001075,3/19/2024 15:30,15:30,15,0,0,E MLK BLVD & N ROSLYN ST,1,1,0,0,1,1,0,0,35,0,0,0,0,0,4,2,1
,2024-008369,39.72197026,-104.9647964,3/18/2024 17:30,17:30,6,0,0, HIGH ST & E 4TH AVE,1,1,0,0,1,4,0,0,,0,0,0,0,0,4,2,16
,2024-008373,39.76375318,-104.9821147,3/19/2024 8:45,8:45,6,0,0,BLAKE ST & 30TH AVE,1,1,0,0,1,4,0,0,25,0,0,0,0,0,4,2,16
,2024-008375,39.70077047,-104.9869627,3/18/2024 16:58,16:58,12,0,0,I-25 & S BROADWAY ST,1,1,0,0,1,4,0,0,60,0,0,0,0,0,1,2,1
,2024-008377,39.74161967,-104.9597773,3/19/2024 10:20,10:20,3,0,0,E 16TH AVE & N YORK ST,1,1,0,0,1,1,0,0,25,0,0,0,0,1,4,2,16
,2024-008380,39.73996332,-104.9407892,3/18/2024 11:05,11:05,12,0,0, COLORADO BLVD & E COLFAX AVE,1,1,0,0,1,4,0,0,30,0,0,0,0,0,2,2,11
,2024-008385,39.68469226,-104.950493,3/19/2024 3:08,3:08,5,0,0,I-25 & S STEELE ST,1,3,0,0,3,4,0,0,65,0,0,0,0,0,1,1,13
,2024-008394,39.77305183,-104.883037,3/19/2024 12:25,12:25,15,0,0, CENTRAL PARK BLVD & E 40TH AVE,1,1,2,0,1,4,0,0,45,0,0,0,0,0,4,2,1
,2024-008398,39.72931476,-105.0251486,3/19/2024 19:06,19:06,12,0,0, FEDERAL BLVD & W 8TH AVE,1,3,0,0,1,1,0,0,40,0,0,0,0,0,2,2,16