id,drcog_id,latitude,longitude,crashtime,time,crashtype,numbkilled,numbinjurd,drcoglocat,rdconditin,lightngcon,roadcntgrd,weatherco,location,roaddescrp,schoolzone,constrzone,splimit,bikeinv,pedinv,sctrinv,motoinv,svrty,rdsystem,ttlvehcls,hcf
,2024-008898,39.65315329,-105.0597119,3/5/2024 16:20,16:20,15,0,0,W HAMPDEN AVE & S FENTON ST,1,2,0,0,1,4,0,0,,0,0,0,0,0,2,2,16
,2024-008899,39.68441053,-104.891964,3/22/2024 22:36,22:36,6,0,0, QUEBEC WY & E IOWA AVE,1,3,3,0,1,4,0,0,25,0,0,0,0,0,4,2,14
,2024-008906,39.74000959,-104.9873904,3/21/2024 1:56,1:56,2,0,2, BROADWAY ST & E COLFAX AVE,1,3,0,0,1,1,0,0,0,1,0,0,0,1,2,1,16
,2024-008908,39.71664652,-105.0250598,3/24/2024 14:10,14:10,12,0,0,W ELLSWORTH AVE & FEDERAL BLVD,1,1,0,0,1,4,0,0,,0,0,0,0,0,4,2,16
,2024-008909,39.79049078,-104.8097525,3/20/2024 15:14,15:14,12,0,0, CHAMBERS RD & E 53RD AVE,1,1,0,0,1,4,0,0,40,0,0,0,0,1,4,3,16
,2024-008911,39.72376168,-104.9908462,3/21/2024 13:07,13:07,1,0,0, BANNOCK ST & W 5TH AVE,1,1,0,0,1,4,0,0,20,0,0,0,0,0,4,2,11
,2024-008918,39.75765698,-105.0095966,3/9/2024 9:30,9:30,5,0,0,I-25 & SB EXT TO N SPEER BLVD,1,1,0,0,1,4,0,0,,0,0,0,0,0,1,2,16
,2024-008919,39.7463827,-104.9889023,3/24/2024 8:59,8:59,3,0,0,18TH ST & WELTON ST,1,1,0,0,1,1,0,0,30,0,0,0,0,0,4,2,3
,2024-008921,39.78238073,-104.8529842,3/22/2024 9:35,9:35,12,0,0,E 47TH AVE & N NOME ST,1,1,0,0,1,4,0,0,35,0,0,0,0,1,4,2,16
,2024-008922,39.78255496,-105.0072954,3/22/2024 7:45,7:45,12,0,0,I-70 & N PECOS ST,1,1,0,0,1,4,0,0,65,0,0,0,0,0,2,2,13
,2024-008925,39.73846191,-104.9969314,2/23/2024 22:19,22:19,12,0,0,W 14TH AVE & N SPEER BLVD,1,3,0,0,1,4,0,0,25,0,0,0,0,0,4,2,14
,2024-008927,39.75491707,-105.0191609,3/21/2024 11:06,11:06,6,0,0, BRYANT ST & W 26TH AVE,1,1,0,0,1,2,0,0,25,0,0,0,0,0,4,2,16
,2024-008930,39.78675412,-105.0252081,3/21/2024 19:28,19:28,12,0,0, FEDERAL BLVD & W 50TH AVE,1,1,0,0,1,4,0,0,40,0,0,0,0,0,2,2,16
,2024-008934,39.75772981,-104.9985499,3/23/2024 21:59,21:59,12,0,0,20TH ST & CHESTNUT PL,1,3,0,0,1,4,0,0,30,0,0,0,0,1,4,2,16
,2024-008940,39.75446033,-104.9585703,3/21/2024 15:39,15:39,11,0,0,E 26TH AVE & N JOSEPHINE ST,1,1,0,0,1,1,0,0,0,0,0,1,0,0,4,1,16
,2024-008941,39.69113614,-104.9384113,3/24/2024 20:33,20:33,12,0,0,E ARKANSAS AVE & S ASH ST,11,3,0,2,1,1,0,0,,0,0,0,0,0,4,2,16
,2024-008946,39.74403961,-104.9953961,3/22/2024 20:06,20:06,9,0,1,STOUT ST & 14TH ST,1,3,0,0,1,4,0,0,25,0,0,0,1,3,4,1,7
,2024-008948,39.74081611,-104.9874322,3/21/2024 9:05,9:05,15,0,0,CHEYENNE PL & BROADWAY,1,1,0,0,1,4,0,0,25,0,0,0,0,0,4,2,16
,2024-008951,39.71300049,-105.0250355,3/8/2024 19:00,19:00,12,0,0,W CEDAR AVE & S FEDERAL BLVD,1,3,0,0,1,1,0,0,20,0,0,0,0,0,2,2,16
,2024-008952,39.74000959,-104.9873904,3/24/2024 4:00,4:00,11,0,0, BROADWAY ST & W COLFAX AVE,1,3,0,0,1,1,0,0,0,0,0,1,0,0,2,1,16
,2024-008954,39.76885467,-105.0532477,3/18/2024 11:00,11:00,15,0,0, SHERIDAN BLVD & W 38TH AVE,1,1,0,0,1,4,0,0,,0,0,0,0,0,2,2,16
,2024-008956,39.74002892,-105.0028216,3/20/2024 6:00,6:00,2,0,1, MARIPOSA ST & W COLFAX AVE,1,3,0,0,1,1,0,0,0,1,0,0,0,3,2,1,16
,2024-008966,39.78111595,-104.9891561,3/21/2024 15:24,15:24,12,0,0,I-25 & PARK AVE W,1,1,0,0,1,4,0,0,55,0,0,0,0,0,1,2,13
,2024-008971,39.74054382,-105.017759,2/4/2024 17:05,17:05,12,0,0,W COLFAX AVE & AURARIA PKWY,1,1,0,7,1,4,0,0,,0,0,0,0,0,2,2,16
,2024-008976,39.72057773,-104.9161906,3/20/2024 15:46,15:46,6,0,1,245 N KRAMERIA ST,1,1,0,0,6,4,0,0,20,0,0,0,0,1,4,2,10
,2024-008978,39.76185187,-104.9221047,2/15/2024 17:03,17:03,3,0,0,E MLK BLVD & N HOLLY ST,1,1,0,0,1,2,0,0,35,0,0,0,0,0,4,2,13
,2024-008981,39.69663547,-104.9874309,3/18/2024 7:33,7:33,12,0,1,W MISSISSIPPI AVE & S BROADWAY ST,1,1,1,0,1,3,0,0,,0,0,0,0,1,4,2,16
,2024-008988,39.73510357,-104.9586096,3/24/2024 11:07,11:07,2,0,1,E 12TH AVE & N JOSEPHINE ST,1,1,0,0,1,1,0,0,0,1,0,0,0,3,4,1,16
,2024-008990,39.74551271,-105.0004317,3/24/2024 1:59,1:59,12,0,0,LAWRENCE ST & LARIMER ST,1,3,0,0,1,4,0,0,30,0,0,0,0,0,4,2,16
,2024-008992,39.76833,-105.0323862,3/24/2024 18:46,18:46,6,0,0,3400 W CLYDE PL,9,1,0,2,1,2,0,0,25,0,0,0,0,0,4,2,13
,2024-008996,39.70749173,-104.9723748,3/23/2024 21:40,21:40,5,0,0,E VIRGINIA AVE & S MARION ST PKWY,1,3,0,0,3,3,0,0,25,0,0,0,0,0,4,1,16
,2024-009004,39.77107628,-104.9498899,3/22/2024 20:36,20:36,1,0,0, STEELE ST & E 39TH AVE,1,3,0,7,1,1,0,0,30,0,0,0,0,0,4,2,16
,2024-009012,39.77872122,-104.9222934,3/22/2024 9:19,9:19,3,0,1,E 45TH DR  & N HOLLY ST,1,1,0,0,1,1,0,0,30,0,0,0,0,1,4,3,16
,2024-009018,39.79355177,-104.9034361,2/25/2024 16:56,16:56,3,0,1,QUEBEC ST & E 53RD PL,1,2,0,0,1,1,0,0,45,0,0,0,0,2,2,2,16
,2024-009062,39.75616649,-104.9919111,1/11/2024 14:15,14:15,10,0,0,BLAKE ST & 22ND ST,1,1,0,0,1,1,0,0,35,0,0,0,0,0,4,2,1
,2024-009071,39.70804482,-104.8789797,3/25/2024 9:23,9:23,3,0,1,E ALAMEDA AVE & S CLINTON ST,4,1,0,0,1,1,0,0,45,0,0,0,0,2,4,2,10
,2024-009072,39.69844759,-104.9128915,3/25/2024 7:20,7:20,3,0,1, MONACO ST & E TENNESSEE AVE,4,1,0,0,1,1,0,0,35,0,0,0,0,2,4,2,7
,2024-009073,39.74419923,-105.0105858,3/18/2024 16:13,16:13,12,0,0,AURARIA PKWY & 7TH ST,1,1,1,0,1,4,0,0,40,0,0,0,0,0,4,2,11
,2024-009075,39.83783726,-104.6929082,3/25/2024 12:45,12:45,12,0,0, JACKSON GAP ST & E 78TH AVE,11,1,0,2,1,1,0,0,35,0,0,0,0,0,4,2,11
,2024-009076,39.65319528,-104.9185427,3/25/2024 6:24,6:24,5,0,0,I-25 & E HAMPDEN AVE,4,1,0,0,2,4,0,0,65,0,0,0,0,0,1,5,1
,2024-009077,39.75072503,-105.0168264,3/24/2024 21:50,21:50,15,0,0,I-25 & W 23RD AVE,9,3,0,2,1,4,0,0,55,0,0,0,0,0,1,2,14
,2024-009081,39.74014317,-104.9454639,2/2/2024 22:18,22:18,6,0,0,E COLFAX AVE & N MADISON ST,11,3,0,1,1,2,0,0,30,0,0,0,0,0,2,2,2
,2024-009086,39.74565506,-104.9952363,2/17/2024 19:30,19:30,12,0,0,15TH ST & CHAMPA ST,1,3,0,0,1,4,0,0,25,0,0,0,0,0,4,2,11
,2024-009087,39.65307901,-104.8987255,3/22/2024 19:13,19:13,14,0,1,E HAMPDEN AVE & S TAMARAC DR,1,1,0,0,6,3,0,0,45,0,0,0,0,1,2,2,13
,2024-009090,39.67925015,-104.99308,3/25/2024 7:00,7:00,5,0,0, SANTA FE DR & W EVANS AVE,4,1,0,2,6,4,0,0,45,0,0,0,0,0,2,2,7
,2024-009097,39.72025883,-105.0186503,3/25/2024 4:00,4:00,5,0,0,W 2ND AVE & N BRYANT ST,9,3,0,2,3,3,0,0,25,0,0,0,0,0,4,1,14
,2024-009106,39.72277402,-105.010679,3/24/2024 22:15,22:15,12,0,0,I-25 & W 6TH AVE,9,3,0,2,1,4,0,0,55,0,0,0,0,0,1,2,16
,2024-009107,39.76404696,-104.988822,3/25/2024 8:27,8:27,14,0,0,28TH ST & DELGANY ST,4,1,0,0,1,3,0,0,25,0,0,0,0,0,4,2,14
,2024-009113,39.75426727,-104.9821832,3/23/2024 1:00,1:00,14,0,0,25TH ST & STOUT ST,1,3,0,0,1,1,0,0,35,0,0,0,0,0,4,2,16
,2024-009114,39.6967431,-105.02036,3/24/2024 16:01,16:01,3,0,1,W MISSISSIPPI AVE & S CLAY ST,11,1,0,1,1,1,0,0,30,0,0,0,0,1,4,3,13
,2024-009115,39.70574438,-104.88926,3/22/2024 0:01,0:01,5,0,0,E XENIA ST & E FAIRMOUNT DR,14,5,3,7,4,1,0,0,,0,0,0,0,0,4,1,16
,2024-009116,39.76762537,-104.9753638,3/25/2024 17:59,17:59,3,0,0,35TH ST & WALNUT ST,1,1,0,0,1,1,0,0,20,0,0,0,0,0,4,2,11
,2024-009117,39.7840202,-105.0218985,3/22/2024 8:44,8:44,12,0,1,I-70 & WB OFF RAMP EXT TO N FEDERAL BLVD,1,1,1,0,1,4,0,0,55,0,0,0,0,1,1,4,14
,2024-009118,39.73998717,-104.9635402,3/25/2024 17:40,17:40,15,0,0,E COLFAX AVE & N RACE ST,2,1,0,0,1,4,0,0,30,0,0,0,0,0,2,2,16
,2024-009121,39.76927169,-105.0192688,2/26/2024 16:33,16:33,6,0,0,W 38TH AVE & N BRYANT ST,1,1,0,0,1,4,0,0,35,0,0,0,0,0,4,2,16
,2024-009124,39.76001609,-104.890774,3/19/2024 21:12,21:12,3,0,0,E MLK BLVD & N CENTRAL PARK BLVD,1,3,0,0,1,1,0,0,35,0,0,0,0,1,4,2,1
,2024-009136,39.75535692,-104.8540362,3/4/2024 17:34,17:34,11,0,1, MOLINE ST & E 26TH AVE,1,3,0,0,1,4,0,0,0,0,1,0,0,3,4,1,16
,2024-009171,39.62415559,-105.0912906,3/26/2024 8:25,8:25,3,0,1, WADSWORTH BLVD & W BELLEVIEW AVE,1,1,1,0,1,1,0,0,45,0,0,0,0,1,2,3,16
,2024-009172,39.84278291,-104.677112,3/26/2024 3:55,3:55,15,0,0,8000 PENA BLVD,1,3,0,0,1,4,0,0,45,0,0,0,0,0,4,2,8
,2024-009174,39.74794389,-104.9861063,3/9/2024 12:30,12:30,15,0,0,LINCOLN ST & 20TH ST,14,5,3,7,1,1,0,0,20,0,0,0,0,0,4,2,14
,2024-009178,39.67482188,-104.9406441,3/23/2024 12:30,12:30,3,0,0, COLORADO BLVD & E ILIFF AVE,1,1,0,0,1,1,0,0,25,0,0,0,0,0,2,2,13
,2024-009182,39.75290066,-104.9405977,3/24/2024 14:30,14:30,15,0,0, COLORADO BLVD & E 25TH AVE,1,1,0,0,1,4,0,0,40,0,0,0,0,0,2,2,11
,2024-009183,39.77204546,-104.7345795,3/22/2024 7:05,7:05,12,0,0, PICADILLY RD & E 38TH AVE,1,1,0,0,1,4,0,0,40,0,0,0,0,0,4,2,16
,2024-009189,39.74056123,-104.9835829,3/26/2024 9:50,9:50,10,0,0, GRANT ST & E COLFAX AVE,1,1,0,0,1,2,0,0,30,0,0,0,0,0,4,2,1
,2024-009193,39.74378487,-104.9512624,3/22/2024 7:55,7:55,3,0,0,E 17TH AVE & N ST PAUL ST,1,1,0,0,1,1,0,0,15,0,0,0,0,0,4,2,11
,2024-009196,39.79477593,-104.8232125,3/22/2024 14:31,14:31,1,0,0, BEDFORD CT & E MAXWELL PL,1,1,0,0,1,2,0,0,20,0,0,0,0,0,4,2,11
,2024-009197,39.77290541,-104.9501147,3/26/2024 7:15,7:15,12,0,0,E 40TH AVE & N STEELE ST,1,2,0,0,1,4,1,0,30,0,0,0,0,0,4,2,14
,2024-009201,39.7236699,-104.9874833,3/24/2024 12:20,12:20,11,0,1, BROADWAY ST & E 5TH AVE,1,1,0,0,1,2,0,0,30,0,0,1,0,1,4,1,11
,2024-009204,39.69666308,-104.9929154,3/26/2024 7:14,7:14,3,0,0,W MISSISSIPPI AVE & SB S SANTA FE DR,1,1,0,0,1,1,0,0,35,0,0,0,0,0,2,2,16
,2024-009208,39.61805857,-105.0911112,3/26/2024 12:36,12:36,12,0,0, WADSWORTH BLVD & W CRESTLINE AVE,1,1,0,7,1,3,0,0,45,0,0,0,0,0,2,2,3
,2024-009210,39.74894781,-104.9451591,3/25/2024 16:30,16:30,16,0,0,2001  COLORADO BLVD,11,1,0,0,5,7,0,0,,0,0,0,0,0,3,2,16
,2024-009213,39.70390676,-105.0460557,3/24/2024 9:10,9:10,6,0,0, UTICA ST & W EXPOSITION AVE,1,1,0,0,1,4,0,0,20,0,0,0,0,0,4,2,16
,2024-009215,39.61833782,-105.091376,3/26/2024 8:34,8:34,3,0,1, WADSWORTH BLVD & W CRESTLINE AVE,1,1,0,0,1,1,0,0,40,0,0,0,0,1,2,3,3
,2024-009216,39.75500944,-105.0132649,3/26/2024 9:29,9:29,15,0,0,I-25 & N SPEER BLVD,1,1,0,0,1,4,0,0,55,0,0,0,0,0,1,2,13
,2024-009218,39.68954771,-105.0532506,3/25/2024 14:57,14:57,8,0,0, SHERIDAN BLVD & W FLORIDA AVE,1,1,0,0,6,1,0,0,35,0,0,0,0,0,2,2,1
,2024-009219,39.69870673,-104.9035527,3/24/2024 10:26,10:26,15,0,0, QUEBEC ST & LEETSDALE DR,1,1,1,0,1,3,0,0,40,0,0,0,0,0,2,2,1
,2024-009220,39.7983869,-104.7862997,3/25/2024 21:45,21:45,12,0,0,E 56TH AVE & N PENA BLVD,12,4,0,2,1,4,0,0,40,0,0,0,0,0,4,3,16
,2024-009221,39.74539657,-105.0007664,3/25/2024 20:00,20:00,12,0,0, SPEER BLVD & LAWRENCE ST,1,3,0,0,1,4,0,0,30,0,0,0,0,1,4,2,13
,2024-009223,39.71125876,-105.0324558,3/26/2024 9:46,9:46,12,0,1,W ALAMEDA AVE & S KNOX CT,1,1,0,0,1,1,0,0,35,0,0,0,0,1,2,2,13
,2024-009224,39.74324915,-104.9598791,3/25/2024 9:30,9:30,3,0,0,E 17TH AVE & N YORK ST,9,1,0,2,1,9,0,0,,0,0,0,0,0,4,2,13
,2024-009228,39.75775057,-104.998575,3/16/2024 16:47,16:47,11,0,0,CHESTNUT PL & 20TH ST,1,1,0,0,1,1,0,0,30,0,1,0,0,0,4,1,16
,2024-009229,39.75634938,-105.0110351,3/2/2024 15:42,15:42,12,0,1,I-25 & N SPEER BLVD,1,1,0,0,1,4,0,0,55,0,0,0,1,3,1,2,1
,2024-009230,39.76920384,-104.7607978,3/26/2024 18:35,18:35,3,0,1,E 38TH AVE & N ENSENADA ST,1,2,0,0,1,1,0,0,20,0,0,0,0,2,4,2,16
,2024-009231,39.72253759,-104.9874859,3/26/2024 6:39,6:39,1,0,0,E 4TH AVE & N BROADWAY ST,1,1,0,0,1,1,0,0,35,0,0,0,0,0,4,2,11
,2024-009232,39.67954548,-104.9408898,3/22/2024 16:10,16:10,12,0,0, COLORADO BLVD & BUCHTEL BLVD,1,1,0,0,1,4,0,0,35,0,0,0,0,0,2,2,13
,2024-009233,39.67864514,-105.0250486,3/26/2024 19:09,19:09,12,0,1, FEDERAL BLVD & W EVANS AVE,1,2,0,0,1,1,0,0,35,0,0,0,0,2,2,2,10
,2024-009236,39.79843653,-104.7626953,3/24/2024 14:00,14:00,15,0,0,E 56TH AVE & N DUNKIRK ST,1,1,0,0,1,1,0,0,,0,0,0,0,0,4,2,16
,2024-009239,39.78438575,-104.8962727,3/25/2024 12:45,12:45,3,0,0, SPRUCE WAY & N TRENTON ST,1,1,0,0,1,1,0,0,20,0,0,0,0,0,4,2,11
,2024-009258,39.78184895,-104.9786402,3/26/2024 13:05,13:05,10,0,0,E 47TH AVE & N WASHINGTON ST,1,1,0,0,1,1,0,0,30,0,0,0,0,0,4,2,13
,2024-009273,39.75025543,-104.9891017,3/26/2024 10:10,10:10,3,0,0,20TH ST & CHAMPA ST,1,1,0,0,1,1,0,0,25,0,0,0,0,0,4,2,8
,2024-009275,39.77398811,-104.8468128,3/26/2024 18:16,18:16,12,0,2,I-70 & N PEORIA ST,1,1,0,0,1,4,0,0,55,0,0,0,0,1,1,3,1
,2024-009290,39.75305353,-104.9854767,3/25/2024 5:30,5:30,3,0,0,PARK AVE W & CHAMPA ST,4,3,0,2,1,1,0,0,30,0,0,0,0,0,4,2,14
,2024-009291,39.70118058,-104.9875018,3/26/2024 8:33,8:33,12,0,0,I-25 & S BROADWAY ST,1,1,1,0,1,4,0,0,55,0,0,0,0,0,1,3,11
,2024-009293,39.76202755,-104.9825867,2/25/2024 2:02,2:02,6,0,0,WALNUT ST,1,3,0,0,3,4,0,0,25,0,0,0,0,0,4,2,16
,2024-009305,39.71111587,-104.9605524,3/25/2024 10:00,10:00,3,0,0, YORK ST & E ALAMEDA AVE,4,1,0,2,1,1,0,0,25,0,0,0,0,0,4,2,14
,2024-009306,39.71300062,-105.0250144,3/2/2024 2:56,2:56,12,0,1, FEDERAL BLVD & W CEDAR AVE,1,3,1,0,1,4,0,0,40,0,0,0,0,1,2,2,16
,2024-009313,39.68942951,-104.9923383,3/23/2024 15:00,15:00,12,0,5, SANTA FE DR & E FLORIDA AVE,1,1,0,0,1,3,0,0,35,0,0,0,0,2,2,2,13
,2024-009314,39.76308335,-104.9742834,3/22/2024 17:05,17:05,3,0,0,CURTIS ST & 33RD ST,1,1,0,0,1,1,0,0,25,0,0,0,0,0,4,2,14
,2024-009317,39.75632983,-105.0159041,3/8/2024 22:30,22:30,12,0,0, SPEER BLVD & N ZUNI ST,1,3,0,0,1,3,0,0,,0,0,0,0,0,4,2,16
,2024-009318,39.78002877,-104.9857813,3/26/2024 10:46,10:46,15,0,0,I-70 WB OFF RAMP & I-25 NB,1,1,0,0,1,8,0,0,55,0,0,0,0,0,1,2,3
,2024-009321,39.73998783,-104.9850257,3/23/2024 7:27,7:27,12,0,0,E COLFAX AVE & N SHERMAN ST,1,1,0,0,1,3,0,0,30,0,0,0,0,0,2,2,1
,2024-009324,39.72488042,-105.0158748,3/26/2024 11:15,11:15,5,0,1,6TH AVE EB OFF RAMP & I-25 NB,11,1,1,0,2,8,0,0,30,0,0,0,0,1,2,1,13
,2024-009327,39.77202479,-104.8658192,3/26/2024 14:35,14:35,15,0,0, HAVANA ST & E 40TH AVE,1,1,0,0,1,4,0,0,40,0,0,0,0,0,4,2,1
,2024-009336,39.74164118,-104.9721567,3/26/2024 14:10,14:10,3,0,0,E 16TH AVE & N MARION ST,1,1,0,0,1,1,0,0,20,0,0,0,0,0,4,2,8
,2024-009340,39.70444841,-104.8762433,3/15/2024 18:40,18:40,15,0,0,E CENTER AVE & S ALTON WAY,4,1,0,0,1,4,0,0,30,0,0,0,0,0,4,2,16
,2024-009341,39.66749821,-104.9250399,3/25/2024 13:00,13:00,3,0,0,E YALE AVE & I-25 NB RAMPS,11,1,0,0,1,1,0,0,30,0,0,0,0,0,4,2,3
,2024-009342,39.68716053,-104.9680758,3/21/2024 18:00,18:00,15,0,0,I-25 & S UNIVERSITY BLVD,1,1,0,0,1,4,0,0,60,0,0,0,0,0,1,2,16
,2024-009343,39.77196534,-104.8470298,3/25/2024 17:25,17:25,15,0,0, PEORIA ST & I-70 EB RAMPS,2,3,0,0,1,4,0,0,35,0,0,0,0,0,4,2,8
,2024-009344,39.75475433,-105.0007793,3/14/2024 22:47,22:47,6,0,0,WEWATTA ST & 18TH ST,11,3,0,2,1,4,0,0,25,0,0,0,0,0,4,3,1
,2024-009350,39.76649533,-104.9733525,3/26/2024 12:09,12:09,15,0,0, DOWNING ST & LAWRENCE ST,1,1,0,0,1,1,0,0,20,0,0,0,0,0,4,2,16
,2024-009352,39.78513437,-105.0488595,3/26/2024 12:02,12:02,15,0,1,I-70 & N SHERIDAN BLVD,1,1,1,0,1,4,0,0,55,0,0,0,0,1,1,2,16
,2024-009353,39.68269823,-104.9920645,2/9/2024 23:50,23:50,8,0,2, SANTA FE DR & W EVANS AVE,11,3,0,2,1,4,0,0,45,0,0,0,0,3,2,2,16
,2024-009354,39.63372228,-104.9061107,3/26/2024 3:25,3:25,5,0,1,I-225 SB OFF RAMP & I-25 OVERPASS,5,3,3,0,3,8,0,0,50,0,0,0,0,1,1,1,11
,2024-009355,39.76936408,-105.0440132,3/26/2024 15:42,15:42,1,0,0,W 38TH AVE & N TENNYSON ST,1,1,0,0,1,1,0,0,35,0,0,0,0,1,4,2,13
,2024-009356,39.75893873,-104.9761473,3/26/2024 7:02,7:02,3,0,0,30TH ST & STOUT ST,1,1,0,0,1,1,0,0,20,0,0,0,0,0,4,2,13
,2024-009357,39.62415559,-105.0912906,3/8/2024 21:24,21:24,15,0,0, WADSWORTH BLVD & W BELLEVIEW AVE,1,3,0,0,1,4,0,0,45,0,0,0,0,0,2,2,14
,2024-009358,39.75298587,-104.9405976,3/24/2024 14:00,14:00,12,0,0, COLORADO BLVD & E 25TH AVE,1,1,0,0,1,4,0,0,35,0,0,0,0,0,2,3,10
,2024-009359,39.63541181,-104.9023389,3/26/2024 4:30,4:30,5,0,1,I-225 SB OFF RAMP & I-25 NB,4,3,1,0,3,8,0,0,55,0,0,0,0,3,1,1,14
,2024-009361,39.83423601,-104.6929174,3/26/2024 16:57,16:57,12,0,0,N JACKSON GAP ST,1,1,2,0,1,8,0,0,65,0,0,0,0,1,4,2,11
,2024-009363,39.78961456,-104.8308628,3/24/2024 7:59,7:59,3,0,0,E 51ST AVE & N XANADU ST,1,1,0,0,1,1,0,0,25,0,0,0,0,0,4,2,3
,2024-009381,39.77799369,-104.7766305,3/24/2024 14:11,14:11,6,0,0, WALDEN CT & E 44TH AVE,1,2,0,0,1,4,0,0,,0,0,0,0,0,4,2,16
,2024-009382,39.72362914,-104.8837039,3/26/2024 16:50,16:50,15,0,0,E LOWRY BLVD & N YOSEMITE WAY,1,1,0,0,1,1,0,0,30,0,0,0,0,0,4,2,3
,2024-009385,39.67845405,-104.9366939,3/26/2024 15:30,15:30,3,0,0,E EVANS AVE & S BIRCH ST,1,1,0,0,1,1,0,0,30,0,0,0,0,0,4,2,3
,2024-009388,39.70297279,-104.9128998,3/26/2024 12:30,12:30,15,0,0, MONACO ST & LEETSDALE DR,1,1,0,0,1,1,0,0,30,0,0,0,0,0,2,2,3
,2024-009390,39.71122943,-105.0460893,3/27/2024 10:11,10:11,15,0,1,W ALAMEDA AVE & S UTICA ST,1,1,1,0,1,3,0,0,35,0,0,0,0,1,2,2,11
,2024-009392,39.70736027,-104.9407892,3/27/2024 17:30,17:30,15,0,0, COLORADO BLVD & E CHERRY CREEK N DR,1,1,0,0,1,1,0,0,,0,0,0,0,0,2,2,16
,2024-009397,39.68227425,-105.023746,3/26/2024 11:26,11:26,3,0,0, ELIOT ST & W JEWELL AVE,1,1,0,0,1,1,0,0,25,0,0,0,0,0,4,2,6
,2024-009399,39.71974977,-105.0324744,3/27/2024 0:01,0:01,3,0,0, KNOX CT & W 2ND AVE,1,3,1,0,1,1,0,0,25,0,0,0,0,0,4,2,16
,2024-009400,39.68731438,-104.9405446,3/27/2024 13:03,13:03,12,0,0, COLORADO BLVD & E IOWA AVE,1,1,0,0,1,4,0,0,35,0,0,0,0,0,2,2,3
,2024-009401,39.78058363,-104.9407524,3/26/2024 9:14,9:14,15,0,0,I-70 WB OFF RAMP & N COLORADO BLVD,1,1,0,0,1,1,0,0,35,0,0,0,0,0,2,2,16
,2024-009402,39.66751599,-104.8661331,3/27/2024 7:50,7:50,15,0,0, HAVANA ST & E YALE AVE,1,1,0,0,1,4,0,0,45,0,0,0,0,0,2,2,16
,2024-009405,39.72374092,-104.9729162,3/26/2024 13:00,13:00,6,0,0, DOWNING ST & E 5TH AVE,1,1,0,0,1,3,0,0,25,0,0,0,0,0,4,2,3
,2024-009409,39.74888965,-105.0013018,3/26/2024 16:50,16:50,15,0,0,BLAKE ST & 14TH ST,1,1,0,0,1,4,0,0,25,0,0,0,0,0,4,2,8
,2024-009410,39.72010451,-105.0071737,3/26/2024 13:47,13:47,12,0,0,I-25 & W 6TH AVE,1,1,1,0,1,4,0,0,55,0,0,0,0,0,1,2,13
,2024-009415,39.74327942,-104.9851901,3/27/2024 7:35,7:35,11,0,1,E 17TH AVE & N SHERMAN ST,1,1,1,0,1,4,0,0,0,0,1,0,0,2,4,1,16
,2024-009420,39.71835593,-104.9862385,3/27/2024 12:30,12:30,12,0,0, LINCOLN ST & E 1ST AVE,1,1,0,0,1,1,0,0,30,0,0,0,0,0,4,3,3
,2024-009421,39.83322884,-104.7718789,3/27/2024 15:09,15:09,12,0,0, TOWER RD & PENA BLVD INBOUND,1,1,1,0,1,3,0,0,40,0,0,0,0,1,4,2,3
,2024-009424,39.65293253,-104.9129312,3/27/2024 15:30,15:30,3,0,0, MONACO ST & E HAMPDEN AVE,1,1,0,0,1,2,0,0,,0,0,0,0,0,4,2,3
,2024-009427,39.69114941,-104.9593443,3/27/2024 16:30,16:30,12,0,0, UNIVERSITY BLVD & E ARKANSAS AVE,1,1,0,0,1,1,0,0,30,0,0,0,0,1,4,2,3
,2024-009433,39.73884381,-104.8858302,3/21/2024 12:55,12:55,6,0,0, XENIA ST & E 14TH AVE,1,1,0,0,1,4,0,0,25,0,0,0,0,0,4,2,13
,2024-009435,39.77299811,-104.8658089,3/23/2024 18:44,18:44,12,0,0, HAVANA ST & E 40TH AVE,1,1,0,0,1,3,0,0,40,0,0,0,0,0,4,2,12
,2024-009443,39.70297275,-104.9128998,3/27/2024 14:30,14:30,12,0,0,LEETSDALE DR & S MONACO ST,1,1,0,0,1,1,0,0,35,0,0,0,0,0,2,2,3
,2024-009445,39.6784271,-104.9593934,3/26/2024 15:00,15:00,12,0,0, UNIVERSITY BLVD & E EVANS AVE,1,1,0,0,1,1,0,0,30,0,0,0,0,0,4,2,3
,2024-009457,39.7254319,-105.052746,3/27/2024 11:05,11:05,12,0,0,W 6TH AVE EB ON RAMP & N SHERIDAN BLVD,1,1,0,0,1,8,0,0,55,0,0,0,0,0,2,2,3
,2024-009464,39.71522898,-105.0300111,3/18/2024 22:00,22:00,6,0,0, IRVING ST & W BAYAUD AVE,1,4,0,0,1,4,0,0,20,0,0,0,0,0,4,2,16
,2024-009468,39.77400673,-104.847028,2/12/2024 15:21,15:21,15,0,1,I-70 & N PEORIA ST,1,1,0,0,1,4,0,0,55,0,0,0,0,3,1,2,1
,2024-009472,39.79763674,-104.8387515,3/26/2024 8:50,8:50,3,0,0,E RANDOLPH PL & N TUCSON ST,1,1,0,0,1,1,0,0,20,0,0,0,0,0,4,2,1
,2024-009475,39.79823952,-104.8471815,3/27/2024 7:27,7:27,15,0,0,E 56TH AVE & N PEORIA ST,1,1,0,0,1,1,0,0,40,0,0,0,0,0,4,2,16