id,drcog_id,latitude,longitude,crashtime,time,crashtype,numbkilled,numbinjurd,drcoglocat,rdconditin,lightngcon,roadcntgrd,weatherco,location,roaddescrp,schoolzone,constrzone,splimit,bikeinv,pedinv,sctrinv,motoinv,svrty,rdsystem,ttlvehcls,hcf
,2024-009504,39.72558951,-104.9684833,3/29/2024 7:00,7:00,12,0,0,E 6TH AVE & N FRANKLIN ST,1,1,0,0,1,4,0,0,35,0,0,0,0,0,4,2,16
,2024-009507,39.73687366,-105.0028187,3/29/2024 5:41,5:41,3,0,0,W 13TH AVE & N MARIPOSA ST,1,3,0,0,1,1,0,0,,0,0,0,0,0,4,2,16
,2024-009509,39.69675175,-105.0532417,3/29/2024 0:57,0:57,12,0,0, SHERIDAN BLVD & W MISSISSIPPI AVE,1,3,0,0,1,3,0,0,35,0,0,0,0,0,2,2,11
,2024-009510,39.76074896,-104.9597589,3/29/2024 19:23,19:23,3,0,1,E 31ST AVE & N YORK ST,1,3,0,0,1,1,0,0,35,0,0,0,0,2,4,2,14
,2024-009513,39.70118563,-104.9875085,3/28/2024 7:15,7:15,12,0,0,I-25 & S BROADWAY ST,1,1,0,0,1,4,0,0,55,0,0,0,0,0,1,2,13
,2024-009514,39.72607567,-105.0134583,3/28/2024 15:54,15:54,15,0,0,I-25 & W 6TH AVE,1,1,0,0,1,4,0,0,55,0,0,0,1,0,1,2,14
,2024-009516,39.71118526,-105.0038984,3/28/2024 18:55,18:55,12,0,1,W ALAMEDA AVE & S NAVAJO ST,1,1,0,0,1,4,0,0,35,0,0,0,0,2,2,2,13
,2024-009517,39.72563179,-104.9836192,3/29/2024 15:42,15:42,3,0,0,E 6TH AVE & N GRANT ST,1,1,0,0,1,1,0,0,35,0,0,0,0,0,4,3,3
,2024-009519,39.70040651,-105.0250848,3/28/2024 12:07,12:07,1,0,1, FEDERAL BLVD & W KENTUCKY AVE,1,1,0,0,1,1,0,0,35,0,0,0,0,1,2,2,13
,2024-009521,39.75638947,-104.9873898,3/28/2024 17:21,17:21,3,0,0,24TH ST & N BROADWAY,1,1,0,0,1,1,0,0,,0,0,0,0,0,4,2,16
,2024-009529,39.7710882,-104.8470353,3/28/2024 9:19,9:19,3,0,0, PEORIA ST & E 39TH AVE,1,1,0,0,1,1,0,0,20,0,0,0,0,0,4,2,16
,2024-009530,39.74000093,-104.9776406,3/27/2024 21:12,21:12,1,0,0,E COFLAX AVE & N CLARKSON ST,1,3,0,0,1,1,0,0,35,0,0,0,0,0,2,2,13
,2024-009532,39.73512794,-105.0052727,3/28/2024 7:14,7:14,11,0,1, OSAGE ST & W 12TH AVE,1,1,0,0,1,4,0,0,20,0,0,1,0,2,4,1,16
,2024-009533,39.7855232,-104.887997,3/28/2024 7:04,7:04,3,0,0,E NORTHFIELD BLVD & N WILLOW ST,1,1,0,0,1,1,0,0,35,0,0,0,0,0,4,2,13
,2024-009534,39.77659691,-104.8099048,3/27/2024 17:20,17:20,1,0,0, CHAMBERS RD & E 46TH AVE,1,1,0,0,1,1,0,0,40,0,0,0,0,0,4,2,10
,2024-009536,39.67864865,-105.0110281,3/28/2024 18:52,18:52,3,0,0,W EVANS AVE & S TEJON ST,1,1,0,0,1,1,0,0,40,0,0,0,0,0,2,2,16
,2024-009538,39.77396834,-104.8465844,3/27/2024 23:43,23:43,12,0,1,I-70 & N PEORIA ST,1,3,1,0,1,4,0,0,,0,0,0,0,1,1,2,16
,2024-009540,39.7984031,-104.7878847,3/28/2024 2:45,2:45,5,0,0,PENA BLVD & E 56TH AVE,1,3,0,0,2,1,0,0,15,0,0,0,0,0,4,1,2
,2024-009541,39.73848455,-104.9150547,3/27/2024 10:41,10:41,6,0,0, LEYDEN ST & E 14TH AVE,1,1,0,0,1,9,0,0,20,0,0,0,0,0,4,2,13
,2024-009542,39.79470425,-104.8354518,3/27/2024 19:08,19:08,1,0,1,E MAXWELL PL & N UVALDA ST,1,1,0,0,1,1,0,0,35,0,0,0,0,2,4,2,1
,2024-009543,39.71868472,-104.9510013,3/28/2024 19:00,19:00,6,0,0,ST PAUL ST & E 2ND AVE,1,3,0,0,1,4,0,0,25,0,0,0,0,0,4,2,16
,2024-009546,39.77317856,-104.8079312,3/28/2024 16:23,16:23,12,0,0,E ANDREWS DR & E 40TH AVE,1,1,0,0,1,1,0,0,30,0,0,0,0,0,4,2,13
,2024-009548,39.75912763,-105.0071998,3/28/2024 6:50,6:50,12,0,0,I-25 & 20TH ST,1,2,1,0,1,4,0,0,55,0,0,0,0,0,1,2,14
,2024-009549,39.73845977,-104.9976462,3/28/2024 13:10,13:10,3,0,0, SPEER BLVD & W 14TH AVE,1,1,0,0,1,1,0,0,35,0,0,0,0,0,4,2,13
,2024-009550,39.78695145,-104.8151389,3/28/2024 14:50,14:50,10,0,0,E 51ST PL & N ELKHART ST,1,1,0,0,1,1,0,0,20,0,0,0,0,0,4,2,13
,2024-009551,39.70931674,-105.0238667,3/28/2024 15:30,15:30,3,0,0,W DAKOTA AVE & S ELIOT ST,1,1,0,0,1,1,0,0,25,0,0,0,0,0,4,2,1
,2024-009552,39.75104341,-104.9407644,3/28/2024 8:42,8:42,1,0,1, COLORADO BLVD & E 23RD AVE,1,1,0,0,1,1,0,0,35,0,0,0,0,2,2,2,13
,2024-009557,39.74824287,-104.9864691,3/26/2024 10:49,10:49,3,0,0,20TH ST & WELTON ST,1,1,0,0,1,1,0,0,20,0,0,0,0,0,4,2,16
,2024-009559,39.72560463,-105.013142,3/28/2024 10:27,10:27,12,0,0,I-25 & W 6TH AVE FWY,1,1,0,0,1,8,0,0,65,0,0,0,0,0,1,2,14
,2024-009560,39.74925087,-104.9407692,3/29/2024 16:51,16:51,16,0,0,2001  COLORADO BLVD & E. 22ND AVE,1,1,0,0,5,7,0,0,,0,0,0,0,0,3,2,13
,2024-009563,39.62984944,-104.9049184,3/27/2024 20:05,20:05,15,0,0,I-25 & NB OFF RAMP EXT TO I-225,1,3,0,0,1,8,0,0,65,0,0,0,0,0,1,2,16
,2024-009564,39.7701672,-104.9919904,3/29/2024 23:45,23:45,15,0,0,I-25 & PARK AVE W,1,4,0,0,1,4,0,0,,0,0,0,0,0,1,2,16
,2024-009565,39.71148221,-104.9993449,3/28/2024 15:03,15:03,12,0,1,I-25 & W ALAMEDA AVE,1,1,1,0,1,4,0,0,55,0,0,0,1,3,1,2,13
,2024-009580,39.78590242,-104.7721289,3/28/2024 16:01,16:01,1,0,0, TOWER RD & E 49TH AVE,1,1,0,0,1,1,0,0,40,0,0,0,0,0,4,2,11
,2024-009588,39.73688541,-104.9787209,3/29/2024 15:46,15:46,12,0,0,E 13TH AVE & N WASHINGTON ST,1,1,0,0,1,1,0,0,,0,0,0,0,0,4,3,14
,2024-009590,39.78450151,-105.0531482,3/18/2024 18:32,18:32,12,0,0,I-70 WB OFF RAMP SLIP & N SHERIDAN BLVD,1,1,0,0,1,1,0,0,30,0,0,0,0,0,2,2,3
,2024-009591,39.75792418,-104.9917669,3/29/2024 13:31,13:31,10,0,0,PARK AVE & WAZEE ST,1,1,1,0,1,1,0,0,,0,0,0,0,0,4,2,16
,2024-009593,39.78378819,-104.7979663,3/30/2024 13:45,13:45,1,0,0,E GREEN VALLEY RANCH BLVD & N MEMPHIS ST,1,1,0,0,1,1,0,0,45,0,0,0,0,1,4,3,1
,2024-009594,39.70942784,-105.0298178,3/30/2024 15:16,15:16,11,0,1,W DAKOTA AVE & S IRVING ST,1,1,0,7,1,1,0,0,0,0,0,1,0,3,4,1,16
,2024-009596,39.75819966,-105.0251334,3/12/2024 11:30,11:30,12,0,0, FEDERAL BLVD & W 29TH AVE,1,1,0,0,1,4,0,0,35,0,0,0,0,0,2,2,13
,2024-009597,39.74628605,-104.995975,3/15/2024 8:30,8:30,12,0,0,CURTIS ST & 15TH ST,7,1,0,0,1,4,0,0,25,0,0,0,0,0,4,2,13
,2024-009606,39.72566005,-105.0542462,3/30/2024 14:17,14:17,12,0,0,W 6TH AVE & N KALAMATH ST,1,1,0,0,1,4,0,0,40,0,0,0,0,0,2,2,13
,2024-009607,39.7962275,-104.8191504,3/28/2024 12:13,12:13,3,0,0, SABLE ST & E ROBINS DR,1,1,0,0,1,1,0,0,20,0,0,0,0,0,4,2,13
,2024-009615,39.71113909,-105.01862,3/24/2024 22:53,22:53,5,0,1,W ALAMEDA AVE & S BRYANT ST,5,3,0,2,2,4,0,0,35,0,0,0,0,1,2,1,7
,2024-009620,39.68497904,-105.0250115,3/29/2024 20:56,20:56,12,0,0,W COLORADO AVE & S FEDERAL BLVD,1,3,0,0,1,3,0,0,40,0,0,0,0,0,2,3,13
,2024-009623,39.71089469,-104.9863728,3/30/2024 11:16,11:16,15,0,0, LINCOLN ST & E ALAMEDA AVE,1,1,0,0,1,4,0,0,30,0,0,0,0,0,4,2,16
,2024-009628,39.69299762,-104.9772808,3/30/2024 20:27,20:27,1,0,2,E LOUISIANA AVE & E BUCHTEL BLVD,1,3,0,0,1,1,0,0,35,0,0,0,1,2,4,2,13
,2024-009630,39.68942426,-105.0532541,3/28/2024 10:01,10:01,12,0,0, SHERIDAN BLVD & W FLORIDA AVE,1,1,0,0,1,3,0,0,35,0,0,0,0,0,2,2,16
,2024-009632,39.69659384,-104.9929345,3/28/2024 0:34,0:34,3,0,0, PLATTE RIVER DR & W MISSISSIPPI AVE,1,3,0,0,1,1,0,0,35,0,0,0,0,0,2,2,16
,2024-009637,39.76515055,-104.8904761,3/28/2024 16:30,16:30,1,0,0,E 35TH AVE & N CENTRAL PARK BLVD,1,1,0,0,1,1,0,0,35,0,0,0,0,0,4,2,13
,2024-009639,39.62683133,-105.1062415,3/28/2024 16:36,16:36,12,0,1,W DUMBARTON PL & W INDEPENDENCE WAY,1,1,0,7,1,4,0,0,20,0,0,0,0,2,4,2,1
,2024-009641,39.75717777,-105.0134995,3/27/2024 21:30,21:30,6,0,0,W 28TH AVE & N VALLEJO ST,1,4,1,0,1,4,0,0,20,0,0,0,0,0,4,2,3
,2024-009642,39.65652593,-104.931684,3/28/2024 14:57,14:57,6,0,1, DAHLIA ST & E FLOYD AVE,1,1,0,0,1,4,0,0,30,0,0,0,0,2,4,2,3
,2024-009646,39.74003875,-105.0001522,3/30/2024 17:00,17:00,1,0,0,W COLFAX AVE & N KALAMATH ST,1,1,0,0,1,1,0,0,35,0,0,0,0,0,2,2,16
,2024-009648,39.72564815,-104.9862615,3/29/2024 10:05,10:05,10,0,0,E 6TH AVE & N LINCOLN ST,1,1,0,0,1,1,0,0,30,0,0,0,0,0,4,2,13
,2024-009650,39.76927459,-105.0252317,3/17/2024 17:54,17:54,12,0,0, FEDERAL BLVD & W 38TH AVE,1,1,0,0,1,3,0,0,35,0,0,0,0,0,1,2,13
,2024-009653,39.61781119,-105.0913816,3/26/2024 12:05,12:05,12,0,0, WADSWORTH BLVD & W CRESTLINE AVE,1,1,0,0,1,4,0,0,45,0,0,0,0,0,2,5,16
,2024-009655,39.8254803,-104.7718878,3/29/2024 10:05,10:05,1,0,0, TOWER RD & E 71ST AVE,1,1,0,0,1,1,0,0,45,0,0,0,0,0,4,2,7
,2024-009661,39.75094346,-104.9899761,3/29/2024 17:00,17:00,3,0,0,20TH ST & CURTIS ST,1,1,0,0,1,1,0,0,,0,0,0,0,0,4,2,16
,2024-009664,39.68568865,-104.9394609,3/28/2024 16:10,16:10,3,0,0,E MEXICO AVE & S ALBION ST,1,1,0,0,1,1,0,0,25,0,0,0,0,0,4,2,13
,2024-009666,39.75166986,-105.0029585,3/28/2024 16:33,16:33,10,0,0,WEWATTA ST & 15TH ST,1,1,0,0,1,3,0,0,30,0,0,0,0,0,4,2,13
,2024-009667,39.69169542,-105.0157033,3/29/2024 2:40,2:40,6,0,0, ZUNI ST & W ARKANSAS AVE,1,3,0,0,1,4,0,0,25,0,0,0,0,0,4,3,16
,2024-009668,39.72568144,-105.0032198,3/29/2024 13:50,13:50,15,0,0,W 6TH AVE & N LIPAN ST,1,1,0,0,1,4,0,0,35,0,0,0,0,0,4,3,13
,2024-009669,39.74744599,-104.8975608,3/29/2024 16:00,16:00,1,0,0,MONTVIEW BLVD & N SPRUCE ST,1,1,0,0,1,1,0,0,25,0,0,0,0,0,4,2,13
,2024-009674,39.71100756,-105.0329882,3/29/2024 10:32,10:32,12,0,0,MORRISON RD & W ALAMEDA AVE,1,1,0,0,1,3,0,0,35,0,0,0,0,0,2,2,16
,2024-009675,39.7432413,-104.9726887,3/30/2024 16:34,16:34,6,0,0,E 17TH AVE & PARK AVE W,1,1,0,0,1,4,0,0,30,0,0,0,0,0,4,2,16
,2024-009677,39.73830807,-104.9799041,3/29/2024 10:25,10:25,6,0,0, PEARL ST & E 14TH AVE,1,1,0,0,1,4,0,0,20,0,0,0,0,0,4,2,16
,2024-009678,39.76001609,-104.890774,3/26/2024 13:35,13:35,3,0,4,E MLK BLVD & N CENTRAL PARK BLVD,1,1,0,0,1,1,0,0,35,0,0,0,0,2,4,3,16
,2024-009680,39.75555085,-105.0125284,3/30/2024 16:57,16:57,12,0,0,I-25 & N SPEER BLVD,1,1,0,0,1,4,0,0,55,0,0,0,0,0,1,2,7
,2024-009689,39.67238055,-104.928787,3/24/2024 9:06,9:06,5,0,0,I-25 & MM 203,1,1,0,0,3,4,0,0,55,0,0,0,0,0,1,1,16
,2024-009700,39.73130861,-105.0532243,3/24/2024 21:12,21:12,14,0,0, SHERIDAN BLVD & W 9TH AVE,9,3,0,2,1,1,0,0,30,0,0,0,0,0,2,2,16
,2024-009715,39.69067178,-104.9734269,3/21/2024 18:16,18:16,2,0,1, DOWNING ST & I-25 NB ON RAMP,1,1,2,0,1,1,0,0,25,1,0,0,0,3,4,1,11
,2024-009721,39.74335937,-104.9873765,2/21/2024 14:00,14:00,11,0,1,E 17TH AVE & N BROADWAY,1,1,0,0,1,1,0,0,0,0,0,1,0,2,4,1,16
,2024-009725,39.77685989,-104.9036227,3/24/2024 6:40,6:40,15,0,0, QUEBEC ST & I-70 EB RAMPS,1,2,2,0,1,4,0,0,45,0,0,0,0,0,2,2,11
,2024-009787,39.76033058,-104.9830577,3/29/2024 23:58,23:58,1,0,0,LARIMER ST & 28TH ST,1,3,0,0,1,4,0,0,25,0,0,0,0,0,4,2,11
,2024-009791,39.77691282,-104.8657499,3/19/2024 20:04,20:04,1,0,3, HAVANA ST & I-70 WB ON RAMP,1,3,0,0,1,1,0,0,40,0,0,0,0,3,4,2,13
,2024-009792,39.74027917,-105.0296825,3/31/2024 18:40,18:40,15,0,0,W COLFAX AVE & N IRVING ST,1,1,0,0,1,4,0,0,35,0,0,0,0,0,2,2,11
,2024-009795,39.78363955,-104.7898761,3/30/2024 15:00,15:00,1,0,4,PENA BLVD NB OFF RAMP & E GREEN VALLEY RANCH BLVD,1,1,0,0,1,1,0,0,,0,0,0,0,2,4,2,11
,2024-009796,39.65317968,-104.9090934,3/1/2024 18:39,18:39,1,0,1,E HAMPDEN AVE & S ONEIDA WY,1,3,0,0,1,1,0,0,40,0,0,0,0,2,2,2,10
,2024-009799,39.72849307,-105.0145183,3/31/2024 2:12,2:12,15,0,0,I-25 & W 6TH AVE,1,3,1,0,1,4,0,0,55,0,0,0,0,0,1,2,16
,2024-009802,39.73344863,-104.9775882,3/15/2024 15:06,15:06,6,0,0, CLARKSON ST & E 10TH AVE,1,1,0,0,1,4,0,0,,0,0,0,0,0,4,2,16
,2024-009807,39.76184179,-104.9317119,3/31/2024 10:17,10:17,10,0,0, DAHLIA ST & E MLK JR BLVD,1,1,0,0,1,1,0,0,30,0,0,0,0,0,4,2,3
,2024-009816,39.73492442,-104.9835941,2/29/2024 12:25,12:25,6,0,0, GRANT ST & E 11TH AVE,1,1,0,0,1,4,0,0,,0,0,0,0,0,4,2,16
,2024-009817,39.77267444,-104.7686678,3/20/2024 23:00,23:00,6,0,0, ANDES WAY & E 41TH AVE,1,4,0,0,1,4,0,0,20,0,0,0,0,0,4,2,10
,2024-009818,39.72500769,-105.0127173,3/31/2024 10:51,10:51,12,0,2,I-25 & W 6TH AVE,1,1,0,0,1,4,0,0,55,0,0,0,0,1,1,2,1
,2024-009820,39.71124039,-105.0249447,3/8/2024 10:34,10:34,12,0,0,W ALAMEDA AVE & S FEDERAL BLVD,1,1,0,0,1,3,0,0,35,0,0,0,0,0,2,2,16
,2024-009821,39.7595521,-104.9840654,2/9/2024 20:22,20:22,6,0,0,LARIMER ST & 27TH ST,11,3,0,2,1,3,0,0,,0,0,0,0,0,4,2,16
,2024-009825,39.77808742,-104.8938433,3/31/2024 17:08,17:08,5,0,0,I-70 & N CENTRAL PARK BLVD,1,1,0,0,3,4,0,0,55,0,0,0,0,0,1,1,7
,2024-009829,39.83265011,-104.6929494,3/30/2024 23:11,23:11,12,0,0,JACKSON GAP ST & E 75TH AVE,1,3,0,0,1,4,0,0,30,0,0,0,0,0,4,2,11
,2024-009837,39.78365997,-104.7611402,3/31/2024 15:20,15:20,3,0,2,E GREEN VALLEY RANCH BLVD & N FLANDERS WY,1,1,0,0,1,1,0,0,,0,0,0,0,1,4,2,16
,2024-009845,39.78371537,-104.7744734,3/21/2024 7:25,7:25,6,0,0,18300 E GREEN VALLEY RANCH BLVD,1,1,0,0,1,4,0,0,,0,0,0,0,0,4,2,16
,2024-009849,39.65293778,-104.9168198,3/26/2024 8:10,8:10,12,0,0,I-25 NB OFF RAMP SLIP & E HAMPDEN AVE,1,1,0,0,1,8,0,0,,0,0,0,0,0,1,2,16
,2024-009857,39.78083528,-104.966942,3/31/2024 2:19,2:19,12,0,0, BRIGHTON BLVD & N 46TH AVE N,1,3,3,0,1,3,0,0,35,0,0,0,0,0,2,2,13
,2024-009884,39.64022993,-104.884935,3/30/2024 23:16,23:16,3,0,0, YOSEMITE ST & I-225 FRTG RD SLIP,1,3,0,0,1,1,0,0,30,0,0,0,0,0,2,2,16
,2024-009901,39.77427521,-104.8470352,3/25/2024 9:46,9:46,12,0,0,I-70 & N PEORIA ST,8,1,1,2,1,4,0,0,55,0,0,0,0,0,1,2,1
,2024-009902,39.67841898,-104.9623119,1/13/2024 8:40,8:40,11,0,1,E EVANS AVE & S GAYLORD ST,4,1,0,0,1,12,0,0,,0,1,0,0,2,4,1,16
,2024-009903,39.7377049,-104.9562756,3/12/2024 22:30,22:30,6,0,0, ELIZABETH ST & E 14TH AVE,1,1,0,0,1,4,0,0,20,0,0,0,0,0,4,2,16
,2024-009910,39.78363958,-104.7904701,3/30/2024 11:00,11:00,12,0,0,E GREEN VALLEY RANCH BLVD,1,1,0,0,1,1,0,0,40,0,0,0,0,0,4,2,11
,2024-009912,39.69674631,-105.0297402,2/25/2024 16:10,16:10,3,0,0,W MISSISSIPPI AVE & S IRVING ST,1,1,0,0,1,1,0,0,30,0,0,0,0,0,4,2,13
,2024-009913,39.83461493,-104.748371,3/29/2024 23:20,23:20,15,0,0,E-470,1,3,0,0,1,4,0,0,,0,0,0,0,0,4,2,16
,2024-009915,39.71119521,-104.997141,3/23/2024 2:05,2:05,15,0,0,W ALAMEDA AVE & S SANTA FE DR,1,3,0,0,1,3,0,0,,0,0,0,0,0,2,2,16
,2024-009917,39.74398198,-105.0532228,3/31/2024 13:09,13:09,14,0,0,W 17TH AVE & N SHERIDAN BLVD,1,1,0,0,6,3,0,0,,0,0,0,0,0,2,2,16
,2024-009918,39.74088534,-105.0486735,3/7/2024 20:25,20:25,6,0,0, WOLFF ST & W COLFAX AVE,1,3,0,0,1,4,0,0,25,0,0,0,0,0,4,2,16
,2024-009919,39.67975241,-104.9355765,3/24/2024 1:02,1:02,5,0,2,I-25  FRTG RD & E COLORADO CENTER DR,1,3,0,0,2,4,0,0,25,0,0,0,0,3,4,1,4
,2024-009920,39.70961303,-105.0350442,3/26/2024 17:25,17:25,12,0,0,MORRISON RD & S LOWELL BLVD,1,1,0,0,1,3,0,0,,0,0,0,0,1,4,2,1
,2024-009923,39.76445738,-104.9406524,3/27/2024 14:56,14:56,3,0,4,E BRUCE RANDOLPH AVE & N COLORADO BLVD,1,1,0,0,1,1,0,0,30,0,0,0,0,3,2,2,1
,2024-009925,39.69625698,-104.8974222,3/25/2024 22:50,22:50,5,0,0,E MISSISSIPPI AVE & S PARKER RD,2,3,0,0,4,3,0,0,35,0,0,0,0,0,2,1,3
,2024-009927,39.77172256,-105.0202527,3/27/2024 14:15,14:15,6,0,0,W 40TH AVE & N CLAY ST,1,1,0,0,1,9,0,0,25,0,0,0,0,0,4,2,13
,2024-009932,39.78378057,-104.9270026,3/20/2024 5:50,5:50,10,0,0,E 48TH AVE & N FOREST ST,1,4,0,0,1,1,0,0,35,0,0,0,0,0,4,2,1
,2024-009935,39.70777044,-104.9407892,4/1/2024 8:01,8:01,3,0,0, COLORADO BLVD & E CHERRY CREEK N DR,1,1,0,0,1,2,0,0,35,0,0,0,0,0,2,2,7
,2024-009936,39.66691842,-105.0715069,3/25/2024 23:34,23:34,6,0,0, PIERCE ST & W LINVALE PL,1,4,0,0,1,4,0,0,30,0,0,0,0,0,4,2,12
,2024-009937,39.79480509,-104.8133207,3/31/2024 12:29,12:29,12,0,1, ALTURA ST & E MAXWELL PL,1,1,0,0,1,4,0,0,20,0,0,0,0,1,4,2,1
,2024-009939,39.73510644,-104.9428943,3/13/2024 19:08,19:08,6,0,0, JACKSON ST & 12TH AVE,11,4,0,1,1,4,0,0,25,0,0,0,0,0,4,3,16
,2024-009941,39.6676264,-104.9035093,3/31/2024 22:43,22:43,1,0,0, QUEBEC ST & E YALE AVE,1,3,0,0,1,1,0,0,35,0,0,0,0,0,4,2,16
,2024-009942,39.63117872,-104.8924131,4/1/2024 18:14,18:14,12,0,0, DTC BLVD & E UNION AVE,11,2,0,1,1,4,0,0,,0,0,0,0,1,4,3,16
,2024-009943,39.72950864,-105.0532271,3/13/2024 18:14,18:14,12,0,0, SHERIDAN BLVD & W 8TH AVE,11,2,1,1,1,3,0,0,35,0,0,0,0,0,2,2,16
,2024-009944,39.67846354,-104.9127768,3/18/2024 17:30,17:30,12,0,0,E EVANS AVE & S MONACO ST,1,1,0,0,1,4,0,0,40,0,0,0,0,0,4,2,16
,2024-009945,39.83355282,-104.7718783,3/31/2024 15:45,15:45,15,0,0, TOWER RD & PENA BLVD INBOUND,1,1,0,0,1,4,0,0,45,0,0,0,1,1,4,2,13
,2024-009946,39.76968454,-105.0252325,4/1/2024 10:05,10:05,12,0,2, FEDERAL BLVD & W 38TH AVE,1,1,0,0,1,3,0,0,35,0,0,0,0,1,2,3,3
,2024-009948,39.73496858,-104.9383986,3/19/2024 18:30,18:30,6,0,0, ASH ST & E 12TH AVE,1,3,0,0,6,4,0,0,,0,0,0,0,0,4,2,16
,2024-009949,39.71706086,-104.9037058,3/8/2024 18:50,18:50,12,0,0, QUEBEC ST & E LOWRY BLVD,2,3,0,0,1,3,0,0,35,0,0,0,0,0,4,2,1
,2024-009953,39.78238824,-104.8466444,3/11/2024 19:35,19:35,12,0,0,E ALBROOK DR & N PEORIA ST,1,3,0,0,1,4,0,1,,0,0,0,0,0,4,2,16
,2024-009957,39.74744335,-104.9034481,3/27/2024 9:01,9:01,12,0,0, QUEBEC ST & E MONTVIEW BLVD,1,1,0,0,1,1,0,0,30,0,0,0,0,0,4,2,16
,2024-009958,39.77282973,-104.7905735,3/28/2024 20:10,20:10,1,0,3,E 40TH AVE & N PENA BLVD INBOUND,1,3,0,0,1,1,0,0,,0,0,0,0,2,4,2,16
,2024-009959,39.68312608,-104.9413996,3/26/2024 15:44,15:44,12,0,0,I-25 & S COLORADO BLVD,1,1,1,0,1,4,0,0,60,0,0,0,0,0,1,2,13
,2024-009962,39.75920456,-104.9845106,3/11/2024 13:00,13:00,6,0,0,LARIMER ST & 27TH ST,1,1,0,0,1,4,0,0,,0,0,0,0,0,4,2,16
,2024-009964,39.77664958,-105.0252831,3/30/2024 15:20,15:20,14,0,0,W 44TH AVE & N FEDERAL BLVD,1,1,0,0,1,1,0,0,35,0,0,0,0,0,2,2,16
,2024-009967,39.7176884,-104.9500669,4/1/2024 12:34,12:34,15,0,0,E 1ST AVE & N STEELE ST,1,1,0,0,1,1,0,0,25,0,0,0,0,0,4,2,3
,2024-009969,39.69450496,-104.9082732,3/28/2024 1:15,1:15,5,0,0,6685 E ARIZONA AVE & S ONEIDA ST,1,3,0,0,3,4,0,0,25,0,0,0,0,0,4,1,16
,2024-009973,39.78207158,-105.0016945,3/29/2024 10:24,10:24,9,0,1, LIPAN ST & W 47TH AVE,1,1,0,0,1,4,0,0,25,0,0,0,1,3,4,1,16
,2024-009977,39.71071475,-104.9413519,3/28/2024 13:15,13:15,15,0,1, HARRISON ST & E ALAMEDA AVE,1,1,0,0,1,4,0,0,25,0,0,0,0,1,4,2,16
,2024-009978,39.70889945,-104.8753736,3/19/2024 11:00,11:00,1,0,1,E ALAMEDA AVE & S DAYTON ST,1,1,0,0,1,1,0,0,40,0,0,0,0,1,4,2,16
,2024-009980,39.77852502,-104.9128662,3/29/2024 12:01,12:01,12,0,0,I-70 & N MONACO ST,1,1,0,0,1,4,0,0,55,0,0,0,0,0,1,2,10
,2024-009981,39.65849623,-105.0251851,3/28/2024 13:25,13:25,16,0,0,3200  FEDERAL BLVD,11,1,1,0,5,1,0,0,,0,0,0,0,0,3,2,3
,2024-009982,39.70039032,-105.0481632,3/30/2024 17:53,17:53,12,0,0,MORRISON RD & W KENTUCKY AVE,1,2,1,0,1,3,0,0,25,0,0,0,0,0,4,2,8
,2024-009984,39.75844239,-104.9971402,3/28/2024 8:06,8:06,11,0,1, HURON ST & W 29TH AVE,1,1,0,0,1,1,0,0,0,0,0,1,0,1,4,1,16
,2024-009987,39.7111855,-105.0015651,3/19/2024 16:00,16:00,5,0,0,W ALAMEDA AVE & S LIPAN ST,1,1,0,0,3,1,0,0,,0,0,0,0,0,2,1,13
,2024-009989,39.69670514,-105.0010848,3/31/2024 23:04,23:04,12,0,0,W MISSISSIPPI AVE & S LIPAN ST,11,3,1,0,1,4,0,0,,0,0,0,0,0,4,2,16
,2024-010003,39.72028149,-104.9035435,3/24/2024 12:42,12:42,2,0,0,E 2ND AVE & N QUEBEC ST,1,1,0,0,1,1,0,0,30,1,0,0,0,0,4,1,4
,2024-010009,39.77548016,-104.9936248,4/1/2024 6:02,6:02,3,0,1,W 43RD AVE & N ELATI ST,1,4,0,0,1,1,0,0,25,0,0,0,0,3,4,2,1
,2024-010010,39.76204892,-104.9733406,3/17/2024 2:00,2:00,3,0,1,E MLK BLVD & N DOWNING ST,1,3,0,0,1,1,0,0,30,0,0,0,0,1,4,2,16
,2024-010016,39.74493326,-104.95979,3/18/2024 12:50,12:50,12,0,0, YORK ST & E 18TH AVE,1,1,0,0,1,3,0,0,,0,0,0,0,0,4,2,16
,2024-010018,39.7836049,-105.0315284,3/19/2024 16:00,16:00,12,0,0,I-70 & WB OFF RAMP MERGE PT TO N LOWELL BLVD,1,1,0,0,1,4,0,0,55,0,0,0,0,0,2,2,1
,2024-010021,39.78240773,-104.9984573,3/6/2024 16:00,16:00,15,0,0,I-70 EB OFF RAMP & OFF RAMP GORE PT,1,1,3,0,1,8,0,0,,0,0,0,0,0,1,2,16
,2024-010023,39.7290548,-105.0147205,3/18/2024 14:12,14:12,12,0,0,I-25 & W 8TH AVE,1,1,0,0,1,4,0,0,,0,0,0,0,0,1,2,16
,2024-010031,39.78177859,-104.7722007,3/30/2024 11:41,11:41,12,0,0,E 47TH AVE & N TOWER RD,1,1,0,0,1,3,0,0,20,0,0,0,0,0,4,2,11