id,drcog_id,latitude,longitude,crashtime,time,crashtype,numbkilled,numbinjurd,drcoglocat,rdconditin,lightngcon,roadcntgrd,weatherco,location,roaddescrp,schoolzone,constrzone,splimit,bikeinv,pedinv,sctrinv,motoinv,svrty,rdsystem,ttlvehcls,hcf
,2024-010034,39.7418507,-105.0147658,4/1/2024 8:05,8:05,15,0,0,I-25 SB & W COLFAX AVE,1,1,0,0,1,4,0,0,55,0,0,0,0,0,1,2,13
,2024-010035,39.70395082,-105.0250877,3/31/2024 6:42,6:42,12,0,1, FEDERAL BLVD & W EXPOSITION AVE,1,1,0,0,1,4,0,0,35,0,0,0,0,2,2,3,16
,2024-010038,39.85078834,-104.6665368,4/1/2024 9:41,9:41,15,0,0,N NEW CASTLE ST,1,1,0,0,1,4,0,0,45,0,0,0,0,0,4,2,8
,2024-010042,39.78366113,-105.0529098,3/17/2024 11:50,11:50,15,0,0,I-70 & N SHERIDAN BLVD,1,1,0,0,1,4,0,0,55,0,0,0,0,0,1,2,16
,2024-010045,39.77348244,-104.8480991,3/31/2024 15:42,15:42,12,0,0,I-70 EB OFF RAMP & PEORIA ST,1,1,0,0,1,8,0,0,35,0,0,0,0,0,1,2,1
,2024-010046,39.72886454,-105.0001771,3/20/2024 11:38,11:38,12,0,0, KALAMATH ST & W 8TH AVE,1,1,0,0,1,3,0,0,30,0,0,0,0,0,4,2,14
,2024-010062,39.77644291,-104.8731253,3/16/2024 11:38,11:38,15,0,0,I-70 & WB OFF RAMP EXT TO N CENTRAL PARK BLVD,1,1,0,0,1,4,0,0,55,0,0,0,0,0,1,2,1
,2024-010065,39.74521535,-104.9938864,3/12/2024 11:00,11:00,6,0,0,STOUT ST & 15TH ST,1,1,0,0,1,2,0,0,,0,0,0,0,0,4,2,16
,2024-010070,39.84038856,-104.6718311,4/1/2024 9:40,9:40,15,0,0,7800 PENA BLVD,1,1,0,0,1,4,0,0,45,0,0,0,0,0,4,2,13
,2024-010077,39.77648475,-105.0064342,3/31/2024 22:00,22:00,6,0,1, PECOS ST & W 44TH AVE,1,3,0,0,1,4,0,0,35,0,0,0,0,3,4,4,1
,2024-010299,39.71768625,-104.9461676,4/2/2024 16:10,16:10,12,0,0, MADISON ST & E 1ST AVE,1,1,0,0,1,4,0,0,25,0,0,0,0,0,4,3,6
,2024-010302,39.72959971,-104.9406246,4/2/2024 16:09,16:09,3,0,0, COLORADO BLVD & E 8TH AVE,1,1,0,0,1,2,0,0,35,0,0,0,0,0,2,3,1
,2024-010303,39.77119029,-105.0205216,4/2/2024 7:40,7:40,6,0,0, CLAY ST & W 39TH AVE,1,1,0,0,1,4,0,0,,0,0,0,0,0,4,2,16
,2024-010309,39.70815748,-104.9269733,4/2/2024 7:48,7:48,3,0,0,LEETSDALE DR & S FOREST ST,11,1,0,0,1,1,0,0,35,0,0,0,0,0,2,2,14
,2024-010310,39.74867372,-105.0020585,4/2/2024 8:11,8:11,3,0,0,14TH ST & BLAKE ST,1,1,0,0,1,1,0,0,25,0,0,0,0,0,4,2,13
,2024-010313,39.83333057,-104.6714005,4/2/2024 8:39,8:39,3,0,0,E 75TH AVE & HARRY B COMBS,1,1,0,0,1,1,0,0,45,0,0,0,0,0,4,2,13
,2024-010316,39.77945321,-104.9407599,3/29/2024 15:35,15:35,10,0,1,I-70 EB RAMP & N COLORADO BLVD,1,1,1,0,1,8,0,0,25,0,0,0,0,1,1,2,8
,2024-010320,39.74744335,-104.9034481,4/1/2024 10:31,10:31,1,0,0, QUEBEC ST & E MONTVIEW BLVD,1,1,0,0,1,1,0,0,30,0,0,0,0,0,4,2,16
,2024-010323,39.78594271,-104.9666105,4/2/2024 0:28,0:28,8,0,0, BRIGHTON BLVD & E 48TH AVE,1,3,0,0,1,4,0,0,30,0,0,0,0,0,4,2,16
,2024-010324,39.71082411,-104.9733905,4/2/2024 8:07,8:07,12,0,0, DOWNING ST & E ALAMEDA AVE,1,1,0,0,1,3,0,0,30,0,0,0,0,0,4,3,7
,2024-010325,39.77921677,-104.9259397,3/1/2024 14:10,14:10,12,0,0,I-70 & N COLORADO BLVD,1,1,0,0,1,4,0,0,55,0,0,0,0,0,1,2,16
,2024-010326,39.63139484,-104.8852202,4/1/2024 10:30,10:30,1,0,0, YOSEMITE ST & E UNION AVE,1,1,0,0,1,1,0,0,30,0,0,0,0,0,4,2,3
,2024-010327,39.7399884,-104.9979887,4/1/2024 22:28,22:28,15,0,0, SPEER BLVD & W COLFAX AVE,11,3,0,1,1,1,0,0,35,0,0,0,0,0,2,2,16
,2024-010330,39.72974893,-104.9912323,4/1/2024 14:08,14:08,3,0,1, SPEER BLVD & N BANNOCK ST,1,1,0,0,1,1,0,0,35,0,0,0,0,1,4,2,13
,2024-010343,39.75576556,-104.9889558,4/2/2024 7:45,7:45,3,0,0,PARK AVE W & LARIMER ST,1,1,0,0,1,1,0,0,30,0,0,0,0,0,4,2,16
,2024-010366,39.75531629,-104.973368,4/2/2024 7:39,7:39,3,0,1,TREMONT PL & N DOWNING ST,1,1,0,0,1,1,0,0,20,0,0,0,0,1,4,2,16
,2024-010367,39.72551012,-104.9985734,4/1/2024 13:00,13:00,6,0,0, SANTA FE DR & W 6TH AVE,1,1,0,0,1,4,0,0,30,0,0,0,0,0,4,2,3
,2024-010370,39.74743236,-104.9124435,4/1/2024 17:40,17:40,1,0,0,E MONTVIEW BLVD & N MONACO ST,11,1,0,1,1,1,0,0,25,0,0,0,0,0,4,2,11
,2024-010373,39.69053857,-104.9731763,3/29/2024 22:15,22:15,15,0,0,I-25 NB OFF RAMP & S DOWNING ST,1,3,1,0,1,8,0,0,45,0,0,0,0,0,4,2,16
,2024-010379,39.77478546,-104.8470309,4/2/2024 10:18,10:18,15,0,0, PEORIA ST & I-70,1,1,0,0,1,4,0,0,35,0,0,0,0,0,4,2,13
,2024-010380,39.68763893,-104.9316967,3/25/2024 18:47,18:47,12,0,0, DAHLIA ST & E IOWA AVE,1,3,0,0,1,1,0,0,25,0,0,0,0,1,4,3,16
,2024-010383,39.72892588,-105.0001765,4/2/2024 11:03,11:03,15,0,0,W 8TH AVE & N KALAMATH ST,1,1,0,0,1,1,0,0,35,0,0,0,0,0,4,2,13
,2024-010385,39.77775117,-104.8534563,4/2/2024 16:29,16:29,12,0,0,E 45TH AVE & PARIS ST,1,1,0,0,1,4,0,0,25,0,0,0,0,0,4,2,13
,2024-010397,39.68920869,-105.0002412,4/2/2024 17:11,17:11,1,0,3,W FLORIDA AVE & S PLATTE RIVER DR,1,1,0,0,1,1,0,0,30,0,0,0,0,3,4,2,13
,2024-010399,39.74020412,-104.9989092,3/31/2024 9:16,9:16,3,0,0,W COLFAX AVE & N SPEER BLVD,1,1,0,0,1,1,0,0,35,0,0,0,0,0,2,3,1
,2024-010400,39.67846472,-104.9316166,4/1/2024 17:25,17:25,1,0,0,E EVANS AVE & S DAHLIA ST,1,1,0,0,1,1,0,0,35,0,0,0,0,0,4,3,13
,2024-010412,39.75564844,-105.0123945,4/2/2024 6:30,6:30,12,0,0,I-25 & N SPEER BLVD,1,2,1,0,1,4,0,0,55,0,0,0,0,0,1,2,11
,2024-010424,39.76717763,-104.9979585,4/2/2024 15:30,15:30,15,0,0,I-25 & PARK AVE W,1,1,0,0,1,4,0,0,,0,0,0,0,0,1,2,16
,2024-010426,39.77664958,-105.0252831,4/2/2024 14:29,14:29,1,0,0,W 44TH AVE & N FEDERAL BLVD,1,1,0,0,1,1,0,0,30,0,0,0,0,0,2,2,13
,2024-010429,39.67499899,-105.0436354,4/2/2024 17:57,17:57,10,0,0,W ILIFF AVE & S TENNYSON ST,1,1,0,0,1,2,0,0,25,0,0,0,0,0,4,2,16
,2024-010431,39.73298369,-105.0251694,4/1/2024 11:20,11:20,11,0,1, FEDERAL BLVD & W 10TH AVE,1,1,0,0,1,2,0,0,,0,1,0,0,1,2,1,16
,2024-010434,39.78592477,-104.7902368,4/2/2024 8:25,8:25,12,0,0,GREEN VALLEY RANCH BLVD,1,1,0,0,1,4,0,0,65,0,0,0,0,0,4,2,13
,2024-010435,39.67846339,-104.9164798,3/28/2024 11:12,11:12,3,0,1,E EVANS AVE & S LEYDEN ST,1,1,0,0,1,2,0,0,35,0,0,0,0,1,4,2,11
,2024-010436,39.78388832,-105.0288815,3/29/2024 13:53,13:53,12,0,2,I-70 & N FEDERAL BLVD,1,1,0,0,1,4,0,0,55,0,0,0,0,1,1,2,3
,2024-010437,39.71127202,-105.0348837,4/2/2024 7:00,7:00,3,0,0, LOWELL BLVD & W ALAMEDA AVE,1,1,0,0,1,1,0,0,25,0,0,0,0,0,2,2,11
,2024-010438,39.74030958,-104.8999149,4/2/2024 14:40,14:40,6,0,0, ROSEMARY ST & E COLFAX AVE,1,1,0,0,1,4,0,0,20,0,0,0,0,0,4,2,16
,2024-010440,39.71978487,-104.9510121,4/2/2024 11:04,11:04,6,0,0, ST PAUL ST & E 2ND AVE,1,1,0,0,1,4,0,0,20,0,0,0,0,0,4,2,14
,2024-010444,39.69666127,-104.9918826,4/2/2024 12:20,12:20,1,0,0,W MISSISSIPPI AVE & S SANTA FE DR,1,1,0,0,1,1,0,0,25,0,0,0,0,0,2,2,14
,2024-010448,39.75153725,-104.998051,4/1/2024 13:35,13:35,12,0,0,17TH ST & BLAKE ST,1,1,0,0,1,4,0,0,25,0,0,0,0,0,4,2,11
,2024-010449,39.76120653,-105.0040005,4/2/2024 3:05,3:05,15,0,1,I-25 & 20TH ST,1,3,0,0,1,4,0,0,55,0,0,0,0,1,1,2,16
,2024-010451,39.72561581,-104.9582287,4/1/2024 12:40,12:40,10,0,0,E 6TH AVE & N JOSEPHINE ST,1,1,0,0,1,1,0,0,30,0,0,0,0,0,4,2,3
,2024-010453,39.77709119,-104.8824128,3/29/2024 10:46,10:46,15,0,0,I-70 & I-270 OFF RAMP MERGE PT,1,1,0,0,1,8,0,0,55,0,0,0,0,0,1,2,13
,2024-010465,39.77799513,-104.7721474,3/31/2024 12:10,12:10,12,0,0,E 45TH AVE & N TOWER RD,1,1,0,0,1,4,0,0,,0,0,0,0,0,4,3,16
,2024-010473,39.72529989,-105.0132227,3/31/2024 3:08,3:08,5,0,0,I-25 SB & W 6TH AVE,1,3,0,7,3,11,0,0,65,0,0,0,0,0,1,1,16
,2024-010526,39.68750397,-104.9605382,3/6/2024 17:40,17:40,6,0,0, YORK ST & E IOWA AVE,1,1,0,0,1,4,0,0,,0,0,0,0,0,4,2,16
,2024-010714,39.8334643,-104.692935,4/2/2024 16:39,16:39,1,0,0, JACKSON GAP ST & PENA BLVD INBOUND,1,1,0,0,1,1,0,0,45,0,0,0,0,0,4,2,11
,2024-010730,39.72557967,-104.9741512,3/8/2024 19:47,19:47,15,0,0,E 6TH AVE & N CORONA ST,1,3,0,0,1,4,0,0,30,0,0,0,0,0,4,3,16
,2024-010732,39.65317968,-104.9090934,4/3/2024 17:18,17:18,1,0,0,E HAMPDEN AVE & S ONEIDA WY,1,1,0,0,1,1,0,0,35,0,0,0,0,0,2,3,10
,2024-010752,39.74256873,-104.9374085,3/29/2024 8:00,8:00,6,0,0,E BATAVIA PL & N BELLAIRE ST,1,1,0,0,1,4,0,0,,0,0,0,0,0,4,2,16
,2024-010757,39.75104341,-104.9407644,4/2/2024 15:15,15:15,12,0,0, COLORADO BLVD & E 23RD AVE,1,1,0,0,1,1,0,0,35,0,0,0,0,0,2,2,3
,2024-010760,39.78138454,-104.816869,4/3/2024 14:05,14:05,1,0,0,E BOLLING DR & N ENID WAY,1,1,0,0,1,1,0,0,25,0,0,0,0,0,4,2,1
,2024-010764,39.75495904,-105.0129642,4/3/2024 12:46,12:46,12,0,0,I-25 & N SPEER BLVD,1,1,0,0,1,4,0,0,65,0,0,0,0,0,1,2,13
,2024-010766,39.7615413,-104.9780087,4/3/2024 18:31,18:31,6,0,0,ARAPAHOE ST & 30TH ST,1,1,0,0,1,4,0,0,30,0,0,0,0,0,4,2,13
,2024-010767,39.72844962,-105.0145026,2/10/2024 19:00,19:00,12,0,0,I-25 & W 6TH AVE,9,3,0,2,1,4,0,0,55,0,0,0,0,0,1,2,16
,2024-010768,39.73843317,-104.9874134,4/2/2024 15:55,15:55,15,0,1, BROADWAY ST & E 14TH AVE,1,1,0,0,1,1,0,0,30,0,0,0,1,2,4,2,14
,2024-010769,39.72728548,-104.9729429,3/8/2024 20:00,20:00,5,0,0,E 7TH AVE & N DOWNING ST,1,3,0,0,3,1,0,0,25,0,0,0,0,0,4,1,16
,2024-010772,39.65699306,-104.8663964,4/2/2024 17:45,17:45,12,0,0,E GIRARD AVE & S HAVANA ST,1,1,0,0,1,1,0,0,,0,0,0,0,0,2,2,16
,2024-010779,39.72953625,-105.053227,4/3/2024 7:31,7:31,3,0,0,W 8TH AVE & N SHERIDAN BLVD,1,1,0,0,1,1,0,0,20,0,0,0,0,0,2,2,16
,2024-010780,39.71818714,-104.9611733,4/3/2024 9:01,9:01,12,0,0,E 1ST AVE & N UNIVERSITY BLVD,1,1,0,0,1,4,0,0,30,0,0,0,0,0,4,2,14
,2024-010781,39.74020239,-104.9999485,4/3/2024 9:41,9:41,3,0,0,W COLFAX AVE & N KALAMATH ST,1,1,0,0,1,1,0,0,30,0,0,0,0,0,2,2,13
,2024-010782,39.74378523,-104.9116637,4/2/2024 16:00,16:00,3,0,0,E 17TH AVE & N MAGNOLIA ST,1,1,0,0,1,1,0,0,25,0,0,0,0,0,4,2,11
,2024-010783,39.75122792,-105.0173717,4/3/2024 12:14,12:14,1,0,0,W 23RD AVE & I-25 SB RAMPS,1,1,0,0,1,1,0,0,30,0,0,0,0,0,4,2,13
,2024-010784,39.7604933,-105.0056799,4/2/2024 12:21,12:21,12,0,0,I-25 & 20TH ST,1,1,1,0,1,4,0,0,55,0,0,0,0,0,1,4,16
,2024-010785,39.65432181,-104.8756447,4/2/2024 10:50,10:50,3,0,0,E GIRARD AVE & S DAYTON ST,1,1,0,0,1,1,0,0,25,0,0,0,0,0,4,2,3
,2024-010793,39.77833091,-104.9792445,3/29/2024 7:20,7:20,3,0,0, WASHINGTON ST & E 45TH AVE,1,1,0,0,1,1,0,0,35,0,0,0,0,0,4,2,13
,2024-010823,39.75487022,-105.0159062,3/23/2024 1:54,1:54,5,0,0,W 26TH AVE & N ZUNI ST,1,3,1,0,2,4,0,0,15,0,0,0,0,0,4,1,16
,2024-010825,39.65308132,-104.8920454,3/29/2024 13:25,13:25,12,0,0,E HAMPDEN AVE & S VERBENA ST,1,1,0,0,1,4,0,0,40,0,0,0,0,0,2,2,16
,2024-010826,39.70077679,-104.9105605,2/9/2024 19:30,19:30,6,0,0,890  MONACO ST,11,3,0,0,5,4,0,0,,0,0,0,0,0,3,2,16
,2024-010827,39.77415289,-104.84656,4/2/2024 7:07,7:07,12,0,3,I-70 & N PEORIA ST,1,1,0,0,1,4,0,0,55,0,0,0,0,1,1,3,16
,2024-010830,39.76940426,-105.0299698,4/2/2024 18:57,18:57,1,0,0,W 38TH AVE & N IRVING ST,1,2,0,0,1,1,0,0,30,0,0,0,0,0,4,2,13
,2024-010836,39.68954771,-105.0532506,4/3/2024 12:11,12:11,12,0,0, SHERIDAN BLVD & W FLORIDA AVE,1,1,0,0,1,3,0,0,,0,0,0,0,0,2,2,16
,2024-010838,39.77434422,-104.8509287,3/20/2024 17:15,17:15,15,0,1,I-70 & N PEORIA ST,1,1,0,0,1,13,0,0,55,0,0,0,0,3,1,3,1
,2024-010840,39.69847201,-104.9032368,4/3/2024 18:17,18:17,15,0,0,LEETSDALE DR & S QUEBEC ST,1,1,0,0,1,1,0,0,45,0,0,0,0,0,2,2,13
,2024-010841,39.76926061,-105.004138,3/10/2024 20:23,20:23,6,0,1, NAVAJO ST & W 38TH AVE,1,3,0,0,1,4,0,0,25,0,0,0,0,1,4,2,16
,2024-010842,39.8308939,-104.7041235,4/2/2024 15:30,15:30,6,0,0,24300 E 75TH AVE,1,1,0,0,5,7,0,0,,0,0,0,0,0,3,2,16
,2024-010843,39.72290925,-105.0112427,4/3/2024 15:15,15:15,12,0,0,I-25 & W 6TH AVE,1,1,0,0,1,8,0,0,45,0,0,0,0,0,1,2,13
,2024-010844,39.83346425,-104.6929349,4/2/2024 17:56,17:56,10,0,0,PENA BLVD & N JACKSON GAP ST,1,1,0,0,1,1,0,0,40,0,0,0,0,0,4,2,13
,2024-010846,39.77698316,-104.8812364,4/1/2024 7:42,7:42,15,0,0,I-70 & N CENTRAL PARK BLVD,1,1,0,0,1,4,0,0,55,0,0,0,0,0,1,2,1
,2024-010848,39.68129682,-104.9507995,4/3/2024 15:59,15:59,3,0,0, ST PAUL ST & E BUCHTEL BLVD,1,1,0,0,1,1,0,0,30,0,0,0,0,0,4,2,10
,2024-010851,39.72098176,-104.958155,4/2/2024 12:00,12:00,15,0,0,E 3RD AVE & N JOSEPHINE ST,1,1,0,0,1,4,0,0,25,0,0,0,0,0,4,2,3
,2024-010854,39.73648561,-104.9350056,4/3/2024 8:54,8:54,3,0,0,E 13TH AVE & N CLERMONT ST,1,1,0,0,1,1,0,0,20,0,0,0,0,0,4,2,16
,2024-010855,39.77093329,-104.7436031,4/3/2024 8:46,8:46,6,0,0,E 40TH AVE & N MALAYA ST,1,1,0,0,1,4,0,0,20,0,0,0,0,0,4,2,13
,2024-010858,39.74000931,-104.9728189,3/20/2024 11:32,11:32,12,0,0,E COLFAX AVE & N DOWNING ST,1,1,0,0,1,4,0,0,35,0,0,0,0,0,2,2,16
,2024-010859,39.71133319,-105.053258,4/1/2024 8:26,8:26,1,0,0, SHERIDAN BLVD & W ALAMEDA AVE,1,1,0,0,1,1,0,0,35,0,0,0,0,0,2,2,10
,2024-010860,39.66502727,-105.0272785,4/1/2024 0:08,0:08,6,0,0,2799 S GROVE ST,1,4,0,0,1,4,0,0,30,0,0,0,0,0,4,2,16
,2024-010862,39.69310469,-105.0286761,3/31/2024 7:32,7:32,6,0,0,W LOUISIANA AVE & S HOOKER WAY,1,1,0,0,1,4,0,0,25,0,0,0,0,0,4,2,16
,2024-010863,39.76732098,-104.8904572,4/1/2024 6:19,6:19,1,0,0, CENTRAL PARK BLVD & E 36TH AVE,1,2,0,0,1,1,0,0,35,0,0,0,0,0,4,2,11
,2024-010867,39.75235882,-104.9968258,1/17/2024 20:02,20:02,6,0,0,BLAKE ST & 18TH ST,2,3,0,0,1,4,0,0,25,0,0,0,0,0,4,2,16
,2024-010868,39.72910224,-104.9418371,4/1/2024 17:55,17:55,10,0,0,E 8TH AVE & HARRISON ST,1,1,0,0,1,2,0,0,30,0,0,0,0,0,4,2,16
,2024-010874,39.68495259,-105.0297886,3/30/2024 18:14,18:14,3,0,4, IRVING ST & W COLORADO AVE,1,1,2,0,1,1,0,0,25,0,0,0,0,2,4,2,13
,2024-010879,39.69715056,-104.8659337,3/30/2024 11:35,11:35,11,1,0, HAVANA ST & E MISSISSIPPI AVE,1,1,0,0,1,2,0,0,0,0,1,0,0,4,2,1,16
,2024-010882,39.67846359,-104.9128117,3/10/2024 17:25,17:25,1,0,0,E EVANS AVE & S MONACO ST,1,2,0,0,1,1,0,0,,0,0,0,0,0,4,2,16
,2024-010886,39.77290604,-104.9498249,3/12/2024 16:50,16:50,11,0,1, STEELE ST & E 40TH AVE,1,1,0,0,1,1,0,0,25,0,0,1,0,2,4,1,16
,2024-010901,39.77180525,-104.9036584,3/16/2024 14:24,14:24,12,0,0,E SMITH RD & N QUEBEC ST,1,1,0,0,1,4,0,0,30,0,0,0,0,0,4,2,11
,2024-010932,39.71133511,-104.9364799,4/3/2024 16:00,16:00,15,0,0,E ALAMEDA AVE & LEETSDALE DR,1,1,0,0,1,1,0,0,35,0,0,0,0,0,2,2,3
,2024-010937,39.65045015,-105.0346212,4/4/2024 11:14,11:14,3,0,1, LOWELL BLVD & W KENYON AVE,1,1,0,0,1,2,1,0,,0,0,0,0,1,4,2,11
,2024-010949,39.76822345,-104.9941411,3/6/2024 11:45,11:45,12,0,0,I-25 NB OFF RAMP & I-70,1,1,0,1,1,8,0,0,45,0,0,0,0,0,1,2,13
,2024-010994,39.72290412,-105.0250421,4/4/2024 7:31,7:31,15,0,0, FEDERAL BLVD & W SHORT PL,1,1,0,0,1,4,0,0,35,0,0,0,0,0,2,2,11
,2024-010995,39.84928164,-104.6726895,3/28/2024 12:26,12:26,15,0,0,PENA BLVD & E 85TH AVE,1,1,0,0,1,4,0,0,15,0,0,0,0,0,4,2,16
,2024-011000,39.76799742,-104.9948983,3/10/2024 14:00,14:00,15,0,0,I-25 & PARK AVE W,1,1,0,0,1,4,0,0,55,0,0,0,0,0,1,2,16
,2024-011001,39.68930908,-104.996595,4/3/2024 14:00,14:00,12,0,0, PLATTE RIVER DR & W FLORIDA AVE,1,1,0,0,1,1,0,0,30,0,0,0,0,0,4,2,3
,2024-011002,39.71108422,-105.0249415,4/2/2024 13:23,13:23,15,0,0, FEDERAL BLVD & W ALAMEDA AVE,1,1,1,0,1,3,0,0,40,0,0,0,0,0,2,2,16
,2024-011003,39.74482894,-104.9719518,4/2/2024 6:30,6:30,15,0,0,E 18TH AVE & N MARION ST,1,3,0,0,1,4,0,0,30,0,0,0,0,0,4,3,16
,2024-011005,39.71803373,-104.9535237,4/4/2024 9:38,9:38,15,0,0,E 1ST AVE & N MILWAUKEE ST,1,1,0,0,1,4,0,0,30,0,0,0,0,0,4,2,14
,2024-011009,39.72094395,-104.9870703,3/30/2024 12:45,12:45,8,0,0,E 3RD AVE & BROADWAY,1,1,0,0,1,3,0,0,25,0,0,0,0,0,4,2,16
,2024-011023,39.66773416,-104.9593805,4/3/2024 20:35,20:35,15,0,3, UNIVERSITY BLVD & E YALE AVE,1,3,0,0,1,4,0,0,35,0,0,0,0,2,4,4,14
,2024-011026,39.7400035,-104.9916533,4/3/2024 11:00,11:00,12,0,0,W COLFAX AVE & N CHEROKEE ST,1,1,0,0,1,1,0,0,35,0,0,0,0,0,2,2,3
,2024-011029,39.7369272,-104.9836181,4/4/2024 13:16,13:16,6,0,0, GRANT ST & E 13TH AVE,1,1,0,0,1,4,0,0,25,0,0,0,0,0,4,2,13
,2024-011030,39.75948687,-104.9585691,4/4/2024 9:05,9:05,15,0,0,E 30TH AVE & N JOSEPHINE ST,1,1,0,0,1,1,0,0,,0,0,0,0,0,4,2,3
,2024-011031,39.77932932,-104.9036691,4/4/2024 11:42,11:42,15,0,0, NORTHFIELD QUEBEC ST & I-70 WB RAMPS,1,1,0,0,1,1,0,0,35,0,0,0,0,0,2,2,16
,2024-011034,39.71531424,-104.9593071,4/4/2024 9:09,9:09,1,0,0, UNIVERSITY BLVD & E CHERRY CREEK S DR,1,1,3,0,1,1,0,0,30,0,0,0,0,0,4,2,13
,2024-011043,39.7748916,-104.8121884,4/4/2024 16:21,16:21,8,0,1,E ANDREWS DR & N FRASER WAY,1,1,0,0,1,4,0,0,25,0,0,0,0,3,4,2,2
,2024-011047,39.83799909,-104.6711576,4/4/2024 5:00,5:00,16,0,0,7800  SHADY GROVE ST,1,3,0,0,5,7,0,0,10,0,0,0,0,0,3,2,16
,2024-011052,39.78157713,-105.0415854,4/4/2024 15:54,15:54,15,0,1, RALEIGH ST & W 46TH AVE,1,1,0,0,1,4,0,0,20,0,0,0,0,3,4,2,13
,2024-011055,39.69663553,-104.9874309,4/4/2024 16:00,16:00,15,0,0, BROADWAY & E MISSISSIPPI AVE,1,1,0,0,1,1,0,0,30,0,0,0,0,0,4,2,3
,2024-011059,39.73827913,-104.9383875,4/5/2024 10:56,10:56,10,0,0,E 14TH AVE & N ASH ST,1,1,0,0,1,3,0,0,30,0,0,0,0,0,4,2,13
,2024-011062,39.71815652,-105.034913,4/5/2024 6:45,6:45,3,0,0, LOWELL BLVD & W 1ST AVE,1,1,0,0,1,1,0,0,25,0,0,0,0,0,4,2,11
,2024-011067,39.81824911,-104.7720201,4/2/2024 8:25,8:25,1,0,1, TOWER RD & E 67TH AVE,1,1,1,0,1,1,0,0,45,0,0,0,0,2,4,2,14
,2024-011068,39.74012615,-104.9634693,2/14/2024 19:36,19:36,1,0,0, RACE ST & E COLFAX AVE,1,3,0,0,6,4,0,0,,0,0,0,0,0,4,3,16
,2024-011069,39.74801814,-104.8848868,4/4/2024 16:07,16:07,15,0,0, CENTRAL PARK BLVD & E 23RD AVE,1,1,0,0,1,4,0,0,35,0,0,0,0,0,4,3,7
,2024-011071,39.73562501,-104.9123268,3/26/2024 7:00,7:00,16,0,0,8000 E 12 TH AVE & UINTA ST,1,1,0,0,5,7,0,0,,0,0,0,0,0,3,2,16
,2024-011073,39.75032459,-104.9890131,4/4/2024 8:28,8:28,12,0,0,CHAMPA ST & 20TH ST,1,1,0,0,1,4,0,0,20,0,0,0,0,0,4,2,16
,2024-011074,39.66717759,-104.9248715,4/5/2024 12:25,12:25,15,0,0,I-25 & E YALE AVE,1,1,0,0,1,8,0,0,55,0,0,0,0,0,1,2,13
,2024-011075,39.72568144,-105.0032198,4/5/2024 7:44,7:44,15,0,0,W 6TH AVE & N MARIPOSA AVE,1,1,0,0,1,4,0,0,55,0,0,0,0,0,2,2,11
,2024-011080,39.77659691,-104.8099048,4/3/2024 21:11,21:11,1,0,4, CHAMBERS RD & E 46TH AVE,1,3,0,0,1,1,0,0,40,0,0,0,0,3,4,2,3
,2024-011081,39.74197265,-105.014608,4/4/2024 8:45,8:45,12,0,1,AURARIA PKWY & I-25,1,1,1,0,1,8,0,0,45,0,0,0,0,2,4,2,13
,2024-011085,39.78738873,-104.9781065,4/4/2024 15:49,15:49,12,0,0,E 50TH AVE & N WASHINGTON ST,1,1,0,0,1,4,0,0,30,0,0,0,0,0,4,2,13
,2024-011086,39.73527377,-104.9835936,4/4/2024 18:27,18:27,3,0,1,E 12TH AVE & N GRANT ST,1,1,0,0,1,1,0,0,20,0,0,0,0,2,4,2,11
,2024-011089,39.74326515,-104.9798924,4/4/2024 13:00,13:00,11,0,1, PEARL ST & E 17TH AVE,1,1,0,0,1,1,0,0,0,0,0,1,0,1,4,1,16
,2024-011091,39.75472465,-104.9081634,4/3/2024 20:55,20:55,3,0,0,E 26TH AVE & N ONEIDA ST,1,3,0,0,1,1,0,0,30,0,0,0,0,0,4,2,16
,2024-011092,39.83485762,-104.7718854,4/4/2024 17:47,17:47,15,0,0, TOWER RD & PENA BLVD,1,1,1,0,1,3,0,0,40,0,0,0,0,0,4,2,14
,2024-011093,39.75783883,-105.0158325,4/3/2024 8:00,8:00,12,0,0, ZUNI ST & W 29TH AVE,1,1,1,0,1,3,0,0,30,0,0,0,0,0,4,3,1
,2024-011098,39.73839302,-104.9614695,4/4/2024 20:06,20:06,6,0,0,E 14TH AVE & N VINE ST,1,4,0,0,1,4,0,0,30,0,0,0,0,0,4,2,3
,2024-011099,39.78363783,-104.7836329,4/4/2024 8:08,8:08,12,0,0,E GREEN VALLEY RANCH BLVD & N SALIDA ST,1,1,0,0,1,4,0,0,35,0,0,0,0,0,4,3,13
,2024-011101,39.75067331,-105.0042072,4/4/2024 15:40,15:40,15,0,0,WEWATTA ST & SPEER BLVD,1,1,0,0,1,4,0,0,30,0,0,0,0,0,4,2,13
,2024-011102,39.76099182,-105.0050274,4/5/2024 6:34,6:34,12,0,2,I-25 & 20TH ST,1,1,0,0,1,4,0,0,55,0,0,0,0,1,1,3,3
,2024-011104,39.78238982,-104.8470106,4/3/2024 12:55,12:55,15,0,0, PEORIA ST & E 47TH AVE,13,1,0,0,1,1,0,0,20,0,0,0,0,0,4,2,16
,2024-011110,39.67852771,-105.0017856,4/5/2024 14:53,14:53,12,0,0,W EVANS AVE & S LIPAN ST,1,1,0,0,1,3,0,0,35,0,0,0,0,0,4,2,13
,2024-011111,39.7178225,-104.9461672,4/4/2024 15:00,15:00,3,0,0, MADISON ST & E 1ST AVE,1,1,0,0,1,1,0,0,25,0,0,0,0,0,4,2,3