id,drcog_id,latitude,longitude,crashtime,time,crashtype,numbkilled,numbinjurd,drcoglocat,rdconditin,lightngcon,roadcntgrd,weatherco,location,roaddescrp,schoolzone,constrzone,splimit,bikeinv,pedinv,sctrinv,motoinv,svrty,rdsystem,ttlvehcls,hcf
,2024-011112,39.7795118,-104.9821799,4/5/2024 13:28,13:28,12,0,0,I-70 & EB OFF RAMP MERGE PT TO N WASHINGTON ST,1,1,0,7,1,8,0,0,55,0,0,0,0,0,1,2,13
,2024-011113,39.7495883,-104.9882272,2/17/2024 3:40,3:40,3,0,0,20TH ST & STOUT ST,9,3,0,2,1,1,0,0,,0,0,0,0,0,4,2,16
,2024-011115,39.62933069,-104.8952628,4/3/2024 13:43,13:43,3,0,0,E UNION AVE & S ULSTER ST,1,1,0,0,1,1,0,0,30,0,0,0,0,0,4,2,14
,2024-011116,39.71325394,-104.9994136,3/13/2024 11:30,11:30,3,0,0,W CEDAR AVE & S KALAMATH ST,1,1,0,0,1,1,0,0,25,0,0,0,0,0,4,2,13
,2024-011119,39.78561336,-105.0252058,3/15/2024 16:35,16:35,12,0,0, FEDERAL BLVD & W 49TH AVE,1,1,0,0,1,1,0,0,,0,0,0,0,0,2,2,16
,2024-011120,39.77640722,-104.874807,4/4/2024 15:41,15:41,12,0,0,I-70 & N HAVANA ST,1,1,0,0,1,4,0,0,55,0,0,0,0,0,1,2,1
,2024-011121,39.79843653,-104.7626953,3/16/2024 18:48,18:48,10,0,0,E 56TH AVE & N DUNKIRK ST,1,1,0,0,1,4,0,0,45,0,0,0,0,0,4,2,16
,2024-011123,39.74021852,-104.9022412,3/8/2024 15:22,15:22,15,0,0,E COLFAX AVE & N QUINCE ST,1,1,0,0,1,3,0,0,35,0,0,0,0,0,2,2,1
,2024-011127,39.77996088,-104.9407668,4/4/2024 12:03,12:03,15,0,0, COLORADO BLVD & E 46TH S AVE,1,1,0,0,1,3,0,0,35,0,0,0,0,0,2,2,16
,2024-011129,39.74139229,-104.940611,4/5/2024 15:59,15:59,3,0,0, COLORADO BLVD & E 16TH AVE,1,1,0,0,1,1,0,0,35,0,0,0,0,0,2,2,13
,2024-011131,39.74414551,-105.0006144,4/5/2024 16:41,16:41,12,0,0, SPEER BLVD & ARAPAHOE ST,1,1,0,0,1,1,0,0,25,0,0,0,0,0,4,2,3
,2024-011133,39.77952274,-104.9823493,4/5/2024 13:47,13:47,12,0,0,I-70 & EB OFF RAMP MERGE PT TO N WASHINGTON ST,1,1,0,0,1,8,0,0,55,0,0,0,0,0,1,3,16
,2024-011143,39.74211134,-104.8987395,1/27/2024 21:34,21:34,15,0,0, SYRACUSE ST & E 16TH AVE,1,3,0,0,1,4,0,0,25,0,0,0,0,0,4,4,3
,2024-011146,39.74036073,-105.0509312,4/4/2024 8:21,8:21,15,0,0,W COLFAX AVE & N YATES ST,1,1,0,0,1,1,0,0,35,0,0,0,0,0,2,2,13
,2024-011147,39.70274592,-105.0015332,4/3/2024 15:36,15:36,3,0,1, LIPAN ST & W OHIO AVE,1,1,0,0,1,2,0,0,,0,0,0,0,1,4,2,3
,2024-011149,39.77977577,-104.9798752,4/5/2024 18:18,18:18,12,0,0,I-70 & WASHINGTON ST,1,1,0,0,1,13,0,0,55,0,0,0,0,0,1,2,13
,2024-011150,39.74741417,-104.924628,4/4/2024 11:06,11:06,3,0,0,E MONTVIEW BLVD & N GRAPE ST,1,1,0,0,1,1,0,0,20,0,0,0,0,0,4,2,16
,2024-011151,39.71818811,-104.9593202,4/3/2024 23:44,23:44,3,0,0,E 1ST AVE & N UNIVERSITY BLVD,1,3,0,0,1,1,0,0,35,0,0,0,0,0,4,2,13
,2024-011153,39.68945907,-105.0297063,4/4/2024 7:26,7:26,3,0,0,W FLORIDA AVE & S IRVING ST,1,1,0,0,1,1,0,0,30,0,0,0,0,0,4,2,16
,2024-011154,39.78615289,-104.8488895,4/4/2024 8:20,8:20,12,0,0, PARIS ST & E 49TH AVE,1,1,0,0,1,4,0,0,20,0,0,0,0,0,4,2,13
,2024-011163,39.72908159,-104.9717792,4/4/2024 8:38,8:38,3,0,0, MARION ST & E 8TH AVE,1,1,0,0,1,1,0,0,20,0,0,0,0,0,4,2,11
,2024-011164,39.77679295,-104.9497957,3/20/2024 7:00,7:00,6,0,0, STEELE ST & E 43RD AVE,1,1,0,0,1,4,0,0,35,0,0,0,0,0,4,3,13
,2024-011166,39.77717861,-104.8334307,4/5/2024 12:12,12:12,3,0,1,14250 E ALBROOK DR & N CARSON ST,1,1,0,0,1,2,0,0,20,0,0,0,0,1,4,4,13
,2024-011167,39.77378471,-104.8217591,4/5/2024 11:10,11:10,6,0,0, EAGLE ST & E 43RD AVE,1,1,0,0,1,4,0,0,20,0,0,0,0,0,4,2,16
,2024-011171,39.74006396,-105.0048679,4/5/2024 9:34,9:34,15,0,0,W COLFAX AVE & N OSAGE ST,1,1,0,0,1,4,0,0,30,0,0,0,0,0,2,2,13
,2024-011174,39.75384941,-104.9914337,3/23/2024 20:00,20:00,6,0,0,LARIMER ST & 21ST ST,1,3,3,0,1,4,0,0,,0,0,0,0,0,4,2,16
,2024-011176,39.67579476,-104.9840275,4/4/2024 17:00,17:00,6,0,0, GRANT ST & E TENNESSEE AVE,1,1,0,0,1,4,0,0,,0,0,0,0,0,4,2,16
,2024-011177,39.76517687,-104.9909913,3/14/2024 0:02,0:02,6,0,0,ARKINS CT & DENARGO ST,9,3,0,2,1,1,0,0,25,0,0,0,0,0,4,2,16
,2024-011179,39.67678886,-105.0203817,4/4/2024 19:19,19:19,12,0,1, CLAY ST & W WARREN AVE,1,1,0,0,1,1,0,0,30,0,0,0,0,1,4,2,13
,2024-011181,39.74891384,-104.9873973,4/5/2024 17:55,17:55,10,0,0, BROADWAY & CALIFORNIA ST,1,1,0,0,1,4,0,0,40,0,0,0,0,0,4,2,1
,2024-011185,39.70290461,-104.9593462,4/5/2024 10:57,10:57,12,0,0, UNIVERSITY BLVD & E EXPOSITION AVE,1,1,0,0,1,4,0,0,30,0,0,0,0,0,4,3,3
,2024-011187,39.74025835,-104.945368,4/5/2024 18:52,18:52,6,0,0, MONROE ST & E COLFAX AVE,1,1,0,0,1,4,0,0,30,0,0,0,1,0,2,2,1
,2024-011188,39.73833762,-104.9450697,4/5/2024 17:35,17:35,10,0,0, MONROE ST & E 14TH AVE,1,1,0,7,1,1,0,0,35,0,0,0,0,0,4,2,13
,2024-011189,39.6786458,-105.0248713,4/5/2024 16:23,16:23,3,0,0,W EVANS AVE & S FEDERAL BLVD,1,1,0,0,1,2,0,0,30,0,0,0,0,0,4,2,13
,2024-011190,39.66212291,-105.02397,3/11/2024 13:26,13:26,3,0,0,W CORNELL AVE & S FEDERAL BLVD,1,1,0,0,1,2,0,0,20,0,0,0,0,0,4,2,16
,2024-011191,39.6847206,-104.9593725,2/19/2024 9:00,9:00,3,0,0,I-25 NB OFF RAMP & S UNIVERSITY BLVD,1,1,0,0,1,1,0,0,35,0,0,0,0,0,2,2,16
,2024-011192,39.77982958,-104.9495375,4/5/2024 16:46,16:46,1,0,1, STEELE ST & E 46TH AVE S,1,1,0,0,1,1,0,0,25,0,0,0,0,2,2,2,14
,2024-011193,39.79839468,-104.7872824,4/2/2024 17:00,17:00,15,0,0,MM 12,1,1,0,0,1,4,0,0,,0,0,0,0,0,2,2,16
,2024-011194,39.74562601,-104.8928536,4/5/2024 16:43,16:43,3,0,0, UINTA  ST & E 19TH AVE,1,1,0,0,1,1,0,0,25,0,0,0,0,0,4,2,13
,2024-011195,39.77129803,-104.9706189,4/4/2024 22:44,22:44,6,0,0,WALNUT ST & E 38TH AVE,1,3,0,0,1,4,0,0,25,0,0,0,0,0,4,4,14
,2024-011196,39.73333936,-104.9965216,4/5/2024 15:28,15:28,3,0,0, GALAPAGO ST & E 11TH AVE,1,1,0,0,1,2,0,0,10,0,0,0,0,0,4,2,13
,2024-011197,39.65370731,-105.0346344,4/5/2024 13:49,13:49,9,0,1,W HAMPDEN AVE & S LOWELL LVD,1,1,0,0,1,4,0,0,55,0,0,0,1,3,2,1,1
,2024-011199,39.75072848,-104.9708782,3/18/2024 17:05,17:05,3,0,0, LAFAYETTE ST & E 23RD AVE,1,1,0,0,1,1,0,0,,0,0,0,0,0,4,2,16
,2024-011200,39.72805537,-104.9986065,3/19/2024 15:00,15:00,15,0,0,733  SANTA FE DR & W 7TH AVE,1,1,0,0,1,4,0,0,,0,0,0,0,0,4,2,16
,2024-011201,39.78745292,-105.0246497,3/12/2024 17:51,17:51,6,0,0,2900 W 50TH AVE,1,1,0,0,1,2,0,0,,0,0,0,0,0,2,2,14
,2024-011202,39.75826266,-104.9752853,4/6/2024 19:51,19:51,3,0,0,30TH ST & CALIFORNIA ST,1,3,0,0,1,1,0,0,25,0,0,0,0,0,4,2,13
,2024-011204,39.75281416,-104.9874135,3/13/2024 15:08,15:08,15,0,0,BROADWAY & 22ND ST,11,3,0,1,1,3,0,0,,0,0,0,0,0,4,2,16
,2024-011208,39.7520053,-104.9816672,3/17/2024 23:10,23:10,15,0,0,WELTON ST & 24TH ST,1,3,0,0,1,1,0,0,,0,0,0,0,0,4,2,16
,2024-011210,39.78594439,-104.7902335,3/13/2024 8:51,8:51,12,0,1,PENA BLVD NB OFF RAMP & GREEN VALLEY RANCH BLVD,1,1,1,0,1,1,0,0,,0,0,0,0,1,4,2,16
,2024-011211,39.77995583,-104.9032223,3/18/2024 19:49,19:49,12,0,0, NORTHFIELD QUEBEC ST & I-70,1,3,0,0,1,4,0,0,35,0,0,0,0,0,2,2,16
,2024-011213,39.71133314,-105.053258,3/24/2024 21:22,21:22,15,0,0,W ALAMEDA AVE & S SHERIDAN BLVD,4,3,0,2,1,4,0,0,35,0,0,0,0,0,2,3,14
,2024-011216,39.77832499,-104.9792446,3/13/2024 7:45,7:45,9,0,0,E 45TH AVE & N WASHINGTON ST,1,1,0,0,1,3,0,0,,0,0,0,0,0,4,2,16
,2024-011218,39.75159162,-104.9908311,3/29/2024 2:35,2:35,3,0,0,20TH ST & ARAPAHOE ST,1,3,0,0,1,1,0,0,35,0,0,0,0,0,4,2,6
,2024-011219,39.78389637,-104.8097966,4/5/2024 19:11,19:11,12,0,0, CHAMBERS RD & E GATEWAY AVE,1,3,0,0,1,4,0,0,40,0,0,0,0,0,4,2,13
,2024-011221,39.68052271,-105.0250251,3/5/2024 13:42,13:42,3,0,0,W ASBURY AVE & S FEDERAL BLVD,1,1,0,0,1,1,0,0,25,0,0,0,0,0,2,2,11
,2024-011222,39.75569814,-104.9840679,3/18/2024 19:04,19:04,6,0,0,25TH ST & CURTIS ST,1,3,0,0,1,4,0,0,25,0,0,0,0,0,4,2,14
,2024-011223,39.83440883,-104.7155128,4/3/2024 12:30,12:30,15,0,0,GUN CLUB RD,1,1,0,0,1,4,0,0,65,0,0,0,0,0,2,2,14
,2024-011224,39.71097692,-104.9803818,3/9/2024 11:57,11:57,6,0,0, PEARL ST & E ALAMEDA AVE,1,3,0,0,1,4,0,0,20,0,0,0,0,0,4,2,16
,2024-011226,39.74742295,-104.9187915,4/2/2024 18:44,18:44,2,0,1, JASMINE ST & E MONTVIEW BLVD,1,1,0,0,1,1,0,0,20,1,0,0,0,2,4,1,11
,2024-011227,39.75506864,-104.9880882,3/24/2024 1:48,1:48,12,0,0,PARK AVE W & LAWRENCE ST,1,3,0,0,1,3,0,0,35,0,0,0,0,0,4,2,16
,2024-011228,39.78363961,-104.7904783,3/31/2024 15:08,15:08,12,0,0,E GREEN VALLEY RANCH BLVD & PENA BLVD,1,1,0,0,1,1,0,0,,0,0,0,0,0,4,2,16
,2024-011230,39.77118454,-105.0451471,4/6/2024 16:12,16:12,12,0,0, UTICA ST & W  39TH AVE,1,1,0,0,1,4,0,0,25,0,0,0,0,0,4,2,11
,2024-011231,39.74682376,-104.9919192,4/3/2024 7:53,7:53,15,0,0,17TH ST & STOUT ST,1,1,0,0,1,4,0,0,,0,0,0,1,0,4,2,16
,2024-011232,39.78233421,-104.8470108,3/30/2024 19:42,19:42,12,0,0, PEORIA ST & E ALBROOK DR,1,3,0,0,1,3,0,0,,0,0,0,0,0,4,4,16
,2024-011233,39.77652652,-104.9835617,4/1/2024 18:28,18:28,6,0,0,E 44TH AVE & N GRANT ST,11,1,0,0,1,4,0,0,25,0,0,0,0,0,4,3,16
,2024-011236,39.756305,-105.0158358,4/5/2024 9:29,9:29,10,0,0, SPEER BLVD & N ZUNI ST,1,1,3,0,1,3,0,0,35,0,0,0,0,0,4,2,7
,2024-011237,39.738288,-104.9406146,3/22/2024 4:08,4:08,12,0,0, COLORADO BLVD & E 14TH AVE,1,3,0,0,1,1,0,0,35,0,0,0,0,0,2,2,13
,2024-011238,39.66278057,-104.9594428,4/6/2024 1:15,1:15,6,0,1, UNIVERSITY BLVD & E CORNELL AVE,1,3,0,0,3,4,0,1,35,0,0,0,0,2,4,2,16
,2024-011239,39.79152819,-104.90354,3/17/2024 11:44,11:44,1,1,0, QUEBEC ST & E 53RD AVE,1,1,0,0,1,2,0,0,45,0,0,0,1,4,2,2,14
,2024-011242,39.8334643,-104.692935,4/5/2024 13:58,13:58,1,0,1, JACKSON GAP ST & PENA BLVD,1,1,0,0,1,1,0,0,45,0,0,0,0,1,4,2,11
,2024-011243,39.72414169,-104.9862521,4/6/2024 15:22,15:22,10,0,0, LINCOLN ST & E 5TH AVE,1,1,0,0,1,1,0,0,30,0,0,0,0,0,4,2,10
,2024-011245,39.66756488,-104.9407896,4/6/2024 20:36,20:36,1,0,0, COLORADO BLVD & E YALE AVE,1,3,0,0,1,1,0,0,40,0,0,0,0,0,2,2,7
,2024-011246,39.72890681,-104.9985464,4/2/2024 8:00,8:00,12,0,0,W 8TH AVE & N SANTA FE DR,1,1,0,0,1,4,0,0,,0,0,0,0,0,4,2,16
,2024-011248,39.62897177,-104.9044363,3/18/2024 6:43,6:43,15,0,1,I-25 & MM 199.8,1,1,0,0,1,4,0,0,65,0,0,0,0,1,1,3,16
,2024-011249,39.73309465,-105.0532215,4/6/2024 0:08,0:08,1,0,0, SHERIDAN BLVD & W 10TH AVE,1,3,0,0,1,1,0,0,35,0,0,0,0,0,2,2,16
,2024-011252,39.73662905,-105.0393092,4/6/2024 18:07,18:07,10,0,0, PERRY ST & W 13TH AVE,14,1,1,0,1,1,0,0,30,0,0,0,0,0,4,2,1
,2024-011253,39.74559468,-104.9951519,3/22/2024 0:13,0:13,3,0,0,15TH ST & CHAMPA ST,1,3,0,0,1,1,0,0,35,0,0,0,0,0,4,2,13
,2024-011254,39.76928808,-105.011165,4/6/2024 0:05,0:05,12,0,2,W 38TH AVE & N TEJON ST,1,3,0,0,1,1,0,0,35,0,0,0,0,2,4,2,16
,2024-011255,39.76001609,-104.890774,3/21/2024 1:14,1:14,3,0,1,E MLK BLVD & N CENTRAL PARK BLVD,1,3,0,0,1,1,0,0,,0,0,0,0,1,4,2,16
,2024-011260,39.73846155,-104.9968726,4/4/2024 7:40,7:40,11,0,1,W 14TH AVE & N SPEER BLVD,1,1,0,0,1,1,0,0,25,0,1,0,0,3,4,1,11
,2024-011261,39.7686198,-104.9942995,3/28/2024 11:35,11:35,15,0,0,I-25 & SB ON RAMP MERGE PT FROM PARK AVE W,1,1,0,0,1,8,0,0,60,0,0,0,0,0,1,2,1
,2024-011262,39.75960684,-104.9842671,3/19/2024 20:50,20:50,6,0,0,27TH ST & LARIMER ST,1,3,0,0,1,4,0,0,25,0,0,0,0,0,4,2,3
,2024-011263,39.65026619,-104.916683,3/19/2024 21:10,21:10,6,0,0,I-25 & NB OFF RAMP EXT TO E HAMPDEN AVE,1,3,0,0,3,4,0,0,,0,0,0,0,0,1,3,16
,2024-011264,39.7768799,-104.9892144,4/1/2024 3:36,3:36,12,0,4,I-25 & W 44TH AVE,1,3,0,0,1,4,0,0,55,0,0,0,0,3,1,2,16
,2024-011265,39.69731593,-105.0066002,3/31/2024 3:16,3:16,16,0,0,1065  QUIVAS ST & W HOYE PL,1,3,0,0,5,2,0,0,,0,0,0,0,0,3,2,16
,2024-011266,39.72589227,-105.0252273,3/6/2024 14:30,14:30,10,0,0, FEDERAL BLVD & W 6TH AVE FWY,1,1,0,0,1,1,0,0,35,0,0,0,0,0,2,2,13
,2024-011268,39.76822299,-104.9746019,3/16/2024 1:00,1:00,6,0,0,WALNUT ST & 36TH ST,1,3,0,0,1,4,0,0,30,0,0,0,0,0,4,2,13
,2024-011269,39.66027563,-104.8662956,3/19/2024 21:08,21:08,10,0,0, HAVANA ST & E DARTMOUTH AVE,1,3,0,0,1,1,0,0,35,0,0,0,0,0,4,2,16
,2024-011270,39.75778095,-104.9986159,3/21/2024 20:15,20:15,12,0,0,20TH ST & CHESTNUT PL,1,3,0,0,1,3,0,0,,0,0,0,0,0,4,2,16
,2024-011272,39.71025473,-105.0192341,3/16/2024 23:00,23:00,6,0,0, CANOSA CT & W ALAMEDA AVE,11,4,0,0,1,4,0,0,30,0,0,0,0,0,4,2,16
,2024-011274,39.83802851,-104.7013199,4/3/2024 12:51,12:51,10,0,0,E 78TH AVE & N JACKSON GAP ST,1,1,0,0,1,2,0,0,45,0,0,0,0,0,4,2,11
,2024-011275,39.69675132,-105.0461578,4/5/2024 21:15,21:15,6,0,1,W MISSISSIPPI AVE & S VRAIN ST,1,4,0,0,1,4,0,0,25,0,0,0,0,1,4,2,16
,2024-011276,39.67509763,-104.940643,3/20/2024 14:35,14:35,15,0,0, COLORADO BLVD & E ILIFF AVE,1,1,0,0,1,4,0,0,35,0,0,0,0,0,2,2,16
,2024-011277,39.78736443,-105.0345712,3/28/2024 15:30,15:30,12,0,0, LOWELL BLVD & W 50TH AVE,1,1,0,0,1,4,0,0,35,0,0,0,0,0,4,3,16
,2024-011278,39.68514986,-104.9635937,3/16/2024 7:37,7:37,15,0,0,I-25 & MM 205.285,5,1,0,0,1,4,0,0,60,0,0,0,0,0,1,2,1
,2024-011279,39.73686828,-104.9971082,4/2/2024 5:20,5:20,10,0,0,W 13TH AVE & N GALAPAGO ST,1,3,0,0,1,1,0,0,30,0,0,0,0,0,4,2,16
,2024-011282,39.7837996,-104.8018255,4/2/2024 17:13,17:13,9,0,1,E GREEN VALLEY RANCH BLVD & N KITTREDGE ST,1,1,0,0,1,4,0,0,35,0,0,0,1,3,4,1,16
,2024-011299,39.68497908,-105.0250115,4/3/2024 6:06,6:06,12,0,0, FEDERAL BLVD & W COLORADO BLVD,1,1,1,0,1,4,0,0,35,0,0,0,0,0,2,2,16
,2024-011301,39.77664922,-105.0251599,4/2/2024 12:44,12:44,11,0,1,W 44TH AVE & N FEDERAL BLVD,1,1,0,0,1,1,0,0,30,0,1,0,0,1,2,1,13
,2024-011306,39.65310867,-104.9251972,4/2/2024 7:44,7:44,12,0,1,E HAMPDEN AVE & S GRAPE ST,1,1,0,0,1,3,0,0,40,0,0,0,0,1,2,3,16
,2024-011388,39.74001471,-104.9696496,3/22/2024 17:35,17:35,3,0,1,E COLFAX AVE & N HUMBOLDT ST,1,1,0,0,1,1,0,0,35,0,0,0,1,2,2,2,11
,2024-011394,39.73842396,-104.9741313,4/6/2024 21:53,21:53,3,0,0,E 14TH AVE & N CORONA ST,1,4,0,6,1,1,0,0,25,0,0,0,0,0,4,2,13
,2024-011406,39.73024466,-105.0150561,4/3/2024 14:38,14:38,5,0,0,I-25 NB ON RAMP & W 8TH AVE,1,1,1,0,3,8,0,0,30,0,0,0,0,0,4,1,16
,2024-011409,39.77114269,-104.8470349,2/2/2024 18:55,18:55,15,0,0, PEORIA ST & E 39TH AVE,1,3,0,0,1,4,0,0,35,0,0,0,0,0,4,2,16
,2024-011413,39.77111848,-104.9683958,4/7/2024 4:05,4:05,6,0,1,3838  FRANKLIN ST & 39TH AVE,1,3,0,6,3,4,0,0,30,0,0,0,0,2,4,2,16
,2024-011414,39.7367608,-104.94289,4/7/2024 10:44,10:44,3,0,0, JACKSON ST & E 13TH AVE,1,1,0,0,1,1,0,0,20,0,0,0,0,0,4,2,11
,2024-011417,39.74007689,-104.9161643,4/6/2024 20:06,20:06,3,0,2,E COLFAX AVE & N KRAMERIA ST,1,3,0,6,1,1,0,0,25,0,0,0,0,3,2,2,16
,2024-011422,39.75305354,-104.9854766,4/5/2024 7:49,7:49,11,0,1,CHAMPA ST & PARK AVE W,1,1,0,0,1,1,0,0,0,0,0,1,0,3,4,1,16
,2024-011432,39.74327316,-104.9810845,4/7/2024 2:47,2:47,3,0,0, PENNSYLVANIA ST & E 17TH AVE,1,3,0,0,1,1,0,0,30,0,0,0,0,0,4,2,16
,2024-011433,39.75013265,-104.9840897,4/5/2024 21:03,21:03,3,0,6,22ND ST & WELTON ST,1,3,0,0,1,1,0,0,20,0,0,0,0,2,4,2,16
,2024-011438,39.67472788,-104.8707696,4/7/2024 12:34,12:34,3,0,0, PARKER RD & E ILIFF AVE,1,1,0,0,1,1,0,0,40,0,0,0,0,0,2,2,10
,2024-011443,39.78950631,-104.7721425,4/7/2024 12:15,12:15,3,0,0, TOWER RD & E 51ST AVE,1,1,0,0,1,1,0,0,25,0,0,0,0,0,4,2,1
,2024-011444,39.67725612,-104.9851805,4/7/2024 2:46,2:46,6,0,1,2191  SHERMAN ST & E WARREN AVE,1,3,0,0,1,4,0,0,25,0,0,0,0,2,4,3,16
,2024-011451,39.72915166,-104.9407788,3/21/2024 21:11,21:11,11,0,1, COLORADO BLVD & E 8TH AVE,1,3,0,0,1,1,0,0,,0,1,0,0,2,2,1,11
,2024-011452,39.63976167,-105.0531625,4/5/2024 19:09,19:09,5,0,1,W QUINCY AVE & S SHERIDAN BLVD,1,1,0,0,3,1,0,0,30,0,0,0,0,1,2,1,16
,2024-011453,39.73972598,-105.0150364,4/4/2024 11:00,11:00,15,0,1,I-25 SB ON RAMP & W COLFAX AVE,1,1,1,0,1,8,0,0,35,0,0,0,0,1,4,2,13
,2024-011459,39.7400035,-104.9916533,4/6/2024 18:52,18:52,3,0,0,W COLFAX AVE & N CHEROKEE ST,1,1,0,6,1,1,0,0,25,0,0,0,0,0,2,2,16
,2024-011462,39.74165561,-104.9747738,4/4/2024 17:22,17:22,2,0,0,E 16TH AVE & N OGDEN ST,1,1,0,0,1,1,0,0,25,1,0,0,0,0,4,1,8
,2024-011464,39.73385744,-104.9873635,4/5/2024 10:27,10:27,2,0,1,E 11TH AVE & N BROADWAY ST,1,1,0,0,6,3,0,0,0,1,0,0,0,3,4,1,16
,2024-011468,39.77273693,-104.8299878,4/4/2024 15:03,15:03,15,0,0,I-70 & I-225 FLYOVER,1,1,0,0,1,13,0,0,55,0,0,0,0,0,1,2,13
,2024-011474,39.74395361,-105.0346051,4/4/2024 19:25,19:25,2,0,0,W 17TH AVE & N LOWELL BLVD,1,3,0,0,1,1,0,0,,1,0,0,0,0,4,1,16
,2024-011482,39.7112377,-105.031225,4/6/2024 2:27,2:27,5,0,0,W ALAMEDA AVE & S JULIAN ST,1,3,0,0,6,1,0,0,35,0,0,0,0,0,2,1,16
,2024-011485,39.72095083,-104.9406282,4/7/2024 2:10,2:10,12,0,0,E 3RD AVE & N COLORADO BLVD,1,3,0,0,1,1,0,0,35,0,0,0,0,0,2,2,16
,2024-011492,39.72364961,-105.0114416,4/7/2024 12:55,12:55,12,0,0,I-25 & W 6TH AVE,1,1,0,0,1,4,0,0,55,0,0,0,0,0,1,2,13
,2024-011494,39.72968667,-105.0151947,4/4/2024 7:49,7:49,12,0,0,I-25 & W 6TH AVE,1,1,1,0,1,4,0,0,55,0,0,0,0,0,1,2,11
,2024-011510,39.69677611,-105.0424346,4/5/2024 9:50,9:50,6,0,1,W MISSISSIPPI AVE & S RALEIGH ST,1,1,1,0,1,4,0,0,25,0,1,0,0,2,4,2,2
,2024-011529,39.71119458,-104.8929101,4/5/2024 15:45,15:45,1,0,0,E ALAMEDA AVE & E FAIRMOUNT DR,1,1,0,0,1,1,0,0,35,0,0,0,0,0,4,2,13
,2024-011541,39.77920567,-104.9258836,3/1/2024 14:10,14:10,12,0,0,I-70 & N COLORADO BLVD,1,1,0,0,1,4,0,0,55,0,0,0,0,0,1,2,4
,2024-011554,39.73228691,-104.9729798,4/6/2024 8:19,8:19,6,0,0, DOWNING ST & E 10TH AVE,1,3,0,0,1,4,0,0,,0,0,0,0,0,4,2,16
,2024-011555,39.7336995,-104.9573075,3/21/2024 12:20,12:20,6,0,0,E 11TH AVE & N COLUMBINE ST,1,1,0,0,1,4,0,0,,0,0,0,0,0,4,2,16
,2024-011556,39.77399912,-104.9031535,3/26/2024 23:55,23:55,16,0,0,4040  QUEBEC ST & E 40TH AVE,1,3,0,0,5,7,0,0,20,0,0,0,0,0,3,1,11
,2024-011559,39.71118591,-104.9927543,4/8/2024 17:42,17:42,12,0,0,W ALAMEDA AVE & S CHEROKEE ST,1,1,1,0,1,4,0,0,,0,0,0,0,0,4,2,16
,2024-011560,39.78023724,-104.9670032,4/8/2024 12:54,12:54,12,0,0,I-70 & N BRIGHTON BLVD,1,1,0,0,1,4,0,0,55,0,0,0,0,0,1,3,3
,2024-011561,39.67852981,-105.0020128,4/8/2024 6:25,6:25,12,0,1,W EVANS AVE & S LIPAN ST,1,1,1,0,1,3,0,0,30,0,0,0,0,1,4,2,14
,2024-011562,39.78590237,-104.7721289,4/8/2024 8:50,8:50,1,0,0,E 49TH AVE & N TOWER RD,1,1,0,0,1,1,0,0,25,0,0,0,0,0,4,2,11
,2024-011563,39.78896681,-104.9782883,4/8/2024 8:00,8:00,12,0,0,E 51ST AVE & N WASHINGTON ST,1,1,0,0,1,3,0,0,30,0,0,0,0,0,4,2,3
,2024-011564,39.75995664,-105.0059374,4/8/2024 8:23,8:23,15,0,0,I-25 & 20TH ST,1,1,0,0,1,4,0,0,55,0,0,0,0,0,1,2,10
,2024-011565,39.69938827,-104.9035381,4/8/2024 8:17,8:17,12,0,0, QUEBEC ST & LEETSDALE DR,1,1,0,0,1,4,0,0,,0,0,0,0,0,4,2,16
,2024-011566,39.75518913,-104.9407066,4/6/2024 12:44,12:44,12,0,0, COLORADO BLVD & N HADDON RD,1,1,0,0,1,4,0,0,35,0,0,0,0,0,2,3,11
,2024-011567,39.72093233,-104.9990343,4/5/2024 8:11,8:11,10,0,0,W 3RD AVE & N SANTA FE DR,1,1,0,0,1,2,0,0,30,0,0,0,0,0,4,2,13
,2024-011569,39.75073492,-104.9589433,4/8/2024 8:00,8:00,5,0,0,E 23RD AVE & N YORK ST,1,1,0,0,6,4,0,0,30,0,0,0,1,0,4,2,13
,2024-011570,39.70005069,-104.9075692,4/8/2024 7:48,7:48,12,0,0,LEETSDALE DR & S ONEIDA ST,1,1,1,0,1,3,0,0,45,0,0,0,0,0,2,3,3
,2024-011572,39.65308007,-104.9182342,4/8/2024 7:30,7:30,12,0,0,I-25 & E HAMPDEN AVE,1,1,0,0,1,4,0,0,60,0,0,0,0,0,1,2,16
,2024-011573,39.78194321,-104.9634731,4/8/2024 16:12,16:12,3,0,1, RACE ST & E 47TH AVE,1,1,0,0,1,1,0,0,20,0,0,0,0,2,4,2,13
,2024-011580,39.71466007,-104.9407886,4/6/2024 13:05,13:05,1,0,1, COLORADO BLVD & E BAYAUD AVE,1,1,0,0,1,1,0,0,35,0,0,0,0,1,2,3,13
,2024-011587,39.74998919,-104.9981712,4/7/2024 15:08,15:08,15,0,0,MARKET ST & 16TH ST,1,1,0,0,1,4,0,0,30,0,0,0,0,0,4,2,11
,2024-011588,39.74033858,-105.0393188,3/9/2024 16:42,16:42,12,0,0,W COLFAX AVE & N PERRY ST,1,1,0,0,1,3,0,0,,0,0,0,0,0,2,2,16