id,drcog_id,latitude,longitude,crashtime,time,crashtype,numbkilled,numbinjurd,drcoglocat,rdconditin,lightngcon,roadcntgrd,weatherco,location,roaddescrp,schoolzone,constrzone,splimit,bikeinv,pedinv,sctrinv,motoinv,svrty,rdsystem,ttlvehcls,hcf
,2024-011589,39.63310351,-104.9063692,4/7/2024 11:21,11:21,15,0,0,I-225 SB OFF RAMP & I-25 FLYOVER,1,1,0,0,1,8,0,0,55,0,0,0,0,0,1,2,16
,2024-011590,39.63843775,-104.8868417,3/18/2024 16:45,16:45,15,0,0,I-225 & NB ON RAMP MERGE PT FROM S TAMARAC PKWY,1,1,0,0,1,4,0,0,55,0,0,0,0,0,1,2,11
,2024-011591,39.74004416,-105.0007464,3/27/2024 12:00,12:00,12,0,0,W COLFAX AVE & N KALAMATH ST,1,1,0,0,1,3,0,0,30,0,0,0,0,0,2,2,1
,2024-011598,39.78249645,-104.9987745,3/17/2024 22:30,22:30,5,0,0,I-70 & OFF RAMP EXT TO I-25,1,3,0,0,2,4,0,0,55,0,0,0,0,0,1,1,16
,2024-011599,39.73704989,-105.014021,4/4/2024 13:33,13:33,12,0,1,I-25 & W COLFAX AVE,1,1,1,0,1,4,0,0,55,0,0,0,0,1,1,2,13
,2024-011601,39.75271025,-104.9946358,4/6/2024 23:38,23:38,12,0,0,MARKET ST & 19TH ST,1,3,0,6,1,4,0,0,25,0,0,0,0,0,4,2,10
,2024-011604,39.74405969,-105.0006066,4/8/2024 17:38,17:38,3,0,0, SPEER BLVD & ARAPAHOE ST,1,1,0,0,1,1,0,0,35,0,0,0,0,0,4,2,3
,2024-011605,39.73050891,-104.9971641,3/28/2024 20:30,20:30,6,0,0,W 9TH AVE & N GALAPAGO ST,1,3,0,0,1,4,0,0,25,0,0,0,0,0,4,2,14
,2024-011607,39.73685147,-104.9873938,4/7/2024 15:20,15:20,3,0,0,BROADWAY & E 13TH AVE,1,1,0,0,1,1,0,0,30,0,0,0,0,0,4,2,11
,2024-011608,39.78173718,-104.7371365,3/19/2024 14:45,14:45,6,0,0,E GREEN VALLEY RANCH BLVD & N ORLEANS ST,1,1,0,0,1,4,0,1,35,0,0,0,0,0,4,2,14
,2024-011609,39.75450137,-104.9921473,4/5/2024 15:54,15:54,6,0,0,21ST ST & MARKET ST,1,1,0,0,1,4,0,0,25,0,0,0,1,0,4,2,16
,2024-011610,39.65299604,-104.9249854,3/18/2024 17:28,17:28,12,0,0,HAMPDEN AVE & S GRAPE ST,1,1,0,0,1,3,0,0,,0,0,0,0,0,2,3,16
,2024-011612,39.67841682,-104.9637102,4/3/2024 7:31,7:31,11,0,3,E EVANS AVE & S RACE ST,1,2,0,0,1,12,0,0,30,0,1,0,0,3,4,1,11
,2024-011617,39.73697291,-104.9610186,4/6/2024 15:21,15:21,12,0,0, GAYLORD ST & E 13TH AVE,1,1,0,6,1,3,0,0,25,0,0,0,0,0,4,2,8
,2024-011619,39.73286655,-104.8965324,4/6/2024 15:28,15:28,11,0,1,E 11TH AVE & N SPRUCE ST,1,1,0,0,1,2,0,0,30,0,0,1,0,2,4,1,16
,2024-011623,39.79843653,-104.7626953,2/28/2024 7:10,7:10,15,0,0,E 56TH AVE & N DUNKIRK ST,1,1,0,0,1,4,0,1,40,0,0,0,0,0,4,2,1
,2024-011631,39.71975139,-105.0252774,4/8/2024 16:39,16:39,15,0,0, FEDERAL BLVD & W 2ND AVE,1,1,0,0,1,4,0,0,35,0,0,0,0,0,2,2,16
,2024-011632,39.64661871,-104.914555,4/6/2024 15:50,15:50,12,0,0,I-25 & E HAMPDEN AVE,1,1,0,0,1,4,0,0,55,0,0,0,0,0,1,2,13
,2024-011638,39.75267425,-104.9874103,4/7/2024 12:54,12:54,15,0,0,22ND ST & N BROADWAY ST,1,1,0,0,1,1,0,0,30,0,0,0,0,0,4,2,8
,2024-011644,39.73229325,-104.9810329,4/8/2024 3:13,3:13,6,0,0, PENNSYLVANIA ST & E 10TH AVE,1,3,0,0,1,4,0,0,30,0,0,0,0,0,4,2,16
,2024-011646,39.73680991,-104.9546881,4/6/2024 6:12,6:12,6,0,0,E 13TH AVE & N CLAYTON ST,1,1,0,0,1,4,0,0,30,0,0,0,0,0,4,2,16
,2024-011647,39.75507829,-104.9881009,3/23/2024 18:05,18:05,3,0,1,LAWRENCE ST & PARK AVE,1,3,0,0,1,1,0,0,30,0,0,0,0,1,4,3,13
,2024-011649,39.7040096,-105.0264792,3/24/2024 3:11,3:11,6,0,0,3108 W EXPOSITION AVE,1,3,0,0,6,4,0,0,25,0,0,0,0,0,4,2,16
,2024-011650,39.77504209,-104.8109793,4/4/2024 4:45,4:45,16,0,0,4405  CHAMBERS RD,1,3,0,0,5,7,0,0,10,0,0,0,0,1,3,1,13
,2024-011654,39.78590242,-104.7721289,3/28/2024 17:35,17:35,12,0,0, TOWER RD & E 49TH AVE,1,1,0,0,1,1,0,0,35,0,0,0,0,0,4,2,11
,2024-011655,39.77007909,-104.992531,3/30/2024 22:01,22:01,5,1,0,I-25 SB OFF RAMP & W 38TH AVE,1,3,0,0,2,8,0,0,35,0,0,0,1,4,1,1,1
,2024-011656,39.67846441,-104.9160689,3/29/2024 10:10,10:10,15,0,0,E EVANS AVE & S LEYDEN ST,1,1,0,0,1,4,0,0,30,0,0,0,0,0,4,2,13
,2024-011657,39.75507829,-104.9881009,4/8/2024 7:43,7:43,3,0,0,LAWRENCE ST & PARK AVE,1,1,0,0,1,1,0,0,30,0,0,0,0,0,4,2,13
,2024-011660,39.71569813,-104.9899486,4/8/2024 16:50,16:50,11,0,0, BANNOCK ST & W ARCHER PL,1,1,0,0,1,1,0,0,0,0,0,1,0,0,4,1,16
,2024-011663,39.65964018,-105.0530042,4/6/2024 8:33,8:33,6,0,0,W CORNELL AVE & S SHERIDAN BLVD,1,1,0,0,1,4,0,0,20,0,0,0,0,0,4,2,16
,2024-011664,39.76923855,-104.7393493,4/6/2024 1:59,1:59,12,0,0,3800  ODESSA ST,1,3,0,0,1,1,0,0,40,0,0,0,0,0,4,2,1
,2024-011665,39.7836507,-104.7650772,4/2/2024 16:00,16:00,12,0,0,E GREEN VALLEY RANCH BLVD & N ARGONNE ST,1,1,0,0,1,3,0,0,35,0,0,0,0,0,4,2,14
,2024-011667,39.78184925,-104.9787092,4/8/2024 9:50,9:50,15,0,0,E 47TH AVE & N WASHINGTON ST,1,1,0,1,1,1,0,0,30,0,0,0,0,0,4,2,13
,2024-011668,39.69685124,-104.9617398,3/17/2024 4:34,4:34,6,0,0, GAYLORD ST & E MISSISSIPPI AVE,1,1,0,0,1,4,0,0,25,0,0,0,0,0,4,3,1
,2024-011674,39.77483192,-104.846924,4/5/2024 6:51,6:51,15,0,0,I-70 & N PEORIA ST,1,1,0,0,1,1,0,0,45,0,0,0,0,0,1,2,11
,2024-011678,39.75272526,-104.9874706,4/6/2024 9:24,9:24,15,0,0,22ND ST & CURTIS ST,1,1,0,0,1,4,0,0,30,0,0,0,0,0,4,2,1
,2024-011680,39.72285939,-104.8916066,3/9/2024 17:35,17:35,3,0,1,E 1ST AVE & N UNITA WY,1,1,0,0,1,1,0,0,20,0,0,0,1,2,4,2,1
,2024-011683,39.7788969,-104.9418214,3/30/2024 11:30,11:30,5,0,0,E 45TH AVE,1,1,1,0,5,4,0,0,15,0,0,0,0,0,3,1,13
,2024-011686,39.75378392,-104.9984816,3/17/2024 1:36,1:36,16,0,0,18TH ST & WYNKOOP ST,1,3,0,0,5,1,0,0,25,0,0,0,0,0,3,1,16
,2024-011732,39.7692431,-104.9211306,4/9/2024 13:00,13:00,6,0,0,E 38TH AVE & N IVANHOE ST,1,1,0,0,1,1,0,0,20,0,0,0,0,0,4,2,16
,2024-011736,39.8334178,-104.7718786,4/9/2024 9:55,9:55,1,0,0, TOWER RD & PENA BLVD,1,1,0,0,1,1,0,0,40,0,0,0,0,0,4,2,16
,2024-011737,39.7133777,-105.0384913,3/25/2024 22:19,22:19,3,0,5, OSCEOLA ST & W CEDAR AVE,1,3,0,0,1,1,0,0,25,0,0,0,0,1,4,2,16
,2024-011738,39.75581181,-104.9597598,4/9/2024 20:37,20:37,3,0,0, YORK ST & E 27TH AVE,1,3,0,0,1,1,0,0,,0,0,0,0,0,4,2,16
,2024-011739,39.74754898,-104.9928537,4/6/2024 14:56,14:56,15,0,0,17TH ST & CHAMPA ST,1,1,0,7,1,3,0,0,25,0,0,0,0,0,4,2,14
,2024-011744,39.67719396,-104.9129152,4/9/2024 7:54,7:54,15,0,0, MONACO ST & E EVANS AVE,1,1,0,0,1,4,0,1,35,0,0,0,0,0,4,2,16
,2024-011750,39.68227438,-105.0572651,4/7/2024 13:11,13:11,3,0,3,W JEWELL AVE & S DEPEW ST,1,1,0,6,1,1,0,0,35,0,0,0,0,1,4,2,16
,2024-011751,39.7575431,-104.9983229,4/9/2024 15:24,15:24,12,0,1,20TH ST & CHESTNUT PL,1,1,2,0,1,3,0,0,30,0,0,0,0,2,4,2,3
,2024-011752,39.73859705,-104.9562728,4/6/2024 19:15,19:15,6,0,0, ELIZABETH ST & E 14TH AVE,1,1,1,0,1,4,0,0,20,0,0,0,0,0,4,2,16
,2024-011753,39.77576242,-104.836056,3/10/2024 13:17,13:17,6,0,0, ANAHEIM CT & E ALBROOK DR,1,1,0,0,3,4,0,0,,0,0,0,0,0,4,2,10
,2024-011755,39.77872128,-104.9222935,4/9/2024 5:42,5:42,3,0,1, HOLLY ST & E 45TH N DR,1,3,0,0,1,1,0,0,25,0,0,0,0,1,4,2,3
,2024-011756,39.76690982,-104.9406381,4/9/2024 11:49,11:49,15,0,1, COLORADO BLVD & E 36TH AVE,1,1,0,0,1,1,0,0,,0,0,0,0,1,2,2,16
,2024-011759,39.75775055,-104.9985751,4/6/2024 0:52,0:52,11,0,1,20TH ST & CHESTNUT PL,1,3,1,0,1,1,0,0,0,0,1,0,0,3,4,1,16
,2024-011762,39.75711586,-105.0103305,4/9/2024 6:25,6:25,15,0,0,I-25 & N SPEER BLVD,1,2,1,0,1,4,0,0,55,0,0,0,0,0,1,2,11
,2024-011765,39.76699584,-105.0143645,4/8/2024 16:37,16:37,14,0,0, WYANDOT ST & W 36TH AVE,1,1,0,0,1,4,0,0,,0,0,0,0,0,4,3,16
,2024-011768,39.69689038,-105.0532425,4/9/2024 14:58,14:58,1,0,0, SHERIDAN BLVD & W MISSISSIPPI AVE,1,1,0,0,1,1,0,0,35,0,0,0,0,0,2,2,13
,2024-011769,39.760939,-105.0043526,4/8/2024 16:53,16:53,12,0,1,I-25 & 20TH ST,1,1,0,0,1,4,0,0,55,0,0,0,0,2,1,4,10
,2024-011770,39.83462888,-104.7362725,4/9/2024 17:02,17:02,15,0,0,EB ON RAMP ENT TO E-470,1,1,0,0,1,4,0,1,55,0,0,0,0,0,2,3,11
,2024-011773,39.76445743,-104.9406525,4/8/2024 12:00,12:00,15,0,0, COLORADO BLVD & E BRUCE RANDOLPH AVE,1,1,0,0,1,1,0,0,35,0,0,0,0,0,2,2,3
,2024-011777,39.70606108,-104.9406194,4/8/2024 13:00,13:00,12,0,0, COLORADO BLVD & E CHERRY CREEK S DR,1,1,0,0,1,1,0,0,35,0,0,0,0,0,2,2,3
,2024-011778,39.75094346,-104.9899761,4/9/2024 12:10,12:10,10,0,0,20TH ST & CURTIS ST,1,1,0,0,1,1,0,0,30,0,0,0,0,0,4,2,8
,2024-011781,39.76243535,-105.0035044,4/9/2024 9:40,9:40,15,0,1,I-25 & 20TH ST,1,1,1,0,1,4,0,0,55,0,0,0,1,2,1,2,1
,2024-011782,39.72490995,-105.0186705,4/9/2024 10:16,10:16,3,0,0,W 6TH AVE FRTG RD & N BRYANT ST,6,1,0,0,1,1,0,0,40,0,0,0,0,0,2,2,11
,2024-011783,39.67864514,-105.0250486,4/9/2024 12:03,12:03,15,0,0, FEDERAL BLVD & W EVANS AVE,1,1,0,0,1,2,0,0,40,0,0,0,0,0,2,2,16
,2024-011786,39.73309465,-105.0532215,4/8/2024 22:16,22:16,1,0,1, SHERIDAN BLVD & W 10TH AVE,1,3,0,0,1,1,0,0,35,0,0,0,0,2,2,2,7
,2024-011791,39.68757855,-104.9887415,4/9/2024 12:05,12:05,10,0,0,W IOWA AVE & S ACOMA ST,1,1,0,0,1,1,0,0,25,0,0,0,0,0,4,2,1
,2024-011793,39.70034278,-105.0297685,4/9/2024 14:40,14:40,1,0,0,W KENTUCKY AVE & S IRVING ST,1,1,0,0,1,1,0,0,20,0,0,0,0,0,4,2,16
,2024-011795,39.70021412,-104.9874757,4/9/2024 13:47,13:47,10,0,2, BROADWAY & W KENTUCKY AVE,1,1,0,0,1,1,0,0,45,0,0,0,0,1,1,2,11
,2024-011796,39.78362731,-104.7721143,4/9/2024 8:05,8:05,3,0,0,E GREEN VALLEY RANCH BLVD & N TOWER RD,1,1,0,0,1,1,0,0,35,0,0,0,0,0,4,2,16
,2024-011798,39.71089642,-105.0015241,4/9/2024 14:53,14:53,12,0,0, LIPAN ST & W ALAMEDA AVE,1,1,0,0,1,4,0,0,30,0,0,0,0,0,4,2,3
,2024-011801,39.77441856,-104.847034,4/9/2024 12:20,12:20,12,0,0, PEORIA ST & I-70 EB RAMPS,1,1,0,0,1,3,0,0,30,0,0,0,0,0,4,2,16
,2024-011802,39.77590045,-104.9787608,4/8/2024 10:55,10:55,12,0,1,RINGSBY CT & 38TH ST,1,1,0,0,1,1,0,0,30,0,0,0,0,1,4,3,1
,2024-011803,39.79680353,-104.7344,4/8/2024 13:25,13:25,10,0,0, PICADILLY RD & E MAXWELL PL,1,1,0,0,1,1,0,0,40,0,0,0,0,0,4,2,11
,2024-011805,39.7369272,-104.9836181,4/7/2024 16:10,16:10,12,0,0, GRANT ST & E 13TH AVE,1,1,0,0,1,4,0,0,30,0,0,0,0,0,4,2,11
,2024-011808,39.7254333,-105.0525752,4/9/2024 6:53,6:53,12,0,0,W 6TH AVE EB ON RAMP & N SHERIDAN BLVD,1,1,0,0,1,8,0,0,35,0,0,0,0,0,2,2,16
,2024-011809,39.77256237,-104.8296834,4/9/2024 7:37,7:37,12,0,3,I-70 WB ON RAMP FROM -225,1,1,1,0,1,8,0,0,55,0,0,0,0,1,1,3,13
,2024-011810,39.76157998,-105.0043325,4/9/2024 7:44,7:44,12,0,0,I-25 & 20TH ST,1,1,0,0,1,4,0,0,55,0,0,0,0,0,1,2,3
,2024-011811,39.68941196,-104.993744,4/9/2024 6:18,6:18,15,0,0,W FLORIDA AVE & S SANTA FE DR,1,1,0,0,1,4,0,0,30,0,0,0,0,0,4,2,11
,2024-011812,39.72726376,-104.9787402,4/8/2024 15:20,15:20,3,0,0,E 7TH AVE & N LINCOLN ST,1,1,0,0,1,2,0,0,25,0,0,0,0,0,4,2,3
,2024-011813,39.73870925,-104.9023197,4/8/2024 11:45,11:45,10,0,0,E 14TH AVE & N QUINCE ST,1,1,0,0,1,1,0,0,35,0,0,0,0,0,4,2,8
,2024-011817,39.77619772,-104.8702775,4/9/2024 6:02,6:02,12,0,1,I-70 & N HAVANA ST,1,1,0,0,1,4,0,0,55,0,0,0,0,2,1,3,16
,2024-011818,39.61833782,-105.091376,4/8/2024 14:58,14:58,12,0,0, WADSWORTH BLVD & W CRESTLINE AVE,1,1,0,0,1,1,0,0,40,0,0,0,0,0,2,3,3
,2024-011820,39.6848597,-104.9034431,4/8/2024 16:15,16:15,12,0,0,E CHERRY CREEK  DR & S QUEBEC ST,1,1,0,0,1,1,0,0,25,0,0,0,0,0,4,2,3
,2024-011821,39.71133511,-104.9364799,4/8/2024 10:10,10:10,12,0,0,E ALAMEDA AVE & LEETSDALE DR,1,1,0,0,1,1,0,0,35,0,0,0,0,0,2,2,3
,2024-011824,39.74019234,-104.9407931,3/28/2024 20:36,20:36,15,0,0, COLORADO BLVD & E COLFAX AVE,1,3,0,0,1,1,0,0,35,0,0,0,0,0,2,2,16
,2024-011831,39.72892255,-105.0004275,4/1/2024 15:26,15:26,3,0,0,W 8TH AVE & N KALAMATH ST,1,1,0,0,1,9,0,0,25,0,0,0,0,0,4,2,14
,2024-011861,39.77640671,-104.8748011,4/10/2024 12:54,12:54,15,0,0,I-70 & N HAVANA ST,1,1,0,0,1,4,0,0,55,0,0,0,0,0,1,2,11
,2024-011864,39.63861703,-104.8864725,4/2/2024 12:00,12:00,15,0,0,I-225 & S YOSEMITE ST,1,1,0,0,1,4,0,0,55,0,0,0,0,0,1,2,13
,2024-011866,39.76748986,-104.9971488,4/9/2024 12:45,12:45,15,0,0,I-25 & PARK AVE W,1,1,0,0,1,4,0,0,55,0,0,0,0,0,1,2,10
,2024-011867,39.71497835,-105.0312372,4/5/2024 12:10,12:10,3,0,0, JULIAN ST & W BAYAUD AVE,1,1,0,0,1,1,0,0,20,0,0,0,0,0,4,2,16
,2024-011875,39.70441008,-104.9731342,4/9/2024 18:45,18:45,6,0,0,WASHINGTON PARK & SMITH LAKE LOOP,1,1,0,0,1,4,0,0,,0,0,0,0,0,4,2,13
,2024-011877,39.77697501,-104.9222917,4/9/2024 22:54,22:54,15,0,0,4400  HOLLY ST,1,3,0,0,1,1,0,0,35,0,0,0,0,0,4,2,13
,2024-011883,39.72906831,-104.9861529,4/9/2024 18:40,18:40,3,0,0,E 8TH AVE & N LINCOLN ST,1,1,0,0,1,1,0,0,30,0,0,0,0,0,4,4,3
,2024-011886,39.6364785,-104.8940823,4/9/2024 18:48,18:48,12,0,1, TAMARAC ST & I-225 WB RAMPS,1,2,0,0,1,1,0,0,35,0,0,0,0,1,1,2,3
,2024-011887,39.72560811,-105.0131444,4/10/2024 11:00,11:00,12,0,0,I-25 & W 6TH AVE,1,1,0,0,1,4,0,0,65,0,0,0,0,0,1,2,3
,2024-011888,39.74179623,-104.9407889,4/8/2024 14:00,14:00,12,0,0, COLORADO BLVD & E 16TH AVE,1,1,0,0,1,3,0,0,30,0,0,0,0,0,2,2,3
,2024-011890,39.7181184,-104.9586992,4/10/2024 15:45,15:45,12,0,0,E 1ST AVE & N UNIVERSITY BLVD,1,1,0,0,1,4,0,0,30,0,0,0,0,0,4,2,16
,2024-011895,39.77277299,-104.9756734,4/10/2024 16:11,16:11,12,0,0, BRIGHTON BLVD & 38TH ST,1,1,0,0,1,4,0,0,35,0,0,0,0,0,4,2,13
,2024-011898,39.70975223,-105.0460833,4/9/2024 15:11,15:11,3,0,0, UTICA ST & W DAKOTA AVE,1,1,0,0,1,1,0,0,25,0,0,0,0,0,4,2,3
,2024-011901,39.74021279,-104.912504,4/5/2024 7:59,7:59,12,0,0,E COLFAX AVE & MONACO ST PKWY,1,1,0,0,1,1,0,0,30,0,0,0,0,0,2,2,13
,2024-011902,39.7320473,-104.9707483,3/31/2024 15:00,15:00,6,0,0,E 10TH AVE & N LAFAYETTE ST,1,1,0,0,1,4,0,0,20,0,0,0,0,0,4,2,13
,2024-011903,39.74398198,-105.0532228,3/31/2024 14:15,14:15,15,0,0,W 17TH AVE & N SHERIDAN BLVD,1,1,0,0,1,1,0,0,,0,0,0,0,0,2,2,16
,2024-011904,39.72539011,-105.0242501,4/10/2024 9:31,9:31,15,0,0,W 6TH AVE & EB OFF RAMP EXT TO I-25,1,1,1,0,1,8,0,0,55,0,0,0,0,0,2,2,11
,2024-011908,39.7112143,-104.9129184,3/31/2024 0:22,0:22,3,0,2, MONACO ST & E ALAMEDA AVE,1,3,0,0,1,1,0,0,40,0,0,0,0,2,4,2,16
,2024-011909,39.74027952,-105.0292604,3/9/2024 15:05,15:05,16,0,0,3270 W COLFAX AVE,1,1,0,0,5,7,0,0,10,0,0,0,0,0,3,2,16
,2024-011915,39.76266797,-105.027593,2/23/2024 9:02,9:02,12,0,1,W 32ND AVE & N GREEN CT,1,1,0,0,1,4,0,0,30,0,1,0,0,1,4,2,16
,2024-011916,39.72254723,-104.98623,4/10/2024 8:45,8:45,3,0,0,E 4TH AVE & N LINCOLN ST,1,1,0,0,1,1,0,0,25,0,0,0,0,0,4,3,3
,2024-011917,39.70021406,-104.9874757,3/26/2024 17:43,17:43,12,0,1,W KENTUCKY AVE & S BROADWAY ST,1,2,0,0,1,4,0,0,,0,0,0,0,1,4,3,16
,2024-011918,39.69663547,-104.9874309,4/9/2024 13:15,13:15,10,0,0,W MISSISSIPPI AVE & S BROADWAY ST,1,1,0,0,1,1,0,0,30,0,0,0,0,0,4,2,14
,2024-011922,39.73882714,-104.9776201,3/25/2024 9:00,9:00,15,0,0, CLARKSON ST & E 14TH AVE,1,1,0,0,1,4,0,0,30,0,0,0,0,0,4,2,1
,2024-011924,39.80738239,-104.7721186,3/27/2024 1:44,1:44,12,0,0, TOWER RD & E 61ST AVE,1,3,0,0,1,3,0,0,40,0,0,0,0,0,4,2,16
,2024-011925,39.74372495,-104.9337871,4/10/2024 11:25,11:25,3,0,0, CHERRY ST & E 17TH AVE,1,1,0,0,1,1,0,0,25,0,0,0,0,0,4,2,1
,2024-011930,39.74053773,-105.0251866,3/22/2024 13:27,13:27,15,0,0,W COLFAX AVE & N FEDERAL BLVD,1,1,0,0,1,4,0,0,,0,0,0,0,0,2,2,16
,2024-011931,39.7255581,-104.901072,3/7/2024 21:45,21:45,6,0,0,E 6TH AVE & N ROSLYN ST,1,3,0,0,1,4,0,0,30,0,0,0,0,0,4,2,16
,2024-011933,39.68925327,-105.0004809,4/10/2024 11:52,11:52,12,0,1,W FLORIDA AVE & S PLATTE RIVER DR,1,1,1,0,1,4,0,0,30,0,0,0,0,1,4,2,10
,2024-011936,39.73862903,-105.013829,4/9/2024 16:11,16:11,12,0,1,I-25 & W COLFAX AVE,1,1,0,0,1,4,0,0,55,0,0,0,0,2,1,2,3
,2024-011937,39.71466348,-104.9499455,4/2/2024 10:39,10:39,15,0,0, STEELE ST & E BAYAUD AVE,1,1,0,0,1,1,0,0,30,0,0,0,0,0,4,2,16
,2024-011940,39.73051017,-104.9967887,4/9/2024 15:30,15:30,6,0,0,W 9TH AVE & N GALAPAGO ST,1,3,0,0,1,4,0,0,20,0,0,0,0,0,4,2,13
,2024-011941,39.66289458,-105.0672893,3/31/2024 23:06,23:06,6,0,0, LAMAR ST & W BROWN PL,1,3,0,0,1,4,0,0,25,0,0,0,0,0,4,2,13
,2024-011942,39.7843357,-104.9507973,3/11/2024 8:57,8:57,6,0,3, ST PAUL ST & W 49TH AVE,1,1,0,0,1,4,0,0,25,0,0,0,0,1,4,2,1
,2024-011944,39.74376224,-104.9414128,4/10/2024 16:37,16:37,12,0,0,E 17TH AVE & N HARRISON ST,1,1,0,0,1,4,0,0,25,0,0,0,0,0,4,2,11
,2024-011946,39.72565226,-104.98887,3/27/2024 13:02,13:02,15,0,0,W 6TH AVE & N ACOMA ST,1,1,0,0,1,1,0,0,30,0,0,0,0,0,4,2,13
,2024-011947,39.78746603,-105.0252217,4/9/2024 17:13,17:13,1,0,0, FEDERAL BLVD & W 50TH AVE,1,1,0,0,1,1,0,0,35,0,0,0,0,0,2,3,13
,2024-011948,39.72260921,-104.9826007,4/9/2024 16:30,16:30,12,0,0,E SPEER BLVD & N LOGAN ST,1,1,0,0,1,1,0,0,30,0,0,0,0,0,4,2,3
,2024-011949,39.74378487,-104.9512624,4/9/2024 13:25,13:25,6,0,0,E 17TH AVE & ST PAUL ST,1,1,0,0,1,4,0,0,30,0,0,0,0,0,4,2,13
,2024-011953,39.71121629,-104.9222861,4/8/2024 16:46,16:46,1,0,2, HOLLY ST & E ALAMEDA AVE,1,1,0,0,1,1,0,0,35,0,0,0,0,3,4,2,13
,2024-011954,39.6965925,-104.8917158,4/9/2024 14:00,14:00,12,0,0,E MISSISSIPPI AVE & S VALENTIA ST,1,1,0,0,1,1,0,0,30,0,0,0,0,0,4,2,3
,2024-011961,39.69676068,-105.038679,3/10/2024 20:18,20:18,6,0,0,W MISSISSIPPI AVE & S PATTON CT,1,4,0,0,1,4,0,0,,0,0,0,0,0,4,2,13
,2024-011962,39.76822892,-104.9745944,3/15/2024 22:30,22:30,6,0,0,WALNUT ST & 36TH ST,1,3,0,0,1,4,0,0,30,0,0,0,0,0,4,2,16
,2024-011963,39.72560118,-104.9407858,4/7/2024 1:56,1:56,3,0,0,E 6TH AVE & N COLORADO BLVD,1,3,0,0,1,1,0,0,25,0,0,0,0,0,2,3,16
,2024-011964,39.72396326,-104.9862496,4/10/2024 7:44,7:44,12,0,0, LINCOLN ST & E 5TH AVE,1,1,0,0,1,4,0,0,30,0,0,0,0,0,4,2,14
,2024-011965,39.70081834,-105.0250787,3/30/2024 17:51,17:51,16,0,0,880  FEDERAL BLVD,1,2,1,0,5,7,0,0,,0,0,0,0,0,3,2,16
,2024-011967,39.75072048,-104.9684261,4/10/2024 13:10,13:10,3,0,1,E 23RD AVE & N FRANKLIN ST,1,1,0,0,1,1,0,0,20,0,0,0,0,1,4,2,7
,2024-011970,39.74000093,-104.9776406,3/23/2024 18:50,18:50,15,0,0,E COLFAX AVE & N CLARKSON ST,1,1,3,0,1,1,0,0,,0,0,0,0,0,2,2,16
,2024-011972,39.65405041,-104.8675632,4/7/2024 2:17,2:17,9,0,0,E HAMPDEN AVE & S GALENA ST,1,3,0,0,3,4,0,0,45,0,0,0,0,0,2,1,16
,2024-011981,39.67576699,-104.9363243,4/10/2024 8:14,8:14,15,0,0, BIRCH ST & E ILIFF AVE,1,1,0,0,1,4,0,0,20,0,0,0,0,0,4,3,10
,2024-011982,39.73965626,-105.013887,4/9/2024 14:43,14:43,12,0,0,I-25 & W COLFAX AVE,1,1,0,0,1,4,0,0,55,0,0,0,0,0,1,2,13
,2024-011992,39.73686859,-104.9988626,4/5/2024 14:56,14:56,11,0,0,W 13TH AVE & N SANTA FE DR,1,1,0,0,1,9,0,0,0,0,0,1,0,0,4,1,16
,2024-011997,39.67907069,-104.9338806,4/3/2024 12:06,12:06,12,0,0,I-25 NB ON RAMP & E EVANS AVE,1,1,1,0,1,8,0,0,40,0,0,0,1,0,4,2,7
,2024-011998,39.76754574,-104.997002,4/9/2024 12:45,12:45,12,0,0,I-25 & PARK AVE W,1,1,1,0,1,4,0,0,55,0,0,0,0,0,1,3,1
,2024-012000,39.71091549,-105.0331289,3/22/2024 13:15,13:15,12,0,0,MORRISON RD & W ALAMEDA AVE,1,1,0,0,1,3,0,0,40,0,0,0,0,0,2,2,16
,2024-012001,39.77966262,-104.9671105,4/8/2024 17:00,17:00,12,0,3, BRIGHTON BLVD & I-70 EB RAMPS,1,1,0,0,1,3,0,0,30,0,0,0,0,1,2,2,11
,2024-012008,39.68469238,-104.951031,4/9/2024 15:05,15:05,12,0,1,I-25 & S STEELE ST,1,1,0,0,1,4,0,0,55,0,0,0,0,1,1,2,13
,2024-012009,39.72932284,-105.0148431,4/10/2024 6:35,6:35,12,0,0,I-25 & W 8TH AVE,1,1,0,0,1,4,0,0,55,0,0,0,0,0,1,2,13
,2024-012011,39.70021412,-104.9874757,2/27/2024 13:00,13:00,12,0,0, BROADWAY & W KENTUCKY AVE,1,1,0,0,1,1,0,0,25,0,0,0,0,0,4,2,13
,2024-012012,39.7185245,-104.9546213,4/9/2024 18:21,18:21,6,0,0, DETROIT ST & E 1ST AVE,1,2,0,0,1,4,0,0,20,0,0,0,0,0,4,2,14
,2024-012020,39.75700562,-104.9995331,4/8/2024 12:17,12:17,11,0,1,CHESTNUT PL & 19TH ST,1,1,0,0,1,2,0,0,0,0,0,1,0,3,4,1,16
,2024-012073,39.7410431,-104.9810944,3/3/2024 22:22,22:22,6,0,0,1575 N PENNSYLVANIA ST,1,3,0,0,1,4,0,0,25,0,0,0,0,0,4,3,16
,2024-012076,39.78288139,-104.7555253,3/18/2024 8:25,8:25,10,0,0,E GREEN VALLEY RANCH BLVD & N HIMALAYA RD,1,1,0,0,1,3,0,0,35,0,0,0,0,0,4,2,16