id,drcog_id,latitude,longitude,crashtime,time,crashtype,numbkilled,numbinjurd,drcoglocat,rdconditin,lightngcon,roadcntgrd,weatherco,location,roaddescrp,schoolzone,constrzone,splimit,bikeinv,pedinv,sctrinv,motoinv,svrty,rdsystem,ttlvehcls,hcf
,2024-012080,39.72093007,-104.9823009,4/11/2024 11:27,11:27,6,0,0,E 3RD AVE & N LOGAN ST,1,1,0,0,1,4,0,1,25,0,0,0,0,0,4,2,14
,2024-012082,39.68489782,-104.9594474,4/10/2024 8:03,8:03,12,0,0,I-25 & S UNIVERSITY BLVD,1,1,3,0,1,4,0,0,60,0,0,0,0,0,1,3,13
,2024-012085,39.77822474,-104.9034013,4/9/2024 13:41,13:41,15,0,0, QUEBEC ST & I-70,1,1,1,0,1,4,0,0,35,0,0,0,0,0,4,2,1
,2024-012093,39.7368807,-104.9796803,2/17/2024 19:37,19:37,16,0,0,616 E 13TH AVE & 12TH AVE,1,3,0,0,5,7,0,0,20,0,0,0,0,0,3,2,14
,2024-012094,39.74020276,-105.0001474,4/11/2024 15:51,15:51,1,0,1,W COLFAX AVE & N KALAMATH ST,1,1,0,0,1,1,0,0,35,0,0,0,0,2,2,2,13
,2024-012097,39.73897642,-104.9034635,4/11/2024 9:44,9:44,12,0,4, QUEBEC ST & E 14TH AVE,1,1,1,0,1,4,0,0,30,0,0,0,0,2,4,4,3
,2024-012101,39.68954416,-105.0520937,4/12/2024 18:15,18:15,3,0,0,W FLORIDA AVE & S ZENOBIA ST,1,1,3,0,1,2,0,0,35,0,0,0,0,0,4,2,11
,2024-012105,39.72092756,-105.0001828,4/11/2024 13:20,13:20,10,0,0, KALAMATH ST & W 3RD AVE,1,1,0,0,1,1,0,0,30,0,0,0,0,0,4,2,13
,2024-012106,39.65196669,-104.9090936,4/11/2024 8:41,8:41,12,0,0, ONEIDA WAY & E ITHACA PL,1,1,0,0,1,3,0,0,25,0,0,0,0,0,4,2,11
,2024-012111,39.65307901,-104.8987255,4/10/2024 12:00,12:00,12,0,0,E HAMPDEN AVE & S TAMARAC DR,1,1,0,0,1,1,0,0,40,0,0,0,0,0,2,2,3
,2024-012117,39.74047391,-105.0160305,4/11/2024 7:50,7:50,12,0,0,W COLFAX AVE & I-25,1,1,0,0,1,4,0,0,35,0,0,0,0,0,2,2,13
,2024-012124,39.71120037,-104.9069001,4/11/2024 16:20,16:20,12,0,1,E ALAMEDA AVE & S ONEIDA ST,1,1,0,0,1,4,0,0,35,0,0,0,0,1,4,2,13
,2024-012126,39.78662369,-104.8372335,4/11/2024 16:01,16:01,6,0,0, URSULA ST & E ANDREWS DR,1,1,0,0,1,4,0,0,,0,0,0,0,0,4,2,16
,2024-012137,39.77971735,-104.9407707,4/11/2024 14:31,14:31,3,0,0, COLORADO BLVD & I-70 EB RAMPS,1,1,0,0,1,1,0,0,30,0,0,0,0,0,2,2,10
,2024-012139,39.78363892,-104.7902936,4/11/2024 10:40,10:40,12,0,0,E GREEN VALLEY RANCH BLVD & PENA BLVD INBOUND,1,1,0,0,1,3,0,0,35,0,0,0,0,0,4,2,3
,2024-012145,39.71466348,-104.9499455,4/12/2024 14:52,14:52,10,0,1, STEELE ST & E BAYAUD AVE,1,1,0,0,1,1,0,0,30,0,0,0,1,2,4,2,7
,2024-012146,39.73575436,-104.9873988,4/11/2024 7:51,7:51,15,0,0,BROADWAY & E 12TH AVE,1,1,0,0,1,4,0,0,30,0,0,0,0,0,4,2,13
,2024-012150,39.78389253,-105.0251908,4/12/2024 7:04,7:04,1,0,0, FEDERAL BLVD & I-70 EB RAMPS,1,1,0,0,1,1,0,0,35,0,0,0,0,0,2,2,16
,2024-012151,39.72576934,-104.9124502,4/12/2024 8:17,8:17,6,0,1, MONACO ST & E 6TH AVE,1,1,0,0,1,3,0,0,30,0,0,0,0,2,4,2,3
,2024-012154,39.77288803,-104.8340122,4/11/2024 16:00,16:00,12,0,0,I-70 & I-225 COLLECTOR RAMP EXT,1,1,0,0,1,4,0,0,55,0,0,0,0,0,1,3,1
,2024-012160,39.67258382,-104.8682698,4/11/2024 16:15,16:15,1,0,0, PARKER RD & E HARVARD AVE,1,1,0,0,1,1,0,0,35,0,0,0,0,0,2,2,3
,2024-012161,39.68545833,-104.9710694,4/12/2024 14:23,14:23,6,0,0,1724  LAFAYETTE ST & E MEXICO AVE,1,1,0,0,1,4,0,0,25,0,0,0,0,0,4,2,16
,2024-012162,39.69035578,-104.9111847,4/12/2024 8:28,8:28,12,0,0,E CHERRY CREEK  DR & S NIAGARA ST,1,1,0,0,1,3,0,0,30,0,0,0,0,0,4,2,10
,2024-012163,39.74743236,-104.9124435,4/12/2024 11:25,11:25,3,0,0,E MONTVIEW BLVD & N MONACO ST,1,1,0,0,1,1,0,0,,0,0,0,0,0,4,2,16
,2024-012164,39.78381785,-105.0214697,4/11/2024 22:17,22:17,12,0,1,I-70 & N FEDERAL BLVD,1,4,2,0,1,4,0,0,55,0,0,0,0,2,1,5,16
,2024-012165,39.71121663,-105.0299617,4/12/2024 11:52,11:52,1,0,0,W ALAMEDA AVE & S IRVING ST,1,1,0,0,1,1,0,0,40,0,0,0,0,0,2,2,16
,2024-012167,39.74841369,-104.9914973,4/12/2024 17:10,17:10,10,0,0,900 18TH ST,1,1,0,0,1,1,0,0,30,0,0,0,0,0,4,2,16
,2024-012169,39.72559075,-105.0131323,4/12/2024 13:47,13:47,12,0,0,I-25 & W 6TH AVE,1,1,0,0,1,4,0,0,55,0,0,0,0,0,1,2,13
,2024-012173,39.69666313,-104.9929155,4/10/2024 6:44,6:44,10,0,0, SANTA FE DR & W MISSISSIPPI AVE,1,1,0,0,1,1,0,0,40,0,0,0,0,0,2,2,10
,2024-012177,39.6822722,-105.0250198,4/10/2024 12:59,12:59,12,0,0, FEDERAL BLVD & W JEWELL AVE,1,1,0,0,1,1,0,0,40,0,0,0,0,0,2,2,3
,2024-012178,39.78016583,-104.9582393,4/1/2024 16:58,16:58,10,0,0, JOSEPHINE ST & E 46TH AVE,11,1,0,0,1,1,0,0,35,0,0,0,0,0,4,2,16
,2024-012180,39.74047391,-105.0160305,4/11/2024 7:40,7:40,12,0,0,W COLFAX AVE & I-25,1,1,0,0,1,4,0,0,35,0,0,0,0,0,2,2,13
,2024-012181,39.69299653,-104.9786042,4/10/2024 15:15,15:15,3,0,0,E BUCHTEL BLVD & E LOUISIANA AVE,1,1,0,0,1,1,0,0,30,0,0,0,0,0,4,2,3
,2024-012182,39.78314048,-105.0064525,4/11/2024 8:50,8:50,12,0,0,I-70 & N PECOS ST,1,1,0,0,1,4,0,0,55,0,0,0,0,0,1,2,10
,2024-012184,39.69666127,-104.9918826,4/11/2024 13:00,13:00,1,0,0,W MISSISSIPPI AVE & S SANTA FE DR,1,1,0,0,1,1,0,0,30,0,0,0,0,0,2,2,3
,2024-012187,39.72254723,-104.98623,4/11/2024 7:33,7:33,1,0,0,E 4TH AVE & N LINCOLN ST,1,1,0,0,1,1,0,0,20,0,0,0,0,0,4,2,16
,2024-012188,39.72403629,-105.0526699,4/11/2024 9:15,9:15,3,0,0,W 5TH AVE & N SHERIDAN BLVD,1,1,0,0,1,2,0,0,,0,0,0,0,0,4,2,16
,2024-012190,39.73163503,-104.9874032,2/28/2024 13:25,13:25,15,0,0, BROADWAY ST & E 10TH AVE,1,1,0,0,1,4,0,0,35,0,0,0,0,0,4,2,16
,2024-012191,39.71503397,-105.0015301,4/13/2024 10:41,10:41,12,0,0,I-25 & W ALAMEDA AVE,1,1,0,0,1,4,0,0,55,0,0,0,0,0,1,2,4
,2024-012192,39.77287149,-104.8338193,4/12/2024 8:42,8:42,12,0,1,I-70 & I-225 SB COLLECTOR RAMP,1,1,0,0,1,4,0,0,55,0,0,0,0,1,1,2,13
,2024-012194,39.74762846,-105.0026479,4/12/2024 9:09,9:09,12,0,0, SPEER BLVD & AURARIA PKWY,1,1,0,0,1,1,0,0,35,0,0,0,0,0,4,2,3
,2024-012196,39.75469083,-105.0133404,4/12/2024 22:40,22:40,12,0,0,I-25 & N SPEER BLVD,1,3,0,0,1,4,0,0,55,0,0,0,0,0,1,3,14
,2024-012199,39.78026395,-104.9348374,2/3/2024 19:20,19:20,12,0,0,I-70 & WB OFF RAMP EXT TO N COLORADO BLVD,7,3,0,0,1,4,0,0,,0,0,0,0,0,1,2,16
,2024-012200,39.72097354,-104.9500838,4/12/2024 12:12,12:12,6,0,0,E 3RD AVE & N STEELE ST,1,1,0,0,1,4,0,0,25,0,0,0,0,0,4,2,14
,2024-012201,39.69836126,-104.9593288,4/12/2024 9:17,9:17,12,0,2, UNIVERSITY BLVD & E TENNESSEE AVE,1,1,0,0,1,1,0,0,30,0,0,0,0,1,4,2,14
,2024-012207,39.74020412,-104.9989092,4/13/2024 8:16,8:16,3,0,0,W COLFAX AVE & N SPEER BLVD,1,1,0,0,1,1,0,0,30,0,0,0,0,0,2,2,3
,2024-012209,39.66548513,-104.9406047,4/13/2024 18:04,18:04,11,0,1,E AMHERST AVE & S COLORADO BLVD,1,3,0,0,1,1,0,0,25,0,1,0,0,3,2,1,11
,2024-012217,39.77926237,-104.904233,2/22/2024 15:21,15:21,12,0,0,I-70 WB ON RAMP & N QUEBEC ST,1,1,1,0,1,8,0,0,65,0,0,0,0,0,1,2,16
,2024-012219,39.7803915,-104.7905158,4/12/2024 23:11,23:11,12,0,0,PENA BLVD & GREEN VALLEY RANCH BLVD,1,3,0,0,1,8,0,0,75,0,0,0,0,0,4,2,3
,2024-012220,39.65924717,-105.0296726,3/1/2024 17:23,17:23,12,0,0, IRVING ST & W FLOYD AVE,1,1,1,0,1,4,0,0,25,0,0,0,0,0,4,2,16
,2024-012229,39.6386774,-104.9040144,4/10/2024 16:08,16:08,12,0,0,E EASTMOOR DR & E QUINCY AVE,1,1,0,0,1,4,0,0,30,0,0,0,0,0,4,2,7
,2024-012231,39.72907332,-104.9818507,4/11/2024 9:07,9:07,12,0,1,E 8TH AVE & N LOGAN ST,1,1,1,0,1,4,0,0,30,0,0,0,0,1,4,2,16
,2024-012234,39.74047391,-105.0160305,4/11/2024 7:50,7:50,12,0,0,W COLFAX AVE & I-25,1,1,0,0,1,4,0,0,35,0,0,0,0,0,2,2,13
,2024-012243,39.69662441,-104.9128903,4/11/2024 17:16,17:16,12,0,1,E MISSISSIPPI AVE & S MONACO ST,1,1,0,0,1,4,0,0,35,0,0,0,0,1,4,2,3
,2024-012244,39.74746703,-104.8870017,4/10/2024 16:02,16:02,12,0,0,E MONTVIEW BLVD & N XANTHIA ST,1,1,0,0,1,1,0,0,20,0,0,0,0,0,4,2,13
,2024-012246,39.78314587,-105.0069652,4/11/2024 10:03,10:03,12,0,0,I-70 & N PECOS ST,1,1,0,0,1,4,0,0,,0,0,0,0,0,1,3,16
,2024-012249,39.74047391,-105.0160305,4/11/2024 7:50,7:50,12,0,0,W COLFAX AVE & I-25,1,1,0,0,1,4,0,0,35,0,0,0,0,0,2,2,13
,2024-012255,39.74028264,-105.0124735,2/24/2024 4:35,4:35,12,0,1,W COLFAX AVE & I-25 SB OFF RAMP,1,3,0,0,1,3,0,0,40,0,0,0,0,1,2,2,16
,2024-012258,39.67298529,-104.9946076,2/28/2024 7:18,7:18,15,0,0, SANTA FE DR & W EVANS AVE,1,1,0,0,1,4,0,0,65,0,0,0,0,0,2,2,16
,2024-012259,39.70199878,-104.98626,4/13/2024 11:22,11:22,3,0,1,E OHIO AVE & I-25 SB OFF RAMP,1,1,0,7,1,1,0,0,30,0,0,0,0,1,1,2,8
,2024-012263,39.77400584,-104.8470177,4/13/2024 17:19,17:19,12,0,0,I-70 & N PEORIA ST,1,1,0,0,1,4,0,0,55,0,0,0,0,0,1,2,3
,2024-012264,39.72562997,-105.0155267,4/13/2024 7:56,7:56,12,0,1,W 6TH AVE WB ON RAMP & RAMP SPLIT FROM NB,1,1,0,0,1,8,0,0,55,0,0,0,0,1,2,2,13
,2024-012265,39.65237518,-104.9179004,4/13/2024 13:00,13:00,15,0,0,I-25 & E HAMPDEN AVE,1,1,0,0,1,4,0,0,,0,0,0,0,0,1,2,16
,2024-012270,39.75268259,-104.9946714,4/12/2024 23:03,23:03,11,0,1,MARKET ST & 19TH ST,1,3,0,0,1,1,0,0,0,0,0,1,0,2,4,1,16
,2024-012272,39.77427813,-104.8470352,4/11/2024 6:32,6:32,12,0,0,I-70 & N PEORIA ST,1,1,0,0,1,4,0,0,55,0,0,0,0,0,1,2,13
,2024-012273,39.7320705,-104.983582,3/25/2024 8:50,8:50,12,0,0, GRANT ST & E 10TH AVE,4,1,0,0,1,3,0,0,30,0,0,0,0,0,4,2,13
,2024-012274,39.67845554,-104.933633,4/11/2024 9:00,9:00,15,0,0,E EVANS AVE & I-25,1,1,0,0,1,4,0,0,,0,0,0,0,0,4,2,16
,2024-012277,39.72060262,-105.0142042,4/11/2024 13:37,13:37,6,0,0, WYANDOT ST & W 2ND AVE,1,1,0,0,1,4,0,0,25,0,0,0,0,0,4,2,11
,2024-012282,39.77986236,-104.9653649,4/11/2024 8:03,8:03,12,0,1,I-70 EB ON RAMP & N WASHINGTON ST,1,1,1,0,1,8,0,0,55,0,0,0,0,1,1,2,11
,2024-012284,39.72585868,-104.9862209,3/23/2024 11:40,11:40,10,0,0,E SPEER BLVD & N LINCOLN ST,1,1,0,0,1,1,0,0,30,0,0,0,0,0,4,2,16
,2024-012289,39.729286,-104.9033767,4/12/2024 19:56,19:56,5,0,1,E 8TH AVE & N QUEBEC ST,1,2,0,0,3,4,0,0,25,0,0,0,0,2,4,1,3
,2024-012296,39.70592179,-104.8753553,2/11/2024 11:00,11:00,6,0,0, DAYTON ST & E CENTER AVE,4,1,0,0,1,4,0,0,,0,0,0,0,0,4,2,16
,2024-012300,39.67845765,-104.9082014,2/22/2024 14:40,14:40,12,0,0,E EVANS AVE & S ONEIDA ST,1,1,0,0,1,1,0,0,,0,0,0,0,0,4,2,16
,2024-012302,39.77383591,-104.74298,4/12/2024 21:09,21:09,6,0,0, MALAYA ST & E 41ST PL,1,3,0,0,1,4,0,0,20,0,0,0,0,0,4,2,11
,2024-012304,39.74330973,-104.9875216,2/20/2024 7:40,7:40,6,0,0,COURT PL & 17TH ST,1,1,0,0,1,4,0,0,35,0,0,0,0,0,4,2,16
,2024-012305,39.78188922,-104.8470126,4/12/2024 15:24,15:24,15,0,0, PEORIA ST & E 47TH AVE,13,1,0,0,1,4,0,0,40,0,0,0,0,0,4,3,13
,2024-012311,39.68766585,-105.029715,2/21/2024 18:58,18:58,14,0,0, IRVING ST & W IOWA AVE,1,3,0,0,1,1,0,0,25,0,0,0,0,0,4,2,16
,2024-012313,39.73686384,-104.9964726,4/12/2024 14:30,14:30,3,0,1,W 13TH AVE & N SPEER BLVD,1,1,0,0,1,1,0,0,25,0,0,0,0,2,4,2,16
,2024-012315,39.74982192,-104.9090098,2/28/2024 12:50,12:50,6,0,0,2168 N NEWPORT ST,1,1,0,0,1,4,0,0,20,0,0,0,0,0,4,2,13
,2024-012316,39.70931663,-104.9840342,4/12/2024 16:29,16:29,3,0,0,E DAKOTA AVE & GRANT ST,1,1,0,0,1,1,0,0,20,0,0,0,0,0,4,2,11
,2024-012320,39.74002672,-105.0001526,4/12/2024 8:39,8:39,1,0,2,W COLFAX AVE & N KALAMATH ST,1,1,0,0,1,1,0,0,30,0,0,0,0,1,2,2,13
,2024-012335,39.67046422,-105.0227544,4/10/2024 17:05,17:05,2,0,1, DECATUR ST & W HILLSIDE AVE,1,1,0,0,1,12,0,0,0,1,0,0,0,2,4,1,16
,2024-012368,39.77340269,-104.9383265,4/5/2024 14:31,14:31,6,0,0, ALBION ST & E 40TH AVE,1,1,0,0,1,4,0,0,25,0,0,0,0,0,4,2,16
,2024-012371,39.71117206,-104.9900082,4/7/2024 1:37,1:37,11,0,1,W ALAMEDA AVE & S BANNOCK ST,1,3,0,6,1,1,0,0,,0,1,0,0,3,4,1,16
,2024-012477,39.75147028,-104.9979717,4/14/2024 4:25,4:25,6,0,0,BLAKE ST & W 17TH ST,1,3,0,0,1,4,0,0,35,0,0,0,0,0,4,2,14
,2024-012478,39.69671554,-104.9874319,4/13/2024 20:47,20:47,3,0,2, BROADWAY & W MISSISSIPPI AVE,1,3,0,0,1,1,0,0,35,0,0,0,0,2,4,2,1
,2024-012489,39.7515596,-105.0532498,4/14/2024 13:51,13:51,12,0,1, SHERIDAN BLVD & W BYRON PL,1,1,1,0,1,4,0,0,45,0,0,0,1,3,2,2,16
,2024-012499,39.7801954,-105.0532237,4/9/2024 12:10,12:10,6,0,0,W 46TH AVE & N SHERIDAN BLVD,1,1,0,0,1,3,0,0,30,0,0,0,0,0,2,2,16
,2024-012502,39.70098945,-104.9102373,4/13/2024 21:39,21:39,3,0,0,LEETSDALE DR & S NIAGARA ST,1,3,0,0,1,2,0,0,45,0,0,0,0,0,2,2,16
,2024-012505,39.71033337,-105.0340184,4/14/2024 13:20,13:20,15,0,0,MORRISON RD & W NEVADA PL,1,1,0,0,1,1,0,0,25,0,0,0,1,0,4,2,7
,2024-012514,39.76322719,-105.0114763,4/14/2024 3:09,3:09,3,0,0,W 33RD AVE & N TEJON ST,1,3,0,0,1,9,0,0,25,0,0,0,0,0,4,2,7
,2024-012515,39.7657407,-105.0440136,4/12/2024 18:57,18:57,3,0,0,W 35TH AVE & N TENNYSON ST,1,1,0,0,1,1,0,0,25,0,0,0,0,0,4,2,16
,2024-012525,39.78686193,-104.9890037,4/11/2024 16:29,16:29,12,0,0,I-25 NB ON RAMP FROM WB -70 OFF RAMP & I-25 NB ON RAMP ENT,1,1,1,0,1,8,0,0,55,0,0,0,0,0,1,2,13
,2024-012529,39.68969343,-104.9732042,4/13/2024 21:47,21:47,5,0,0,I-25 & S DOWNING ST,1,4,0,0,2,4,0,0,55,0,0,0,0,0,1,2,3
,2024-012530,39.72560005,-105.0131388,4/14/2024 14:28,14:28,12,0,0,I-25 & W 6TH AVE,1,1,0,0,1,4,0,0,60,0,0,0,0,0,1,3,13
,2024-012535,39.71825943,-104.8744583,4/14/2024 3:23,3:23,14,0,0,E 1ST AVE & N DAYTON ST,1,3,0,0,1,6,0,0,,0,0,0,0,0,4,2,16
,2024-012539,39.8334178,-104.7718786,4/11/2024 8:57,8:57,1,0,3, TOWER RD & PENA BLVD,1,1,0,0,1,1,0,0,40,0,0,0,0,3,4,2,16
,2024-012557,39.69297034,-104.97282,4/13/2024 20:30,20:30,6,0,0,E LOUISIANA AVE & S PEARL ST,1,3,0,0,1,4,0,0,25,0,0,0,0,0,4,3,16
,2024-012559,39.76928315,-105.0017601,4/9/2024 17:35,17:35,14,0,0,W 38TH AVE & N LIPAN ST,1,1,0,0,1,3,0,0,,0,0,0,0,0,4,2,16
,2024-012570,39.7747276,-104.8553618,4/14/2024 8:28,8:28,12,0,1,I-70 & MM 281.100,14,1,0,0,1,4,0,0,55,0,0,0,0,2,1,2,13
,2024-012577,39.73682961,-104.967245,2/22/2024 16:15,16:15,11,0,1,GILPIN ST & 13TH AVE,1,1,0,0,1,1,0,0,,0,1,0,0,2,4,1,16
,2024-012612,39.73685147,-104.9873938,4/6/2024 2:01,2:01,12,0,2, BROADWAY & E 13TH AVE,1,3,0,0,1,1,0,0,30,0,0,0,0,3,4,2,16
,2024-012613,39.62543477,-104.9040493,4/9/2024 11:00,11:00,3,0,0,E CHENANGO AVE & S QUEBEC ST,1,1,0,0,1,1,0,0,25,0,0,0,0,0,4,2,13
,2024-012614,39.72957094,-105.0251604,4/15/2024 7:31,7:31,8,0,0, FEDERALBLVD & W 8TH AVE,1,1,0,0,6,3,0,0,35,0,0,0,0,0,2,4,1
,2024-012625,39.69038078,-105.0410362,4/2/2024 15:51,15:51,16,0,0,4255 W FLORIDA AVE,14,5,3,7,5,14,0,0,,0,0,0,0,0,3,2,10
,2024-012651,39.76922506,-104.9932082,3/22/2024 14:33,14:33,12,0,0,I-25 & PARK AVE W,1,1,0,0,1,4,0,0,55,0,0,0,0,0,1,5,13
,2024-012656,39.66533828,-105.0235167,4/10/2024 20:10,20:10,6,0,0,W AMHERST AVE & S DECATUR ST,1,3,0,0,1,4,0,0,25,0,0,0,0,0,4,2,16
,2024-012657,39.77290996,-104.8517193,4/15/2024 13:03,13:03,3,0,1,E 40TH AVE & N NOME ST,1,1,0,0,6,1,0,0,25,0,0,0,1,1,4,2,1
,2024-012659,39.70312678,-104.913192,4/14/2024 9:58,9:58,12,0,0,LEETSDALE DR & S MONACO ST,1,1,0,0,1,4,0,0,,0,0,0,1,0,2,3,16
,2024-012660,39.84774733,-104.6751076,4/15/2024 18:51,18:51,16,0,0,PENA BLVD & E 85TH AVE,1,2,0,0,5,4,0,0,10,0,0,0,0,0,3,2,13
,2024-012663,39.73839428,-104.9622451,3/29/2024 8:51,8:51,3,0,0,E 14TH AVE & N VINE ST,1,1,0,0,1,9,0,0,25,0,0,0,0,0,4,2,16
,2024-012666,39.71118425,-105.0110001,3/20/2024 0:45,0:45,12,0,0,W ALAMEDA AVE & S TEJON ST,1,3,0,0,1,1,0,0,35,0,0,0,0,0,2,2,16
,2024-012667,39.69374523,-104.9924835,4/12/2024 13:57,13:57,12,0,0, SANTA FE DR & W LOUISIANA AVE,1,1,0,0,1,4,0,0,45,0,0,0,0,0,2,2,16
,2024-012668,39.72095083,-104.9406282,4/15/2024 7:53,7:53,3,0,1,E 3RD AVE & N COLORADO BLVD,1,1,3,0,1,1,0,0,35,0,0,0,0,1,2,2,10
,2024-012675,39.71128376,-104.9034949,4/13/2024 13:10,13:10,1,0,0,E ALAMEDA AVE & S QUEBEC ST,1,1,0,0,1,1,0,0,35,0,0,0,0,0,4,2,13
,2024-012676,39.71120811,-104.9971469,4/15/2024 18:13,18:13,12,0,1, SANTA FE DR & W ALAMEDA AVE,1,2,0,0,1,1,0,0,45,0,0,0,0,2,4,2,11
,2024-012677,39.70803062,-104.9262766,4/15/2024 10:20,10:20,12,0,0,LEETSDALE DR & S FOREST ST,1,1,0,0,1,4,0,0,45,0,0,0,0,0,2,2,3
,2024-012679,39.78363961,-104.7904783,4/14/2024 11:03,11:03,1,0,0,E GREEN VALLEY RANCH BLVD & PENA BLVD,1,1,0,0,1,1,0,0,45,0,0,0,0,0,4,2,16
,2024-012683,39.76443093,-105.0192076,4/14/2024 15:20,15:20,6,0,0,W 34TH AVE & N BRYANT ST,1,1,0,0,1,4,0,0,25,0,0,0,0,0,4,2,3
,2024-012684,39.7410687,-104.9823304,4/6/2024 8:00,8:00,6,0,0, LOGAN ST & E COLFAX AVE,1,1,0,0,1,4,0,0,,0,0,0,0,0,4,2,16
,2024-012709,39.62708617,-105.0939613,4/14/2024 16:58,16:58,3,0,0,W BALSAM WY & S DUDLEY ST,1,1,0,0,1,1,0,0,,0,0,0,0,0,4,2,16
,2024-012711,39.63828516,-104.8947947,3/28/2024 11:03,11:03,1,0,0, TAMARAC ST & E QUINCY AVE,1,1,0,0,1,1,0,0,35,0,0,0,0,0,4,2,16
,2024-012714,39.79832487,-104.8843563,4/12/2024 15:35,15:35,12,0,0,E 56TH AVE & N CENTRAL PARK BLVD,1,1,0,0,1,3,0,0,40,0,0,0,0,0,4,2,3
,2024-012716,39.72950481,-105.0251574,4/9/2024 9:55,9:55,12,0,0, FEDERAL BLVD & W 8TH AVE,1,1,0,0,1,3,0,0,35,0,0,0,0,0,2,2,16
,2024-012717,39.78080421,-104.9667499,4/15/2024 15:36,15:36,3,0,0, BRIGHTON BLVD & E 46TH AVE,1,1,0,6,1,1,0,0,30,0,0,0,0,0,4,2,2
,2024-012719,39.75847417,-105.0529815,4/15/2024 10:39,10:39,12,0,0,W 29TH AVE & N SHERIDAN BLVD,1,1,0,0,1,4,0,0,25,0,0,0,0,0,4,2,13
,2024-012722,39.68398688,-104.9854761,3/26/2024 5:49,5:49,6,0,0,E COLORADO AVE & S SHERMAN ST,1,4,0,0,1,4,0,0,25,0,0,0,0,0,4,2,16
,2024-012724,39.68791649,-104.9691166,3/24/2024 18:25,18:25,5,0,0,I-25 NB OFF RAMP TO  DOWNING ST & NB OFF RAMP GORE PT,7,3,0,2,2,8,0,0,60,0,0,0,0,0,1,1,16
,2024-012726,39.74029882,-104.9982123,2/18/2024 13:30,13:30,15,0,0, SPEER BLVD & E COLFAX AVE,14,1,0,7,1,4,0,0,30,0,0,0,0,0,4,2,16
,2024-012729,39.74163078,-104.9634729,4/12/2024 14:42,14:42,3,0,0, RACE ST & E 16TH AVE,1,1,0,0,1,1,0,0,20,0,0,0,0,0,4,2,11
,2024-012730,39.74867372,-105.0020585,3/6/2024 19:49,19:49,10,0,0,14TH CT & BLAKE ST,1,3,0,0,1,1,0,0,30,0,0,0,0,0,4,2,16
,2024-012740,39.7267109,-105.0138042,4/13/2024 23:48,23:48,15,0,0,I-25 & NB OFF RAMP EXT TO W 8TH AVE,1,3,0,0,1,4,0,0,55,0,0,0,0,0,1,2,1
,2024-012742,39.74035007,-105.0488833,4/5/2024 10:22,10:22,12,0,0,W COLFAX AVE & N WOLFF ST,1,1,0,0,1,4,0,0,30,0,0,0,0,0,2,2,16
,2024-012748,39.69675901,-105.0473926,3/27/2024 18:30,18:30,10,0,0,4735 W MISSISSIPPI AVE & S WINONA CT,1,1,0,1,1,2,0,0,,0,0,0,0,0,4,2,16
,2024-012750,39.84969512,-104.7469694,2/16/2024 18:00,18:00,15,0,0,E-470 & PENA BLVD,4,3,0,3,1,4,0,0,75,0,0,0,0,0,4,2,16
,2024-012751,39.77859402,-104.9792489,4/15/2024 6:00,6:00,5,0,0, WASHINGTON ST & E 45TH AVE,1,1,0,0,4,5,0,0,35,0,0,0,0,0,4,1,7
,2024-012755,39.72195474,-104.9729109,3/18/2024 2:10,2:10,3,0,0, DOWNING ST & E 4TH AVE,1,3,0,0,1,1,0,0,25,0,0,0,0,0,4,2,14
,2024-012757,39.73800797,-105.0252739,3/28/2024 16:14,16:14,15,0,0, FEDERAL BLVD & W 14TH AVE,14,1,0,0,1,3,0,0,35,0,0,0,0,0,2,2,1
,2024-012759,39.66386506,-105.0157721,4/15/2024 19:07,19:07,6,0,1, ZUNI ST & W BATES AVE,1,1,0,0,1,4,0,0,35,0,0,0,0,2,4,2,3
,2024-012760,39.76433465,-104.9948175,3/29/2024 20:39,20:39,5,0,1,PARK AVE W & GLOBEVILLE RD,1,3,0,0,6,4,0,0,35,0,0,0,0,1,4,1,16
,2024-012761,39.74015374,-104.9500736,3/30/2024 15:33,15:33,15,0,0,E COLFAX AVE & N STEELE ST,1,1,0,0,1,3,0,0,,0,0,0,0,0,2,2,16
,2024-012762,39.74312468,-104.9151576,3/20/2024 17:30,17:30,15,0,0,E 17TH AVE & N LEYDEN ST,1,1,0,0,1,4,0,0,,0,0,0,0,0,4,2,16
,2024-012763,39.65303783,-104.931703,4/12/2024 7:38,7:38,5,0,0,3475  DAHLIA ST & HWY 285,1,5,0,0,2,4,0,0,30,0,0,0,0,0,4,1,16
,2024-012764,39.76182864,-104.9124088,4/12/2024 14:05,14:05,1,0,1,E MLK BLVD & N MONACO ST,1,1,0,0,1,1,0,0,35,0,0,0,0,1,4,2,11
,2024-012779,39.73845525,-104.9953011,4/12/2024 10:04,10:04,3,0,0, FOX ST & W 14TH AVE,1,1,0,0,1,1,0,0,20,0,0,0,0,0,4,2,11
,2024-012780,39.79484047,-104.7626866,3/30/2024 14:17,14:17,3,0,0, DUNKIRK ST & E MAXWELL PL,1,1,0,0,1,1,0,0,35,0,0,0,0,0,4,2,13