id,drcog_id,latitude,longitude,crashtime,time,crashtype,numbkilled,numbinjurd,drcoglocat,rdconditin,lightngcon,roadcntgrd,weatherco,location,roaddescrp,schoolzone,constrzone,splimit,bikeinv,pedinv,sctrinv,motoinv,svrty,rdsystem,ttlvehcls,hcf
,2024-012784,39.78557372,-104.9875838,4/15/2024 18:28,18:28,1,0,1, BROADWAY & E 49TH AVE,1,1,0,0,1,1,0,0,30,0,0,0,0,2,4,2,16
,2024-012790,39.77998775,-105.0330287,4/14/2024 14:45,14:45,14,0,0, KING ST & W 46TH AVE,1,1,0,0,1,4,0,0,20,0,0,0,0,0,4,2,16
,2024-012797,39.76262674,-104.9405084,4/1/2024 17:16,17:16,15,0,0, COLORADO BLVD & E MLK BLVD,11,1,0,1,1,4,0,0,35,0,0,0,0,0,2,2,16
,2024-012799,39.73999906,-104.9849542,4/6/2024 13:52,13:52,12,0,0,E COLFAX AVE & N SHERMAN ST,1,1,0,0,1,3,0,0,30,0,0,0,0,0,2,2,16
,2024-012800,39.74075677,-104.9909633,4/5/2024 12:27,12:27,16,0,0,1401 COURT PL,1,1,0,0,5,4,0,0,,0,0,0,0,0,3,3,7
,2024-012812,39.70973456,-104.9140758,4/7/2024 2:54,2:54,6,0,0,373 S LOCUST ST,1,3,0,0,1,4,0,0,25,0,0,0,0,0,4,2,16
,2024-012815,39.75132127,-104.9998977,4/14/2024 1:31,1:31,11,0,1,WAZEE ST & 16TH ST,1,3,0,0,1,4,0,0,25,0,1,0,0,1,4,1,3
,2024-012816,39.66770751,-105.029869,3/23/2024 14:55,14:55,12,0,0,W YALE AVE & S IRVING ST,1,1,0,0,1,1,0,0,,0,0,0,0,0,4,2,16
,2024-012817,39.71430129,-104.9899755,4/10/2024 13:38,13:38,6,0,0, BANNOCK ST & W MAPLE AVE,1,1,0,0,1,9,0,0,25,0,0,0,0,0,4,2,16
,2024-012818,39.73847607,-105.0298428,4/12/2024 10:49,10:49,3,0,1,3220 W 14TH AVE & N IRVING ST,1,1,1,0,1,2,0,0,,0,0,0,0,2,4,2,16
,2024-012821,39.78380975,-104.982931,4/15/2024 3:58,3:58,3,0,0,E 48TH AVE & N CLARK PL,1,3,0,0,1,1,0,0,25,0,0,0,0,0,4,2,16
,2024-012823,39.725674,-105.0132201,4/12/2024 19:02,19:02,12,0,0,I-25 & W 6TH AVE,1,1,0,0,1,4,0,0,55,0,0,0,0,0,1,2,13
,2024-012824,39.73998109,-104.9622356,4/12/2024 7:30,7:30,3,0,1,E COLFAX AVE & N VINE ST,1,1,0,0,1,9,0,0,25,0,0,0,1,2,2,2,11
,2024-012887,39.71620776,-104.9128593,4/15/2024 16:15,16:15,1,0,0, MONACO ST & E LOWRY BLVD,1,1,0,0,1,1,0,0,30,0,0,0,0,0,4,2,3
,2024-012889,39.6935951,-104.9362177,3/12/2024 8:24,8:24,6,0,0, BIRCH ST & E LOUISIANA AVE,1,1,1,0,1,4,0,0,30,0,0,0,0,0,4,2,16
,2024-012890,39.65616523,-105.0532235,4/16/2024 12:11,12:11,1,0,0, SHERIDAN BLVD & W DARTMOUTH AVE,1,1,0,0,1,1,0,0,40,0,0,0,0,0,2,3,11
,2024-012892,39.79355177,-104.9034361,4/16/2024 6:23,6:23,1,0,0, QUEBEC ST & E 53RD PL,11,1,0,1,1,1,0,0,40,0,0,0,0,0,4,3,13
,2024-012901,39.70704061,-104.9208818,4/16/2024 5:11,5:11,15,0,0,LEETSDALE DR & S HOLLY ST,11,4,0,0,1,4,0,0,35,0,0,0,0,0,2,2,11
,2024-012903,39.76822299,-104.9746019,3/16/2024 1:00,1:00,6,0,0,WALNUT ST & 36TH ST,1,3,0,0,1,4,0,0,30,0,0,0,0,0,4,2,16
,2024-012918,39.73681982,-104.9626987,4/15/2024 10:50,10:50,6,0,0,E 13TH AVE & N VINE ST,1,1,0,0,1,4,0,0,30,0,0,0,0,0,4,2,13
,2024-012920,39.76382728,-104.90274,4/16/2024 13:15,13:15,15,0,0, QUEBEC ST & E 36TH AVE,1,1,0,0,1,4,0,0,35,0,0,0,0,0,4,2,1
,2024-012923,39.75749289,-104.9832402,4/15/2024 16:30,16:30,12,0,2,ARAPAHOE ST & 26TH ST,1,1,0,0,1,4,0,0,25,0,0,0,0,1,4,2,11
,2024-012925,39.69965693,-104.985699,4/16/2024 8:11,8:11,12,0,0,I-25 SB OFF RAMP TO  WASHINGTON ST & SB OFF RAMP GORE PT,1,1,1,0,1,8,0,0,,0,0,0,0,0,1,3,16
,2024-012927,39.79318414,-104.8322654,4/15/2024 12:52,12:52,6,0,0, WHEELING ST & E MAXWELL PL,1,1,0,0,1,4,0,1,20,0,0,0,0,0,4,2,16
,2024-012929,39.78375726,-104.8097976,4/16/2024 6:10,6:10,15,0,0, CHAMBERS RD & E GREEN VALLEY RANCH BLVD,11,1,0,0,1,3,0,0,35,0,0,0,0,0,4,2,16
,2024-012932,39.71153747,-104.9398744,4/9/2024 17:40,17:40,1,0,1,4200 E ALAMEDA AVE,1,1,0,0,1,2,0,0,35,0,0,0,0,3,4,2,11
,2024-012941,39.76145671,-105.0346135,4/16/2024 13:30,13:30,15,0,1, LOWELL BLVD & W 31ST AVE,1,1,0,0,1,4,0,0,25,0,0,0,0,1,4,3,11
,2024-012943,39.79282882,-104.8237552,4/16/2024 14:10,14:10,3,0,0, CROWN BLVD & E MAXWELL PL,1,1,0,0,1,1,0,0,25,0,0,0,0,0,4,2,13
,2024-012946,39.77833091,-104.9792445,4/16/2024 11:30,11:30,10,0,0, WASHINGTON ST & E 45TH AVE,1,1,0,0,1,1,0,0,30,0,0,0,0,0,4,2,8
,2024-012947,39.72563184,-104.9836192,4/16/2024 11:14,11:14,3,0,0, GRANT ST & E 6TH AVE,1,1,0,0,1,1,0,0,25,0,0,0,0,0,4,2,11
,2024-012956,39.72043511,-104.9498007,4/15/2024 12:46,12:46,6,0,0, STEELE ST & E 3RD AVE,1,1,0,0,1,4,0,0,25,0,0,0,0,0,4,2,14
,2024-012962,39.68469394,-104.959736,4/16/2024 18:38,18:38,12,0,0,I-25 & S UNIVERSITY BLVD,1,3,0,0,1,4,0,0,60,0,0,0,0,0,1,4,13
,2024-012963,39.69970187,-104.9857463,4/16/2024 8:03,8:03,12,0,0,I-25 SB OFF RAMP TO  WASHINGTON ST & SB OFF RAMP GORE PT,1,1,0,0,1,8,0,0,35,0,0,0,0,0,1,2,16
,2024-012967,39.77970645,-104.977201,4/16/2024 6:45,6:45,12,0,0,I-70 & N WASHINGTON ST,11,1,0,1,1,4,0,0,65,0,0,0,0,0,1,2,13
,2024-012973,39.72931263,-105.0197928,4/16/2024 7:05,7:05,12,0,0,W 8TH AVE & N CANOSA CT,11,1,0,0,1,4,0,0,30,0,0,0,0,0,4,2,3
,2024-012981,39.67842029,-104.9645269,4/16/2024 14:22,14:22,12,0,1,E EVANS AVE & S HIGH ST,1,1,0,0,1,12,0,0,30,0,0,0,0,2,4,3,11
,2024-012983,39.75206473,-104.9745659,4/16/2024 10:05,10:05,6,0,0, OGDEN ST & E 24TH AVE,1,1,1,0,1,4,0,0,20,0,0,0,0,0,4,2,16
,2024-012998,39.73367664,-104.9775883,4/12/2024 17:45,17:45,2,0,0,E 11TH AVE & N CLARKSON ST,1,1,0,0,1,1,0,0,,1,0,0,0,0,4,1,16
,2024-013005,39.76015043,-104.9405183,4/14/2024 22:22,22:22,12,0,0, COLORADO BLVD & E 30TH AVE,1,3,0,0,1,1,0,0,,0,0,0,0,0,2,2,16
,2024-013016,39.71844937,-105.0227703,4/16/2024 16:18,16:18,3,0,2, DECATUR ST & W 1ST AVE,1,1,0,0,1,1,0,0,25,0,0,0,0,2,4,2,13
,2024-013029,39.78748088,-105.0252217,4/16/2024 8:00,8:00,1,0,0, FEDERAL BLVD & W REGIS BLVD,11,1,0,0,1,1,0,0,35,0,0,0,0,0,2,2,10
,2024-013031,39.71106544,-104.9970794,4/16/2024 9:24,9:24,15,0,0, SANTA FE DR & W ALAMEDA AVE,1,1,0,0,1,4,0,0,,0,0,0,0,0,4,2,16
,2024-013034,39.71060654,-104.9035112,4/16/2024 10:32,10:32,15,0,0, QUEBEC ST & E ALAMEDA AVE,1,1,0,0,1,4,0,0,30,0,0,0,0,0,4,2,11
,2024-013038,39.72589069,-105.0249343,4/16/2024 12:35,12:35,3,0,0,W 6TH AVE WB OFF RAMP & N FEDERAL BLVD,1,1,0,0,1,1,0,0,30,0,0,0,0,0,2,2,1
,2024-013039,39.7115909,-105.0215125,4/12/2024 12:58,12:58,6,0,0, DALE CT & W ALAMEDA AVE,1,1,0,0,1,4,0,0,20,0,0,0,0,0,4,2,11
,2024-013040,39.71110392,-104.9769077,4/15/2024 16:01,16:01,3,0,0,E ALAMEDA AVE & S EMERSON ST,1,1,0,0,1,1,0,0,30,0,0,0,0,0,4,2,11
,2024-013043,39.78363965,-104.7904783,4/16/2024 7:15,7:15,3,0,0, PENA BLVD & E GREEN VALLEY RANCH BLVD,11,1,0,1,1,1,0,0,35,0,0,0,0,0,4,2,16
,2024-013055,39.78407524,-104.991177,4/15/2024 12:20,12:20,15,0,0, BANNOCK ST & W 48TH AVE,1,1,0,0,1,1,0,0,30,0,0,0,0,0,4,2,13
,2024-013057,39.70386293,-104.9145887,4/15/2024 17:40,17:40,12,0,0,LEETSDALE DR & E EXPOSITION AVE,1,1,0,0,1,1,0,0,35,0,0,0,0,0,2,2,3
,2024-013062,39.74425061,-104.9934129,4/6/2024 22:00,22:00,2,0,1,15TH ST & CALIFORNIA ST,1,3,0,6,1,1,0,0,,1,0,0,0,1,4,1,16
,2024-013063,39.70697928,-104.9970682,4/12/2024 22:39,22:39,12,0,1,I-25 & S SANTA FE DR,1,3,1,0,1,4,0,0,60,0,0,0,0,1,1,2,16
,2024-013104,39.73684904,-104.9861297,1/30/2024 11:15,11:15,10,0,0, LINCOLN ST & E 13TH AVE,1,1,0,0,1,1,0,0,30,0,0,0,0,0,4,2,13
,2024-013107,39.74050519,-104.9887388,4/8/2024 23:57,23:57,5,0,1,W COLFAX AVE & 15TH ST,1,3,0,0,2,4,0,0,30,0,0,0,0,3,2,1,16
,2024-013109,39.65427679,-104.8987331,4/16/2024 1:50,1:50,6,0,0, TAMARAC DR & E GIRARD AVE,1,3,0,0,1,2,0,0,20,0,0,0,0,0,4,3,16
,2024-013116,39.7188875,-104.9740546,4/17/2024 15:50,15:50,3,0,0,E SPEER BLVD & S CORONA ST,1,1,0,0,1,1,0,0,30,0,0,0,0,0,4,2,4
,2024-013119,39.77032057,-104.978854,4/10/2024 9:00,9:00,12,0,0,35TH ST & N BRIGHTON BLVD,1,1,0,0,1,1,0,0,35,0,0,0,0,0,4,2,16
,2024-013125,39.74918411,-104.8914222,4/11/2024 8:10,8:10,6,0,0,E 22ND AVE & N VALENTIA ST,1,1,0,0,1,4,0,0,,0,0,0,0,0,4,2,16
,2024-013126,39.80738268,-104.77219,4/16/2024 18:50,18:50,6,0,0,E 61ST AVE & N EMPORIA ST,1,1,0,0,1,4,0,0,25,0,0,0,0,0,4,2,16
,2024-013128,39.78358187,-105.006065,4/17/2024 9:47,9:47,12,0,0,I-70 WB OFF RAMP & N PECOS ST,1,1,0,0,1,8,0,0,35,0,0,0,0,0,1,2,1
,2024-013130,39.67846472,-104.9316166,4/16/2024 16:30,16:30,12,0,0,E EVANS AVE & S DAHLIA ST,1,1,0,0,1,1,0,0,30,0,0,0,0,0,4,2,3
,2024-013131,39.73835239,-104.9472725,4/17/2024 12:50,12:50,10,0,0,E 14TH AVE & N COOK ST,1,1,0,0,1,1,0,0,30,0,0,0,0,0,4,2,11
,2024-013132,39.73284877,-104.8846979,4/17/2024 9:03,9:03,1,0,1, YOSEMITE ST & E 11TH AVE,1,1,0,0,1,1,0,0,25,0,0,0,0,1,4,2,13
,2024-013134,39.78054026,-104.9496415,4/16/2024 7:52,7:52,12,0,0,I-70 & N VASQUEZ BLVD,1,1,0,0,1,4,0,0,55,0,0,0,0,0,1,3,13
,2024-013136,39.72922887,-104.9406251,4/17/2024 11:30,11:30,12,0,0, COLORADO BLVD & E 8TH AVE,1,1,0,0,1,1,0,0,40,0,0,0,0,0,2,2,3
,2024-013137,39.74776188,-105.0050632,3/6/2024 23:00,23:00,12,0,0,AURARIA PKWY & 11TH ST,1,3,0,0,1,3,0,0,35,0,0,0,0,0,4,2,16
,2024-013138,39.75851715,-105.035063,4/17/2024 8:46,8:46,12,0,0,W 29TH AVE & N LOWELL BLVD,1,1,0,0,1,3,0,0,30,0,0,0,0,0,4,2,3
,2024-013139,39.67854722,-104.9793606,4/17/2024 9:15,9:15,12,0,0,E EVANS AVE & S WASHINGTON ST,1,1,0,0,1,1,0,0,30,0,0,0,0,0,4,2,3
,2024-013140,39.73863296,-104.912431,4/17/2024 7:30,7:30,3,0,0,E 14TH AVE & N MONACO ST,1,1,0,0,1,1,0,0,35,0,0,0,0,0,4,2,4
,2024-013142,39.71664606,-105.0249873,4/16/2024 12:14,12:14,12,0,0, FEDERAL BLVD & W ELLSWORTH AVE,1,1,0,0,1,4,0,0,35,0,0,1,0,0,2,3,3
,2024-013144,39.7524999,-105.002826,4/17/2024 15:32,15:32,11,0,1,1550 WEWATTA ST & DELGANY ST,1,1,0,0,1,2,0,0,0,0,0,1,0,2,4,1,16
,2024-013146,39.77201834,-104.9317443,3/23/2024 6:38,6:38,9,0,0, DAHLIA ST & E 39TH AVE,1,3,0,0,2,4,0,0,30,0,0,0,0,0,4,1,1
,2024-013150,39.72254884,-104.9516001,4/17/2024 13:19,13:19,6,0,0,E 4TH AVE & N ST PAUL ST,1,1,0,1,1,3,0,0,20,0,0,0,0,0,4,2,14
,2024-013151,39.77945454,-104.9748225,4/17/2024 6:40,6:40,5,0,0,I-70 EB ON RAMP & EB ON RAMP MERGE PT,1,1,1,0,2,8,0,0,55,0,0,0,0,0,1,1,13
,2024-013152,39.78365275,-104.7886884,4/15/2024 8:38,8:38,11,0,0,E GREEN VALLEY RANCH BLVD & PENA BLVD,1,1,0,0,1,2,0,0,,0,0,1,0,0,4,1,16
,2024-013153,39.78362731,-104.7721143,4/16/2024 5:43,5:43,3,0,1,E GREEN VALLEY RANCH BLVD & N TOWER RD,11,3,0,1,1,1,0,0,35,0,0,0,0,3,4,2,14
,2024-013154,39.79099445,-104.9398859,4/17/2024 17:09,17:09,3,0,1,E 52ND AVE & N COLORADO BLVD,1,1,0,0,1,1,0,0,25,0,0,0,0,3,2,2,13
,2024-013155,39.68481554,-104.9033529,4/16/2024 15:45,15:45,12,0,0,E CHERRY CREEK  DR & S QUEBEC ST,1,1,0,0,1,4,0,0,30,0,0,0,0,0,4,2,3
,2024-013158,39.71156233,-104.9406226,4/16/2024 9:45,9:45,15,0,0,E ALAMEDA AVE & S COLORADO BLVD,1,1,0,0,1,1,0,0,,0,0,0,0,0,2,2,16
,2024-013161,39.80372106,-104.7721176,4/3/2024 0:00,0:00,3,0,0,E 59TH AVE & N TOWER RD,1,3,0,0,1,2,0,0,10,0,0,0,0,0,4,2,1
,2024-013162,39.73298772,-105.0249898,4/3/2024 14:55,14:55,1,0,0,W 10TH AVE & N FEDERAL BLVD,1,1,1,0,1,2,0,0,25,0,0,0,0,0,4,2,11
,2024-013163,39.71620934,-104.9826377,4/17/2024 9:28,9:28,12,0,1, LOGAN ST & E ELLSWORTH AVE,1,1,0,0,1,4,0,0,30,0,0,0,0,1,4,2,14
,2024-013164,39.67273942,-104.957949,4/13/2024 19:40,19:40,6,0,0, JOSEPHINE ST & E WESLEY AVE,1,3,0,0,1,4,0,0,20,0,0,0,0,0,4,2,16
,2024-013165,39.78392438,-105.0264453,4/7/2024 15:25,15:25,15,0,0,I-70 EB OFF RAMP & N FEDERAL BLVD,1,1,0,0,1,8,0,0,55,0,0,0,0,0,1,2,16
,2024-013166,39.77813875,-104.8944521,4/1/2024 13:39,13:39,5,0,0,I-70 & EB OFF RAMP EXT TO N CENTRAL PARK BLVD,1,1,0,0,1,4,0,0,,0,0,0,0,0,1,2,16
,2024-013167,39.72908154,-104.9717792,4/17/2024 14:58,14:58,3,0,1,E 8TH AVE & N MARION ST,1,1,0,0,1,1,0,0,30,0,0,0,0,3,4,2,7
,2024-013169,39.74014399,-104.9458161,4/15/2024 11:40,11:40,12,0,0,E COLFAX AVE & N MADISON ST,1,1,0,0,1,4,0,1,30,0,0,0,0,0,2,2,1
,2024-013170,39.70117735,-104.9874976,4/16/2024 13:00,13:00,12,0,0,I-25 & S BROADWAY ST,1,1,0,0,1,4,0,0,65,0,0,0,0,0,1,2,3
,2024-013171,39.75939047,-105.0011905,4/7/2024 20:30,20:30,12,0,2,20TH ST & LITTLE RAVEN ST,1,3,0,0,1,4,0,0,30,0,0,0,0,1,4,2,16
,2024-013172,39.63828516,-104.8947947,4/17/2024 17:50,17:50,1,0,1, TAMARAC ST & E QUINCY AVE,1,1,1,0,1,1,0,0,45,0,0,0,0,1,4,2,13
,2024-013173,39.70673557,-105.0275371,4/11/2024 20:05,20:05,11,0,1, HAZEL CT & W CUSTER PL,1,4,1,0,1,1,0,0,0,0,0,1,0,3,4,1,16
,2024-013176,39.76072303,-105.0131461,4/10/2024 16:45,16:45,16,0,0,3055  VALLEJO ST,1,1,0,0,5,7,0,0,10,0,0,0,0,0,3,2,13
,2024-013177,39.79078627,-104.8139888,4/15/2024 3:43,3:43,5,0,0,E 53RD AVE & N ELKHART ST,1,3,0,0,4,1,0,0,20,0,0,0,0,0,4,1,16
,2024-013179,39.75178926,-104.990578,4/2/2024 18:34,18:34,15,0,0,ARAPAHOE ST & 20TH ST,1,1,0,0,1,4,0,0,,0,0,0,0,0,4,2,16
,2024-013182,39.73870557,-104.897556,4/16/2024 17:41,17:41,3,0,0,E 14TH AVE & N SPRUCE ST,1,3,0,0,1,1,0,0,,0,0,0,0,0,4,2,16
,2024-013184,39.79329267,-104.7594111,4/17/2024 14:15,14:15,6,0,0,E 54TH PL & N ESPANA ST,1,1,0,0,6,4,0,0,25,0,0,0,0,0,4,2,1
,2024-013193,39.76926571,-104.9106278,4/15/2024 13:25,13:25,6,0,0,E 38TH AVE & N NIAGARA ST,1,1,0,0,6,1,0,0,25,0,0,0,0,0,4,2,3
,2024-013200,39.62835025,-104.9040497,4/15/2024 16:09,16:09,12,0,1,I-25 NB & E UNION AVE,1,1,0,0,1,4,0,0,65,0,0,0,0,1,1,4,13
,2024-013204,39.76936706,-104.9007903,4/16/2024 12:30,12:30,11,0,0, ROSLYN ST & E 38TH AVE,1,1,0,0,1,1,0,0,10,0,1,0,0,0,4,1,11
,2024-013205,39.75073909,-104.9745636,4/13/2024 15:50,15:50,11,0,1,23RD AVE & N OGDEN ST,1,1,0,0,1,9,0,0,0,0,0,1,0,1,4,1,16
,2024-013235,39.74398198,-105.0532228,4/17/2024 9:00,9:00,3,0,0,W 17TH AVE & N SHERIDAN BLVD,1,1,0,0,1,1,0,0,30,0,0,0,0,0,2,2,3
,2024-013236,39.69321172,-104.9924885,4/17/2024 6:27,6:27,10,0,1, SANTA FE DR & W LOUISIANA AVE,1,1,0,0,1,2,0,0,45,0,0,0,0,1,2,2,11
,2024-013237,39.67128747,-104.9593901,4/4/2024 10:00,10:00,6,0,0, UNIVERSITY BLVD & E HARVARD AVE,1,1,0,0,1,4,0,0,,0,0,0,0,0,4,2,16
,2024-013238,39.6773896,-104.932726,4/17/2024 8:47,8:47,12,0,0,I-25 & E EVANS AVE,1,1,0,0,1,4,0,0,55,0,0,0,0,0,1,2,13
,2024-013239,39.7804669,-104.963349,4/1/2024 6:58,6:58,15,0,0,I-70 & N BRIGHTON BLVD,1,1,0,0,1,8,0,0,55,0,0,0,0,0,1,2,16
,2024-013249,39.73848289,-105.0347148,4/17/2024 14:52,14:52,6,0,0,W 14TH AVE & N LOWELL BLVD,1,1,0,0,1,4,0,0,25,0,0,0,0,0,4,3,1
,2024-013252,39.68949697,-105.0442617,4/17/2024 9:58,9:58,3,0,2,W FLORIDA AVE & S TENNYSON ST,1,1,0,0,1,1,0,0,30,0,0,0,0,2,4,2,2
,2024-013253,39.75543148,-105.0006922,4/17/2024 8:20,8:20,12,0,0,18TH ST & WEWATTA ST,1,1,0,0,1,4,0,0,20,0,0,0,0,0,4,2,13
,2024-013255,39.71659151,-104.9908549,4/16/2024 9:50,9:50,5,0,0, BANNOCK ST & W ELLSWORTH AVE,1,1,0,0,3,3,0,0,25,0,0,0,0,0,4,1,14
,2024-013268,39.76936152,-105.0276107,4/17/2024 13:30,13:30,10,0,0,W 38TH AVE & N GROVE ST,1,1,0,0,1,1,0,0,30,0,0,0,0,0,4,2,8
,2024-013269,39.77282496,-104.8016297,4/16/2024 13:55,13:55,1,0,0,E 40TH AVE & N KITTREDGE ST,1,1,0,0,1,1,0,0,35,0,0,0,0,0,4,2,13
,2024-013272,39.73929561,-104.9974927,4/17/2024 19:09,19:09,9,0,1, SPEER BLVD & W COLFAX AVE,1,1,0,0,1,4,0,0,35,0,0,0,1,3,4,1,16
,2024-013277,39.68601479,-104.9594449,4/15/2024 3:55,3:55,5,0,0, UNIVERSITY BLVD & I-25 WB OFF RAMP NB SLIP,1,3,1,0,6,8,0,0,30,0,0,0,0,0,1,1,3
,2024-013280,39.74491719,-104.9942562,4/17/2024 13:37,13:37,3,0,1,15TH ST & STOUT ST,1,1,0,0,1,1,0,0,30,0,0,0,0,2,4,2,1
,2024-013321,39.77959589,-104.8466406,4/19/2024 8:10,8:10,10,0,0,E 46TH AVE & N PEORIA ST,11,1,0,1,1,2,0,0,25,0,0,0,0,0,4,2,16
,2024-013328,39.69210188,-104.9769497,2/5/2024 15:48,15:48,12,0,0,I-25 & S EMERSON ST,1,1,0,0,1,4,0,0,60,0,0,0,0,0,1,2,16
,2024-013333,39.7093448,-104.9140765,4/7/2024 2:54,2:54,6,0,0, LOCUST ST & E DAKOTA AVE,1,3,0,0,6,4,0,0,25,0,0,0,0,0,4,2,16
,2024-013337,39.83069501,-104.9032002,4/19/2024 16:52,16:52,12,0,0,3203 N QUEBEC ST,7,1,0,2,1,4,0,0,35,0,0,0,0,0,4,2,3
,2024-013338,39.63828516,-104.8947947,4/18/2024 10:37,10:37,1,0,0, TAMARAC ST & E QUINCY AVE,11,1,0,1,1,1,0,0,35,0,0,0,0,0,4,2,8
,2024-013340,39.74944865,-105.0532423,3/26/2024 16:09,16:09,12,0,0,W 22ND AVE & N SHERIDAN BLVD,1,1,0,0,1,1,0,0,25,0,0,0,0,0,2,2,3
,2024-013347,39.69490899,-105.0532276,4/19/2024 16:07,16:07,12,0,0, SHERIDAN BLVD & W ARIZONA AVE,1,1,0,0,1,3,0,0,35,0,0,0,0,0,2,2,13
,2024-013348,39.74002484,-104.9980148,4/18/2024 22:57,22:57,3,0,0, SPEER BLVD & W COLFAX AVE,11,3,0,7,1,1,0,0,40,0,0,0,0,0,2,2,13
,2024-013350,39.7020586,-104.9733837,4/18/2024 16:30,16:30,12,0,0, DOWNING ST & E OHIO AVE,11,1,0,0,1,1,0,0,30,0,0,0,0,0,4,2,3
,2024-013353,39.8365,-104.70444,4/18/2024 19:49,19:49,3,0,0,24050 E 78TH AVE & CALAWBA CT,11,3,0,1,1,2,0,0,45,0,0,0,0,0,4,2,13
,2024-013355,39.77230307,-104.9745506,3/8/2024 20:44,20:44,12,0,0,38TH ST & WYNKOOP ST,1,5,0,7,1,1,0,0,30,0,0,0,0,0,4,2,13
,2024-013356,39.750225,-105.0047788,4/18/2024 11:47,11:47,1,0,0,WEWATTA ST & N SPEER BLVD,1,1,0,0,1,1,0,0,20,0,0,0,0,0,4,3,11
,2024-013361,39.73727773,-104.8905645,4/19/2024 13:53,13:53,3,0,0, VERBENA ST & E 13TH AVE,1,1,0,0,1,1,0,0,20,0,0,0,0,0,4,2,11
,2024-013362,39.78973949,-104.8268885,4/18/2024 11:20,11:20,1,0,0,5145  CROWN BLVD & E 51ST AVE,11,1,0,0,1,2,0,0,25,0,0,0,0,0,4,3,13
,2024-013363,39.74394472,-105.0252089,4/18/2024 19:30,19:30,16,0,0,W 17TH AVE & N FEDERAL BLVD,11,3,0,1,5,4,0,0,45,0,0,0,0,0,2,1,1
,2024-013364,39.78002607,-104.9592302,4/18/2024 9:55,9:55,15,0,0, YORK ST & E 46TH SOUTH AVE,11,1,0,0,1,1,0,0,30,0,0,0,0,0,4,2,8
,2024-013365,39.77283477,-104.8097891,2/11/2024 19:17,19:17,15,0,0, CHAMBERS RD & E 40TH AVE,2,3,0,0,1,4,0,0,,0,0,0,0,0,4,2,16
,2024-013366,39.67861138,-105.0277239,4/18/2024 8:19,8:19,12,0,0,W EVANS AVE & S HAZEL CT,11,1,0,1,1,3,0,0,30,0,0,0,0,0,4,4,10
,2024-013367,39.77935468,-104.8357871,4/17/2024 22:47,22:47,6,0,0, AUCKLAND CT & E ALBROOK DR,1,4,0,0,6,4,0,0,25,0,0,0,0,0,4,2,7
,2024-013370,39.8334178,-104.7718786,4/19/2024 5:45,5:45,1,0,1, TOWER RD & PENA BLVD,11,3,0,1,1,1,0,0,40,0,0,0,0,1,4,2,13
,2024-013371,39.75078522,-104.989775,4/18/2024 11:14,11:14,12,0,0,20TH ST & CURTIS ST,1,1,0,0,1,3,0,0,20,0,0,0,0,0,4,2,16
,2024-013375,39.74192267,-105.0509009,4/14/2024 19:00,19:00,6,0,0, YATES ST & W 16TH AVE,1,1,0,0,1,4,0,0,,0,0,0,0,0,4,2,16
,2024-013376,39.77561799,-104.8635475,4/19/2024 13:51,13:51,12,0,0,I-70 & N HAVANA ST,1,1,0,0,1,4,0,0,55,0,0,0,0,0,1,2,7
,2024-013377,39.69294349,-104.940549,4/17/2024 14:00,14:00,12,0,0, COLORADO BLVD & E LOUISIANA AVE,1,1,0,0,1,1,0,0,40,0,0,0,0,0,2,2,3
,2024-013380,39.78002877,-104.9857883,4/19/2024 8:25,8:25,12,0,0,I-70 WB OFF RAMP & I-25 NB,1,1,0,0,1,8,0,0,55,0,0,0,0,0,1,2,16
,2024-013383,39.73870713,-104.8987481,4/18/2024 1:07,1:07,3,0,1,E 14TH AVE & N SYRACUSE ST,11,3,0,1,1,1,0,0,25,0,0,0,0,2,4,2,13
,2024-013391,39.65306283,-104.8855507,4/19/2024 12:22,12:22,3,0,0,E HAMPDEN AVE & S YOSEMITE ST,11,1,0,1,1,2,0,0,45,0,0,0,0,0,2,2,11
,2024-013392,39.73688788,-104.9823025,4/18/2024 6:52,6:52,10,0,0, LOGAN ST & E 13TH AVE,11,1,0,0,1,1,0,0,30,0,0,0,0,0,4,2,10
,2024-013399,39.77256936,-104.9023164,4/16/2024 14:45,14:45,11,0,1,E 40TH AVE & N QUEBEC ST,1,1,0,0,1,1,0,0,,0,1,0,0,2,4,1,16
,2024-013406,39.76576007,-104.9684259,4/17/2024 8:28,8:28,3,0,0,E 35TH AVE & N FRANKLIN ST,1,1,0,0,1,1,0,0,30,0,0,0,0,0,4,2,1
,2024-013409,39.69116985,-104.9874804,4/17/2024 16:30,16:30,12,0,0, BROADWAY & E ARKANSAS AVE,1,1,0,0,1,1,0,0,30,0,0,0,0,0,4,3,3
,2024-013410,39.72908019,-104.9729356,4/17/2024 15:00,15:00,3,0,0,E 8TH AVE & N DOWNING ST,1,1,0,0,1,1,0,0,30,0,0,0,0,0,4,2,3
,2024-013411,39.63860296,-104.8989466,3/22/2024 14:59,14:59,12,0,0,8000 E QUINCY AVE & S SYRACUSE ST,1,1,0,0,1,2,0,0,25,0,0,0,0,0,4,2,13
,2024-013412,39.65335728,-105.0532905,4/17/2024 7:47,7:47,12,0,0, SHERIDAN BLVD & W HAMPDEN AVE,1,1,0,0,1,3,0,0,40,0,0,0,0,0,2,4,3