id,drcog_id,latitude,longitude,crashtime,time,crashtype,numbkilled,numbinjurd,drcoglocat,rdconditin,lightngcon,roadcntgrd,weatherco,location,roaddescrp,schoolzone,constrzone,splimit,bikeinv,pedinv,sctrinv,motoinv,svrty,rdsystem,ttlvehcls,hcf
,2024-013413,39.73312634,-104.9325251,4/4/2024 15:41,15:41,3,0,0, DORSEY ST & E HALE PKWY,1,1,0,0,1,1,0,0,,0,0,0,0,0,4,2,16
,2024-013415,39.77288355,-104.9429338,4/18/2024 10:19,10:19,3,0,0,E 40TH AVE & N JACKSON ST,11,1,0,0,1,1,0,0,40,0,0,0,0,0,4,2,13
,2024-013416,39.7717716,-104.9223146,4/18/2024 16:49,16:49,12,0,1, HOLLY ST & E SMITH RD,1,1,0,0,1,4,0,0,30,0,0,0,0,2,4,2,14
,2024-013417,39.77852745,-104.9121002,4/18/2024 17:08,17:08,15,0,0,I-70 & N MONACO ST,1,1,0,0,1,4,0,0,55,0,0,0,0,0,1,3,7
,2024-013419,39.78238977,-104.8470106,4/18/2024 16:38,16:38,14,0,0,E 47TH AVE & N PEORIA ST,1,1,0,0,1,3,0,0,,0,0,0,0,0,4,3,16
,2024-013421,39.74012141,-104.9902226,4/17/2024 13:53,13:53,12,0,2,W COLFAX AVE & 14TH ST,1,1,0,0,1,3,0,0,30,0,0,0,0,1,2,2,11
,2024-013423,39.71214245,-104.9994379,4/19/2024 8:53,8:53,15,0,0,I-25 NB ON RAMP FROM SANTA FE DR & ON RAMP MERGE PT,1,1,3,0,1,8,0,0,60,0,0,0,0,0,1,2,13
,2024-013425,39.76068833,-105.004757,4/16/2024 10:00,10:00,15,0,0,I-25 & 20TH ST,1,1,0,0,1,4,0,0,,0,0,0,0,0,1,3,16
,2024-013427,39.74000959,-104.9873904,4/20/2024 15:13,15:13,3,0,0, BROADWAY ST & E COLFAX AVE,11,1,0,2,1,1,0,0,30,0,0,0,0,0,2,2,16
,2024-013431,39.78821929,-105.0252151,3/22/2024 22:52,22:52,6,0,0,5032  FEDERAL BLVD & W 50TH AVE,1,3,0,0,3,4,0,0,35,0,0,0,0,0,2,3,1
,2024-013433,39.74776188,-105.0050632,4/9/2024 22:15,22:15,15,0,0, AURARIA PKWY & 11TH ST,1,3,0,0,1,4,0,0,30,0,0,0,0,0,4,2,16
,2024-013434,39.83185603,-104.6929572,4/20/2024 4:00,4:00,8,0,1,E 75TH AVE & N JACKSON GAP ST,4,3,0,2,1,4,0,0,35,0,0,0,0,1,4,2,7
,2024-013437,39.78004909,-104.9408932,3/25/2024 18:00,18:00,15,0,0,I-70 & N COLORADO BLVD,1,1,0,0,1,4,0,0,55,0,0,0,0,0,1,2,6
,2024-013442,39.75487013,-105.0130889,4/17/2024 14:46,14:46,15,0,0,I-25 & N SPEER BLVD,1,1,0,0,1,4,0,0,55,0,0,0,0,0,1,2,13
,2024-013445,39.67678268,-105.0218845,4/20/2024 18:52,18:52,16,0,0,2770 W EVANS AVE,11,2,0,2,5,7,0,0,,0,0,0,0,0,3,2,13
,2024-013446,39.77856872,-104.9891815,4/18/2024 20:43,20:43,12,0,0,I-25 & I-70,11,3,0,1,1,4,0,0,55,0,0,0,0,0,1,2,13
,2024-013447,39.71121054,-104.9315657,4/18/2024 14:50,14:50,12,0,0,E ALAMEDA AVE & S DAHLIA ST,1,1,0,0,1,1,0,0,30,0,0,0,0,0,4,2,3
,2024-013451,39.66756483,-104.9407896,4/18/2024 13:00,13:00,12,0,0,E YALE AVE & S COLORADO BLVD,11,1,0,0,1,1,0,0,30,0,0,0,0,0,2,2,3
,2024-013453,39.75136444,-105.0161815,4/20/2024 20:24,20:24,3,0,0,I-25 NB OFF RAMP & W 23RD AVE,11,3,1,2,1,1,0,0,25,0,0,0,0,0,4,2,10
,2024-013459,39.75049741,-105.0184268,4/17/2024 14:54,14:54,12,0,0,I-25 & W 23RD AVE,1,1,0,0,1,4,0,0,55,0,0,0,0,0,1,3,3
,2024-013461,39.68756665,-104.9862927,4/19/2024 15:32,15:32,3,0,0,E IOWA AVE & S LINCOLN ST,11,1,0,1,1,1,0,0,25,0,0,0,0,0,4,2,3
,2024-013463,39.74020406,-104.9989032,3/29/2024 1:32,1:32,11,0,0,W COLFAX AVE & N SPEER BLVD,1,3,0,0,1,1,0,0,0,0,0,1,0,0,2,1,16
,2024-013464,39.75524138,-104.9954739,3/27/2024 22:55,22:55,12,0,0,20TH ST & WAZEE ST,1,3,1,0,1,3,0,0,30,0,0,0,0,0,4,2,16
,2024-013465,39.74839606,-104.9915202,4/16/2024 21:00,21:00,10,0,1,CHAMPA ST & 18TH ST,1,3,0,0,1,1,0,0,30,0,0,0,1,2,4,2,16
,2024-013466,39.79107481,-105.0158332,4/20/2024 15:20,15:20,3,0,0,W 52ND AVE & N ZUNI ST,1,1,0,0,1,1,0,0,20,0,0,0,0,0,4,2,11
,2024-013467,39.77581654,-104.8653307,4/19/2024 13:51,13:51,12,0,2,I-70 & N HAVANA ST,11,1,0,1,1,4,0,0,55,0,0,0,0,1,1,4,16
,2024-013468,39.75038176,-104.9819891,4/10/2024 17:28,17:28,3,0,0,GLENARM PL & PARK AVE W,1,1,0,0,1,1,0,0,25,0,0,0,0,0,4,2,16
,2024-013469,39.68497908,-105.0250115,4/12/2024 9:29,9:29,12,0,0, FEDERAL BLVD & W COLORADO AVE,1,1,1,0,1,3,0,0,40,0,0,0,0,0,2,2,16
,2024-013471,39.73289642,-104.903459,4/20/2024 14:45,14:45,1,0,0,E 11TH AVE & N QUEBEC ST,11,1,0,2,1,1,0,0,20,0,0,0,0,0,4,3,10
,2024-013472,39.73994583,-105.0226854,4/19/2024 12:35,12:35,3,0,1,W COLFAX AVE & N ELIOT ST,11,1,0,1,1,1,0,0,,0,0,0,0,1,2,2,16
,2024-013473,39.7416275,-104.967221,4/20/2024 14:55,14:55,3,0,2,E 16TH AVE & N GILPIN ST,11,1,0,0,1,1,0,0,25,0,0,0,0,3,4,2,11
,2024-013474,39.72517671,-105.0252128,4/10/2024 9:15,9:15,15,0,0,W 6TH AVE OFF EB RAMP & N FEDERAL BLVD,1,1,0,0,1,1,0,0,35,0,0,0,0,0,2,2,16
,2024-013475,39.71833507,-104.9739121,4/18/2024 10:30,10:30,3,0,0,E SPEER BLVD & N CORONA ST,11,1,0,2,1,1,0,0,30,0,0,0,0,0,4,2,3
,2024-013476,39.68224088,-105.029789,4/20/2024 12:19,12:19,3,0,0,W JEWELL AVE & S IRVING ST,1,1,0,0,1,1,0,0,30,0,0,0,0,0,4,2,13
,2024-013479,39.77425721,-104.8470354,4/17/2024 11:35,11:35,15,0,0,I-70 & N PEORIA ST,1,1,0,0,1,4,0,0,55,0,0,0,0,0,1,2,10
,2024-013481,39.69638409,-104.8972629,4/6/2024 2:26,2:26,5,0,0,E MISSISSIPPI AVE & S PARKER RD,1,3,0,0,3,3,0,0,25,0,0,0,0,0,2,1,16
,2024-013484,39.8301458,-104.7468861,3/22/2024 17:46,17:46,15,0,0,E-470 & MM 27.577,1,1,1,0,1,4,0,0,75,0,0,0,0,0,2,2,13
,2024-013485,39.74398198,-105.0532228,3/8/2024 21:32,21:32,3,0,0,W 17TH AVE & N SHERIDAN BLVD,1,3,0,0,1,1,0,0,20,0,0,0,0,0,2,2,16
,2024-013486,39.75289491,-104.9874153,4/13/2024 2:29,2:29,11,0,1, BROADWAY ST & CURTIS ST,1,3,0,0,1,1,0,0,,0,0,1,0,3,4,1,16
,2024-013488,39.77408729,-104.847959,4/18/2024 12:06,12:06,12,0,0,I-70 & N PEORIA ST,11,1,0,1,1,4,0,0,55,0,0,0,0,0,1,3,13
,2024-013489,39.7262651,-105.0138359,4/16/2024 14:50,14:50,12,0,0,I-25 & W 6TH AVE,1,1,0,0,1,4,0,0,55,0,0,0,0,0,1,4,13
,2024-013490,39.75159162,-104.9908311,4/20/2024 2:10,2:10,3,0,1,20TH ST & ARAPAHOE ST,7,3,0,2,1,1,0,0,35,0,0,0,0,1,4,2,16
,2024-013491,39.68360801,-104.9408423,4/17/2024 15:09,15:09,12,0,0,I-25 NB ON RAMP & S COLORADO BLVD,1,1,0,0,1,8,0,0,25,0,0,0,0,0,4,2,13
,2024-013492,39.70034326,-105.0326037,4/12/2024 16:20,16:20,6,0,0,W KENTUCKY AVE & S KNOX CT,1,1,0,0,3,4,0,0,20,0,0,0,0,0,4,2,1
,2024-013493,39.72564821,-104.9862615,4/10/2024 22:49,22:49,15,0,0, LINCOLN ST & E SPEER BLVD,1,3,0,0,1,1,0,0,35,0,0,0,0,0,4,2,16
,2024-013494,39.78197831,-105.0064303,4/20/2024 15:02,15:02,12,0,0,I-70 EB OFF RAMP & N PECOS ST,1,1,0,0,1,8,0,0,35,0,0,0,0,0,2,2,13
,2024-013495,39.67845055,-104.9352975,4/20/2024 5:15,5:15,15,0,1,E EVANS AVE & S BIRCH ST,4,2,0,3,1,4,0,0,35,0,0,0,0,1,4,2,16
,2024-013498,39.67846361,-104.9128118,4/6/2024 11:19,11:19,12,0,0, MONACO ST & E EVANS AVE,1,1,0,0,1,1,0,0,30,0,0,0,0,0,4,2,16
,2024-013499,39.74000591,-104.9747892,4/20/2024 0:55,0:55,6,0,0,E COLFAX AVE & N OGDEN ST,11,3,0,2,1,1,0,0,,0,0,0,0,0,2,2,16
,2024-013500,39.67499156,-105.0250422,4/20/2024 17:44,17:44,1,0,0, FEDERAL BLVD & W ILIFF AVE,1,1,0,0,1,2,0,0,35,0,0,0,0,0,2,2,16
,2024-013501,39.67849077,-104.9687485,4/20/2024 14:24,14:24,3,0,1,E EVANS AVE & S FRANKLIN ST,11,1,0,3,1,1,0,0,40,0,0,0,0,2,4,2,11
,2024-013506,39.68592852,-105.0531838,4/20/2024 0:04,0:04,12,0,0, SHERIDAN BLVD & W MEXICO AVE,11,3,0,1,1,3,0,0,45,0,0,0,0,0,2,2,13
,2024-013508,39.71119521,-104.997141,4/19/2024 22:04,22:04,12,0,0,W ALAMEDA AVE & S SANTA FE DR,9,3,0,2,1,1,0,0,35,0,0,0,0,0,4,3,16
,2024-013509,39.7338488,-104.9861304,4/19/2024 21:20,21:20,3,0,0, LINCOLN ST & E 11TH AVE,11,3,0,2,1,1,0,0,,0,0,0,0,0,4,2,16
,2024-013511,39.7581222,-105.0089542,4/20/2024 11:20,11:20,12,0,1,I-25 & N SPEER BLVD,1,1,0,0,1,4,0,0,55,0,0,0,0,1,1,2,13
,2024-013520,39.7112377,-105.031225,4/18/2024 13:36,13:36,12,0,0,W ALAMEDA AVE & S JULIAN ST,1,3,0,0,1,1,0,0,30,0,0,0,0,0,2,2,13
,2024-013521,39.76184535,-104.9293908,4/19/2024 11:05,11:05,3,0,0, ELM ST & E MLK BLVD,1,1,0,0,1,1,0,0,20,0,0,0,0,0,4,2,11
,2024-013523,39.76800129,-104.9948883,4/19/2024 14:32,14:32,12,0,0,I-25 & PARK AVE W,11,1,0,1,1,4,0,0,55,0,0,0,0,0,1,2,13
,2024-013525,39.76182864,-104.9124088,4/17/2024 20:53,20:53,15,0,0,E MLK BLVD & N MONACO ST,1,3,0,0,1,1,0,0,35,0,0,0,0,0,4,2,14
,2024-013527,39.70018572,-105.0425923,4/17/2024 8:45,8:45,12,0,0, RALEIGH ST & W KENTUCKY AVE,1,1,1,0,1,4,0,0,,0,0,0,0,0,4,2,3
,2024-013528,39.64836695,-104.9229797,4/2/2024 16:00,16:00,6,0,0, HOLLY ST & E LEHIGH AVE,1,1,0,0,1,4,0,0,25,0,0,0,0,0,4,2,3
,2024-013529,39.71466007,-104.9407886,4/19/2024 10:52,10:52,12,0,1, COLORADO BLVD & E BAYAUD AVE,1,1,0,0,1,1,0,0,35,0,0,0,0,1,2,2,13
,2024-013532,39.71969132,-104.9594383,4/17/2024 17:39,17:39,15,0,0, UNIVERSITY BLVD & E 2ND AVE,1,1,0,0,1,4,0,0,35,0,0,0,0,0,4,2,3
,2024-013533,39.76928806,-105.0112025,4/19/2024 19:56,19:56,1,0,1,W 38TH AVE & N TEJON ST,9,3,0,2,1,1,0,0,35,0,0,0,0,2,4,2,13
,2024-013536,39.77970597,-104.9766353,4/18/2024 8:56,8:56,12,0,0,I-70 & N WASHINGTON ST,11,1,0,1,1,4,0,0,55,0,0,0,0,0,1,3,1
,2024-013537,39.73839246,-104.9610165,4/18/2024 18:45,18:45,3,0,0,E 14TH AVE & N GAYLORD ST,11,1,3,0,1,1,0,0,30,0,0,0,0,0,4,2,11
,2024-013540,39.69309934,-104.9804203,4/19/2024 11:32,11:32,12,0,0, PEARL ST & E LOUISIANA AVE,11,1,0,0,1,9,0,0,15,0,0,0,0,0,4,2,16
,2024-013542,39.75511722,-104.9833018,4/20/2024 14:00,14:00,6,0,0,25TH ST & CHAMPA ST,11,1,0,0,1,4,0,0,,0,0,0,0,0,4,2,16
,2024-013546,39.76204892,-104.9733406,4/18/2024 11:30,11:30,12,0,0,E MLK BLVD & N DOWNING ST,11,1,0,0,1,1,0,0,25,0,0,0,0,0,4,2,3
,2024-013548,39.74014961,-104.9482628,4/19/2024 3:07,3:07,6,0,0,E COLFAX AVE & N ADAMS ST,11,3,0,1,3,4,0,0,30,0,0,0,0,0,2,2,16
,2024-013551,39.7077842,-104.9960045,4/18/2024 10:49,10:49,3,0,0, SANTA FE DR & I-25 NB OFF RAMP,1,1,3,0,1,1,0,0,35,0,0,0,0,0,2,2,13
,2024-013555,39.78423299,-104.831405,4/9/2024 16:16,16:16,13,0,2,E ANDREWS DR & N CROWN BLVD,1,1,0,0,1,12,1,0,,0,1,0,0,2,4,1,3
,2024-013561,39.77647989,-104.9895694,4/19/2024 18:15,18:15,12,0,0,I-25 & SB OFF RAMP EXT TO PARK AVE W,11,1,0,1,1,4,0,0,55,0,0,0,0,0,1,2,3
,2024-013572,39.75294684,-104.9925978,4/7/2024 2:00,2:00,11,0,1,LARIMER ST & 20TH ST,1,4,0,0,1,9,0,0,,0,1,0,0,2,4,2,16
,2024-013583,39.76592905,-104.9882624,4/10/2024 10:50,10:50,11,1,0,ARKINS CT & 29TH ST,1,1,0,0,1,4,0,0,0,0,1,0,0,4,4,1,16
,2024-013643,39.66445627,-104.8862047,3/17/2024 9:00,9:00,6,0,0, XANTHIA CT & S WABASH CT,1,1,0,0,1,4,0,0,20,0,0,0,0,0,4,2,16
,2024-013645,39.65015603,-104.9166187,4/5/2024 16:15,16:15,15,0,0,I-25 & E HAMPDEN AVE,1,1,0,0,1,4,0,0,60,0,0,0,0,0,1,2,16
,2024-013649,39.65616523,-105.0532235,2/13/2024 12:05,12:05,15,0,0, SHERIDAN BLVD & W DARTMOUTH AVE,1,1,0,0,1,2,0,0,,0,0,0,0,0,2,2,16
,2024-013651,39.68412016,-105.0180338,4/21/2024 17:33,17:33,3,0,1,W COLORADO AVE & S BRYANT ST,1,1,0,0,1,1,0,0,25,0,0,0,0,3,4,2,10
,2024-013656,39.78010535,-104.7745798,4/1/2024 23:46,23:46,12,0,2,E 46TH AVE & N YAMPA ST,11,3,0,0,1,3,0,0,,0,0,0,0,2,4,2,16
,2024-013665,39.67846359,-104.9128117,4/21/2024 2:11,2:11,5,0,0,E EVANS AVE & S MONACO ST,1,3,0,0,3,1,0,0,,0,0,0,0,0,4,1,14
,2024-013672,39.738288,-104.9406146,4/15/2024 21:56,21:56,15,0,0, COLORADO BLVD & E 14TH AVE,1,3,0,0,1,1,0,0,35,0,0,0,0,0,2,2,16
,2024-013673,39.74486912,-104.9831758,4/16/2024 13:32,13:32,15,0,0,18TH AVE & N LOGAN ST,1,1,3,0,1,4,0,0,35,0,0,0,0,0,4,2,16
,2024-013674,39.6785087,-104.9345087,2/10/2024 18:05,18:05,15,0,0,E EVANS AVE & I-25 SB RAMPS,9,3,0,2,1,1,0,0,,0,0,0,0,0,4,2,16
,2024-013676,39.70657132,-104.9198328,4/21/2024 17:04,17:04,14,0,0,LEETSDALE DR & S JERSEY ST,1,1,0,0,1,3,0,0,35,0,0,0,0,0,2,2,16
,2024-013678,39.72898834,-104.9975832,4/8/2024 18:09,18:09,6,0,0, INCA ST & W 8TH AVE,1,1,0,0,1,4,0,0,20,0,0,0,0,0,4,2,13
,2024-013679,39.74028425,-104.9989559,4/5/2024 13:11,13:11,15,0,0, SPEER BLVD & W COLFAX AVE,1,1,0,0,1,4,0,0,,0,0,0,0,0,4,2,16
,2024-013680,39.67846472,-104.9316166,4/21/2024 8:10,8:10,12,0,0,E EVANS AVE & S DAHLIA ST,1,1,0,0,1,1,0,0,30,0,0,0,0,0,4,2,16
,2024-013681,39.70724093,-104.8706223,4/17/2024 12:00,12:00,6,0,0, FULTON ST & E VIRGINIA AVE,1,5,0,7,3,4,0,0,,0,0,0,0,0,4,2,16
,2024-013684,39.74375981,-104.9407837,4/21/2024 16:00,16:00,1,0,1,E 17TH AVE & N COLORADO BLVD,1,1,0,0,1,1,0,0,30,0,0,0,0,2,2,2,14
,2024-013690,39.80738239,-104.7721186,3/16/2024 15:26,15:26,3,0,1, TOWER RD & E 61ST AVE,1,1,0,0,1,1,0,0,40,0,0,0,1,2,4,2,16
,2024-013693,39.76418489,-105.002005,4/21/2024 15:40,15:40,12,0,0,I-25 & SB OFF RAMP EXT TO N 20TH ST,1,1,1,0,1,4,0,0,55,0,0,0,0,0,1,3,14
,2024-013703,39.71047819,-105.0385476,4/13/2024 19:41,19:41,14,0,0, OSCEOLA ST & W NEVADA PL,1,2,0,0,1,1,0,0,25,0,0,0,0,0,4,2,16
,2024-013704,39.77664137,-104.8470269,4/21/2024 11:39,11:39,10,0,2, PEORIA ST & E 44TH AVE,1,1,0,0,1,3,0,0,35,0,0,0,0,2,4,3,16
,2024-013705,39.67852836,-105.001856,4/19/2024 22:06,22:06,12,0,1,W EVANS AVE & S NAVAJO ST,11,3,0,2,1,14,0,0,35,0,0,0,0,2,4,3,16
,2024-013706,39.69294349,-104.940549,4/20/2024 2:16,2:16,1,0,1, COLORADO BLVD & E LOUISIANA AVE,11,3,0,2,1,1,0,0,35,0,0,0,0,1,2,2,16
,2024-013708,39.71115909,-104.9875752,4/21/2024 17:09,17:09,15,0,0,E ALAMEDA AVE & S BROADWAY ST,1,1,0,0,1,1,0,0,35,0,0,0,0,0,4,2,16
,2024-013715,39.75433662,-104.9942728,2/10/2024 22:37,22:37,12,0,0,20TH ST & BLAKE ST,7,3,0,2,1,3,0,0,,0,0,0,0,0,4,2,16
,2024-013716,39.77620461,-104.8116054,4/21/2024 1:24,1:24,6,0,0, FULLERTON CT & 46TH AVE,1,4,0,0,6,4,0,0,,0,0,0,0,0,4,2,16
,2024-013718,39.74009307,-105.0054104,4/20/2024 2:44,2:44,12,0,0, OSAGE ST & W COLFAX AVE,7,3,1,2,1,3,0,0,,0,0,0,0,0,2,2,14
,2024-013721,39.74014513,-104.9463124,4/19/2024 16:40,16:40,16,0,0,3503 E COLFAX AVE,11,1,0,2,5,7,0,0,,0,0,0,0,0,3,1,16
,2024-013722,39.7788796,-104.8719462,3/19/2024 12:10,12:10,6,0,0,E 45TH AVE & N FLORENCE ST,1,1,0,0,1,4,0,0,30,0,0,0,0,0,4,2,13
,2024-013723,39.72950574,-104.9006223,4/20/2024 22:39,22:39,12,0,0,E 8TH AVE & N ROSLYN ST,1,3,0,0,1,3,0,0,,0,0,0,0,0,4,2,16
,2024-013747,39.65307901,-104.8987255,3/9/2024 15:55,15:55,1,0,3,E HAMPDEN AVE & S TAMARAC DR,1,1,0,0,1,1,0,0,45,0,0,0,0,3,2,2,16
,2024-013749,39.77652066,-104.9895832,4/10/2024 17:30,17:30,12,0,1,I-25 & W 44TH AVE,1,1,0,0,1,4,0,0,55,0,0,0,0,3,1,4,16
,2024-013763,39.78363561,-104.7699616,4/21/2024 16:08,16:08,12,0,0,E GREEN VALLEY RANCH BLVD & N TOWER RD,1,1,0,0,1,1,0,0,35,0,0,0,0,0,4,2,7
,2024-013764,39.67405216,-104.8753046,4/20/2024 14:20,14:20,3,0,0, DAYTON WY & W ILIFF AVE,11,1,0,0,1,2,0,0,,0,0,0,0,0,4,2,16
,2024-013774,39.77664724,-105.0248996,4/21/2024 13:50,13:50,12,0,0,W 44TH AVE & N FEDERAL BLVD,1,1,0,0,1,3,0,0,20,0,0,0,0,0,2,2,11
,2024-013822,39.74020559,-105.0052347,4/22/2024 10:08,10:08,3,0,1,W COLFAX AVE & 7TH ST,1,1,0,0,1,1,0,0,30,0,0,0,0,1,2,2,13
,2024-013823,39.7611988,-104.9027528,4/18/2024 12:17,12:17,12,0,1, QUEBEC ST & E MLK BLVD,11,1,0,3,1,3,0,0,,0,0,0,0,1,4,3,16
,2024-013824,39.7756365,-104.7510638,4/9/2024 20:00,20:00,6,0,0,MITCHELL PL & IRELAND ST,1,3,0,0,1,2,0,0,,0,0,0,0,0,4,2,16
,2024-013825,39.72736665,-104.9406272,4/17/2024 12:45,12:45,15,0,0, COLORADO BLVD & E 7TH AVE,1,1,0,0,1,1,0,0,35,0,0,0,0,0,4,2,13
,2024-013826,39.68757369,-104.9919398,4/20/2024 11:42,11:42,8,0,0, SANTA FE DR & W IOWA AVE,1,1,0,0,6,3,0,0,55,0,0,0,0,0,2,2,7
,2024-013827,39.73312634,-104.9325251,4/4/2024 15:41,15:41,3,0,0, DORSEY ST & E HALE PKWY,1,1,0,0,1,1,0,0,,0,0,0,0,0,4,2,16
,2024-013828,39.78406258,-104.9899512,4/22/2024 8:25,8:25,8,0,1,W 48TH AVE & W WARNER PL,1,1,0,0,6,3,0,0,30,0,0,0,0,1,4,2,10
,2024-013832,39.75576556,-104.9889558,4/19/2024 15:05,15:05,3,0,1,PARK AVE W & LARIMER ST,11,1,0,2,1,1,0,0,30,0,0,0,0,1,4,2,16
,2024-013836,39.75451563,-104.9405514,4/10/2024 13:11,13:11,12,0,0, COLORADO BLVD & E 26TH AVE,1,1,0,0,1,4,0,0,,0,0,0,0,0,2,2,16
,2024-013838,39.74033666,-105.041662,4/22/2024 15:59,15:59,3,0,0,W COLFAX AVE & N RALEIGH ST,1,1,0,0,1,1,0,0,35,0,0,0,0,0,2,3,11
,2024-013843,39.73215514,-104.9798349,4/20/2024 8:30,8:30,6,0,0, PEARL ST & E 10TH AVE,11,1,0,0,1,4,0,0,,0,0,0,0,0,4,3,16
,2024-013848,39.76799253,-104.9949109,4/18/2024 8:04,8:04,12,0,0,I-25 & PARK AVE W,11,1,1,1,1,4,0,0,55,0,0,0,0,0,1,2,12
,2024-013850,39.7734493,-104.832269,4/22/2024 6:45,6:45,9,0,1,I-70 WB ON RAMP FROM -225 & MM 282.340,1,1,1,7,1,8,0,0,55,0,0,0,1,2,1,1,13
,2024-013852,39.72859349,-105.0148059,4/22/2024 17:44,17:44,15,0,0,I-25 & SB OFF RAMP EXT TO W 6TH AVE,1,1,0,0,1,4,0,0,55,0,0,0,0,0,1,2,16
,2024-013861,39.76714617,-104.9948239,4/22/2024 3:13,3:13,12,0,0,I-25 EB RAMPS & PARK AVE W,1,3,0,0,1,1,0,0,35,0,0,0,0,0,4,2,16
,2024-013873,39.73298369,-105.0251694,4/21/2024 21:30,21:30,12,0,0, FEDERAL BLVD & W 10TH AVE,1,3,0,0,1,3,0,0,,0,0,0,0,0,2,2,16
,2024-013874,39.77324156,-104.9994026,4/21/2024 13:58,13:58,5,0,0, JASON ST & W 41ST AVE,1,1,0,0,2,4,0,0,25,0,0,0,0,0,4,1,10
,2024-013881,39.78001052,-104.9792172,4/22/2024 8:48,8:48,1,0,3, WASHINGTON ST & I-70 WB RAMPS,1,1,0,0,1,1,0,0,30,0,0,0,0,1,4,2,11
,2024-013884,39.72737432,-105.0001918,4/16/2024 13:10,13:10,11,0,1, KALAMATH ST & W 7TH AVE,1,1,0,0,1,3,0,0,0,0,1,0,0,3,4,1,16
,2024-013887,39.73324804,-104.9597964,4/22/2024 11:32,11:32,10,0,0, YORK ST & E 11TH AVE,1,1,0,0,1,2,0,0,20,0,0,0,0,0,4,2,16
,2024-013894,39.77400584,-104.8470177,4/22/2024 16:04,16:04,12,0,0,I-70 & N PEORIA ST,1,1,0,0,1,4,0,0,55,0,0,0,0,0,1,2,1
,2024-013895,39.7651506,-104.8904761,4/19/2024 19:26,19:26,6,0,0, CENTRAL PARK BLVD & E 35TH AVE,11,1,0,2,3,4,0,0,,0,0,0,0,0,4,2,16
,2024-013896,39.70544547,-105.0431865,4/21/2024 10:58,10:58,6,0,0, STUART ST & W CENTER AVE,1,1,0,0,1,4,0,0,20,0,0,0,0,0,4,2,16
,2024-013909,39.71816061,-105.0252451,4/22/2024 11:39,11:39,1,0,0, FEDERAL BLVD & W 1ST AVE,1,1,0,0,1,1,0,0,35,0,0,0,0,0,2,2,1
,2024-013913,39.72717378,-104.9406274,4/20/2024 13:00,13:00,12,0,0, COLORADO BLVD & E 7TH AVE,11,1,0,2,1,3,0,0,35,0,0,0,0,0,2,2,4
,2024-013927,39.78443936,-105.0530457,4/22/2024 17:39,17:39,12,0,0,I-70 WB OFF RAMP SLIP & N SHERIDAN BLVD,1,1,0,0,1,8,0,0,35,0,0,0,0,0,2,2,13
,2024-013934,39.68768443,-105.0254147,4/22/2024 6:13,6:13,6,0,0,W IOWA AVE & S FEDERAL BLVD,1,1,0,0,1,4,0,0,25,0,0,0,0,0,4,2,2
,2024-013937,39.7217705,-105.0089861,4/8/2024 21:13,21:13,12,0,2,I-25 & NB OFF RAMP EXT TO W 6TH AVE,1,3,0,0,1,8,0,0,,0,0,0,0,2,1,2,16
,2024-013941,39.75695918,-104.992814,4/13/2024 16:40,16:40,12,0,0,22ND ST & WAZEE ST,1,1,0,0,1,1,0,0,,0,0,0,0,0,4,2,16
,2024-013944,39.72560124,-104.9407859,4/20/2024 11:06,11:06,3,0,1, COLORADO BLVD & E 6TH AVE,11,1,0,0,1,1,0,0,35,0,0,0,0,2,2,2,7
,2024-013962,39.78368241,-105.0061194,4/20/2024 23:07,23:07,3,0,0,I-70 WB OFF RAMP & N PECOS ST,1,3,0,0,1,6,0,0,20,0,0,0,0,0,4,2,8
,2024-013968,39.75200491,-105.0251339,3/27/2024 17:05,17:05,6,0,0, FEDERAL BLVD & W 24TH AVE,1,1,1,0,3,4,0,0,35,0,0,0,0,0,2,2,16
,2024-013977,39.71818811,-104.9593202,4/16/2024 22:50,22:50,2,0,1,E 1ST AVE & N UNIVERSITY BLVD,1,3,0,0,1,1,0,0,0,1,0,0,0,3,4,1,16
,2024-014005,39.65699312,-104.8663964,4/23/2024 8:14,8:14,12,0,0, HAVANA ST & E GIRARD AVE,1,1,0,0,1,4,0,0,45,0,0,0,0,0,2,2,3
,2024-014009,39.78028797,-104.966069,4/23/2024 15:36,15:36,12,0,0,I-70 & N BRIGHTON BLVD,1,1,0,0,1,4,0,0,55,0,0,0,0,0,1,3,13
,2024-014011,39.71120569,-104.9983912,4/22/2024 11:16,11:16,15,0,0,W ALAMEDA AVE & S KALAMATH ST,1,1,0,0,1,1,0,0,35,0,0,0,0,0,2,2,13
,2024-014012,39.7620387,-105.0093053,3/20/2024 18:30,18:30,6,0,0,18TH ST & W 32ND AVE,1,1,1,0,1,4,0,0,25,0,0,0,0,0,4,2,16
,2024-014013,39.77288115,-104.9405108,4/22/2024 12:05,12:05,12,0,0,E 40TH AVE & N COLORADO BLVD,1,1,0,0,1,1,0,0,25,0,0,0,0,0,2,2,11
,2024-014019,39.71656718,-105.0444414,4/23/2024 17:53,17:53,1,0,0, UTICA ST & W ELLSWORTH AVE,1,1,0,0,1,1,0,0,25,0,0,0,0,0,4,3,13