id,drcog_id,latitude,longitude,crashtime,time,crashtype,numbkilled,numbinjurd,drcoglocat,rdconditin,lightngcon,roadcntgrd,weatherco,location,roaddescrp,schoolzone,constrzone,splimit,bikeinv,pedinv,sctrinv,motoinv,svrty,rdsystem,ttlvehcls,hcf
,2024-014021,39.72560901,-105.013145,4/23/2024 9:00,9:00,12,0,0,I-25 & W 6TH AVE,1,1,0,0,1,4,0,0,65,0,0,0,0,0,1,2,13
,2024-014025,39.63117872,-104.8924131,4/22/2024 16:30,16:30,1,0,0, DTC BLVD & E UNION AVE,1,1,0,0,1,1,0,0,30,0,0,0,0,0,4,2,3
,2024-014026,39.79854134,-104.8685006,4/22/2024 12:35,12:35,3,0,0,E 56TH AVE & N GALENA ST,1,1,0,0,1,1,0,0,40,0,0,0,0,0,4,2,16
,2024-014034,39.79358117,-104.8208368,4/22/2024 8:15,8:15,12,0,0, CHANDLER CT & E MAXWELL PL,1,1,0,0,1,2,0,0,20,0,0,0,0,0,4,2,14
,2024-014036,39.77706961,-105.0346186,4/19/2024 11:03,11:03,3,0,0, LOWELL BLVD & W 44TH AVE,1,1,3,0,1,2,0,0,35,0,0,0,0,0,4,5,11
,2024-014038,39.74006171,-104.938388,4/20/2024 19:10,19:10,3,0,0,E COLFAX AVE & N ASH ST,11,1,0,0,1,1,0,0,,0,0,0,0,0,2,2,16
,2024-014039,39.69670381,-104.9929043,4/23/2024 10:05,10:05,3,0,0, PLATTE RIVER DR & W MISSISSIPPI AVE,1,1,0,0,1,1,0,0,40,0,0,0,0,0,2,2,16
,2024-014040,39.72951561,-105.0148864,4/23/2024 16:44,16:44,12,0,1,I-25 & W 8TH AVE,1,1,1,0,1,4,0,0,55,0,0,0,0,1,1,2,13
,2024-014041,39.73844637,-104.9916554,4/23/2024 7:59,7:59,10,0,0,W 14TH AVE & N CHEROKEE ST,1,1,0,0,1,1,0,0,20,0,0,0,0,0,4,2,16
,2024-014042,39.73050965,-104.9591971,4/23/2024 13:40,13:40,1,0,0,E 9TH AVE & N JOSEPHINE ST,1,1,0,0,1,1,0,0,20,0,0,0,0,0,4,2,16
,2024-014043,39.73843215,-104.9810812,4/23/2024 12:07,12:07,15,0,0,E 14TH AVE & N PENNSYLVANIA ST,1,1,0,0,1,4,0,0,20,0,0,0,0,0,4,2,16
,2024-014045,39.78057595,-104.9495335,4/23/2024 15:55,15:55,12,0,0,I-70 & N STEELE ST,1,1,0,0,1,4,0,0,55,0,0,0,0,0,1,2,3
,2024-014047,39.83110841,-104.771882,4/23/2024 11:30,11:30,1,0,1, TOWER RD & PENA BLVD NB RAMPS,1,1,1,0,1,1,0,0,40,0,0,0,0,2,4,2,16
,2024-014048,39.78023095,-104.938826,4/23/2024 14:43,14:43,12,0,0,I-70 & N COLORADO BLVD,1,1,0,0,1,4,0,0,55,0,0,0,0,0,1,2,1
,2024-014049,39.73951323,-104.9046458,4/17/2024 16:42,16:42,6,0,2, POPLAR ST & E COLFAX AVE,1,1,0,0,2,4,0,0,25,0,0,0,0,1,4,3,9
,2024-014050,39.71657696,-104.9875019,4/22/2024 9:30,9:30,15,0,0, BROADWAY & E ELLSWORTH AVE,1,1,0,0,1,1,0,0,35,0,0,0,0,0,4,2,3
,2024-014054,39.76433075,-105.0251682,4/23/2024 11:21,11:21,12,0,0, FEDERAL BLVD & W 34TH AVE,1,1,1,0,1,3,0,0,35,0,0,0,0,0,2,2,1
,2024-014055,39.7410519,-105.0143787,4/23/2024 17:18,17:18,12,0,0,I-25 & W COLFAX AVE,1,1,0,0,1,4,0,0,55,0,0,0,0,0,1,2,13
,2024-014060,39.78355737,-104.9005052,4/22/2024 14:00,14:00,10,0,0, NORTHFIELD QUEBEC ST & I-270 WB ON RAMP,1,1,1,0,1,1,0,0,30,0,0,0,0,0,2,2,8
,2024-014061,39.68221281,-105.0343736,4/23/2024 13:25,13:25,3,0,0, LOWELL BLVD & W JEWELL AVE,1,1,0,0,1,1,0,0,25,0,0,0,0,0,4,2,16
,2024-014075,39.62698272,-104.9032784,4/16/2024 15:16,15:16,15,0,1,I-25 & E UNION AVE,1,1,0,0,1,4,0,0,65,0,0,0,0,3,1,3,16
,2024-014082,39.77803343,-104.8470317,4/23/2024 5:47,5:47,3,0,0,E 45TH AVE & N PEORIA ST,1,1,0,0,1,1,0,0,35,0,0,0,0,0,4,2,11
,2024-014087,39.70654936,-105.0439179,4/21/2024 12:21,12:21,6,0,0,W CUSTER PL & S STUART ST,1,1,0,0,1,4,0,0,25,0,0,0,0,0,4,2,11
,2024-014101,39.70942189,-105.0278976,4/22/2024 18:28,18:28,6,0,0,W DAKOTA AVE & S HAZEL CT,1,1,0,0,1,4,0,0,20,0,0,0,0,0,4,3,14
,2024-014102,39.70839489,-104.9164225,4/22/2024 17:00,17:00,6,0,0, KRAMERIA ST & E 5TH AVE,1,1,0,0,1,4,0,0,,0,0,0,0,0,4,2,16
,2024-014104,39.71757522,-105.0044056,4/22/2024 12:43,12:43,12,0,0,I-25 & W ALAMEDA AVE,1,1,0,0,1,4,0,0,55,0,0,0,0,0,1,3,13
,2024-014109,39.71649889,-104.9407885,4/23/2024 17:25,17:25,12,0,1, COLORADO BLVD & E ELLSWORTH AVE,1,1,0,0,1,4,0,0,35,0,0,0,0,2,2,2,13
,2024-014111,39.72555649,-104.9787736,4/22/2024 12:00,12:00,6,0,0, WASHINGTON ST & E 6TH AVE,1,1,0,0,1,4,0,0,25,0,0,0,0,0,4,2,3
,2024-014112,39.74743748,-104.9022437,4/23/2024 16:46,16:46,3,0,0,E MONTVIEW BLVD & N QUINCE ST,1,1,0,0,1,1,0,0,30,0,0,0,0,0,4,2,1
,2024-014114,39.70567482,-104.9733735,4/22/2024 15:50,15:50,12,0,0, DOWNING ST & E CENTER AVE,1,1,0,0,1,1,0,0,30,0,0,0,0,0,4,2,3
,2024-014117,39.73648927,-104.9315421,4/23/2024 16:11,16:11,10,0,0,E 13TH AVE & N DAHLIA ST,1,1,0,0,1,1,0,0,30,0,0,0,0,0,4,2,11
,2024-014119,39.7611988,-104.9027528,4/13/2024 10:20,10:20,11,0,1, QUEBEC ST & E MLK BLVD,1,1,0,0,1,1,0,0,0,0,0,1,0,3,4,1,16
,2024-014126,39.73728457,-104.981093,4/21/2024 7:57,7:57,6,0,0, PENNSYLVANIA ST & E 13TH AVE,1,1,0,0,1,4,0,0,25,0,0,0,0,0,4,3,16
,2024-014151,39.69144554,-104.9129193,4/21/2024 20:17,20:17,14,0,0,E CHERRY CREEK  DR & S MONACO ST,1,3,0,0,1,3,0,0,30,0,0,0,0,0,4,2,14
,2024-014152,39.71121184,-104.9126569,2/19/2024 7:15,7:15,3,0,0,E ALAMEDA AVE & S MONACO ST,1,1,0,0,1,2,0,0,35,0,0,0,0,0,4,2,1
,2024-014154,39.77916298,-104.9794187,1/30/2024 13:00,13:00,12,0,0,I-70 EB OFF RAMP & N WASHINGTON ST,1,1,0,0,1,8,0,0,15,0,0,0,0,0,1,2,1
,2024-014158,39.72827308,-105.0147119,4/11/2024 12:32,12:32,15,0,0,I-25 & SB OFF RAMP EXT TO W 6TH AVE,1,1,0,0,1,8,0,0,55,0,0,0,0,0,1,2,13
,2024-014159,39.63117872,-104.8924131,4/23/2024 11:31,11:31,3,0,1, DTC BLVD & E UNION AVE,1,1,0,0,1,1,0,0,35,0,0,0,0,2,4,3,1
,2024-014160,39.74000376,-104.9760285,4/23/2024 16:20,16:20,6,0,1,E COLFAX AVE & N EMERSON ST,1,1,0,0,3,4,0,0,30,0,0,0,0,1,2,4,14
,2024-014161,39.72764227,-104.9406269,3/21/2024 18:00,18:00,15,0,0, COLORADO BLVD & E 7TH AVE,1,1,0,0,1,4,0,0,35,0,0,0,0,0,2,2,16
,2024-014162,39.78363958,-104.789873,4/24/2024 7:30,7:30,12,0,0, ON RAMP & GREEN VALLEY RANCH BLVD,1,1,0,7,1,8,0,0,65,0,0,0,0,0,2,2,11
,2024-014167,39.75386414,-104.9865469,4/23/2024 22:02,22:02,12,0,0,PARK AVE W & BROADWAY,1,3,1,0,1,3,0,0,,0,0,0,0,0,4,2,16
,2024-014175,39.76200671,-105.0229364,3/22/2024 8:14,8:14,2,0,1,W 32ND AVE & N ELIOT ST,1,1,0,0,1,1,0,0,25,1,0,0,0,2,4,1,3
,2024-014180,39.76180611,-104.9404192,4/24/2024 8:30,8:30,15,0,0,E MLK BLVD & N COLORADO BLVD,1,1,0,0,1,4,0,0,30,0,0,0,0,0,2,2,3
,2024-014181,39.76558406,-105.0252992,4/20/2024 18:55,18:55,8,0,0, FEDERAL BLVD & W 35TH AVE,11,3,0,0,1,3,0,0,35,0,0,0,0,0,4,2,16
,2024-014183,39.77625749,-104.9789177,4/24/2024 11:57,11:57,12,0,0, WASHINGTON ST & N RINGSBY CT,1,1,0,0,1,4,0,0,35,0,0,0,0,0,4,2,13
,2024-014185,39.72543183,-105.0527506,4/23/2024 14:42,14:42,12,0,0,W 6TH AVE EB ON RAMP & N SHERIDAN BLVD,1,1,0,1,1,8,0,0,55,0,0,0,0,0,2,2,3
,2024-014186,39.78366592,-105.0532807,4/23/2024 22:25,22:25,5,0,1,I-70 WB OFF RAMP & N SHERIDAN BLVD,1,3,0,0,6,1,0,0,35,0,0,0,0,2,2,1,7
,2024-014189,39.63489195,-104.8932697,4/23/2024 17:22,17:22,3,0,0,I-225 EB OFF RAMP & S TAMARAC PKWY,11,1,0,0,1,1,0,0,35,0,0,0,0,0,4,2,3
,2024-014190,39.78007679,-104.989583,4/24/2024 9:54,9:54,15,0,0,I-70 & I-25,1,1,0,0,1,4,0,0,55,0,0,0,0,0,1,2,1
,2024-014192,39.75837836,-104.9151897,4/15/2024 14:30,14:30,12,0,0, LEYDEN ST & E 29TH AVE,1,1,0,0,1,1,0,0,25,0,0,0,0,0,4,2,16
,2024-014197,39.72540422,-104.9985737,4/12/2024 10:30,10:30,6,0,0,571  SANTA FE DR,1,1,3,0,5,7,0,0,10,0,0,0,0,0,3,2,16
,2024-014198,39.74386916,-105.0252091,4/3/2024 14:00,14:00,3,0,0, FEDERAL BLVD & W DICK CONNOR AVE,1,1,3,0,1,2,0,0,,0,0,0,0,0,2,2,16
,2024-014202,39.65307905,-104.8987255,4/24/2024 8:38,8:38,1,0,2, TAMARAC DR & E HAMPDEN AVE,1,1,0,7,1,1,0,0,45,0,0,0,0,2,2,2,13
,2024-014203,39.72727825,-104.9823645,4/16/2024 18:50,18:50,12,0,0,E 7TH AVE & N LOGAN ST,1,1,0,0,1,4,0,0,25,0,0,0,0,0,4,2,1
,2024-014204,39.75596417,-105.0381432,4/22/2024 10:05,10:05,15,0,0, OSCEOLA ST & W 26TH AVE,1,1,1,0,1,4,0,0,25,0,0,0,0,0,4,2,11
,2024-014205,39.83201664,-104.7155396,4/23/2024 5:15,5:15,12,0,0,E 75TH AVE & GUN CLUB RD,1,2,0,0,1,1,0,0,45,0,0,0,0,0,4,2,3
,2024-014206,39.76108662,-105.0041566,3/22/2024 1:11,1:11,15,0,1,I-25 & 20TH ST,1,3,0,0,1,4,0,0,65,0,0,0,0,2,1,2,16
,2024-014210,39.77341928,-104.8470283,4/24/2024 16:57,16:57,12,0,3, PEORIA ST & I-70,1,1,1,0,1,4,0,0,30,0,0,0,0,1,4,2,13
,2024-014211,39.69566304,-104.9035085,4/23/2024 16:45,16:45,3,0,0, QUEBEC ST & E MISSISSIPPI AVE,1,1,0,0,1,1,0,0,30,0,0,0,0,0,4,2,3
,2024-014217,39.74320729,-105.0157247,4/12/2024 5:37,5:37,12,0,0,I-25 NB ON RAMP FROM W COLFAX AVE & NB ON RAMP MERGE PT,1,3,0,0,1,8,0,0,,0,0,0,0,0,1,2,13
,2024-014218,39.71024318,-105.0062623,4/24/2024 16:24,16:24,3,0,0, PECOS ST & W NEVADA PL,1,1,0,0,1,1,0,0,20,0,0,0,0,0,4,2,13
,2024-014220,39.65206578,-104.917733,4/24/2024 8:45,8:45,12,0,0,I-25 & E HAMPDEN AVE,1,1,0,0,1,4,0,0,55,0,0,0,0,0,1,2,1
,2024-014222,39.71472025,-104.9769154,4/3/2024 17:45,17:45,11,0,1, EMERSON ST & E BAYAUD AVE,1,1,0,0,1,1,0,0,25,0,1,0,0,2,4,1,16
,2024-014224,39.74395653,-105.0236694,4/24/2024 10:30,10:30,3,0,0,W DICK CONNER AVE & MILE HIGH STADIUM W CIR,1,1,1,0,1,1,0,0,25,0,0,0,0,0,4,2,13
,2024-014226,39.69703609,-104.9822274,4/24/2024 16:40,16:40,15,0,0,I-25 & S WASHINGTON ST,1,1,0,0,1,4,0,0,,0,0,0,0,0,1,3,16
,2024-014227,39.68995739,-105.0532523,4/24/2024 17:35,17:35,3,0,0, SHERIDAN BLVD & W FLORIDA AVE,1,1,0,0,1,2,0,0,,0,0,0,0,0,2,2,7
,2024-014228,39.79847531,-104.8754668,4/24/2024 11:38,11:38,5,0,0,E 56TH AVE & N JOLIET ST,1,1,0,0,3,4,0,0,40,0,0,0,0,0,4,2,7
,2024-014229,39.72563184,-104.9836192,4/23/2024 11:01,11:01,3,0,0, GRANT ST & E 6TH AVE,1,1,0,0,1,1,0,0,30,0,0,0,0,0,4,2,13
,2024-014230,39.67846472,-104.9316166,4/24/2024 11:00,11:00,15,0,0,E EVANS AVE & S DAHLIA ST,1,1,0,0,1,1,0,0,,0,0,0,0,0,4,2,16
,2024-014231,39.73800791,-105.0252739,4/24/2024 12:20,12:20,3,0,0,W 14TH AVE & N FEDERAL BLVD,1,1,0,0,1,1,0,0,35,0,0,0,0,0,2,2,13
,2024-014234,39.76443372,-105.0081402,4/13/2024 15:00,15:00,6,0,0,W 34TH AVE & N QUIVAS ST,1,2,0,0,1,4,0,0,,0,0,0,0,0,4,2,16
,2024-014241,39.77901695,-104.9407241,3/31/2024 4:40,4:40,3,0,0, COLORADO BLVD & E 45TH AVE,1,3,0,0,1,1,0,0,40,0,0,0,0,0,2,2,16
,2024-014247,39.78036811,-104.9418766,4/24/2024 14:03,14:03,12,0,0,I-70 & N COLORADO BLVD,1,1,0,0,1,4,0,0,55,0,0,0,0,0,1,2,4
,2024-014249,39.6784271,-104.9593934,4/15/2024 18:30,18:30,10,0,0, UNIVERSITY BLVD & E EVANS AVE,1,1,0,0,1,1,0,0,,0,0,0,0,0,4,2,16
,2024-014251,39.70297275,-104.9128998,4/22/2024 8:07,8:07,11,0,1,LEETSDALE DR & S MONACO ST,1,1,0,0,1,1,0,0,,0,1,0,0,2,2,1,16
,2024-014257,39.66754197,-105.0629386,4/24/2024 8:15,8:15,14,0,1, JOSLIN CT & W YALE AVE,1,1,1,0,6,3,0,0,25,0,0,0,0,2,4,2,12
,2024-014260,39.75679985,-104.9806439,4/24/2024 11:01,11:01,3,0,1,27TH ST & CHAMPA ST,1,1,0,0,1,1,0,0,25,0,0,0,0,1,4,2,13
,2024-014262,39.76182622,-104.9081792,4/24/2024 16:22,16:22,15,0,0,MLK BLVD & ONEIDA ST,1,1,0,0,1,1,0,0,,0,0,0,0,0,4,2,16
,2024-014263,39.74744616,-104.9927194,4/9/2024 16:41,16:41,12,0,0,17TH ST & CHAMPA ST,1,1,3,0,1,1,0,0,,0,0,0,0,0,4,2,16
,2024-014267,39.78363958,-104.7904701,4/9/2024 19:02,19:02,12,0,0,E GREEN VALLEY RANCH BLVD,1,2,0,0,1,1,0,0,35,0,0,0,0,0,4,2,6
,2024-014268,39.64909424,-104.9162628,4/9/2024 13:04,13:04,15,0,0,I-25 & E HAMPDEN AVE,1,1,0,0,1,4,0,0,65,0,0,0,0,0,1,2,16
,2024-014270,39.77695804,-104.8809629,4/23/2024 17:03,17:03,12,0,1,I-70 & N CENTRAL PARK BLVD,1,1,0,0,1,4,0,0,55,0,0,0,0,2,1,2,4
,2024-014284,39.72541504,-105.0242582,4/24/2024 5:52,5:52,5,0,0,W 6TH AVE & EB OFF RAMP EXT TO I-25,1,1,1,0,3,8,0,0,55,0,0,0,0,0,2,1,1
,2024-014285,39.69611535,-104.9303001,4/23/2024 15:00,15:00,15,0,0,E MISSOURI AVE & S CHERRY ST,1,1,0,0,1,4,0,0,,0,0,0,0,0,4,2,16
,2024-014287,39.75976964,-105.0020907,4/14/2024 16:40,16:40,12,0,1,20TH ST & LITTLE RAVEN ST,1,1,0,0,1,4,0,0,30,0,0,0,0,1,4,2,16
,2024-014295,39.7450755,-104.9610027,4/19/2024 10:19,10:19,6,0,0, GAYLORD ST & E 18TH AVE,11,1,0,0,1,4,0,0,25,0,0,0,0,0,4,2,11
,2024-014296,39.65699471,-104.8665049,4/23/2024 17:15,17:15,15,0,0,E GIRARD AVE & S HAVANA ST,1,1,0,0,1,4,0,0,25,0,0,0,0,0,4,2,3
,2024-014297,39.74039508,-105.0139438,4/22/2024 9:11,9:11,15,0,0,I-25 & W COLFAX AVE,1,1,1,0,1,4,0,0,55,0,0,0,0,0,1,2,1
,2024-014298,39.72563827,-104.9124527,4/23/2024 16:00,16:00,6,0,0, MONACO ST & E 6TH AVE,1,1,0,0,1,1,0,0,30,0,0,0,0,0,4,2,3
,2024-014300,39.72555344,-105.03644,4/18/2024 5:29,5:29,12,0,0,W 6TH AVE & N MEADE ST,11,3,1,1,1,4,0,0,55,0,0,0,0,0,2,2,16
,2024-014302,39.76081391,-105.004118,4/3/2024 9:20,9:20,10,0,0,I-25 NB OFF RAMP & 20TH ST,1,1,0,0,1,1,0,0,,0,0,0,0,0,4,2,16
,2024-014311,39.72896256,-105.0146873,4/23/2024 12:57,12:57,12,0,1,I-25 & W 8TH AVE,1,1,1,0,1,4,0,0,55,0,0,0,0,1,1,2,13
,2024-014312,39.76183929,-104.9152332,4/15/2024 14:34,14:34,12,0,0, LEYDEN ST & E MLK BLVD,1,1,0,0,1,1,0,0,35,0,0,0,0,0,4,3,16
,2024-014313,39.71336001,-105.0004372,4/22/2024 15:01,15:01,5,0,1,I-25 & W ALAMEDA AVE,1,1,0,0,2,4,0,0,55,0,0,0,0,1,1,3,16
,2024-014314,39.76204892,-104.9733406,4/24/2024 6:35,6:35,3,0,0,E MLK BLVD & N DOWNING ST,1,1,0,0,1,1,0,0,30,0,0,0,0,0,4,2,13
,2024-014326,39.76450404,-104.9671842,4/15/2024 15:58,15:58,3,0,0, GILPIN ST & E BRUCE RANDOLPH AVE,1,1,0,0,1,1,0,0,,0,0,0,0,0,4,2,16
,2024-014328,39.76188556,-104.9909929,4/12/2024 13:22,13:22,11,0,1,WEWATTA WY & DENARGO ST,1,1,0,0,1,3,0,0,,0,1,0,0,1,4,1,16
,2024-014330,39.74746576,-104.8893307,4/23/2024 17:04,17:04,12,0,0,E MONTVIEW BLVD & N WABASH ST,1,1,3,0,1,1,0,0,30,0,0,0,0,0,4,2,16
,2024-014335,39.72907325,-104.9835992,4/23/2024 20:35,20:35,3,0,1,E 8TH AVE & N GRANT ST,1,3,1,0,1,1,0,0,30,0,0,0,0,1,4,2,13
,2024-014339,39.69645406,-104.9407217,4/22/2024 12:46,12:46,11,0,1, COLORADO BLVD & E MISSISSIPPI AVE,1,1,1,0,1,3,0,0,0,0,1,0,0,2,2,1,16
,2024-014365,39.63960282,-104.8851095,4/25/2024 13:42,13:42,5,0,0,I-225 & S YOSEMITE ST,1,1,0,0,2,4,0,0,55,0,0,0,0,0,1,1,1
,2024-014368,39.74881438,-105.0014004,4/24/2024 23:34,23:34,15,0,1,BLAKE ST & 14TH ST,1,3,0,0,1,1,0,0,25,0,0,0,0,2,4,2,1
,2024-014371,39.74178196,-105.0144564,4/25/2024 16:54,16:54,12,0,0,I-25 & AURARIA PKWY,1,1,0,0,1,4,0,0,55,0,0,0,0,0,1,2,11
,2024-014373,39.72372486,-105.0324813,4/19/2024 18:19,18:19,15,0,0,400  KNOX CT,7,2,0,2,1,4,0,0,35,0,0,0,0,0,4,2,16
,2024-014374,39.63117872,-104.8924131,4/26/2024 17:00,17:00,8,0,0, DTC BLVD & E UNION AVE,11,1,0,1,1,1,0,0,40,0,0,0,0,0,4,2,7
,2024-014376,39.66763324,-104.9128742,4/26/2024 8:00,8:00,3,0,0,E YALE AVE & S MONACO ST,1,1,0,0,1,1,0,0,35,0,0,0,0,0,4,2,16
,2024-014379,39.71899324,-104.974056,4/26/2024 10:51,10:51,12,0,0, CORONA ST & E SPEER BLVD,1,1,0,0,1,3,0,0,20,0,0,0,0,0,4,2,16
,2024-014380,39.67362479,-105.0250523,4/24/2024 14:50,14:50,12,0,1, FEDERAL BLVD & W WESLEY AVE,1,1,0,0,1,4,0,0,40,0,0,0,0,2,2,4,16
,2024-014382,39.67665327,-104.9035918,4/25/2024 9:22,9:22,12,0,0,E EVANS AVE & S QUEBEC ST,1,1,1,0,1,3,0,0,35,0,0,0,0,0,4,2,11
,2024-014383,39.78054987,-104.9873233,4/25/2024 14:32,14:32,5,0,1,I-70 WB OFF RAMP TO NB -25,1,1,1,0,2,8,0,0,35,0,0,0,1,3,1,1,1
,2024-014384,39.68933475,-104.9687127,4/24/2024 12:30,12:30,6,0,0,E FLORIDA AVE & S PEARL ST,1,1,0,0,1,4,0,0,25,0,0,0,0,0,4,2,3
,2024-014387,39.79827383,-104.795509,4/25/2024 16:00,16:00,1,0,0,E 56TH AVE & N MEMPHIS ST,1,1,0,0,1,1,0,0,45,0,0,0,0,0,4,3,11
,2024-014388,39.70673557,-105.0275371,4/25/2024 17:54,17:54,3,0,0, HAZEL CT & W CUSTER PL,11,1,0,1,1,1,0,0,25,0,0,0,0,0,4,2,13
,2024-014389,39.69478409,-104.9362135,4/24/2024 15:30,15:30,3,0,0, BIRCH ST & E ARIZONA AVE,1,1,0,0,1,1,0,0,,0,0,0,0,0,4,2,16
,2024-014391,39.82678372,-104.6215233,1/18/2024 6:30,6:30,5,0,0,HUDSON RD & E 72ND AVE,9,1,0,0,2,1,0,0,45,0,0,0,0,0,4,1,1
,2024-014392,39.78227522,-104.8657295,4/20/2024 20:40,20:40,3,0,0, HAVANA ST & E 47TH AVE,11,3,0,0,1,1,0,0,,0,0,0,0,0,4,2,16
,2024-014393,39.73083917,-105.0155935,4/25/2024 6:34,6:34,15,0,1,I-25 & W 8TH AVE,1,2,1,0,1,8,0,0,,0,0,0,0,2,1,3,16
,2024-014397,39.73688503,-105.0055179,4/25/2024 14:55,14:55,12,0,0,W 13TH AVE & N OSAGE ST,1,1,0,0,1,4,0,0,30,0,0,0,0,0,4,2,13
,2024-014401,39.7111855,-105.0015651,4/26/2024 10:47,10:47,15,0,0,W ALAMEDA AVE & S LIPAN ST,1,1,0,0,1,4,0,0,30,0,0,0,0,0,2,2,13
,2024-014402,39.75775055,-104.9985751,4/25/2024 9:00,9:00,12,0,0,20TH ST & CHESTNUT PL,1,1,0,0,1,1,0,0,30,0,0,0,0,0,4,2,3
,2024-014406,39.69083324,-105.0184932,4/26/2024 4:36,4:36,6,0,0,W ARKANSAS AVE & S BRYANT ST,1,3,0,0,1,4,0,0,20,0,0,0,0,0,4,2,16
,2024-014407,39.7510417,-104.9405999,4/24/2024 21:50,21:50,1,0,0, COLORADO BLVD & E 23RD AVE,1,3,0,0,1,1,0,0,,0,0,0,0,0,2,2,16
,2024-014408,39.77162608,-105.0205265,4/26/2024 0:47,0:47,6,0,0,3925  CLAY ST & W 40TH AVE,11,4,0,0,1,4,0,0,20,0,0,0,0,0,4,2,12
,2024-014413,39.69676049,-105.0375796,4/24/2024 13:36,13:36,6,0,0,W MISSISSIPPI AVE & S OSCEOLA ST,1,1,0,0,1,1,0,0,,0,0,0,0,0,4,2,16
,2024-014414,39.77177077,-104.9034923,4/25/2024 22:07,22:07,15,0,0, QUEBEC ST & E SMITH RD,11,3,1,1,1,8,0,0,40,0,0,0,0,0,4,2,11
,2024-014416,39.65674297,-105.0532241,4/25/2024 11:58,11:58,15,0,0, SHERIDAN BLVD & W DARTMOUTH AVE,1,1,0,0,1,3,0,0,35,0,0,0,0,0,2,2,16
,2024-014418,39.74342701,-104.9407846,4/25/2024 17:15,17:15,15,0,0, COLORADO BLVD & E 17TH AVE,1,1,0,0,1,3,0,0,35,0,0,0,0,0,2,2,13
,2024-014419,39.73685754,-104.9957206,4/25/2024 15:00,15:00,3,0,0,W 13TH AVE & N SPEER BLVD,1,1,0,0,1,1,0,0,30,0,0,0,0,0,4,2,3
,2024-014420,39.76746209,-104.9034673,4/25/2024 13:50,13:50,12,0,0, QUEBEC ST & E 36TH AVE,1,1,0,0,1,3,0,0,35,0,0,0,0,0,4,2,14
,2024-014421,39.77798834,-104.9128804,4/25/2024 10:03,10:03,12,0,0, MONACO ST & E 44TH AVE,1,1,0,0,1,3,0,0,30,0,0,0,0,0,4,2,16
,2024-014423,39.72571538,-105.0249321,4/17/2024 17:40,17:40,10,0,0,W 6TH AVE WB OFF RAMP & FEDERAL BLVD,1,1,0,0,1,1,0,0,25,0,0,0,0,0,2,2,16
,2024-014424,39.63260284,-104.9045785,4/26/2024 7:03,7:03,15,0,0,I-225 NB ON RAMP FROM E BELLEVIEW AVE & I-225 ON RAMP MERGE PT,1,1,0,0,1,8,0,0,35,0,0,0,0,0,4,2,11
,2024-014432,39.68954416,-105.0520937,4/25/2024 18:17,18:17,8,0,0,W FLORIDA AVE & S ZENOBIA ST,1,1,0,0,1,1,0,0,35,0,0,0,0,0,4,2,10
,2024-014442,39.73562553,-104.895243,4/26/2024 3:05,3:05,6,0,1,E 12TH AVE & N TAMARAC ST,1,3,0,0,1,1,0,0,25,0,0,0,0,3,4,2,16
,2024-014443,39.7710882,-104.8470353,4/25/2024 21:31,21:31,1,0,0, PEORIA ST & E 39TH AVE,1,3,0,1,1,1,0,0,35,0,0,0,0,0,4,2,13
,2024-014446,39.72931333,-105.0150619,4/25/2024 19:57,19:57,12,0,0,I-25 & W 8TH AVE,1,1,0,0,1,4,0,0,55,0,0,0,0,0,1,2,11
,2024-014448,39.71111863,-104.9687046,4/25/2024 13:15,13:15,1,0,0,E ALAMEDA AVE & S FRANKLIN ST,1,1,0,0,1,1,0,0,30,0,0,0,0,0,4,2,1
,2024-014449,39.79839407,-104.7721172,4/26/2024 4:42,4:42,1,0,0, TOWER RD & E 56TH AVE,1,3,0,0,1,1,0,0,45,0,0,0,0,0,4,2,13
,2024-014450,39.71803147,-104.9522057,4/25/2024 10:00,10:00,12,0,0,E 1ST AVE & N MILWAUKEE ST,1,1,0,0,1,1,0,0,30,0,0,0,0,0,4,2,3
,2024-014452,39.77237068,-104.9023182,4/25/2024 13:35,13:35,15,0,0, QUEBEC ST & E SMITH RD,1,1,0,0,1,4,0,0,,0,0,0,0,0,4,2,16
,2024-014453,39.84928164,-104.6726895,4/26/2024 3:40,3:40,12,0,0,PENA BLVD & E 80TH AVE,1,3,1,0,1,4,0,0,25,0,0,0,0,0,4,2,7
,2024-014454,39.77266739,-105.053234,4/12/2024 11:55,11:55,12,0,0, SHERIDAN BLVD & W 41ST AVE,1,1,3,0,1,3,0,0,35,0,0,0,0,0,2,2,16
,2024-014457,39.74022585,-104.8856832,4/25/2024 14:16,14:16,12,0,0,E COLFAX AVE & N XENIA ST,1,1,0,0,1,4,0,0,30,0,0,0,0,0,2,2,13
,2024-014459,39.78364681,-104.7919559,4/24/2024 10:22,10:22,1,0,1,E GREEN VALLEY RANCH BLVD & PENA BLVD RAMPS,1,1,0,0,1,1,0,0,35,0,0,0,0,1,4,2,1
,2024-014460,39.67482716,-104.9421371,4/25/2024 15:25,15:25,12,0,1,E ILIFF AVE & S HARRISON ST,1,1,0,0,1,1,1,0,25,0,0,0,0,2,4,2,13