id,drcog_id,latitude,longitude,crashtime,time,crashtype,numbkilled,numbinjurd,drcoglocat,rdconditin,lightngcon,roadcntgrd,weatherco,location,roaddescrp,schoolzone,constrzone,splimit,bikeinv,pedinv,sctrinv,motoinv,svrty,rdsystem,ttlvehcls,hcf
,2024-014464,39.68497908,-105.0250115,4/26/2024 14:10,14:10,12,0,2, FEDERAL BLVD & W COLORADO AVE,1,1,1,0,1,3,0,0,30,0,0,0,0,3,2,2,16
,2024-014466,39.72183504,-105.0090659,4/26/2024 8:00,8:00,12,0,0,I-25 & NB OFF RAMP EXT TO W 6TH AVE,1,1,0,0,1,4,0,0,55,0,0,0,0,0,1,3,16
,2024-014467,39.76299164,-105.0532428,4/26/2024 13:50,13:50,1,0,4, SHERIDAN BLVD & W MONCRIEFF PL,1,1,0,0,1,1,0,0,35,0,0,0,0,3,2,2,16
,2024-014468,39.76445738,-104.9406524,4/25/2024 15:49,15:49,12,0,0,BRUCE RANDOLPH AVE & N COLORADO BLVD,1,1,0,0,1,3,0,0,30,0,0,0,0,0,4,3,13
,2024-014474,39.70765736,-105.0250819,4/26/2024 16:40,16:40,1,0,1, FEDERAL BLVD & W VIRGINA AVE,1,1,0,7,1,1,0,0,40,0,0,0,0,1,2,2,13
,2024-014476,39.72541486,-105.0241511,4/26/2024 8:54,8:54,12,0,0,W 6TH AVE & N FEDERAL BLVD,1,1,0,0,1,4,0,0,55,0,0,0,0,0,2,2,13
,2024-014478,39.76209631,-105.0532422,4/26/2024 8:00,8:00,1,0,1, SHERIDAN BLVD & W 32ND AVE,1,1,0,0,1,1,0,0,35,0,0,0,0,2,2,2,16
,2024-014479,39.7775944,-104.9593928,4/25/2024 10:13,10:13,15,0,0, YORK ST & E 44TH AVE,1,1,0,0,1,4,0,0,20,0,0,0,0,0,4,2,16
,2024-014480,39.69648619,-104.9128904,4/25/2024 7:52,7:52,15,0,1, MONACO ST & E MISSISSIPPI AVE,1,1,0,0,1,3,0,0,35,0,0,0,0,2,4,2,10
,2024-014484,39.76979166,-104.9914359,4/22/2024 9:53,9:53,12,0,0,I-25 OFF RAMP TO -70 & PARK AVE W,1,1,0,0,1,8,0,0,55,0,0,0,0,0,1,2,13
,2024-014486,39.77067882,-104.9914735,4/16/2024 7:46,7:46,15,0,0,I-25 & PARK AVE W,1,1,0,0,1,4,0,0,55,0,0,0,0,0,1,2,16
,2024-014489,39.77971267,-104.9711505,4/13/2024 21:56,21:56,12,0,0,I-70 & N BRIGHTON BLVD,1,3,0,7,1,4,0,0,55,0,0,0,0,0,1,2,16
,2024-014491,39.69409681,-105.0460515,4/26/2024 22:34,22:34,6,0,1, VRAIN ST & W ARIZONA AVE,11,4,0,1,1,4,0,0,25,0,0,0,0,3,4,4,1
,2024-014498,39.72354925,-105.0109983,4/25/2024 7:55,7:55,12,0,0,I-25 NB OFF RAMP & W 6TH AVE,1,1,1,0,1,8,0,0,55,0,0,0,0,0,1,2,1
,2024-014499,39.72541686,-105.0254102,4/12/2024 12:02,12:02,12,0,0,W 6TH AVE & N FEDERAL BLVD,1,1,3,0,1,4,0,0,55,0,0,0,0,0,2,2,1
,2024-014506,39.74015668,-104.9513703,4/27/2024 13:11,13:11,15,0,0,E COLFAX AVE & N ST PAUL ST,7,1,0,2,1,4,0,0,30,0,0,0,0,0,2,2,11
,2024-014507,39.78067763,-104.9581572,4/27/2024 13:15,13:15,3,0,0,E 46TH AVE & N JOSEPHINE ST,11,1,0,0,1,1,0,0,25,0,0,0,0,0,4,2,8
,2024-014508,39.78026131,-105.0251402,4/26/2024 17:12,17:12,15,0,0, FEDERAL BLVD & W 46TH AVE,11,1,0,1,1,3,0,0,,0,0,0,0,0,2,2,16
,2024-014509,39.72152148,-105.0532724,4/12/2024 8:43,8:43,12,0,0, SHERIDAN BLVD & W 3RD AVE,1,1,0,0,1,4,0,0,45,0,0,0,0,0,2,2,16
,2024-014513,39.77556517,-104.8650536,4/25/2024 8:59,8:59,12,0,1,I-70 & N HAVANA ST,1,1,0,0,1,4,0,0,55,0,0,0,0,1,1,2,13
,2024-014515,39.75874935,-105.0532399,4/16/2024 15:45,15:45,12,0,0, SHERIDAN BLVD & W 29TH AVE,1,1,0,0,1,4,0,0,35,0,0,0,0,0,2,2,2
,2024-014517,39.77664975,-105.0252293,4/27/2024 10:30,10:30,12,0,0,W 44TH AVE & N FEDERAL BLVD,11,1,0,1,1,1,0,0,25,0,0,0,0,0,2,2,7
,2024-014519,39.77563577,-104.8658709,4/17/2024 0:09,0:09,12,0,0,I-70 & N HAVANA ST,2,4,0,0,1,4,0,0,55,0,0,0,0,0,1,2,14
,2024-014522,39.80445844,-104.7863699,4/27/2024 12:12,12:12,12,0,1,PENA BLVD & E 56TH AVE,11,1,0,2,1,4,0,0,65,0,0,0,0,2,4,3,11
,2024-014530,39.76885617,-104.9931348,4/4/2024 6:56,6:56,15,0,0,I-25 & W PARK AVE,1,1,0,0,1,4,0,0,55,0,0,0,0,0,1,2,16
,2024-014534,39.78130486,-104.9950452,4/25/2024 8:40,8:40,12,0,0,I-70 EB OFF RAMP & I-25 NB,1,1,1,0,1,8,0,0,,0,0,0,0,0,1,4,16
,2024-014538,39.65015045,-104.9168903,4/27/2024 7:45,7:45,5,0,2,I-25 & E HAMPDEN AVE,11,1,0,0,2,4,0,0,65,0,0,0,0,2,1,1,7
,2024-014540,39.69311529,-105.0250363,4/27/2024 20:25,20:25,11,0,1,W LOUISIANA AVE & S FEDERAL BLVD,11,3,0,1,1,1,0,0,25,0,1,0,0,2,2,1,11
,2024-014542,39.71226051,-104.9407888,4/25/2024 16:35,16:35,12,0,0, COLORADO BLVD & E ALAMEDA AVE,1,1,0,0,1,3,0,0,35,0,0,0,0,0,2,2,13
,2024-014544,39.78380152,-104.8095944,4/23/2024 14:40,14:40,3,0,0,E GREEN VALLEY RANCH BLVD & N CHAMBERS RD,1,1,0,0,1,2,0,0,35,0,0,0,0,0,4,2,11
,2024-014556,39.67864514,-105.0250486,4/27/2024 2:06,2:06,12,0,0, FEDERAL BLVD & W EVANS AVE,11,3,0,0,1,4,0,0,,0,0,0,0,0,2,2,16
,2024-014557,39.73841845,-104.9772497,4/26/2024 22:59,22:59,15,0,0,E 14TH AVE & N CLARKSON ST,11,3,0,1,1,4,0,0,30,0,0,0,0,0,4,2,11
,2024-014558,39.74378661,-104.9034553,4/27/2024 9:43,9:43,3,0,0,E 17TH AVE & N QUEBEC ST,11,1,0,2,1,1,0,0,30,0,0,0,0,0,4,2,11
,2024-014559,39.7401405,-104.9969489,4/25/2024 8:15,8:15,1,0,1,WELTON ST & W COLFAX AVE,1,1,0,0,1,1,0,0,35,0,0,0,0,1,2,2,16
,2024-014560,39.74179691,-104.9761664,4/27/2024 2:21,2:21,6,0,1,EMERSON ST & E 16TH AVE,1,4,0,0,6,4,0,0,25,0,0,0,0,2,4,2,14
,2024-014562,39.7944978,-104.9567385,4/27/2024 7:40,7:40,5,0,0, BRIGHTON BLVD & N YORK ST,11,3,1,7,3,3,0,0,30,0,0,0,0,0,4,1,16
,2024-014563,39.75714205,-104.9906631,4/14/2024 22:57,22:57,12,0,0,BLAKE ST & PARK AVE W,1,3,3,0,1,4,0,0,,0,0,0,0,0,4,2,16
,2024-014564,39.75076057,-105.0174824,4/27/2024 13:43,13:43,12,0,0,I-25 SB ON RAMP & W 23RD AVE,11,1,0,1,1,8,0,0,35,0,0,0,0,0,1,2,13
,2024-014565,39.76212642,-105.0392955,4/27/2024 15:59,15:59,3,0,0,W 32ND AVE & N PERRY ST,1,1,0,0,1,9,0,0,35,0,0,0,0,0,4,3,13
,2024-014567,39.74378869,-104.9081629,4/27/2024 11:20,11:20,3,0,0, ONEIDA ST & E 17TH AVE,11,1,0,2,1,1,0,0,25,0,0,0,0,0,4,2,11
,2024-014568,39.73800481,-105.0260527,4/26/2024 20:32,20:32,6,0,0,W 14TH AVE & W AVONDALE DR,11,3,1,1,1,4,0,0,25,0,0,0,0,0,4,3,13
,2024-014569,39.73369608,-104.9810443,4/27/2024 11:18,11:18,3,0,0, PENNSYLVANIA ST & E 11TH AVE,11,1,0,2,1,1,0,0,30,0,0,0,0,0,4,2,16
,2024-014571,39.72152148,-105.0532724,4/12/2024 8:43,8:43,15,0,0, SHERIDAN BLVD & W 3RD AVE,1,1,0,0,1,4,0,0,45,0,0,0,0,0,2,2,16
,2024-014572,39.70699,-104.99407,4/8/2024 9:30,9:30,16,0,0,500  SANTA FE DR,1,1,0,0,5,7,0,0,,0,0,0,0,0,3,2,7
,2024-014574,39.75433662,-104.9942728,4/18/2024 8:59,8:59,11,0,1,20TH ST & BLAKE ST,11,1,0,3,1,1,0,0,0,0,0,1,0,3,4,1,16
,2024-014575,39.68948706,-105.0256238,4/8/2024 10:30,10:30,15,0,0,W FLORIDA AVE & S FEDERAL BLVD,1,1,0,0,1,4,0,0,,0,0,0,0,0,4,2,16
,2024-014576,39.74500878,-104.9943775,4/26/2024 21:32,21:32,10,0,0,15TH ST & STOUT ST,11,3,0,1,1,2,0,0,30,0,0,0,0,0,4,2,11
,2024-014577,39.67848119,-104.9664013,4/27/2024 9:20,9:20,3,0,2,E EVANS AVE & S WILLIAMS ST,11,1,0,3,1,1,0,0,25,0,0,0,0,1,4,2,1
,2024-014578,39.66257498,-105.05323,4/26/2024 7:52,7:52,11,0,1,W BATES AVE & S SHERIDAN BLVD,1,1,0,0,1,1,0,0,25,0,1,0,0,2,2,1,16
,2024-014579,39.74020559,-105.0052347,4/24/2024 20:31,20:31,11,0,1,W COLFAX AVE & 7TH ST,1,3,0,0,1,1,0,0,35,0,1,0,0,1,2,1,16
,2024-014581,39.74015878,-104.9686635,3/30/2024 17:30,17:30,12,0,0,PARK AVE & E COLFAX AVE,1,1,0,0,1,3,0,0,30,0,0,0,0,0,2,2,1
,2024-014584,39.68749947,-104.968762,4/25/2024 12:06,12:06,5,0,1,I-25 & S FRANKLIN ST,1,1,0,0,2,4,0,0,60,0,0,0,0,1,1,1,13
,2024-014586,39.73294323,-105.032143,4/27/2024 14:54,14:54,8,0,0,W 10TH AVE & N KNOX CT,1,1,0,1,1,3,0,0,30,0,0,0,0,0,4,2,3
,2024-014587,39.71844888,-105.0250238,4/26/2024 12:08,12:08,11,0,1,W 1ST AVE & N FEDERAL BLVD,1,1,0,0,1,1,0,0,40,0,0,1,0,2,2,1,16
,2024-014589,39.73848486,-105.0532131,4/26/2024 13:24,13:24,11,0,1,W 14TH AVE & N SHERIDAN BLVD,1,1,0,0,1,4,0,0,0,0,1,0,0,1,2,1,16
,2024-014590,39.75616516,-105.0158359,4/24/2024 21:00,21:00,9,0,1, ZUNI ST & N SPEER BLVD,1,3,0,0,1,3,0,0,35,0,0,0,1,1,4,1,16
,2024-014591,39.72514599,-105.01311,4/25/2024 15:29,15:29,12,0,2,I-25 & W 6TH AVE,1,1,1,0,1,4,0,0,55,0,0,0,0,1,1,2,13
,2024-014592,39.78018317,-104.9597327,4/22/2024 7:45,7:45,12,0,0,I-70 & N YORK ST,1,1,0,0,1,4,0,0,55,0,0,0,0,0,1,4,16
,2024-014593,39.75482898,-105.0228877,4/26/2024 23:08,23:08,6,0,0,W 26TH AVE & N ELIOT ST,11,3,0,1,3,4,0,0,35,0,0,0,0,0,4,4,16
,2024-014594,39.66605071,-104.8661721,4/12/2024 15:45,15:45,11,0,1, HAVANA ST & E YALE AVE,1,1,1,0,1,4,0,0,40,0,1,0,0,2,2,1,16
,2024-014673,39.74379832,-104.9518022,4/5/2024 10:24,10:24,12,0,0,E 17TH AVE & N MILWAUKEE ST,1,1,0,0,1,4,0,0,,0,0,0,0,0,4,2,16
,2024-014686,39.74750599,-104.9872215,4/27/2024 22:44,22:44,15,0,0,WELTON ST & 19TH ST,11,3,3,1,1,3,0,0,30,0,0,0,0,0,4,2,16
,2024-014690,39.77683493,-104.8906276,4/11/2024 11:43,11:43,12,0,0,I-270 & EB OFF RAMP EXT TO CENTRAL PARK AVE,1,1,1,0,1,8,0,0,,0,0,0,0,0,1,3,16
,2024-014695,39.7761051,-104.8713065,4/28/2024 6:21,6:21,5,0,1,I-70 & N HAVANA ST,11,1,0,1,2,4,0,0,55,0,0,0,0,2,1,1,2
,2024-014697,39.73686204,-104.9911501,4/28/2024 11:49,11:49,10,0,0,W 13TH AVE & N CHEROKEE ST,14,5,3,7,1,9,0,0,30,0,0,0,0,0,4,2,8
,2024-014698,39.72572272,-105.04622,4/6/2024 12:11,12:11,12,0,0,W 6TH AVE & N VRAIN ST,1,1,0,0,1,4,0,0,55,0,0,0,0,0,2,2,16
,2024-014700,39.74781538,-105.0252222,3/27/2024 6:55,6:55,15,0,0, FEDERAL BLVD & W 20TH AVE,1,2,0,0,1,4,0,0,35,0,0,0,0,0,2,2,1
,2024-014704,39.72932285,-105.0148461,4/28/2024 4:53,4:53,5,0,1,I-25 & W 8TH AVE,11,4,3,0,3,4,0,0,55,0,0,0,0,3,1,1,14
,2024-014709,39.75462725,-104.9764464,4/3/2024 15:21,15:21,6,0,0,E 26TH AVE & N ODGEN ST,1,1,0,0,1,4,0,0,20,0,0,0,0,0,4,3,14
,2024-014711,39.74824287,-104.9864691,4/28/2024 0:02,0:02,12,0,0,20TH ST & WELTON ST,14,5,3,7,1,3,0,0,30,0,0,0,0,0,4,2,16
,2024-014715,39.65307852,-104.9185262,2/10/2024 2:41,2:41,5,0,0,I-25 & E HAMPDEN AVE,4,3,0,2,3,4,0,0,65,0,0,0,0,0,1,2,7
,2024-014716,39.77799518,-104.7721474,4/27/2024 22:11,22:11,3,0,0, TOWER RD & E 45TH AVE,11,3,0,1,1,1,0,0,45,0,0,0,0,0,4,2,16
,2024-014718,39.74000399,-104.9918307,3/26/2024 14:00,14:00,15,0,0,W COLFAX AVE & N CHEROKEE ST,1,1,0,0,1,4,0,0,30,0,0,0,0,0,2,2,14
,2024-014719,39.73680757,-104.956279,4/28/2024 15:07,15:07,10,0,0,E 13TH AVE & N ELIZABETH ST,1,1,0,0,1,1,0,0,30,0,0,0,0,0,4,2,14
,2024-014720,39.71143921,-104.9406226,4/27/2024 7:48,7:48,12,0,0, COLORADO BLVD & W ALAMEDA AVE,11,1,0,1,1,3,0,0,35,0,0,0,0,0,2,2,16
,2024-014722,39.78363933,-104.7904044,4/28/2024 16:18,16:18,1,0,0,E GREEN VALLEY RANCH BLVD & N PENA BLVD,1,1,3,0,1,1,0,0,35,0,0,0,0,0,4,2,1
,2024-014723,39.78004835,-104.9408781,4/4/2024 18:21,18:21,6,0,0,I-70 & N COLORADO BLVD,1,2,0,0,3,4,0,0,,0,0,0,0,0,1,2,16
,2024-014724,39.73982466,-104.9587937,4/12/2024 14:40,14:40,12,0,0, JOSEPHINE ST & E COLFAX AVE,1,1,0,0,1,4,0,0,30,0,0,0,0,0,4,2,1
,2024-014725,39.74488763,-104.9874171,4/27/2024 23:50,23:50,11,0,1,E 18TH AVE & N BROADWAY ST,11,3,0,1,1,1,0,0,35,0,0,1,0,1,4,1,11
,2024-014727,39.72566476,-104.9928235,4/14/2024 23:48,23:48,10,0,0,W 6TH AVE & N DELAWARE ST,1,3,0,0,1,1,0,0,35,0,0,0,0,0,4,2,16
,2024-014734,39.77535374,-105.0439939,4/25/2024 21:14,21:14,5,0,1, TENNYSON ST & W 43RD  AVE,1,3,0,7,3,4,0,0,25,0,0,0,0,2,4,1,16
,2024-014736,39.69298997,-104.9780137,4/28/2024 16:50,16:50,12,0,1,I-25 & E LOUISIANA AVE,1,1,0,0,1,4,0,0,60,0,0,0,0,1,1,2,11
,2024-014737,39.69666127,-104.9918826,4/28/2024 14:00,14:00,1,0,0,W MISSISSIPPI AVE & S SANTA FE DR,1,1,0,0,1,1,0,0,30,0,0,0,0,0,2,2,7
,2024-014738,39.73999438,-104.9650938,3/16/2024 18:55,18:55,14,1,1,COLFAX AVE & N HIGH ST,1,3,0,0,1,4,0,0,35,0,0,0,0,4,2,5,1
,2024-014741,39.74312048,-104.9931177,4/10/2024 8:19,8:19,12,0,0,1400 WELTON ST,1,1,0,0,1,4,0,0,25,0,0,0,0,0,4,2,16
,2024-014743,39.73800797,-105.0252739,4/28/2024 14:31,14:31,1,0,2, FEDERAL BLVD & W 14TH AVE,1,1,1,0,1,1,0,0,35,0,0,0,0,3,2,2,13
,2024-014744,39.75101442,-104.9079739,4/28/2024 11:17,11:17,1,0,0,E 23RD AVE & N ONEIDA ST,1,1,0,0,1,9,0,0,25,0,0,0,0,0,4,2,13
,2024-014745,39.7820261,-104.8337527,4/27/2024 21:13,21:13,3,0,0,E ELK PL & N CROWN BLVD,11,4,0,1,1,1,0,0,25,0,0,0,0,0,4,2,13
,2024-014749,39.79001576,-104.8977751,4/27/2024 21:07,21:07,6,0,1, SPRUCE ST & E 49TH PL,11,3,0,1,1,4,0,0,25,0,0,0,0,2,4,2,3
,2024-014754,39.74162518,-104.9622443,4/28/2024 15:53,15:53,3,0,1, VINE ST & E 16TH AVE,1,1,0,0,1,1,0,0,20,0,0,0,1,3,4,2,11
,2024-014756,39.71657516,-105.0252673,3/16/2024 19:31,19:31,14,0,0,W ELLSWORTH AVE & S FEDERAL BLVD,1,3,0,0,6,3,0,0,20,0,0,0,0,0,2,2,16
,2024-014765,39.71126386,-105.0348836,4/20/2024 14:29,14:29,3,0,0, LOWELL BLVD & W ALAMEDA AVE,11,1,0,1,1,1,0,0,35,0,0,0,0,0,2,2,11
,2024-014769,39.67846465,-104.9158915,4/28/2024 16:48,16:48,1,0,0,E EVANS AVE & S LEYDEN ST,1,1,0,0,1,1,0,0,35,0,0,0,0,0,4,2,11
,2024-014771,39.68751939,-104.9523881,4/5/2024 16:00,16:00,15,0,0, MILWAUKEE ST & E IOWA AVE,1,1,0,0,1,1,0,0,25,0,0,0,0,0,4,2,1
,2024-014773,39.70200357,-104.9827934,4/28/2024 9:45,9:45,6,0,0, LOGAN ST & E OHIO AVE,1,1,3,0,1,4,0,0,,0,0,0,0,0,4,2,16
,2024-014792,39.67845774,-104.9080168,4/28/2024 11:31,11:31,12,0,0,E EVANS AVE & S ONEIDA ST,1,1,0,0,1,4,0,0,35,0,0,0,0,0,4,2,6
,2024-014804,39.73870612,-104.9011514,4/28/2024 6:05,6:05,5,0,0,E 14TH AVE & N ROSLYN ST,1,1,0,0,2,1,0,0,30,0,0,0,0,0,4,1,14
,2024-014807,39.76193589,-104.9027448,4/28/2024 19:31,19:31,10,0,0,E MLK BLVD & N QUEBEC ST,1,3,0,0,1,1,0,0,,0,0,0,0,0,4,2,16
,2024-014808,39.76362611,-104.9822784,4/27/2024 20:33,20:33,10,0,0,BLAKE ST & 30TH ST,11,4,0,1,1,4,0,0,30,0,0,0,0,0,4,2,11
,2024-014809,39.72933045,-105.0249602,3/28/2024 13:45,13:45,12,0,0,W 8TH AVE & N FEDERAL BLVD,1,1,3,0,1,1,0,0,25,0,0,0,0,0,2,2,16
,2024-014812,39.71133314,-105.053258,4/27/2024 13:05,13:05,1,0,1,W ALAMEDA AVE & S SHERIDAN BLVD,11,1,0,1,1,1,0,0,40,0,0,0,0,1,2,3,7
,2024-014823,39.71286596,-105.0250132,4/4/2024 18:50,18:50,3,0,2,214  FEDERAL BLVD & W CEDAR AVE,1,1,0,0,1,2,0,0,,0,0,0,0,1,2,2,1
,2024-014834,39.76746209,-104.9034673,4/27/2024 21:58,21:58,10,0,0, QUEBEC ST & E 36TH AVE,11,3,0,1,1,1,0,0,,0,0,0,0,0,4,2,16
,2024-014835,39.66830105,-104.9397602,4/28/2024 14:51,14:51,3,0,0,4100 E YALE AVE,1,1,0,0,1,2,0,0,35,0,0,0,0,0,4,2,13
,2024-014836,39.75128782,-105.0168009,4/28/2024 13:20,13:20,12,0,0,I-25 & W 23RD AVE,1,1,3,0,1,4,0,0,55,0,0,0,0,0,2,2,11
,2024-014839,39.75826046,-104.9875191,3/28/2024 11:35,11:35,12,0,0,WALNUT ST & N BROADWAY,1,1,0,0,1,4,0,0,20,0,0,0,0,0,4,2,16
,2024-014865,39.76449081,-104.9597604,4/4/2024 23:13,23:13,3,0,0,YORK ST & E BRUCE RANDOLPH AVE,1,3,0,0,1,2,0,0,35,0,0,0,0,0,4,2,16
,2024-014875,39.71121075,-104.9227214,4/19/2024 7:34,7:34,15,0,0,E ALAMEDA AVE & S HOLLY ST,11,1,0,1,1,4,0,0,35,0,0,0,0,0,4,2,1
,2024-014880,39.61440589,-105.091418,4/24/2024 11:06,11:06,12,0,0, WADSWORTH BLVD & W CROSS DR,1,1,0,0,1,3,0,0,40,0,0,0,0,0,2,3,3
,2024-014881,39.74358378,-104.9925206,3/2/2024 1:08,1:08,8,0,0,WELTON ST & 15TH ST,1,1,0,0,1,1,0,0,30,0,0,0,0,0,4,2,16
,2024-014897,39.75499476,-104.9951483,4/29/2024 9:20,9:20,2,0,1,WAZEE ST & 20TH ST,1,1,0,0,1,1,0,0,35,1,0,0,0,2,4,1,13
,2024-014899,39.74004921,-105.0000595,4/29/2024 9:05,9:05,1,0,0, KALAMATH ST & W COLFAX AVE,1,1,0,0,1,1,0,0,30,0,0,0,0,0,2,2,7
,2024-014910,39.7180431,-104.9558591,4/29/2024 17:05,17:05,3,0,0,E 1ST AVE & N CLAYTON LN,1,1,0,0,1,1,0,0,45,0,0,0,0,0,4,2,13
,2024-014920,39.75115428,-104.9489274,4/29/2024 17:16,17:16,12,0,0,E 23RD AVE & N STEELE ST,1,1,0,0,1,4,0,0,25,0,0,0,0,0,4,2,12
,2024-014924,39.78177839,-104.7721267,4/29/2024 17:24,17:24,1,0,3, TOWER RD & E 47TH AVE,1,1,0,0,1,1,0,0,40,0,0,0,0,2,4,2,11
,2024-014934,39.74962977,-104.8866669,4/28/2024 12:47,12:47,1,0,1,E 23RD AVE & N CENTRAL PARK BLVD,1,1,0,0,1,1,0,0,30,0,0,0,0,1,4,2,11
,2024-014936,39.74197875,-104.8987395,4/28/2024 19:39,19:39,3,0,0,E 16TH AVE & SYRACUSE ST,1,2,0,0,1,1,0,0,25,0,0,0,0,0,4,2,16
,2024-014937,39.78362731,-104.7721143,4/29/2024 16:09,16:09,14,0,0,E GREEN VALLEY RANCH BLVD & N TOWER RD,1,1,0,0,1,1,0,0,40,0,0,0,0,0,4,2,11
,2024-014938,39.72563393,-104.9848787,4/28/2024 23:58,23:58,1,0,0, SHERMAN ST & E 6TH AVE,1,3,0,0,1,1,0,0,30,0,0,0,0,0,4,2,8
,2024-014939,39.63546906,-105.0873878,4/29/2024 1:03,1:03,5,0,1, BALSAM WY & W STANFORD AVE,1,3,0,0,3,4,0,0,30,0,0,0,0,2,4,1,1
,2024-014940,39.73619322,-104.8952433,4/27/2024 21:00,21:00,6,0,0, TAMARAC ST & E 12TH AVE,1,1,0,0,1,4,0,0,,0,0,0,0,0,4,2,16
,2024-014942,39.79839751,-104.7874894,4/29/2024 3:15,3:15,12,0,0,PENA BLVD & E 56TH AVE,1,3,0,0,1,4,0,0,65,0,0,0,0,0,4,2,13
,2024-014944,39.6628251,-105.0501614,4/29/2024 10:23,10:23,6,0,0, YATES ST & W BATES AVE,1,1,1,0,1,1,0,0,25,0,0,0,0,0,4,2,3
,2024-014945,39.74562734,-104.890544,4/20/2024 16:39,16:39,6,0,0,E 19TH AVE & N VERBENA ST,1,1,0,0,1,3,0,0,20,0,0,0,0,0,4,2,16
,2024-014946,39.75073775,-104.978121,4/29/2024 9:30,9:30,11,0,1,COURT PL & N WASHINGTON ST,1,1,0,0,1,1,0,0,20,0,1,0,0,2,4,1,16
,2024-014950,39.71118526,-105.0038984,4/29/2024 15:21,15:21,2,0,0,W ALAMEDA AVE & S NAVAJO ST,1,1,3,0,1,1,0,0,0,1,0,0,0,0,4,1,16
,2024-014956,39.69343788,-104.9941328,4/29/2024 6:15,6:15,15,0,0, PLATTE RIVER DR & W ARIZONA AVE,1,1,0,0,1,4,0,0,35,0,0,0,0,0,2,2,11
,2024-014972,39.73205113,-104.97298,4/29/2024 7:00,7:00,3,0,1,E 10TH AVE & N DOWNING ST,1,1,0,0,1,1,0,0,20,0,0,0,0,1,4,2,11
,2024-014981,39.74375981,-104.9407837,4/27/2024 12:15,12:15,3,0,0,E 17TH AVE & N COLORADO BLVD,11,1,0,2,1,1,0,0,30,0,0,0,0,0,2,2,13
,2024-015004,39.67845776,-104.9079799,4/22/2024 7:39,7:39,12,0,0,E EVANS AVE & S ONEIDA ST,1,1,0,0,1,3,0,0,35,0,0,0,0,0,4,2,16
,2024-015005,39.79552468,-104.8330657,4/29/2024 10:05,10:05,12,0,0,E OLMSTED PL & N VICTOR ST,1,1,0,0,1,2,0,0,20,0,0,0,0,0,4,2,7
,2024-015006,39.78025789,-104.9467854,4/28/2024 21:16,21:16,5,0,1,I-70 & WB OFF RAMP MERGE PT TO N COLORADO BLVD,1,3,1,0,3,8,0,0,55,0,0,0,0,2,1,1,14
,2024-015008,39.7805401,-104.9496523,4/29/2024 7:16,7:16,12,0,1,I-70 & N VASQUEZ BLVD,1,1,0,0,1,4,0,0,55,0,0,0,0,1,1,3,13
,2024-015011,39.77936031,-104.9791883,4/29/2024 14:54,14:54,12,0,1,I-70 EB ON RAMP FROM -25 & N WASHINGTON ST,1,1,0,0,1,8,0,0,55,0,0,0,0,1,1,3,4
,2024-015012,39.75267425,-104.9874103,4/25/2024 4:50,4:50,15,0,0,22ND ST & BROADWAY ST,1,3,0,0,1,1,0,0,25,0,0,0,0,0,4,2,13
,2024-015014,39.76576659,-104.9777806,4/29/2024 9:25,9:25,1,0,0,33RD ST & WALNUT ST,1,1,0,0,1,1,0,0,20,0,0,0,0,0,4,2,11
,2024-015016,39.72923647,-104.9323807,4/29/2024 19:16,19:16,6,0,0,E 8TH AVE & N DEXTER ST,1,1,0,0,3,4,0,0,25,0,0,0,0,0,4,2,16
,2024-015020,39.76853682,-104.9944577,4/29/2024 6:46,6:46,12,0,0,I-25 & PARK AVE W,1,1,0,0,1,4,0,0,55,0,0,0,0,0,1,2,2
,2024-015021,39.75423917,-104.9966937,4/29/2024 5:29,5:29,6,0,0,19TH ST & WAZEE ST,1,3,0,0,1,4,0,0,20,0,0,0,0,0,4,2,16
,2024-015022,39.6785195,-104.9687484,4/29/2024 7:30,7:30,8,0,0, FRANKLIN ST & E EVANS AVE,1,1,0,0,1,3,0,0,30,0,0,0,0,0,4,2,1
,2024-015023,39.74378869,-104.9081629,4/29/2024 7:50,7:50,3,0,0, ONEIDA ST & E 17TH AVE,1,1,0,0,1,1,0,0,25,0,0,0,0,0,4,2,11
,2024-015024,39.72557648,-105.0502278,4/24/2024 15:03,15:03,12,0,1,W 6TH AVE EB ON RAMP FROM  SHERIDAN BLVD & EB ON RAMP MERGE PT,1,1,0,0,1,8,0,0,55,0,0,0,0,2,2,2,3
,2024-015025,39.74748139,-104.9761546,4/23/2024 12:38,12:38,5,0,0, EMERSON ST & E 20TH AVE,1,1,0,0,3,9,0,0,15,0,0,0,0,0,4,1,1
,2024-015026,39.67866197,-105.0199992,4/28/2024 21:54,21:54,12,0,1,W EVANS AVE & S CLAY ST,1,3,0,0,1,2,0,0,,0,0,0,0,1,4,2,16
,2024-015027,39.70024178,-104.9205891,4/28/2024 18:20,18:20,1,0,0, IVY ST & E KENTUCKY AVE,1,1,0,0,1,1,0,0,,0,0,0,0,0,4,2,16
,2024-015029,39.75485156,-104.9901224,4/28/2024 9:58,9:58,6,0,0,LARIMER ST & 22ND ST,1,1,0,0,1,4,0,0,30,0,0,0,0,0,4,2,1