id,drcog_id,latitude,longitude,crashtime,time,crashtype,numbkilled,numbinjurd,drcoglocat,rdconditin,lightngcon,roadcntgrd,weatherco,location,roaddescrp,schoolzone,constrzone,splimit,bikeinv,pedinv,sctrinv,motoinv,svrty,rdsystem,ttlvehcls,hcf
,2024-015034,39.71836653,-104.9049559,4/29/2024 8:15,8:15,2,0,1,E 1ST AVE & N POPLAR ST,1,1,0,0,1,1,0,0,0,1,0,0,0,1,4,1,16
,2024-015086,39.71301265,-105.020335,4/30/2024 17:24,17:24,3,0,0,W CEDAR AVE & S CLAY ST,1,1,0,0,1,1,0,0,25,0,0,0,0,0,4,2,16
,2024-015094,39.75106904,-104.9828869,4/30/2024 10:29,10:29,3,0,1,WELTON ST & PARK AVE W,1,1,0,0,1,1,0,0,30,0,0,0,0,1,4,2,13
,2024-015100,39.71702456,-104.8955714,4/30/2024 9:22,9:22,10,0,0,E FAIRMOUNT DR & E LOWRY BLVD,1,1,0,0,1,6,0,0,15,0,0,0,0,0,4,2,8
,2024-015106,39.72612566,-105.0531321,4/11/2024 7:42,7:42,10,0,0, SHERIDAN BLVD & W 6TH AVE WB RAMPS,1,1,0,0,1,1,0,0,35,0,0,0,0,0,2,2,16
,2024-015107,39.76574699,-104.9597471,4/30/2024 15:14,15:14,11,0,1,E 35TH AVE & N YORK ST,1,1,0,0,1,1,0,0,0,0,0,1,0,2,4,1,16
,2024-015119,39.71300062,-105.0250144,4/14/2024 2:40,2:40,15,0,0, FEDERAL BLVD & W CEDAR AVE,1,3,0,0,1,4,0,0,35,0,0,0,0,0,2,2,16
,2024-015128,39.74008478,-104.8846472,4/28/2024 3:19,3:19,3,0,1,E COLFAX AVE & N YOSEMITE ST,11,3,0,1,1,1,0,0,35,0,0,0,0,2,2,3,14
,2024-015136,39.75355305,-104.9861343,4/30/2024 15:57,15:57,11,0,1,PARK AVE W & CURTIS ST,1,1,0,0,1,4,0,0,0,0,1,0,0,2,4,1,16
,2024-015137,39.77753006,-104.9034018,4/18/2024 15:44,15:44,12,0,0, NORTHFIELD QUEBEC ST & I-70 EB RAMPS,1,1,0,0,1,3,0,0,,0,0,0,0,0,2,2,16
,2024-015138,39.78016687,-104.9583326,4/30/2024 6:37,6:37,12,0,2,I-70 & N JOSEPHINE ST,1,1,0,0,1,4,0,0,55,0,0,0,0,1,1,2,11
,2024-015139,39.76193589,-104.9027448,4/30/2024 7:13,7:13,3,0,0,E MLK BLVD & N QUEBEC ST,1,1,0,0,1,1,0,0,,0,0,0,0,0,4,2,16
,2024-015141,39.68205343,-104.9887934,4/29/2024 12:30,12:30,6,0,0, ACOMA ST & W JEWELL AVE,1,1,0,0,1,4,0,0,,0,0,0,0,0,4,2,16
,2024-015142,39.75884897,-104.8658665,4/29/2024 16:41,16:41,12,0,1,E 29TH DR & N HAVANA ST,1,1,0,0,1,1,0,0,25,0,0,0,0,2,4,4,3
,2024-015144,39.69868672,-104.9037927,4/30/2024 6:39,6:39,15,0,0,LEETSDALE DR & S QUEBEC ST,1,1,0,0,1,3,0,0,35,0,0,0,0,0,2,2,13
,2024-015145,39.78052095,-104.9529489,4/30/2024 15:05,15:05,12,0,0,I-70 & N FILLMORE ST,1,1,0,0,1,4,0,0,55,0,0,0,0,0,1,2,7
,2024-015146,39.75524437,-104.9826628,4/29/2024 12:05,12:05,15,0,0,CHAMPA ST & 25TH ST,1,1,0,0,1,4,0,0,25,0,0,0,0,0,4,2,11
,2024-015147,39.74015521,-104.9507202,4/19/2024 19:02,19:02,11,0,1, ST PAUL ST & E COLFAX AVE,9,1,0,2,1,1,0,0,30,0,1,0,0,2,2,1,14
,2024-015148,39.73496478,-104.9835941,4/13/2024 22:29,22:29,15,0,0,E 11TH 12TH ALY & N GRANT ST,1,3,0,0,1,4,0,0,30,0,0,0,0,0,4,2,14
,2024-015150,39.78019208,-104.9512948,4/30/2024 6:53,6:53,12,0,0,I-70 & N STEELE ST,1,1,1,0,1,4,0,0,55,0,0,0,0,0,1,2,7
,2024-015151,39.74182139,-104.9547693,4/29/2024 15:17,15:17,12,0,0, DETROIT ST & E 16TH AVE,1,1,0,0,1,4,0,0,20,0,0,0,0,0,4,2,13
,2024-015153,39.77315375,-104.9034996,4/30/2024 12:35,12:35,15,0,0, QUEBEC ST & E 40TH AVE,1,1,1,0,1,4,0,0,30,0,0,0,0,0,4,2,16
,2024-015154,39.72661817,-104.9874303,4/6/2024 0:30,0:30,15,0,0, SPEER BLVD & N BROADWAY,1,3,3,0,1,3,0,0,30,0,0,0,0,0,4,2,14
,2024-015157,39.72349151,-105.024865,4/29/2024 11:19,11:19,12,0,0,W 5TH AVE & N FEDERAL BLVD,1,1,0,0,1,3,0,0,25,0,0,0,0,0,2,2,16
,2024-015158,39.68568778,-104.943023,4/30/2024 9:35,9:35,3,0,0, JACKSON ST & E MEXICO AVE,1,1,0,0,1,1,0,0,25,0,0,0,0,0,4,3,11
,2024-015159,39.77988796,-104.9671647,4/28/2024 13:54,13:54,3,0,0,E 46TH AVE  & N BRIGHTON BLVD,1,1,0,0,1,1,0,0,30,0,0,0,0,0,2,2,11
,2024-015167,39.71119521,-104.997141,4/29/2024 14:00,14:00,12,0,0,W ALAMEDA AVE & S SANTA FE DR,1,1,0,0,1,1,0,0,35,0,0,0,0,0,2,2,3
,2024-015175,39.74035332,-105.0495073,4/30/2024 6:04,6:04,15,0,0,W COLFAX AVE & N XAVIER ST,1,2,0,0,1,4,0,0,30,0,0,0,0,0,2,2,13
,2024-015176,39.74845786,-105.003342,4/29/2024 21:00,21:00,12,0,0, AURARIA PWKY & N SPEER BLVD,1,3,0,0,1,4,0,0,,0,0,0,0,0,4,2,16
,2024-015177,39.77441178,-104.8517098,4/18/2024 13:40,13:40,15,0,0,I-70 & WB OFF RAMP EXT TO N PEORIA ST,1,1,0,0,1,4,0,0,60,0,0,0,0,0,1,2,13
,2024-015178,39.67846472,-104.9316166,4/29/2024 9:30,9:30,12,0,0,E EVANS AVE & S DAHLIA ST,1,1,0,0,1,1,0,0,30,0,0,0,0,0,4,2,3
,2024-015181,39.74033862,-105.0393188,4/30/2024 7:20,7:20,11,0,1, PERRY ST & W COLFAX AVE,1,1,0,0,1,1,0,0,30,0,1,0,0,2,2,1,1
,2024-015183,39.74618894,-104.982321,4/25/2024 10:50,10:50,3,0,0, LOGAN ST & E 19TH AVE,1,1,0,0,1,1,0,0,20,0,0,0,0,0,4,2,11
,2024-015184,39.70213823,-104.9406171,4/29/2024 11:40,11:40,12,0,0, COLORADO BLVD & E OHIO AVE,1,1,1,0,1,3,0,0,40,0,0,0,0,0,2,2,2
,2024-015186,39.65298007,-104.917677,4/29/2024 16:00,16:00,1,0,0,E HAMPDEN AVE & I-25 NB RAMPS,1,1,0,0,1,1,0,0,30,0,0,0,0,0,2,2,3
,2024-015191,39.70524848,-104.9406189,4/30/2024 2:44,2:44,10,0,0, COLORADO BLVD & E EXPOSITION AVE,1,3,0,0,1,2,0,0,40,0,0,0,0,0,2,2,12
,2024-015197,39.77691625,-104.8827907,4/29/2024 11:45,11:45,12,0,0, CENTRAL PARK BLVD & I-70,1,1,1,0,1,4,0,0,35,0,0,0,0,0,4,2,3
,2024-015198,39.68227438,-105.0572651,4/30/2024 8:09,8:09,3,0,0,W JEWELL AVE & S DEPEW ST,1,1,0,0,1,1,0,0,40,0,0,0,0,0,4,2,16
,2024-015200,39.69450461,-104.9082012,4/29/2024 23:37,23:37,6,0,1,E ARIZONA AVE & S ONEIDA ST,1,3,0,0,2,4,0,0,20,0,0,0,0,1,4,3,16
,2024-015201,39.78743495,-105.0264037,3/14/2024 6:30,6:30,12,0,0,W REGIS BLVD & N GREEN CT,9,3,0,2,1,4,0,0,40,0,0,0,0,0,4,2,14
,2024-015217,39.73168665,-104.912441,4/29/2024 7:53,7:53,10,0,0, MONACO ST & E 10TH AVE,1,1,0,0,1,1,0,0,35,0,0,0,0,0,4,2,13
,2024-015218,39.78046981,-104.9895579,4/29/2024 6:46,6:46,12,0,0,I-25 & I-70,1,1,1,0,1,4,0,0,55,0,0,0,0,0,1,2,16
,2024-015223,39.71113093,-104.9923988,4/29/2024 15:00,15:00,6,0,0, CHEROKEE ST & W ALAMEDA AVE,1,1,0,0,1,4,0,0,25,0,0,0,0,0,4,3,3
,2024-015230,39.78033155,-104.9412968,4/30/2024 8:40,8:40,12,0,0,I-70 & N COLORADO BLVD,1,1,1,0,1,4,0,0,55,0,0,0,0,0,1,2,16
,2024-015231,39.76389521,-104.9027407,4/29/2024 9:05,9:05,15,0,0, QUEBEC ST & E 33RD AVE,1,1,0,0,1,4,0,0,35,0,0,0,0,0,4,2,16
,2024-015246,39.76005658,-104.8658556,4/11/2024 5:07,5:07,3,0,0, HAVANA ST & E MLK JR BLVD,1,3,0,0,1,1,0,0,35,0,1,0,0,0,4,3,14
,2024-015283,39.68223923,-105.0442641,5/1/2024 7:06,7:06,3,0,1,W JEWELL AVE & S TENNYSON ST,1,1,0,0,1,1,0,0,30,0,0,0,0,1,4,2,13
,2024-015284,39.72319395,-105.0112351,5/1/2024 13:56,13:56,12,0,0,I-25 & W 6TH AVE FWY,1,1,0,0,1,4,0,0,55,0,0,0,0,0,1,2,13
,2024-015285,39.73416941,-104.9384014,5/1/2024 8:00,8:00,3,0,1,E HALE PKWY & N ASH ST,1,1,0,0,1,1,0,0,25,0,0,0,0,1,4,2,13
,2024-015286,39.71142273,-105.0263036,4/19/2024 18:30,18:30,6,0,0, GROVE ST & W ALAMEDA AVE,7,2,0,2,1,2,0,0,25,0,0,0,0,0,4,2,16
,2024-015287,39.71759446,-105.0044342,4/30/2024 20:28,20:28,15,0,1,I-25 & W ALAMEDA AVE,1,3,0,0,1,4,0,0,55,0,0,0,0,1,1,2,3
,2024-015288,39.76746193,-104.9037408,4/30/2024 23:22,23:22,16,0,1,3593  QUEBEC ST,1,3,0,0,5,7,0,0,,0,0,0,1,3,3,1,7
,2024-015289,39.68534468,-104.9642115,4/30/2024 9:42,9:42,15,0,0,I-25 & S UNIVERSITY BLVD,1,1,0,0,1,4,0,0,55,0,0,0,0,0,1,2,16
,2024-015291,39.69480009,-104.9874495,4/9/2024 15:00,15:00,15,0,0, BROADWAY ST & E ARIZONA AVE,1,1,0,0,1,1,0,0,35,0,0,0,0,0,4,2,1
,2024-015293,39.79133627,-104.8825794,5/1/2024 8:38,8:38,2,0,0, CENTRAL PARK BLVD & E PRAIRIE MEADOW DR,1,1,0,0,1,1,0,0,0,1,0,0,0,0,4,1,16
,2024-015294,39.77437876,-104.7481237,5/1/2024 8:38,8:38,1,0,1,E 42ND AVE & N KIRK ST,1,1,0,0,1,3,0,0,20,0,0,0,0,2,4,2,13
,2024-015295,39.71212188,-104.989996,5/1/2024 7:20,7:20,3,0,0,W BYERS PL & S BANNOCK ST,1,1,3,0,1,1,0,0,20,0,0,0,0,0,4,2,11
,2024-015301,39.78503955,-105.0252745,4/25/2024 0:06,0:06,5,0,2, FEDERAL BLVD & I-70 WB RAMPS,1,3,0,0,2,8,0,0,35,0,0,0,0,2,2,1,1
,2024-015302,39.77894372,-104.8220858,4/27/2024 4:30,4:30,6,0,0,E 46TH AVE & N DURHAM CT,11,3,0,1,1,4,0,0,25,0,0,0,0,0,4,2,16
,2024-015306,39.73337728,-104.9798557,3/27/2024 12:00,12:00,6,0,0, PEARL ST & E 11TH AVE,1,1,0,0,1,4,0,0,30,0,0,0,0,0,4,2,7
,2024-015309,39.73999862,-104.9660098,5/1/2024 3:00,3:00,12,0,0,E COLFAX AVE & N WILLIAMS ST,1,3,0,0,1,3,0,0,35,0,0,0,0,0,2,2,13
,2024-015313,39.78060298,-104.9476354,5/1/2024 9:48,9:48,12,0,1,I-70 & N COOK ST,1,1,0,0,1,4,0,0,55,0,0,0,0,1,1,3,3
,2024-015315,39.73843486,-105.0159382,4/30/2024 16:44,16:44,15,0,0, ZUNI ST & W 14TH AVE,1,1,0,0,1,3,0,0,25,0,0,0,0,0,4,2,13
,2024-015316,39.7442559,-105.0532238,5/1/2024 14:49,14:49,3,0,1, SHERIDAN BLVD & W 17TH AVE,1,1,0,0,1,2,0,0,35,0,0,0,0,1,2,3,16
,2024-015317,39.78021073,-104.9500179,5/1/2024 16:38,16:38,12,0,0,I-70 & VASQUEZ BLVD,1,1,0,0,1,13,0,0,55,0,0,0,0,0,1,2,13
,2024-015319,39.72496815,-105.0126865,5/1/2024 11:34,11:34,12,0,0,I-25 & W 6TH AVE,1,1,0,0,1,4,0,0,55,0,0,0,0,0,1,4,13
,2024-015321,39.67128912,-104.9875841,4/30/2024 15:45,15:45,3,0,0,W HARVARD AVE & S BROADWAY ST,1,1,0,0,1,1,0,0,25,0,0,0,0,0,4,3,3
,2024-015322,39.69666127,-104.9918826,4/30/2024 14:00,14:00,1,0,1,W MISSISSIPPI AVE & S SANTA FE DR,1,1,0,0,1,1,0,0,,0,0,0,0,1,2,2,3
,2024-015323,39.70297279,-104.9128998,4/30/2024 18:00,18:00,12,0,0, MONACO ST & LEETSDALE DR,1,1,0,0,1,1,0,0,,0,0,0,0,0,2,2,16
,2024-015325,39.78086487,-104.9895539,5/1/2024 16:44,16:44,15,0,0,I-25 & I-70,1,1,0,0,1,4,0,0,,0,0,0,0,0,1,2,16
,2024-015328,39.73496375,-105.0148825,4/30/2024 14:50,14:50,15,0,0,I-25 & NB OFF RAMP MERGE PT TO W COLFAX AVE,1,1,0,0,1,8,0,0,,0,0,0,0,0,1,2,16
,2024-015329,39.78013876,-104.9634217,5/1/2024 14:52,14:52,12,0,0,I-70 & N BRIGHTON BLVD,1,1,1,0,1,4,0,0,55,0,0,0,0,0,1,3,3
,2024-015330,39.75470139,-104.9222937,4/22/2024 16:19,16:19,6,0,0,E 26TH AVE & N HOLLY ST,1,1,0,0,1,4,0,0,,0,0,0,0,0,4,2,16
,2024-015332,39.77287845,-104.9418572,5/1/2024 0:55,0:55,10,0,1,E 40TH AVE & N HARRISON ST,1,3,0,0,1,4,0,0,30,0,0,0,0,2,4,2,13
,2024-015333,39.73686649,-104.9916491,4/30/2024 17:14,17:14,1,0,2, CHEROKEE ST & W 13TH AVE,1,1,0,0,1,1,0,0,20,0,0,0,0,2,4,2,16
,2024-015334,39.8015785,-104.7626779,3/30/2024 20:40,20:40,10,0,0, DUNKIRK ST & E 58TH AVE,1,3,0,0,1,1,0,0,30,0,0,0,0,0,4,2,16
,2024-015336,39.71114655,-105.0203576,5/1/2024 10:36,10:36,15,0,0,W ALAMEDA AVE & S CLAY ST,1,1,0,0,1,3,0,0,35,0,0,0,0,0,2,2,3
,2024-015338,39.78365823,-104.7923659,4/28/2024 16:25,16:25,1,0,4,E GREEN VALLEY RANCH BLVD & PENA BLVD,1,1,0,0,6,4,0,0,35,0,0,0,0,2,4,3,14
,2024-015340,39.76918476,-104.9406476,4/27/2024 14:00,14:00,15,0,0, COLORADO BLVD & E 38TH AVE,11,1,0,1,1,1,0,0,,0,0,0,0,0,2,2,16
,2024-015342,39.74323407,-104.9659882,5/1/2024 14:23,14:23,10,0,1,E 17TH AVE & N WILLIAMS ST,1,1,0,0,1,1,0,0,25,0,0,0,0,2,4,2,8
,2024-015344,39.76155516,-105.0035466,4/26/2024 13:31,13:31,15,0,0,I-25 & PARK AVE W,1,1,0,0,1,4,0,0,55,0,0,0,0,0,1,2,14
,2024-015345,39.71119521,-104.997141,4/30/2024 16:00,16:00,12,0,0,W ALAMEDA AVE & S SANTA FE DR,1,1,0,0,1,1,0,0,35,0,0,0,0,0,2,2,3
,2024-015346,39.69598127,-105.0532358,5/1/2024 7:53,7:53,12,0,0, SHERIDAN BLVD & W MISSISSIPPI AVE,1,1,1,0,1,4,0,0,40,0,0,0,0,0,2,2,10
,2024-015347,39.71115551,-105.0226607,4/27/2024 13:33,13:33,3,0,0,W ALAMEDA AVE & S DECATUR ST,11,1,0,2,1,1,0,0,40,0,0,0,0,0,2,2,13
,2024-015348,39.74001092,-104.9718786,4/30/2024 3:11,3:11,2,0,1,E COLFAX AVE & N MARION ST,1,3,0,0,1,1,0,0,,1,0,0,0,3,2,1,16
,2024-015351,39.71818811,-104.9593202,5/1/2024 10:15,10:15,12,0,0,E 1ST AVE & N UNIVERSITY BLVD,1,1,0,0,1,1,0,0,35,0,0,0,0,0,4,2,3
,2024-015357,39.78193671,-104.9666996,4/22/2024 21:41,21:41,2,0,1,E 47TH AVE & N BRIGHTON BLVD,1,3,0,0,1,1,0,0,0,1,0,0,0,3,2,1,16
,2024-015360,39.75022502,-105.0047788,5/1/2024 10:00,10:00,12,0,0, SPEER BLVD & WEWATTA ST,1,1,1,0,1,1,0,0,35,0,0,0,0,0,4,2,1
,2024-015365,39.73114616,-105.0253733,5/1/2024 11:14,11:14,6,0,1,W 9TH AVE & N FEDERAL BLVD,1,1,0,0,1,4,0,0,25,0,0,0,0,1,4,2,16
,2024-015376,39.77913581,-104.979112,4/29/2024 13:07,13:07,1,0,0, WASHINGTON ST & I-70 EB RAMPS,1,1,0,0,1,1,0,0,30,0,0,0,0,0,4,2,13
,2024-015384,39.77563339,-104.8658434,4/30/2024 17:19,17:19,12,0,0,I-70 & N HAVANA ST,1,1,0,0,1,4,0,0,55,0,0,0,0,0,2,2,13
,2024-015391,39.78410595,-105.0230953,5/1/2024 15:35,15:35,15,0,1,I-70 & N FEDERAL BLVD,1,1,0,0,1,4,0,0,55,0,0,0,0,1,1,2,11
,2024-015393,39.71759919,-105.0044412,5/1/2024 13:34,13:34,12,0,0,I-25 & E ALAMEDA AVE,1,1,0,0,1,4,0,0,55,0,0,0,0,0,1,2,7
,2024-015394,39.75703986,-105.0100627,4/30/2024 16:15,16:15,12,0,0,I-25 & 15TH ST,1,1,0,0,1,4,0,0,55,0,0,0,0,0,1,4,13
,2024-015397,39.72908154,-104.9717792,4/25/2024 4:59,4:59,3,0,2,E 8TH AVE & N MARION ST,1,3,0,0,1,1,0,0,25,0,0,0,0,3,4,2,14
,2024-015400,39.77288121,-104.9405108,4/30/2024 13:07,13:07,12,0,1, COLORADO BLVD & E 40TH AVE,1,1,0,0,1,1,0,0,40,0,0,0,0,1,2,3,16
,2024-015424,39.70992334,-104.9035117,4/28/2024 11:33,11:33,12,0,0, QUEBEC ST & E ALAMEDA AVE,1,1,0,0,1,4,0,0,35,0,0,0,0,0,4,2,16
,2024-015425,39.78899894,-105.0081197,4/30/2024 13:15,13:15,6,0,0,W 51ST ST & PECOS ST,1,1,0,0,1,4,0,0,25,0,0,0,0,0,4,2,13
,2024-015426,39.70301896,-104.9129875,5/1/2024 21:03,21:03,12,0,2,LEETSDALE DR & S MONACO ST,1,3,0,0,1,3,0,0,35,0,0,0,0,2,2,2,16
,2024-015428,39.72906831,-104.9861529,5/1/2024 19:50,19:50,15,0,0,E 8TH AVE & N LINCOLN ST,1,2,1,0,1,1,0,0,30,0,0,0,0,0,4,2,3
,2024-015447,39.67847265,-104.9653801,5/3/2024 17:16,17:16,12,0,0,E EVANS AVE & S HIGH ST,1,1,0,0,1,4,0,0,35,0,0,0,0,0,4,2,13
,2024-015448,39.78375094,-105.0344144,5/3/2024 7:20,7:20,12,0,0,I-70 WB OFF RAMP & N LOWELL BLVD,1,1,1,7,1,8,0,0,35,0,0,0,0,0,1,2,14
,2024-015452,39.71112651,-105.0157049,5/3/2024 7:50,7:50,3,0,0,W ALAMEDA AVE & S ZUNI ST,1,1,0,0,1,1,0,0,35,0,0,0,0,0,2,2,16
,2024-015453,39.78030309,-104.9902627,5/2/2024 11:09,11:09,12,0,0,I-25 SB ON RAMP FROM -70 WB OFF RAMP & I-70 OVERPASS,1,1,3,0,1,8,0,0,55,0,0,0,0,0,1,2,3
,2024-015456,39.674844,-104.9593813,5/2/2024 10:30,10:30,12,0,0, UNIVERSITY BLVD & E ILIFF AVE,1,1,0,0,1,1,0,0,30,0,0,0,0,0,4,3,3
,2024-015461,39.72570932,-105.0001402,5/2/2024 11:30,11:30,3,0,0,W 6TH AVE & N KALAMATH ST,1,1,0,0,1,1,0,0,30,0,0,0,0,0,4,2,3
,2024-015462,39.67078193,-104.8660462,5/1/2024 15:35,15:35,3,0,0, PARKER RD & S HAVANA ST,1,1,0,0,1,1,0,0,30,0,0,0,0,0,2,2,3
,2024-015463,39.61806348,-105.0913789,4/28/2024 12:51,12:51,12,0,4, WADSWORTH BLVD & W CRESTLINE AVE,1,1,0,0,1,4,0,0,40,0,0,0,0,1,2,3,7
,2024-015464,39.73827906,-105.0416585,5/2/2024 10:58,10:58,12,0,0, RALEIGH ST & W 14TH AVE,1,1,0,0,1,4,0,0,25,0,0,0,0,0,4,4,13
,2024-015465,39.68489358,-104.9604966,5/2/2024 7:01,7:01,5,0,0,I-25 & S UNIVERITY BLVD,1,1,1,0,1,4,0,0,55,0,0,0,0,0,1,2,14
,2024-015466,39.76080609,-105.0144789,5/2/2024 8:00,8:00,3,0,0,W 31ST AVE & N WYANDOT ST,1,1,0,0,1,1,0,0,25,0,0,0,0,0,4,2,13
,2024-015468,39.73469196,-104.9406188,5/2/2024 9:02,9:02,1,0,0, COLORADO BLVD & E 12TH AVE,1,1,0,0,1,1,0,0,35,0,0,0,0,0,2,2,16
,2024-015471,39.74033568,-105.0428379,4/30/2024 9:40,9:40,15,0,0,W COLFAX AVE & N STUART ST,1,1,0,0,1,3,0,0,35,0,0,0,0,0,2,2,13
,2024-015474,39.72726485,-104.9874161,4/27/2024 12:45,12:45,12,0,0, SPEER BLVD & STOUT ST,11,1,0,0,1,3,0,0,30,0,0,0,0,0,4,3,13
,2024-015477,39.70750106,-104.9123349,5/2/2024 9:54,9:54,12,0,1,E VIRGINIA AVE & S MONACO ST,1,1,0,0,1,2,0,0,25,0,0,0,0,1,4,2,16
,2024-015481,39.73829614,-104.9257816,5/2/2024 10:22,10:22,11,0,1, GLENCOE ST & E 14TH AVE,1,1,0,0,1,3,0,0,0,0,1,0,0,1,4,1,16
,2024-015482,39.71685547,-104.9058066,5/2/2024 14:10,14:10,12,0,0,E LOWRY BLVD & N PONTIAC ST,1,1,0,0,1,3,0,0,25,0,0,0,0,0,4,2,13
,2024-015483,39.78288829,-104.9008077,5/1/2024 8:02,8:02,15,0,0, NORTHFIELD QUEBEC ST & I-270,1,1,0,0,1,4,0,0,40,0,0,0,0,0,2,2,13
,2024-015484,39.71476141,-104.9862692,4/19/2024 19:56,19:56,6,0,0,E BAYAUD AVE & S LINCOLN ST,14,3,3,7,1,4,0,0,,0,0,0,0,0,4,2,16
,2024-015486,39.62422944,-104.9020004,5/3/2024 5:45,5:45,15,0,0,I-25 & E BELLEVIEW AVE,1,1,0,0,1,4,0,0,60,0,0,0,0,0,1,3,1
,2024-015488,39.75196988,-104.9781336,5/3/2024 0:39,0:39,6,0,0, WASHINGTON ST & 24TH AVE,1,3,0,0,1,4,0,0,25,0,0,0,0,0,4,3,16
,2024-015489,39.73232482,-104.9835838,5/3/2024 2:20,2:20,6,0,1, GRANT ST & E 10TH AVE,1,3,0,0,1,3,0,0,30,0,0,0,0,2,4,3,14
,2024-015490,39.68009613,-104.9408883,5/2/2024 16:10,16:10,15,0,0,E BUCHTEL BLVD & S COLORADO BLVD,1,1,0,0,1,1,0,0,30,0,0,0,0,0,2,2,3
,2024-015491,39.72098357,-104.959435,5/3/2024 9:24,9:24,10,0,0, UNIVERSITY BLVD & E 3RD AVE,1,1,0,0,1,1,0,0,30,0,0,0,0,0,4,2,11
,2024-015492,39.68209365,-104.9222344,5/3/2024 6:47,6:47,3,0,0, HOLLY ST & E JEWELL AVE,1,1,0,0,1,1,0,0,30,0,0,0,0,0,4,2,14
,2024-015493,39.72550347,-105.0330327,5/2/2024 9:20,9:20,12,0,0,W 6TH AVE & S KNOX CT,1,1,0,0,1,4,0,0,55,0,0,0,0,0,2,3,16
,2024-015494,39.74003412,-105.0021099,5/2/2024 23:00,23:00,11,0,1,W COLFAX AVE & N MARIPOSA ST,1,3,0,0,2,4,0,0,0,0,0,1,0,2,2,1,16
,2024-015495,39.74164122,-104.9721567,5/3/2024 10:35,10:35,3,0,0, MARION ST & E 16TH AVE,1,1,0,0,1,1,0,0,20,0,0,0,0,0,4,2,16
,2024-015498,39.65311204,-104.922337,5/3/2024 6:58,6:58,12,0,0,E HAMPDEN AVE & S HOLLY ST,1,1,0,0,1,4,0,0,40,0,0,0,0,0,2,2,14
,2024-015500,39.74562964,-104.8869957,5/3/2024 11:55,11:55,3,0,0,E 19TH AVE & N XANTHIA ST,1,1,0,0,1,1,0,0,25,0,0,0,0,0,4,2,11
,2024-015503,39.76035628,-104.9847547,5/3/2024 19:49,19:49,12,0,1,WALNUT ST & 27TH ST,1,3,0,0,1,4,0,0,30,0,0,0,0,1,4,4,14
,2024-015507,39.72517689,-105.0249815,5/3/2024 11:58,11:58,10,0,0,W 6TH AVE EB OFF RAMP & N FEDERAL BLVD,1,1,0,0,1,1,0,0,45,0,0,0,0,0,2,2,16
,2024-015508,39.75095211,-105.016954,5/2/2024 19:06,19:06,12,0,0,I-25 & W 23RD AVE,1,1,0,0,1,4,0,0,55,0,0,0,0,0,2,2,13
,2024-015509,39.78012893,-104.9425349,5/2/2024 6:44,6:44,15,0,1,I-70 & N COLORADO BLVD,1,1,1,0,1,4,0,0,,0,0,0,0,3,1,2,16
,2024-015510,39.72254723,-104.98623,5/2/2024 8:39,8:39,3,0,1,E 4TH AVE & N LINCOLN ST,1,1,0,0,1,1,0,0,25,0,0,0,0,1,4,3,11
,2024-015511,39.77626001,-104.8731012,5/1/2024 16:51,16:51,12,0,1,I-70 & HAVANA ST,1,1,0,0,1,4,0,0,55,0,0,0,0,1,1,2,13
,2024-015517,39.7800819,-104.9415679,5/1/2024 23:06,23:06,15,0,0,I-70 & N COLORADO BLVD,1,3,0,0,1,4,0,0,55,0,0,0,0,0,1,2,13
,2024-015518,39.72259001,-104.9874858,5/2/2024 8:02,8:02,12,0,0, BROADWAY & E 4TH AVE,1,1,0,0,1,4,0,0,35,0,0,0,0,0,4,2,16
,2024-015520,39.77497225,-104.9780465,5/2/2024 13:21,13:21,12,0,0,38TH ST & ARKINS CT,1,1,0,0,1,1,0,0,20,0,0,0,0,0,4,2,13
,2024-015524,39.77292479,-104.865815,5/2/2024 15:50,15:50,15,0,0,E 40TH AVE & N HAVANA ST,1,1,0,0,1,1,0,0,30,0,0,0,0,0,4,2,13
,2024-015525,39.69470435,-104.9362138,5/1/2024 12:10,12:10,6,0,0, BIRCH ST & E ARIZONA AVE,1,1,0,0,1,4,0,0,,0,0,0,0,0,4,2,16
,2024-015526,39.71852841,-105.0532806,5/1/2024 21:37,21:37,8,0,0, SHERIDAN BLVD & W 1ST AVE,1,3,1,0,6,4,0,0,40,0,0,0,0,0,2,2,7
,2024-015533,39.65303536,-104.9090961,5/1/2024 14:10,14:10,1,0,1,E HAMPDEN AVE & S ONEIDA WY,1,1,0,0,1,1,0,0,35,0,0,0,0,1,2,2,3
,2024-015537,39.682081,-104.9128937,5/2/2024 7:46,7:46,1,0,0,E JEWELL AVE & S MONACO ST,1,1,0,0,1,1,0,0,30,0,0,0,0,0,4,2,11
,2024-015538,39.77292483,-104.865815,4/29/2024 12:34,12:34,1,0,0, HAVANA ST & E 40TH AVE,1,1,0,0,1,1,0,0,35,0,0,0,0,0,4,2,7
,2024-015540,39.72183281,-105.0090631,5/3/2024 10:57,10:57,12,0,0,I-25 & NB OFF RAMP EXT TO W 6TH AVE,1,1,0,0,1,8,0,0,55,0,0,0,0,0,1,2,11
,2024-015542,39.65307905,-104.8987255,4/26/2024 17:59,17:59,1,0,0, TAMARAC DR & E HAMPDEN AVE,1,1,0,0,1,1,0,0,30,0,0,0,0,0,2,3,16
,2024-015543,39.72039035,-104.9035432,5/2/2024 15:45,15:45,12,0,1, QUEBEC ST & E 2ND AVE,1,1,3,0,1,3,0,0,35,0,0,0,0,1,4,3,13