id,drcog_id,latitude,longitude,crashtime,time,crashtype,numbkilled,numbinjurd,drcoglocat,rdconditin,lightngcon,roadcntgrd,weatherco,location,roaddescrp,schoolzone,constrzone,splimit,bikeinv,pedinv,sctrinv,motoinv,svrty,rdsystem,ttlvehcls,hcf
,2024-015544,39.69871594,-104.9038726,5/2/2024 8:13,8:13,12,0,0,LEETSDALE DR & QUEBEC ST,1,1,0,0,1,4,0,0,35,0,0,0,0,0,2,2,14
,2024-015545,39.68770944,-104.9919378,5/2/2024 10:54,10:54,12,0,0, SANTA FE DR & W IOWA AVE,1,1,0,0,1,3,0,0,45,0,0,0,0,0,2,2,14
,2024-015549,39.67846517,-104.9312661,5/2/2024 10:12,10:12,15,0,0,E EVANS AVE & S DAHLIA ST,1,1,0,0,1,4,0,0,30,0,0,0,0,0,4,2,11
,2024-015553,39.78529818,-104.8830738,5/1/2024 17:32,17:32,3,0,0, CENTRAL PARK BLVD & E NORTHFIELD BLVD,1,1,0,0,1,1,0,0,35,0,0,0,0,0,4,2,13
,2024-015554,39.65315139,-105.0532903,5/2/2024 13:34,13:34,3,0,1, SHERIDAN BLVD & W HAMPDEN AVE,1,1,0,0,1,1,0,0,,0,0,0,0,1,2,2,16
,2024-015555,39.77860081,-104.922255,5/2/2024 16:03,16:03,12,0,1,I-70 & N HOLLY ST,1,1,0,0,1,4,0,0,55,0,0,0,0,1,1,2,1
,2024-015557,39.77319002,-104.8098795,5/2/2024 8:02,8:02,14,0,0,E 40TH AVE & N CHAMBERS RD,1,1,0,0,1,3,0,0,40,0,0,0,0,0,4,2,13
,2024-015558,39.78239993,-104.9891497,5/1/2024 22:42,22:42,12,0,0,I-25 & W 48TH AVE,1,3,0,0,1,4,0,0,55,0,0,0,0,0,1,2,14
,2024-015564,39.79842736,-104.7349286,4/19/2024 12:45,12:45,15,0,0,E 56TH AVE & N PICADILLY RD,1,1,0,0,1,4,0,0,,0,0,0,0,0,4,2,16
,2024-015571,39.73204264,-104.9857587,4/27/2024 23:32,23:32,6,0,0,100 E 10TH AVE,11,3,0,1,1,3,0,0,,0,0,0,0,0,4,4,9
,2024-015572,39.76449075,-104.9597604,5/3/2024 15:38,15:38,12,0,1,E BRUCE RANDOLPH AVE & N YORK ST,1,1,0,0,1,4,0,0,35,0,0,0,0,2,4,2,3
,2024-015575,39.77860081,-104.922255,5/2/2024 15:22,15:22,12,0,0,I-70 & N HOLLY ST,1,1,0,0,1,4,0,0,55,0,0,0,0,0,1,2,3
,2024-015576,39.71118515,-104.9923985,5/2/2024 6:34,6:34,3,0,0,W ALAMEDA AVE & S CHEROKEE ST,1,1,0,0,1,1,0,0,35,0,0,0,0,0,4,2,11
,2024-015583,39.74091987,-104.9697118,5/3/2024 7:48,7:48,3,0,0,PARK AVE & N HUMBOLDT ST,1,1,0,0,1,1,0,0,25,0,0,0,0,0,4,2,7
,2024-015589,39.72688634,-105.0141509,5/2/2024 18:14,18:14,12,0,0,I-25 & W 6TH AVE,1,1,0,0,1,4,0,0,55,0,0,0,0,0,1,3,16
,2024-015592,39.70205607,-104.940617,5/2/2024 13:45,13:45,15,0,0, COLORADO BLVD & E OHIO AVE,1,1,0,0,1,1,0,0,35,0,0,0,0,0,2,3,3
,2024-015597,39.8002033,-104.7721166,4/30/2024 15:05,15:05,12,0,0, TOWER RD & E 57TH AVE,1,1,1,0,1,4,0,0,40,0,0,0,0,0,4,2,14
,2024-015599,39.72550199,-105.0329977,5/2/2024 9:20,9:20,12,0,0,W 6TH AVE & S KNOX CT,1,1,0,0,1,4,0,0,55,0,0,0,0,0,2,2,16
,2024-015602,39.73562773,-104.8859246,5/4/2024 3:10,3:10,6,0,0,E 12TH AVE & N XENIA ST,1,3,0,0,1,4,0,0,25,0,0,0,0,0,4,3,16
,2024-015603,39.71135528,-104.9365035,5/4/2024 4:06,4:06,12,0,0,LEETSDALE DR & E ALAMEDA AVE,1,3,0,0,1,1,0,0,20,0,0,0,0,0,2,2,16
,2024-015605,39.67845765,-104.9082014,5/2/2024 16:00,16:00,12,0,1,E EVANS AVE & S ONEIDA ST,1,1,0,0,1,1,0,0,,0,0,0,0,1,4,2,16
,2024-015607,39.72861989,-104.9894876,5/3/2024 16:25,16:25,3,0,2, BANNOCK ST & N SPEER BLVD,1,1,3,0,1,1,0,0,35,0,0,0,0,1,4,2,12
,2024-015608,39.78148388,-104.9656089,5/3/2024 17:30,17:30,6,0,0, WILLIAMS ST & E 47TH AVE,1,4,0,0,1,4,0,0,,0,0,0,0,0,4,2,16
,2024-015609,39.78470492,-104.9891383,5/2/2024 15:48,15:48,15,0,1,I-25 & W 48TH AVE,1,1,0,0,1,4,0,0,,0,0,0,0,1,1,3,16
,2024-015611,39.78362126,-104.7744741,5/3/2024 23:30,23:30,3,0,0,E GREEN VALLEY RANCH BLVD & N YAMPA ST,1,3,0,0,1,1,0,0,40,0,0,0,0,0,4,2,13
,2024-015613,39.79605386,-104.8893977,3/6/2024 12:00,12:00,11,0,1,E 54TH PL ALLEY & N WABASH ST,1,1,0,0,1,9,0,0,0,0,1,0,0,2,4,1,16
,2024-015618,39.72514177,-105.0253469,5/4/2024 2:35,2:35,12,0,3,W 6TH AVE EB OFF RAMP & N FEDERAL BLVD,1,3,0,0,1,8,0,0,20,0,0,0,0,2,2,2,16
,2024-015623,39.83604797,-104.6929185,5/3/2024 10:09,10:09,3,0,0, JACKSON GAP ST & E 78TH AVE,1,1,0,0,1,2,0,0,30,0,0,0,0,0,4,2,11
,2024-015625,39.66115667,-105.0532286,5/2/2024 17:45,17:45,6,0,0,2941  SHERIDAN BLVD & W DARTHMOUTH AVE,1,1,1,0,2,4,0,0,35,0,0,0,0,0,2,2,7
,2024-015628,39.72563765,-104.9862302,5/1/2024 21:13,21:13,3,0,1,W 6TH AVE & N SPEER BLVD,1,3,0,0,1,1,0,0,30,0,0,0,0,1,4,2,16
,2024-015630,39.74021851,-104.9022591,5/1/2024 14:19,14:19,5,0,0,E COLFAX AVE & N QUINCE ST,1,1,0,0,3,4,0,0,30,0,0,0,0,0,2,1,16
,2024-015633,39.76087294,-105.0051622,5/1/2024 21:33,21:33,15,0,0,I-25 & 20TH ST,1,1,0,0,1,4,0,0,55,0,0,0,0,0,2,2,16
,2024-015635,39.74167717,-104.9835901,5/4/2024 0:05,0:05,11,0,1, GRANT ST & E 16TH AVE,1,3,0,0,1,1,0,0,0,1,0,0,0,1,4,1,16
,2024-015636,39.71479255,-104.9999637,5/3/2024 23:36,23:36,3,0,0,W BAYAUD AVE & S KALAMATH ST,1,3,0,0,1,14,0,0,30,0,0,0,0,0,4,2,8
,2024-015638,39.68952238,-104.9769463,5/2/2024 22:04,22:04,6,0,0, EMERSON ST & E FLORIDA AVE,1,3,0,0,1,3,0,0,25,0,0,0,0,0,4,2,16
,2024-015641,39.76928315,-105.0017601,5/4/2024 1:17,1:17,1,0,1,W 38TH AVE & N LIPAN ST,1,3,0,0,1,1,0,0,35,0,0,0,0,1,4,2,7
,2024-015645,39.78746603,-105.0252217,5/3/2024 23:46,23:46,1,0,0, FEDERAL BLVD & W 50TH AVE,1,3,0,0,1,1,0,0,35,0,0,0,0,0,2,2,13
,2024-015646,39.78114,-104.97139,5/4/2024 0:01,0:01,16,0,0,4655  HUMBOLDT ST & E 47TH AVE,1,3,0,0,5,7,0,0,15,0,0,0,0,0,3,2,16
,2024-015649,39.73685719,-104.9941214,5/2/2024 11:07,11:07,11,0,0,W 13TH AVE & N ELATI ST,1,1,0,0,1,1,0,0,30,0,0,1,0,0,4,1,16
,2024-015652,39.76746209,-104.9034673,5/3/2024 13:42,13:42,11,0,1, QUEBEC ST & E 36TH AVE,1,1,0,0,1,1,0,0,45,0,1,0,0,2,4,1,13
,2024-015657,39.70066858,-105.0324299,5/2/2024 8:24,8:24,11,0,1, KNOX CT & W KENTUCKY AVE,1,1,0,0,1,9,0,0,20,0,1,0,0,2,4,1,16
,2024-015662,39.7089943,-104.9309731,3/1/2024 16:28,16:28,3,0,0,4850 LEETSDALE DR & S DAHLIA ST,1,1,0,0,1,2,0,0,45,0,0,0,0,0,2,2,16
,2024-015733,39.75530657,-105.0128634,1/9/2024 9:10,9:10,12,0,0,I-25 & SPEER BLVD,1,1,3,0,1,4,0,0,65,0,0,0,0,0,1,2,14
,2024-015760,39.76201106,-104.9720996,5/1/2024 4:04,4:04,6,0,2,E MLK JR BLVD & N MARION ST,1,3,0,0,1,4,0,0,25,0,0,0,0,2,4,7,2
,2024-015762,39.6786821,-105.0162468,5/4/2024 17:47,17:47,12,0,1,W EVANS AVE & S ZUNI ST,1,1,0,0,1,3,0,0,,0,0,0,0,1,4,2,16
,2024-015764,39.76180394,-104.9405117,5/4/2024 20:59,20:59,1,0,0, COLORADO BLVD & E MLK BLVD,1,3,0,0,1,1,0,0,35,0,0,0,0,0,2,2,11
,2024-015766,39.71657164,-105.0272504,4/19/2024 16:40,16:40,6,0,0,3148 W ELLSWORTH AVE,11,1,0,0,1,4,0,0,20,0,0,0,0,0,4,3,16
,2024-015769,39.75433662,-104.9942728,5/5/2024 2:17,2:17,16,0,0,20TH ST & BLAKE ST,1,3,0,0,5,7,0,0,,0,0,0,0,0,3,2,16
,2024-015774,39.79838825,-104.7865525,5/4/2024 18:31,18:31,15,0,0,E 56TH AVE & PENA BLVD,1,1,0,0,1,4,0,0,30,0,0,0,0,0,4,2,13
,2024-015789,39.77703709,-104.8800299,5/5/2024 16:07,16:07,15,0,0,I-70 & MM 279.749,1,1,0,0,1,4,0,0,55,0,0,0,0,0,1,2,11
,2024-015819,39.67857056,-104.9815706,5/5/2024 17:12,17:12,12,0,1,E EVANS AVE & S PENNSYLVANIA ST,1,1,0,0,1,3,0,0,35,0,0,0,0,1,4,2,14
,2024-015821,39.76006847,-104.8680602,5/5/2024 17:22,17:22,15,0,0,E MLK BLVD & N GENEVA CT,1,1,0,0,1,4,0,0,35,0,0,0,0,0,4,2,11
,2024-015822,39.72580799,-105.0527371,5/5/2024 17:34,17:34,15,0,1,W 6TH AVE & N SHERIDAN BLVD,1,1,0,0,1,4,0,0,55,0,0,0,0,2,2,4,16
,2024-015823,39.65307901,-104.8987255,5/5/2024 20:26,20:26,3,0,0,E HAMPDEN AVE & S TAMARAC DR,1,3,0,0,1,1,0,0,30,0,0,0,0,0,2,2,13
,2024-015825,39.79123901,-104.7459235,5/4/2024 4:50,4:50,6,0,0, LISBON ST & E 52ND AVE,1,3,0,0,1,4,0,0,20,0,0,0,0,0,4,2,2
,2024-015826,39.76148228,-104.9746147,5/5/2024 15:49,15:49,3,0,1,32ND ST & CHAMPA ST,1,1,0,0,1,1,0,0,25,0,0,0,0,2,4,2,11
,2024-015827,39.77439223,-104.8514838,4/22/2024 16:11,16:11,15,0,0,I-70 & EB OFF RAMP EXT TO N PEORIA ST,1,1,0,0,1,13,0,0,,0,0,0,0,0,1,2,16
,2024-015830,39.71108966,-105.0275407,5/4/2024 20:00,20:00,3,0,1,W ALAMEDA AVE & S HAZEL CT,1,3,0,0,1,1,0,0,35,0,0,0,0,1,2,2,13
,2024-015833,39.69674631,-105.0297402,5/4/2024 16:40,16:40,3,0,1,W MISSISSIPPI AVE & S IRVING ST,1,1,0,0,1,1,0,0,25,0,0,0,0,1,4,2,13
,2024-015834,39.77812167,-104.8924498,5/5/2024 2:29,2:29,6,0,2,I-70 & WB OFF RAMP EXT TO I-270,1,4,0,0,3,4,0,0,,0,0,0,0,2,1,2,16
,2024-015840,39.72907061,-104.985564,4/11/2024 14:29,14:29,3,0,2,E 8TH AVE & N SHERMAN ST,1,1,0,0,1,2,0,0,20,0,0,0,0,2,4,2,16
,2024-015847,39.77800475,-104.8470316,5/5/2024 5:02,5:02,12,0,0, PEORIA ST & E 45TH AVE,1,3,0,0,1,4,0,0,35,0,0,0,0,0,4,2,11
,2024-015856,39.62835025,-104.9040497,5/3/2024 17:15,17:15,12,0,0,I-25 & E UNION AVE,1,1,0,0,1,4,0,0,,0,0,0,0,0,1,2,16
,2024-015857,39.74361083,-104.9925568,4/21/2024 12:00,12:00,3,0,0,15TH ST & WELTON ST,1,1,0,0,1,1,0,0,30,0,0,0,0,0,4,2,14
,2024-015862,39.76928852,-105.0005888,5/6/2024 9:57,9:57,3,0,0, KALAMATH ST & W 38TH AVE,1,1,0,0,1,1,0,0,25,0,0,0,0,0,4,2,13
,2024-015868,39.77484541,-104.8471001,5/6/2024 7:10,7:10,15,0,0,I-70 WB OFF RAMP & N PEORIA ST,1,1,0,0,1,1,0,0,35,0,0,0,0,0,4,2,13
,2024-015869,39.66044527,-105.0442398,5/6/2024 7:35,7:35,15,0,0,W CORNELL AVE & S RALEIGH ST,1,1,0,6,1,4,1,0,20,0,0,0,0,0,4,2,1
,2024-015872,39.6791603,-105.0532681,4/26/2024 18:30,18:30,12,0,0, SHERIDAN BLVD & W EVANS AVE,11,1,0,7,1,3,0,0,,0,0,0,0,0,2,2,16
,2024-015876,39.77051801,-105.0121849,5/5/2024 21:53,21:53,6,0,0,W 39TH AVE & N UMATILLA ST,1,4,0,0,2,4,0,0,20,0,0,0,0,0,4,2,14
,2024-015878,39.74005941,-104.9349999,4/21/2024 19:00,19:00,15,0,0,E COLFAX AVE & N CLERMONT ST,1,1,0,0,1,1,0,0,35,0,0,0,0,0,2,2,16
,2024-015879,39.84928164,-104.6726895,4/16/2024 14:38,14:38,6,0,0,PENA BLVD & E 85TH AVE,1,1,0,0,1,4,0,0,15,0,0,0,0,0,4,2,11
,2024-015881,39.78511557,-104.8425703,4/29/2024 2:20,2:20,5,0,0,E ANDREWS DR & N TROY ST,1,4,0,0,1,4,0,0,,0,0,0,0,0,4,2,16
,2024-015888,39.79567854,-104.884336,5/6/2024 3:07,3:07,5,0,0, CENTRAL PARK BLVD & E 54TH AVE,1,3,0,0,2,4,0,0,45,0,0,0,0,0,4,1,14
,2024-015894,39.70572441,-104.9863034,4/29/2024 14:46,14:46,3,0,0, LINCOLN ST & E CENTER DR,1,1,0,0,1,1,0,0,35,0,0,0,0,0,4,2,16
,2024-015900,39.78080421,-104.9667499,4/7/2024 16:30,16:30,15,0,0, BRIGHTON BLVD & E 46TH AVE,1,1,0,0,1,2,0,0,,0,0,0,0,0,4,2,16
,2024-015904,39.71110896,-104.9745608,5/3/2024 16:00,16:00,3,0,0, CORONA ST & E ALAMEDA AVE,1,1,0,0,1,1,0,0,25,0,0,0,0,0,4,2,13
,2024-015907,39.76148799,-105.0044334,5/5/2024 15:37,15:37,12,0,0,I-25 & 20TH ST,1,1,0,0,1,4,0,0,,0,0,0,0,0,1,3,16
,2024-015915,39.65691145,-105.0420195,5/4/2024 7:20,7:20,6,0,0, RALEIGH ST & W ELDORADO PL,1,1,0,0,1,4,0,0,30,0,0,0,0,0,4,2,2
,2024-015921,39.75690552,-104.9857196,4/24/2024 21:05,21:05,2,0,0,LAWERENCE  ST & 25TH  ST,1,1,0,0,1,1,0,0,,1,0,0,0,0,4,1,16
,2024-015927,39.75710257,-104.9907147,5/6/2024 6:25,6:25,3,0,0,PARK AVE W & BLAKE ST,1,1,0,0,1,1,0,0,25,0,0,0,0,0,4,2,7
,2024-015928,39.74198909,-104.8846523,4/23/2024 15:30,15:30,3,0,0,E 16TH AVE & N YOSEMITE ST,1,1,0,0,1,1,0,0,,0,0,0,0,0,4,2,16
,2024-015935,39.67848621,-104.9673854,4/19/2024 14:45,14:45,6,0,0,E EVANS AVE & S GILPIN ST,11,1,0,1,1,4,0,0,35,0,0,0,0,0,4,2,16
,2024-015936,39.72869936,-105.0145926,5/4/2024 9:45,9:45,12,0,0,I-25 & W 6TH AVE,1,1,0,0,1,4,0,0,55,0,0,0,0,0,1,2,16
,2024-015937,39.74027908,-105.0298586,5/4/2024 17:25,17:25,12,0,0, IRVING ST & W COLFAX AVE,1,1,0,0,1,1,0,0,25,0,0,0,0,0,2,2,8
,2024-015939,39.76111192,-105.0105097,5/4/2024 15:40,15:40,6,0,0,ERIE ST & 17TH ST,1,1,0,0,1,4,0,0,20,0,0,0,0,0,4,2,13
,2024-015941,39.73491432,-104.9986698,4/29/2024 14:46,14:46,6,0,0, SANTA FE DR & W 12TH AVE,1,1,0,0,1,4,0,0,30,0,0,0,0,0,4,2,16
,2024-015942,39.78566863,-105.0252056,5/3/2024 17:45,17:45,12,0,0, FEDERAL BLVD & W 49TH AVE,1,2,0,0,1,3,0,0,10,0,0,0,0,0,2,2,13
,2024-015944,39.74380958,-104.8846522,5/6/2024 6:26,6:26,8,0,0,E 17TH AVE & N YOSEMITE ST,1,1,0,0,1,3,0,0,30,0,0,0,0,0,4,2,16
,2024-015945,39.74161691,-104.9591613,5/3/2024 9:05,9:05,10,0,0, JOSEPHINE ST & E 16TH AVE,1,1,0,0,1,1,0,0,30,0,0,0,0,0,4,2,13
,2024-015946,39.65591084,-105.0555749,5/3/2024 16:23,16:23,12,0,0,W COLGATE PL & W DARTMOUTH AVE,1,1,0,0,1,1,0,0,25,0,0,0,0,0,4,2,4
,2024-015947,39.78023155,-104.9485914,4/12/2024 17:45,17:45,15,0,0,I-70 & MM 276.2,1,1,0,0,1,4,0,0,,0,0,0,0,0,1,2,16
,2024-015953,39.66076073,-104.9216959,4/20/2024 13:35,13:35,12,0,0,I-25 & E YALE AVE,11,1,0,1,1,4,0,0,,0,0,0,0,0,1,2,16
,2024-015955,39.77555376,-104.8649215,5/6/2024 3:35,3:35,15,0,2,I-70 & N HAVANA ST,1,3,0,0,1,4,0,0,55,0,0,0,0,2,1,2,16
,2024-015956,39.70220354,-105.0250601,5/3/2024 14:45,14:45,12,0,0, FEDERAL BLVD & W OHIO AVE,1,1,0,0,1,1,0,0,40,0,0,0,0,0,2,2,3
,2024-015957,39.74326102,-104.9597834,4/27/2024 13:45,13:45,12,0,0,E 17TH AVE & N YORK ST,11,1,0,1,1,3,0,0,35,0,0,0,0,0,4,2,13
,2024-015958,39.74231514,-104.9993361,5/6/2024 0:40,0:40,3,0,0, SPEER BLVD & CHAMPA ST,1,3,0,0,1,1,0,0,30,0,0,0,0,0,4,2,14
,2024-015964,39.70666763,-104.9965606,4/13/2024 14:29,14:29,12,0,0,I-25 & S SANTA FE DR,1,1,0,0,1,4,0,0,,0,0,0,0,0,1,2,16
,2024-015965,39.75071887,-104.9597669,5/5/2024 2:49,2:49,1,0,0, YORK ST & E 23RD AVE,1,3,0,0,1,1,0,0,30,0,0,0,0,0,4,2,10
,2024-015973,39.7368556,-104.9691089,5/6/2024 0:19,0:19,6,0,0,1280 N HUMBOLDT ST,1,3,0,0,1,4,0,0,30,0,0,0,0,0,4,4,16
,2024-015974,39.75950123,-104.993816,4/25/2024 3:19,3:19,5,0,0,PARK AVE W & DELGANY ST,1,3,0,0,2,4,0,0,35,0,0,0,0,0,4,1,13
,2024-015976,39.73853023,-105.0322673,5/5/2024 8:30,8:30,6,0,0, KNOX CT & W 14TH AVE,1,1,0,0,1,4,0,0,30,0,0,0,0,0,4,4,16
,2024-015984,39.65418119,-105.0531155,5/3/2024 17:06,17:06,12,0,0, SHERIDAN BLVD & W HAMPDEN AVE,1,1,0,0,1,4,0,0,,0,0,0,0,0,2,3,16
,2024-015990,39.68483887,-104.9621894,5/2/2024 17:16,17:16,15,0,0,I-25 & S UNIVERSITY BLVD,1,1,0,0,1,4,0,0,60,0,0,0,0,0,1,4,3
,2024-015991,39.78025562,-104.9469406,5/6/2024 1:17,1:17,5,0,1,I-70 & EB OFF RAMP EXT TO N COLORADO BLVD,1,3,0,0,2,13,0,0,55,0,0,0,0,2,1,1,1
,2024-015993,39.71657696,-104.9875019,5/3/2024 16:00,16:00,15,0,1, BROADWAY & E ELLSWORTH AVE,1,1,0,0,1,1,0,0,35,0,0,0,1,1,4,2,3
,2024-015994,39.7729152,-104.9028458,5/6/2024 5:41,5:41,15,0,1, QUEBEC ST & E 40TH AVE,1,1,0,6,1,4,0,0,45,0,0,0,0,2,4,2,14
,2024-015998,39.68419117,-104.9447067,4/10/2024 11:55,11:55,12,0,1,I-25 & MM 204.3,1,1,1,0,1,4,0,0,55,0,0,0,0,1,1,2,14
,2024-016007,39.75433662,-104.9942728,4/22/2024 2:10,2:10,3,0,0,20TH ST & BLAKE ST,1,3,2,0,1,1,0,0,35,0,0,0,0,0,4,2,13
,2024-016009,39.75308361,-104.9854384,4/11/2024 12:44,12:44,15,0,0,CHAMPA ST & PARK AVE W,1,1,0,0,1,4,0,0,,0,0,0,0,0,4,2,16
,2024-016010,39.78004934,-104.9408983,5/3/2024 19:12,19:12,15,0,1,I-70 & N COLORADO BLVD,1,1,0,0,1,4,0,0,55,0,0,0,0,1,1,2,3
,2024-016013,39.74044344,-105.0139599,4/17/2024 11:54,11:54,12,0,0,I-25 & W COLFAX AVE,1,1,0,0,1,4,0,0,,0,0,0,0,0,1,2,16
,2024-016044,39.7823203,-104.8470109,5/6/2024 7:30,7:30,15,0,0, PEORIA ST & E 47TH AVE,1,1,0,0,1,4,0,0,30,0,0,0,0,0,4,4,1
,2024-016051,39.78910723,-104.8190797,5/7/2024 14:20,14:20,3,0,0,E 52ND AVE & N DEEPHAVEN CT,1,1,0,0,1,1,0,0,30,0,0,0,0,0,4,2,1
,2024-016053,39.77133879,-104.7604754,5/7/2024 2:16,2:16,5,0,1,E 40TH AVE & ENSENDA ST,1,4,0,0,2,4,0,0,35,0,0,0,0,2,4,1,10
,2024-016057,39.73688547,-104.9787209,5/6/2024 14:09,14:09,3,0,1, WASHINGTON ST & E 13TH AVE,1,1,0,0,1,1,0,0,25,0,0,0,0,2,4,2,3
,2024-016058,39.77834406,-104.9792447,4/10/2024 19:00,19:00,15,0,0, WASHINGTON ST & E 45TH AVE,1,2,0,0,1,1,0,0,35,0,0,0,0,0,4,2,10
,2024-016062,39.70815748,-104.9269733,5/6/2024 16:00,16:00,15,0,0,LEETSDALE DR & S FOREST ST,1,1,0,0,1,1,0,0,,0,0,0,0,0,2,2,16
,2024-016067,39.74034402,-105.032277,5/7/2024 12:02,12:02,3,0,0, KNOX CT & W COLFAX AVE,1,1,0,0,1,1,0,0,25,0,0,0,0,0,2,2,13
,2024-016073,39.75119743,-105.0390949,5/7/2024 10:18,10:18,12,0,0,W 23RD AVE & N PERRY ST,1,1,0,0,1,4,0,0,25,0,0,0,0,0,4,2,13
,2024-016077,39.72890465,-105.0149165,5/6/2024 14:48,14:48,12,0,0,I-25 & W 6TH AVE,1,1,2,0,1,4,0,0,55,0,0,0,0,0,1,2,1
,2024-016079,39.67318249,-104.9734513,5/6/2024 12:30,12:30,6,0,0, DOWNING ST & E WESLEY AVE,1,1,0,0,1,4,0,0,25,0,0,0,0,0,4,2,3
,2024-016081,39.68164583,-104.9593807,5/7/2024 10:27,10:27,6,0,0, UNIVERSITY BLVD & E BUCHTEL BLVD,1,1,0,0,1,4,0,0,30,0,0,0,0,0,4,2,16
,2024-016082,39.76486625,-105.0010263,5/7/2024 8:22,8:22,12,0,0,I-25 & 20TH ST,1,1,1,0,1,13,0,0,55,0,0,0,0,0,1,2,16
,2024-016092,39.78082986,-104.9928178,5/6/2024 6:35,6:35,12,0,1,I-70 & I-25,1,1,1,0,1,4,0,0,55,0,0,0,0,1,1,3,3
,2024-016094,39.78304315,-105.03411,5/6/2024 14:06,14:06,5,0,0,I-70 EB ON RAMP & N LOWELL BLVD,1,1,1,0,3,8,0,0,55,0,0,0,0,0,1,1,3
,2024-016102,39.72571455,-105.0442302,5/5/2024 22:03,22:03,12,0,1,W 6TH AVE & N TENNYSON ST,1,3,0,0,1,4,0,0,55,0,0,0,0,2,2,3,16
,2024-016103,39.78211171,-104.8470117,5/5/2024 13:58,13:58,12,0,2, PEORIA ST & E ALBROOK DR,1,1,0,0,1,3,0,0,35,0,0,0,0,2,4,2,3
,2024-016105,39.67528839,-105.0386278,5/2/2024 9:10,9:10,6,0,0, PATTON CT & W ILIFF AVE,1,1,0,0,1,4,0,0,,0,0,0,0,0,4,2,16
,2024-016106,39.75365591,-104.9934187,4/25/2024 21:30,21:30,11,0,1,20TH ST & MARKET ST,1,3,0,0,1,1,0,0,0,0,1,0,0,3,4,1,16
,2024-016108,39.77697394,-104.7608339,5/7/2024 4:00,4:00,5,0,0, ENSENADA ST & N ESPANA WY,1,3,0,0,2,3,0,0,25,0,0,0,0,0,4,1,16
,2024-016112,39.71303893,-105.0048474,4/18/2024 20:00,20:00,11,0,1,1344 W CEDAR AVE & S NAVAJO ST,11,3,0,0,1,2,0,0,25,0,1,0,0,2,4,1,16
,2024-016117,39.72010721,-104.972931,4/26/2024 8:31,8:31,2,0,1, DOWNING ST & E 3RD AVE,1,1,0,0,1,1,0,0,20,1,0,0,0,2,4,1,16
,2024-016120,39.74000959,-104.9873904,4/23/2024 0:42,0:42,3,0,1, BROADWAY ST & COLFAX AVE,1,3,0,0,1,1,0,0,30,0,0,0,0,3,2,2,1
,2024-016125,39.71299212,-104.9875432,5/6/2024 20:00,20:00,6,0,0,E CEDAR AVE & S BROADWAY ST,1,3,0,0,1,4,0,0,20,0,0,0,0,0,4,2,16
,2024-016129,39.67846359,-104.9128117,5/6/2024 10:56,10:56,15,0,0,E EVANS AVE & S MONACO ST,1,1,0,0,1,1,0,0,35,0,0,0,0,0,4,2,3
,2024-016130,39.75499479,-104.9951483,4/7/2024 15:43,15:43,11,0,1,20TH ST & WAZEE ST,1,1,1,0,1,1,0,0,0,0,0,1,0,1,4,1,16
,2024-016131,39.75545733,-104.9789146,4/21/2024 0:47,0:47,11,0,1,27TH ST & CALIFORNIA ST,1,3,0,0,1,1,0,0,25,0,1,0,0,2,4,1,16
,2024-016132,39.73847553,-105.0028198,4/21/2024 0:46,0:46,11,0,1,W 14TH AVE & N MARIPOSA ST,1,3,0,0,1,1,0,0,0,0,0,1,0,3,4,1,16
,2024-016134,39.74375981,-104.9407837,5/3/2024 11:35,11:35,11,0,1,E 17TH AVE & N COLORADO BLVD,1,1,1,0,1,1,0,0,0,0,0,1,0,1,2,1,16
,2024-016141,39.66636245,-104.9687956,5/3/2024 13:58,13:58,6,0,0, FRANKLIN ST & E AMHERST AVE,1,1,0,0,1,4,0,0,20,0,0,0,0,0,4,2,3
,2024-016142,39.75885081,-105.0075904,5/7/2024 16:41,16:41,12,0,0,I-25 & W 17TH AVE,1,1,0,0,1,4,0,0,55,0,0,0,0,0,1,2,13
,2024-016149,39.76001609,-104.890774,5/7/2024 6:03,6:03,3,0,2,E MLK JR BLVD & N CENTRAL PARK BLVD,1,1,0,0,1,3,0,0,35,0,0,0,0,1,4,2,13
,2024-016155,39.66757903,-104.9237084,5/6/2024 17:15,17:15,12,0,0,E YALE AVE & S HUDSON ST,1,1,0,0,1,1,0,0,30,0,0,0,0,0,4,2,3
,2024-016156,39.76049741,-104.9002142,5/7/2024 6:08,6:08,1,0,1,E MLK JR BLVD & N ROSLYN ST,1,1,0,0,1,1,0,0,35,0,0,0,0,1,4,2,13
,2024-016158,39.71156608,-104.9407889,5/6/2024 11:00,11:00,3,0,0, COLORADO BLVD & E ALAMEDA AVE,1,1,0,0,1,1,0,0,35,0,0,0,0,0,2,2,3
,2024-016163,39.69294349,-104.940549,4/21/2024 3:33,3:33,12,0,2, COLORADO BLVD & E LOUISIANA AVE,1,4,1,0,1,1,0,0,35,0,0,0,0,1,2,2,16
,2024-016164,39.73828795,-104.9406146,5/7/2024 10:48,10:48,12,0,0,E 14TH AVE & N COLORADO BLVD,1,1,0,0,1,4,0,0,20,0,0,0,0,0,4,2,16
,2024-016165,39.74378661,-104.9034553,5/3/2024 10:40,10:40,1,0,0,E 17TH AVE & N QUEBEC ST,1,1,0,0,1,1,0,0,30,0,0,0,0,0,4,2,13