id,drcog_id,latitude,longitude,crashtime,time,crashtype,numbkilled,numbinjurd,drcoglocat,rdconditin,lightngcon,roadcntgrd,weatherco,location,roaddescrp,schoolzone,constrzone,splimit,bikeinv,pedinv,sctrinv,motoinv,svrty,rdsystem,ttlvehcls,hcf
,2024-016168,39.67868699,-104.9338319,5/7/2024 3:02,3:02,5,0,1,I-25 NB ON RAMP & E EVANS AVE,1,3,0,0,2,8,0,0,35,0,0,0,0,1,4,1,16
,2024-016169,39.75811024,-104.9733511,5/5/2024 23:45,23:45,14,0,0, DOWNING ST & WELTON ST,1,3,0,0,1,4,0,0,30,0,0,0,0,0,4,2,16
,2024-016171,39.71154719,-104.9401668,5/7/2024 6:41,6:41,12,0,1,E ALAMEDA AVE & S COLORADO BLVD,1,1,0,0,1,4,0,0,30,0,0,0,0,1,4,2,3
,2024-016183,39.75446887,-104.9597585,5/7/2024 6:35,6:35,3,0,0, YORK ST & E 26TH AVE,1,1,0,0,1,1,0,0,30,0,0,0,0,0,4,2,13
,2024-016187,39.7771821,-104.8817157,5/7/2024 9:53,9:53,15,0,0,I-70 & I-270 WB ON RAMP EXT,6,1,0,0,1,8,0,0,55,0,0,0,0,0,1,2,7
,2024-016192,39.74659563,-105.0075119,5/6/2024 15:52,15:52,5,0,0,AURARIA PKWY & 9TH ST,1,1,0,0,3,3,0,0,30,0,0,0,0,0,4,1,1
,2024-016219,39.72570938,-105.0001487,5/8/2024 8:54,8:54,10,0,0, KALAMATH ST & W 6TH AVE,1,1,0,0,1,1,0,0,35,0,0,0,0,0,4,2,8
,2024-016230,39.72519707,-105.0330859,5/4/2024 23:30,23:30,5,0,0,W 6TH AVE FRTG RD & N KNOX CT,1,3,0,0,3,4,0,0,30,0,0,0,0,0,2,1,16
,2024-016241,39.76018436,-105.0252449,5/8/2024 9:38,9:38,12,0,0, FEDERAL BLVD & N SPEER BLVD,1,1,0,0,1,3,0,0,35,0,0,0,0,0,2,2,13
,2024-016243,39.73537078,-104.9861239,5/8/2024 9:47,9:47,12,0,1, LINCOLN ST & E 12TH AVE,1,1,0,0,1,4,0,0,35,0,0,0,0,1,4,2,16
,2024-016245,39.74027908,-105.0298586,5/7/2024 8:25,8:25,12,0,0, IRVING ST & W COLFAX AVE,1,1,0,0,1,1,0,0,35,0,0,0,0,0,2,2,13
,2024-016246,39.74217863,-105.0475002,5/3/2024 16:00,16:00,6,0,0,4600 W 16TH AVE,1,1,0,0,1,4,0,0,,0,0,0,0,0,4,3,16
,2024-016248,39.7837646,-104.8097637,5/8/2024 9:11,9:11,12,0,0,E GREEN VALLEY RANCH BLVD & CHAMBERS RD,1,1,0,0,1,3,0,0,35,0,0,0,0,0,4,2,13
,2024-016251,39.7740069,-104.8470299,5/8/2024 7:49,7:49,12,0,0,I-70 & N PEORIA ST,1,1,0,0,1,4,0,0,55,0,0,0,0,0,1,2,1
,2024-016252,39.75119779,-105.0166223,5/7/2024 14:37,14:37,12,0,0,I-25 & W 23RD AVE,1,1,0,0,1,4,0,0,55,0,0,0,0,0,1,3,13
,2024-016254,39.77282885,-104.7914397,5/7/2024 19:20,19:20,12,0,0,PENA BLVD & 4000 N,1,1,0,6,1,4,0,0,65,0,0,0,0,0,4,2,16
,2024-016255,39.7384502,-104.9902411,5/7/2024 15:35,15:35,2,0,1,W 14TH AVE & N BANNOCK ST,1,1,0,0,1,1,0,0,25,1,0,0,0,2,4,1,11
,2024-016256,39.78376201,-104.7721152,4/22/2024 18:50,18:50,12,0,1, TOWER RD & E GREEN VALLEY RANCH BLVD,1,1,0,0,1,4,0,0,45,0,0,0,0,2,4,2,1
,2024-016257,39.669487,-104.9880962,5/7/2024 19:00,19:00,6,0,0,W VASSAR AVE & S BROADWAY ST,1,4,0,0,1,4,0,0,,0,0,0,0,0,4,2,16
,2024-016258,39.77900566,-104.94074,5/7/2024 11:05,11:05,1,0,0, COLORADO BLVD & E 45TH AVE S,1,1,0,0,1,1,0,0,40,0,0,0,0,0,2,2,11
,2024-016259,39.76568098,-105.0252992,5/8/2024 12:00,12:00,12,0,1, FEDERAL BLVD & W 35TH AVE,1,1,0,0,1,4,0,0,25,0,0,0,0,1,2,2,13
,2024-016261,39.73870607,-104.8881796,5/8/2024 13:31,13:31,3,0,2,E 14TH AVE & N WILLOW ST,1,1,0,0,1,1,0,0,25,0,0,0,0,1,4,2,13
,2024-016262,39.78048442,-104.9579457,5/8/2024 7:17,7:17,12,0,0,I-70 & N JOSEPHINE ST,1,1,0,0,1,4,0,0,55,0,0,0,0,0,1,2,13
,2024-016263,39.74033952,-105.0381546,5/8/2024 7:20,7:20,3,0,0,W COLFAX AVE & N OSCEOLA ST,1,1,0,0,1,1,0,0,20,0,0,0,0,0,2,2,11
,2024-016264,39.68223923,-105.0442641,5/8/2024 12:00,12:00,1,0,0,W JEWELL AVE & S TENNYSON ST,1,1,0,0,1,1,0,0,,0,0,0,0,0,4,2,11
,2024-016266,39.68936348,-104.92234,5/7/2024 11:15,11:15,12,0,0, HOLLY ST & E FLORIDA AVE,1,1,0,0,1,1,0,0,,0,0,0,0,0,4,2,16
,2024-016274,39.72565234,-104.9888782,5/8/2024 13:56,13:56,3,0,0, ACOMA ST & W 6TH AVE,1,1,0,0,1,1,0,0,30,0,0,0,0,0,4,2,13
,2024-016292,39.73524854,-104.9406181,5/7/2024 15:00,15:00,12,0,0, COLORADO BLVD & E 13TH AVE,1,1,0,0,1,4,0,0,30,0,0,0,0,0,2,2,11
,2024-016293,39.75616646,-104.9919112,5/8/2024 18:13,18:13,15,0,0,22ND ST & BLAKE ST,1,1,0,0,1,1,0,0,25,0,0,0,0,0,4,2,11
,2024-016328,39.74326102,-104.9597834,5/6/2024 10:30,10:30,12,0,0,E 17TH AVE & N YORK ST,1,1,0,0,1,3,0,0,35,0,0,0,0,0,4,2,16
,2024-016335,39.71818811,-104.9593202,5/7/2024 16:30,16:30,12,0,0,E 1ST AVE & N UNIVERSITY BLVD,1,1,0,0,1,1,0,0,30,0,0,0,0,0,4,2,3
,2024-016336,39.73309465,-105.0532215,5/4/2024 21:49,21:49,11,0,1, SHERIDAN BLVD & W 10TH AVE,1,3,0,0,1,4,0,0,0,0,1,0,0,2,2,1,16
,2024-016337,39.76900325,-104.9747478,5/8/2024 6:05,6:05,12,0,0,36TH ST & BLAKE ST,1,2,0,0,1,9,0,0,20,0,0,0,0,0,4,2,11
,2024-016350,39.72927303,-104.9162235,5/7/2024 7:06,7:06,12,0,0,E 8TH AVE & N KRAMERIA ST,1,1,0,0,1,3,0,0,20,0,0,0,0,0,4,2,16
,2024-016359,39.76544086,-104.9948553,5/4/2024 16:40,16:40,12,0,0,PARK AVE W & GLOBEVILLE RD,1,1,1,0,1,3,0,0,30,0,0,0,0,0,4,4,13
,2024-016364,39.74274603,-105.0316554,5/6/2024 3:01,3:01,6,0,0,W 16TH AVE & N JULIAN ST,1,3,0,0,1,4,0,0,25,0,0,0,0,0,4,2,3
,2024-016367,39.70989717,-104.9965252,5/8/2024 15:57,15:57,15,0,0, SANTA FE DR & W ALAMEDA AVE,1,1,0,0,1,4,0,0,45,0,0,0,0,0,4,2,13
,2024-016384,39.744957,-104.9406069,5/8/2024 18:39,18:39,12,0,1, COLORADO BLVD & E 18TH AVE,1,1,0,0,1,3,0,0,35,0,0,0,0,1,2,3,13
,2024-016386,39.77951827,-104.9822768,5/8/2024 7:20,7:20,12,0,0,I-70 EB ON RAMP & EB OFF RAMP EXT TO N WASHINGTON ST,1,1,1,0,1,8,0,0,55,0,0,0,0,0,1,2,11
,2024-016390,39.77416307,-104.8466779,5/7/2024 23:33,23:33,5,0,0,I-70 & N PEORIA ST,1,3,0,0,2,13,0,0,55,0,0,0,0,0,1,1,14
,2024-016391,39.79838681,-104.7863385,5/8/2024 10:35,10:35,12,0,0,E 56TH AVE & PENA BLVD,1,1,0,0,1,4,0,0,35,0,0,0,0,0,4,2,13
,2024-016415,39.73076327,-104.903465,5/8/2024 14:25,14:25,12,0,0, QUEBEC ST & E 9TH AVE,1,1,0,0,1,4,0,0,30,0,0,0,0,0,4,2,16
,2024-016418,39.74007565,-104.9406125,5/9/2024 8:00,8:00,1,0,1,E COLFAX AVE & N COLORADO BLVD,1,1,0,0,1,1,0,0,30,0,0,0,0,2,2,2,7
,2024-016419,39.79840369,-104.7879311,5/9/2024 17:10,17:10,1,0,2,E 56TH AVE & PENA BLVD SB RAMPS,1,1,0,0,1,1,0,0,40,0,0,0,0,2,4,2,11
,2024-016420,39.75950123,-104.993816,4/25/2024 3:19,3:19,5,0,0,PARK AVE W & DELGANY ST,1,3,0,0,6,4,0,0,35,0,0,0,0,0,4,1,13
,2024-016421,39.79826347,-104.8200383,4/16/2024 19:04,19:04,2,0,1,E 56TH AVE & N CROWN BLVD,1,1,0,0,1,1,0,0,40,1,0,0,0,2,4,1,1
,2024-016424,39.78443826,-105.0530441,5/9/2024 11:17,11:17,12,0,1,I-70 WB OFF RAMP SLIP & N SHERIDAN BLVD,1,1,0,7,1,8,0,0,35,0,0,0,0,1,1,2,13
,2024-016436,39.68340001,-104.939865,5/9/2024 12:02,12:02,12,0,1,I-25 NB OFF RAMP & S COLORADO BLVD,1,1,0,0,1,8,0,0,35,0,0,0,0,1,1,2,3
,2024-016437,39.79629603,-104.8471655,5/5/2024 13:00,13:00,12,0,0, PEORIA ST & E 55TH AVE,1,1,0,0,1,1,0,0,,0,0,0,0,0,4,2,16
,2024-016440,39.67542892,-105.0572274,5/8/2024 12:25,12:25,15,0,0,W WARREN AVE & S DEPEW ST,1,1,0,0,1,1,0,0,25,0,0,0,0,0,4,2,7
,2024-016445,39.65305234,-104.9047182,5/8/2024 16:35,16:35,1,0,0,E HAMPDEN AVE & S POPLAR ST,1,1,0,0,1,1,0,0,40,0,0,0,0,0,2,2,3
,2024-016447,39.7820261,-104.8337527,5/9/2024 8:30,8:30,3,0,1,E ELK PL & N CROWN BLVD,1,1,0,0,1,1,0,0,25,0,0,0,0,1,4,2,13
,2024-016451,39.71625225,-104.9499392,5/9/2024 19:06,19:06,12,0,0, STEELE ST & E ELLSWORTH AVE,1,2,0,0,1,1,0,0,25,0,0,0,0,0,4,2,14
,2024-016458,39.72558275,-104.9874374,5/9/2024 15:05,15:05,12,0,0, BROADWAY ST & 6TH AVE,1,1,0,0,1,4,0,0,30,0,0,0,0,0,4,3,3
,2024-016459,39.73832876,-104.9562733,5/7/2024 12:00,12:00,6,0,0, ELIZABETH ST & E 14TH AVE,1,1,0,0,2,4,0,0,20,0,0,0,0,0,4,2,3
,2024-016461,39.75467795,-104.985142,5/9/2024 8:20,8:20,3,0,0,24TH ST & CURTIS ST,1,1,0,0,1,1,0,0,30,0,0,0,0,0,4,2,11
,2024-016463,39.71325331,-105.0494325,2/12/2024 13:25,13:25,6,0,0,W CEDAR AVE & S XAVIER ST,1,1,0,0,1,4,0,0,30,0,0,0,0,0,4,2,14
,2024-016464,39.74746211,-104.892847,5/8/2024 23:07,23:07,3,0,0, UINTA ST & E MONTVIEW BLVD,1,3,0,0,1,1,0,0,30,0,0,0,0,0,4,2,4
,2024-016478,39.65303536,-104.9090961,5/8/2024 10:45,10:45,1,0,0,E HAMPDEN AVE & S ONEIDA WY,1,1,0,0,1,1,0,0,35,0,0,0,0,0,2,2,3
,2024-016479,39.754842,-105.0252863,5/9/2024 14:50,14:50,1,0,0, FEDERAL BLVD & W 26TH AVE,1,1,0,0,1,1,0,1,25,0,0,0,0,0,2,2,13
,2024-016482,39.63340691,-104.8931856,5/8/2024 8:20,8:20,1,0,0, DTC BLVD & E TUFTS AVE,1,1,0,0,1,1,0,0,30,0,0,0,0,0,4,2,7
,2024-016494,39.72003606,-105.0074107,5/9/2024 10:37,10:37,12,0,0,I-25 & W 6TH AVE,1,1,0,0,1,4,0,0,55,0,0,0,0,0,1,2,14
,2024-016495,39.749245,-104.940602,5/9/2024 16:41,16:41,1,0,0, COLORADO BLVD & E 22ND AVE,1,1,0,0,1,1,0,0,35,0,0,0,0,0,2,2,13
,2024-016496,39.67839058,-104.9451969,5/9/2024 16:11,16:11,12,0,0,E EVANS AVE & S MONROE ST,1,1,0,0,1,3,0,0,40,0,0,0,0,0,4,3,4
,2024-016499,39.77419349,-104.8470304,5/8/2024 16:23,16:23,12,0,0,I-70 & N PEORIA ST,1,1,0,0,1,4,0,0,55,0,0,0,0,0,1,3,2
,2024-016502,39.77792032,-105.031569,5/9/2024 0:53,0:53,6,0,0,W 45TH AVE & N JULIAN ST,1,3,0,0,1,4,0,0,20,0,0,0,0,0,4,2,16
,2024-016507,39.72927277,-104.9161539,5/9/2024 13:40,13:40,3,0,0,E 8TH AVE & N KRAMERIA ST,1,1,0,0,1,1,0,0,30,0,0,0,0,0,4,2,13
,2024-016510,39.65304768,-104.9016302,5/8/2024 15:25,15:25,1,0,0,E HAMPDEN AVE & 7500 E HAMPDEN,1,1,0,0,1,1,0,0,45,0,0,0,0,0,2,3,3
,2024-016516,39.69752124,-105.0044501,5/5/2024 21:00,21:00,6,0,1,W HOYE PL & N OSAGE ST,1,3,0,5,1,4,0,0,25,0,0,0,0,1,4,3,14
,2024-016518,39.72908267,-105.0325083,5/4/2024 19:30,19:30,1,0,0, KNOX CT & W 7TH AVE,1,3,1,0,1,4,0,0,25,0,0,0,0,0,4,2,13
,2024-016522,39.76119875,-104.9027528,5/9/2024 8:55,8:55,12,0,1,E MLK BLVD & N QUEBEC ST,1,1,0,0,1,1,0,0,,0,0,0,0,1,4,2,16
,2024-016523,39.72709436,-105.0198472,5/9/2024 12:03,12:03,12,0,0, CANOSA CT & W 7TH AVE,1,1,0,0,1,2,0,0,25,0,0,0,0,0,4,2,13
,2024-016525,39.68228431,-105.0552303,5/9/2024 5:49,5:49,1,0,1,W JEWELL AVE & S SHERIDAN BLVD,1,1,0,0,1,2,0,0,30,0,0,0,0,2,4,3,13
,2024-016531,39.68472479,-104.9594473,4/27/2024 2:50,2:50,15,0,0,I-25 SB OFF RAMP & S UNIVERSITY BLVD,1,3,0,0,1,1,0,0,65,0,0,0,0,0,1,2,16
,2024-016532,39.72658426,-104.9861729,4/11/2024 7:53,7:53,15,0,0,E SPEER BLVD & N LINCOLN ST,1,1,0,0,1,1,0,0,25,0,0,0,0,0,4,2,16
,2024-016534,39.73770697,-105.0052415,5/9/2024 21:30,21:30,6,0,0, OSAGE ST & W 14TH AVE,1,4,0,0,1,4,0,0,25,0,0,0,0,0,4,2,16
,2024-016543,39.75512815,-105.0127082,5/5/2024 11:54,11:54,12,0,0,I-25 & N SPEER BLVD,1,1,0,0,1,8,0,0,65,0,0,0,0,0,1,2,16
,2024-016545,39.74735973,-104.9874006,5/10/2024 12:28,12:28,8,0,0, BROADWAY ST & WELTON ST,1,1,0,0,1,1,0,0,30,0,0,0,0,0,4,2,7
,2024-016547,39.74329867,-105.0159087,5/9/2024 16:50,16:50,12,0,0,I-25 & NB ON RAMP MREGE PT FROM W COLFAX AVE,1,1,0,0,1,8,0,0,55,0,0,0,0,0,1,2,16
,2024-016550,39.67482191,-104.9407897,5/10/2024 9:01,9:01,3,0,1, COLORADO BLVD & E ILIFF AVE,1,1,0,0,1,1,0,0,30,0,0,0,0,1,2,2,16
,2024-016552,39.67475988,-104.8708045,5/10/2024 4:21,4:21,3,0,1,E ILIFF AVE & S PARKER RD,1,3,0,0,1,1,0,0,45,0,0,0,0,2,2,2,16
,2024-016553,39.74165909,-104.9761678,5/4/2024 18:42,18:42,3,0,0,E 16TH AVE & N EMERSON ST,1,2,0,0,1,1,0,0,,0,0,0,1,0,4,2,16
,2024-016554,39.67899487,-104.9565125,5/10/2024 8:40,8:40,6,0,0, COLUMBINE ST & E EVANS AVE,1,1,0,0,1,4,0,0,30,0,0,0,0,0,4,2,14
,2024-016555,39.75312986,-104.9836489,5/9/2024 12:05,12:05,6,0,0,STOUT ST & 24TH ST,1,1,0,0,1,4,0,0,30,0,0,0,0,0,4,4,14
,2024-016556,39.68067527,-104.9355025,4/26/2024 11:00,11:00,12,0,0,I-25 NB ON RAMP & E EVANS AVE,1,1,1,7,1,8,0,0,,0,0,0,0,0,1,2,16
,2024-016558,39.63139484,-104.8852202,5/8/2024 11:23,11:23,1,0,0, YOSEMITE ST & E UNION AVE,14,5,3,7,1,1,0,0,,0,0,0,0,0,4,2,16
,2024-016559,39.67333055,-104.9406378,5/8/2024 9:30,9:30,3,0,0,E WESLEY AVE & S COLORADO BLVD,1,1,0,0,1,1,0,0,25,0,0,0,0,0,2,2,3
,2024-016560,39.77674988,-104.9895718,5/10/2024 8:25,8:25,12,0,2,I-25 & W 44TH AVE,1,1,0,0,1,4,0,0,55,0,0,0,0,1,1,3,16
,2024-016564,39.75564569,-104.9989991,4/26/2024 1:05,1:05,5,0,0,WEWATTA ST & 19TH ST,1,3,0,0,6,4,0,0,30,0,0,0,0,0,4,1,13
,2024-016568,39.71101365,-105.0015258,5/7/2024 14:39,14:39,12,0,0,300  LIPAN ST & W ALAMEDA AVE,1,1,0,0,1,3,0,0,25,0,0,0,0,0,2,3,16
,2024-016569,39.77230307,-104.9745506,5/10/2024 17:51,17:51,3,0,0,38TH ST & WYNKOOP ST,1,1,0,0,1,1,0,0,25,0,0,0,0,0,4,2,1
,2024-016570,39.69813764,-104.9831993,5/10/2024 14:16,14:16,12,0,0,I-25 NB OFF RAMP & LOGAN ST,1,1,1,0,1,8,0,0,60,0,0,0,0,0,1,2,14
,2024-016573,39.75333258,-105.0083454,5/9/2024 9:07,9:07,15,0,0, SPEER BLVD & I-25,1,1,0,0,1,4,0,0,35,0,0,0,0,0,4,2,13
,2024-016576,39.72932281,-105.0148301,5/5/2024 15:00,15:00,12,0,0,I-25 & W 8TH AVE,1,1,0,0,1,4,0,0,,0,0,0,0,0,1,3,16
,2024-016578,39.75321497,-104.9597708,5/10/2024 17:19,17:19,15,0,0,YORK ST & E. 25TH AVE,1,1,0,0,1,3,0,0,30,0,0,0,0,0,4,2,13
,2024-016579,39.68361989,-104.9410258,5/10/2024 1:49,1:49,5,0,0,I-25 NB ON RAMP & S COLORADO BLVD,1,3,1,0,2,8,0,0,40,0,0,0,0,0,1,1,13
,2024-016581,39.69336489,-104.91289,5/10/2024 15:15,15:15,12,0,0, MONACO ST & CHERRY CRK N DR,1,1,0,0,1,3,0,0,35,0,0,0,0,0,4,2,13
,2024-016582,39.70929008,-104.9234681,5/10/2024 5:18,5:18,8,0,2,E DAKOTA AVE & S HUDSON ST,1,3,0,0,1,1,0,0,25,0,0,0,0,1,4,2,16
,2024-016584,39.73844534,-104.9861225,5/10/2024 19:37,19:37,3,0,1,E 14TH AVE & N LINCOLN ST,1,3,0,0,1,1,0,0,30,0,0,0,0,2,4,2,13
,2024-016586,39.62630388,-104.8852574,5/9/2024 15:50,15:50,12,0,0, YOSEMITE ST & E CHENANGO AVE,1,1,0,0,1,4,0,0,35,0,0,0,0,0,4,3,13
,2024-016587,39.74794389,-104.9861063,5/10/2024 16:05,16:05,3,0,0, LINCOLN ST & 20TH ST,1,1,0,0,1,1,0,0,25,0,0,0,0,0,4,2,3
,2024-016588,39.6893401,-104.9350501,5/10/2024 2:14,2:14,8,0,0, CLERMONT ST & E FLORIDA AVE,1,4,0,0,1,4,0,0,,0,0,0,0,0,4,2,16
,2024-016589,39.76746209,-104.9034673,5/10/2024 10:40,10:40,15,0,0, QUEBEC ST & E 36TH AVE,1,1,0,0,1,1,0,0,20,0,0,0,0,0,4,2,16
,2024-016590,39.73870141,-104.9083651,5/10/2024 9:20,9:20,12,0,1,E 14TH AVE & N ONEIDA ST,1,1,0,0,1,3,0,0,30,0,0,0,0,2,4,2,3
,2024-016591,39.73071915,-104.9034651,5/8/2024 12:25,12:25,12,0,2, QUEBEC ST & E 9TH AVE,1,1,0,0,1,3,0,0,30,0,0,0,0,1,4,3,16
,2024-016593,39.68935736,-104.9264939,5/10/2024 8:14,8:14,11,0,1, GLENCOE ST & E FLORIDA AVE,1,1,3,0,1,1,0,0,25,0,1,0,0,2,4,1,11
,2024-016596,39.69566304,-104.9035085,5/10/2024 19:38,19:38,11,0,1, QUEBEC WY & E MISSISSIPPI AVE,1,2,0,0,1,1,0,0,25,0,0,1,0,2,4,1,13
,2024-016597,39.74027803,-105.0311164,4/22/2024 18:01,18:01,5,0,0, JULIAN ST & W COLFAX AVE,1,1,0,0,6,1,1,0,20,0,0,0,0,0,2,1,16
,2024-016601,39.73688783,-104.9823025,5/9/2024 23:57,23:57,10,0,0,E 13TH AVE & N LOGAN ST,1,3,0,0,1,1,0,0,30,0,0,0,0,0,4,2,13
,2024-016603,39.77282496,-104.8016298,5/9/2024 6:38,6:38,12,0,1,E 40TH AVE & N KITTREDGE ST,1,1,0,0,1,4,0,0,40,0,0,0,0,1,4,2,13
,2024-016606,39.78101366,-104.770026,5/8/2024 18:55,18:55,6,0,0,E 46TH PL & N ANDES ST,1,4,0,0,1,3,0,0,30,0,0,0,0,0,4,2,1
,2024-016609,39.71119521,-104.997141,5/9/2024 10:43,10:43,12,0,0,W ALAMEDA AVE & S SANTA FE DR,1,1,0,0,1,1,0,0,30,0,0,0,0,0,2,2,3
,2024-016610,39.78067768,-104.9581573,4/29/2024 22:41,22:41,10,0,0, JOSEPHINE ST & E 46TH AVE,1,3,0,0,1,1,0,0,35,0,0,0,0,0,4,2,1
,2024-016611,39.72838096,-105.0238202,5/10/2024 2:31,2:31,6,0,0,W SEVERN PL & N FEDERAL BLVD,1,3,1,0,1,4,0,0,20,0,0,0,0,0,4,3,16
,2024-016619,39.75679986,-104.9806439,5/10/2024 3:30,3:30,3,0,1,CHAMPA ST & 27TH ST,1,3,0,0,1,1,0,0,30,0,0,0,0,1,4,2,16
,2024-016622,39.72922688,-104.9394579,5/9/2024 11:20,11:20,1,0,0, ALBION ST & E 8TH AVE,1,1,0,0,1,1,0,0,25,0,0,0,0,0,4,2,3
,2024-016625,39.75159555,-104.9787095,5/9/2024 14:46,14:46,3,0,1,25TH ST & TREMONT ST,1,1,0,0,1,1,0,0,20,0,0,0,0,1,4,2,16
,2024-016628,39.78063343,-104.8417788,5/1/2024 23:23,23:23,3,0,0, TULSA CT & E ALBROOK DR,1,3,0,0,1,1,0,0,,0,0,0,0,0,4,2,16
,2024-016629,39.68766234,-104.9919385,5/10/2024 14:40,14:40,12,0,2, SANTA FE DR & W IOWA AVE,1,1,0,0,1,3,0,0,50,0,0,0,0,1,2,2,1
,2024-016633,39.69883352,-104.90355,5/10/2024 10:45,10:45,15,0,0, QUEBEC ST & LEETSDALE DR,1,1,1,0,1,3,0,0,35,0,0,0,0,0,4,2,10
,2024-016634,39.6463213,-104.9143814,5/10/2024 8:43,8:43,15,0,1,I-25 & E HAMPDEN AVE,1,1,0,0,1,4,0,0,65,0,0,0,0,2,1,3,14
,2024-016635,39.71313341,-105.0000438,5/9/2024 15:42,15:42,15,0,0,I-25 & W CEDAR AVE,1,1,1,0,1,4,0,0,55,0,0,0,0,0,1,3,13
,2024-016636,39.77637751,-104.8308461,5/9/2024 21:52,21:52,6,0,1,E ALBROOK DR & N CORNISH WAY,1,3,0,0,1,4,0,0,25,0,0,0,0,2,4,3,11
,2024-016639,39.78000584,-104.9789297,5/11/2024 18:15,18:15,10,0,0,I-70 WB OFF RAMP & N WASHINGTON ST,1,1,0,0,1,1,0,0,35,0,0,0,0,0,1,2,13
,2024-016642,39.72197101,-105.0091,5/10/2024 7:27,7:27,12,0,0,I-25 NB OFF RAMP & W 6TH AVE,1,1,1,0,1,8,0,0,55,0,0,0,0,0,1,4,14
,2024-016644,39.65178786,-105.0531465,5/11/2024 15:25,15:25,1,0,0, SHERIDAN BLVD & W DARTMOUTH AVE,1,1,0,0,1,2,0,0,40,0,0,0,0,0,2,2,16
,2024-016648,39.7416275,-104.967221,5/9/2024 18:26,18:26,3,0,0,E 16TH AVE & N GILPIN ST,1,1,0,0,1,1,0,0,20,0,0,0,0,0,4,2,13
,2024-016651,39.6250031,-104.8897306,5/10/2024 16:55,16:55,12,0,0, DTC BLVD & E BELLEVIEW AVE,1,2,0,0,1,3,0,0,30,0,0,0,0,0,4,2,13
,2024-016653,39.77838779,-105.0532594,5/10/2024 22:07,22:07,5,0,0,W 45TH AVE & N SHERIDAN BLVD,1,3,0,0,4,1,0,0,20,0,0,0,0,0,2,1,14
,2024-016654,39.72423966,-105.012361,5/11/2024 11:45,11:45,12,0,1,I-25 & W 6TH AVE,1,1,0,0,1,4,0,0,65,0,0,0,0,1,1,2,7
,2024-016655,39.77872122,-104.9222934,5/11/2024 13:06,13:06,3,0,1,E 45TH AVE & N HOLLY ST,1,1,0,0,1,1,0,0,35,0,0,0,0,2,4,3,11
,2024-016656,39.68750425,-104.9604435,5/8/2024 17:30,17:30,6,0,0, UNIVERSITY BLVD & 1625,1,1,0,0,5,7,0,0,10,0,0,0,0,0,3,2,13
,2024-016657,39.74619404,-104.9874082,4/25/2024 17:13,17:13,15,0,0, BROADWAY ST & GLENARM PL,1,1,0,0,1,1,0,0,35,0,0,0,0,0,4,2,11
,2024-016658,39.72726632,-104.9811389,4/23/2024 16:06,16:06,10,0,0,E 7TH AVE & N PENNSYLVANIA ST,1,1,0,0,1,1,0,0,20,0,0,0,0,0,4,2,8
,2024-016659,39.75676367,-105.0024069,4/28/2024 21:06,21:06,12,0,0,18TH ST & BASSETT ST,1,3,0,0,1,4,0,0,30,0,0,0,0,0,4,2,13
,2024-016660,39.7618856,-104.9909929,5/11/2024 2:07,2:07,3,0,1,DENARGO ST & WEWATTA WY,1,3,0,0,1,1,0,0,20,0,0,0,0,2,4,2,11
,2024-016661,39.72577456,-105.0132606,5/11/2024 13:40,13:40,12,0,0,I-25 & W 6TH AVE,1,1,0,0,1,4,0,0,55,0,0,0,0,0,1,2,13
,2024-016662,39.73386832,-104.9929349,5/11/2024 18:24,18:24,3,0,0,W 11TH AVE & N DELAWARE ST,1,1,0,0,1,1,0,0,20,0,0,0,0,0,4,2,11
,2024-016667,39.76204877,-105.0095231,5/10/2024 11:00,11:00,6,0,0,W 32ND AVE & N SHOSHONE ST,1,3,0,0,1,4,0,0,30,0,0,0,0,0,4,2,7
,2024-016669,39.75108843,-104.9950253,4/22/2024 5:51,5:51,3,0,0,18TH ST & LARIMER ST,1,3,0,0,1,1,0,0,30,0,0,0,0,0,4,2,8
,2024-016673,39.68469381,-104.958839,5/10/2024 21:39,21:39,5,0,0,I-25 & S UNIVERSITY BLVD,1,3,0,0,1,4,0,0,60,0,0,0,0,0,1,2,10
,2024-016674,39.77310603,-104.7905709,5/10/2024 23:00,23:00,15,0,0,PENA BLVD & E 40TH AVE,1,3,0,0,1,4,0,0,65,0,0,0,0,0,4,2,13
,2024-016677,39.73848486,-105.0532131,5/11/2024 14:00,14:00,12,0,0,W 14TH AVE & N SHERIDAN BLVD,1,1,3,0,1,4,0,0,35,0,0,0,0,0,2,2,13
,2024-016678,39.77851519,-104.9006042,5/10/2024 22:06,22:06,5,0,3,I-70 & WB OFF RAMP EXT TO N NORTHFIELD QUEBEC ST,1,3,0,0,2,4,0,0,55,0,0,0,0,2,1,1,10
,2024-016728,39.74762846,-105.0026479,1/1/2024 3:07,3:07,3,0,1, SPEER BLVD & MARKET ST,1,3,0,0,1,1,0,0,35,0,0,0,0,2,4,2,14
,2024-016730,39.65282175,-104.9181119,1/1/2024 4:02,4:02,12,0,1,I-25 & E HAMPDEN AVE,1,3,0,0,1,4,0,0,65,0,0,0,0,2,1,2,1
,2024-016731,39.83797132,-104.6920174,1/1/2024 13:23,13:23,15,0,0,E 78TH AVE & N JACKSON GAP ST,1,1,0,0,1,4,0,0,45,0,0,0,0,0,4,2,14
,2024-016732,39.84367822,-104.6728215,1/1/2024 15:02,15:02,15,0,0,PENA BLVD & E 82ND AVE,1,1,1,0,1,4,0,0,35,0,0,0,0,0,4,2,8