id,drcog_id,latitude,longitude,crashtime,time,crashtype,numbkilled,numbinjurd,drcoglocat,rdconditin,lightngcon,roadcntgrd,weatherco,location,roaddescrp,schoolzone,constrzone,splimit,bikeinv,pedinv,sctrinv,motoinv,svrty,rdsystem,ttlvehcls,hcf
,2024-016733,39.73686855,-104.9986905,1/1/2024 0:16,0:16,3,0,0, SANTA FE DR & W 13TH AVE,1,3,0,0,1,1,0,0,25,0,0,0,0,0,4,2,16
,2024-016737,39.68469398,-104.960001,1/1/2024 2:34,2:34,12,0,0,I-25 & S UNIVERSITY BLVD,1,3,0,0,1,4,0,0,65,0,0,0,0,0,1,2,16
,2024-016743,39.7534201,-105.0149874,4/23/2024 18:18,18:18,12,0,1,I-25 & NB OFF RAMP EXT TO N SPEER BLVD,1,1,0,0,1,4,0,0,55,0,0,0,1,3,1,2,1
,2024-016744,39.7656837,-104.9948635,4/30/2024 3:58,3:58,5,0,2,PARK AVE W & GLOBEVILLE ST,1,3,0,0,3,4,0,0,40,0,0,0,0,3,4,1,16
,2024-016745,39.66636245,-104.9687956,5/3/2024 13:58,13:58,6,0,0, FRANKLIN ST & E AMHERST AVE,1,1,0,0,1,4,0,0,20,0,0,0,0,0,4,3,3
,2024-016759,39.77963965,-104.9790309,5/12/2024 3:30,3:30,12,0,0,I-70 & N WASHINGTON ST,11,3,3,0,1,4,0,0,55,0,0,0,0,0,1,2,3
,2024-016768,39.74021261,-104.9127933,5/12/2024 11:50,11:50,1,0,1,E COLFAX AVE & N MONACO ST,1,1,0,7,1,1,0,0,35,0,0,0,0,2,2,2,8
,2024-016772,39.79843653,-104.7626953,5/4/2024 18:10,18:10,3,0,1,E 56TH AVE & N DUNKIRK ST,1,1,0,0,1,1,0,0,40,0,0,0,0,2,4,2,16
,2024-016775,39.7234924,-105.0250231,5/12/2024 4:01,4:01,10,0,0, FEDERAL BLVD & W 5TH AVE,1,3,0,0,1,1,0,0,40,0,0,0,0,0,2,2,16
,2024-016776,39.7129543,-104.9839151,5/12/2024 13:15,13:15,3,0,1,E CEDAR AVE & S GRANT ST,1,1,0,0,1,1,0,0,30,0,0,0,0,1,4,2,3
,2024-016778,39.7609449,-105.0043202,5/12/2024 0:25,0:25,12,0,0,I-25 & 20TH ST,14,5,3,7,1,4,0,0,,0,0,0,0,0,4,2,16
,2024-016779,39.69658462,-104.8917173,5/12/2024 18:01,18:01,12,0,0,E MISSISSIPPI AVE & S VALENTIA ST,1,1,0,0,1,4,0,0,35,0,0,0,0,0,4,2,11
,2024-016782,39.73344484,-104.9822791,5/11/2024 20:58,20:58,6,0,0,1000  LOGAN ST 11TH ST,1,3,0,0,1,4,0,0,30,0,0,0,0,0,4,2,11
,2024-016785,39.7803881,-104.8991161,4/14/2024 3:42,3:42,15,0,0,I-270 & N QUEBEC ST,2,3,0,0,1,4,0,0,55,0,0,0,0,0,1,2,16
,2024-016789,39.68216317,-104.9810419,4/16/2024 17:47,17:47,6,0,0,E JEWELL AVE & S PEARL ST,1,1,0,0,1,9,0,0,20,0,0,0,0,0,4,2,16
,2024-016790,39.7609449,-105.0043202,4/20/2024 15:30,15:30,12,0,0,20TH ST & I-25 NB RAMPS,1,1,0,0,1,3,0,0,,0,0,0,0,0,4,2,16
,2024-016791,39.70479989,-104.9956878,5/11/2024 22:40,22:40,15,0,0, SANTA FE DR NB OFF RAMP & I-25 SB ON RAMP MERGE PT,1,3,1,0,1,8,0,0,45,0,0,0,0,0,1,2,16
,2024-016792,39.76936975,-105.04726,4/26/2024 16:00,16:00,15,0,0,W 38TH AVE & N WINONA CT,11,1,0,1,1,4,0,0,35,0,0,0,0,0,4,2,11
,2024-016793,39.68590571,-105.0250217,5/11/2024 11:23,11:23,15,0,0, FEDERAL BLVD & W MEXICO AVE,1,1,0,0,1,3,0,0,,0,0,0,0,0,2,2,16
,2024-016795,39.69835991,-104.8917406,5/6/2024 6:46,6:46,14,0,0,E HARBOUR DR & S VALENTIA ST,1,1,0,0,1,3,0,0,30,0,0,0,0,0,4,2,16
,2024-016796,39.77828301,-104.9222579,5/11/2024 20:59,20:59,5,0,0,I-70 & N HOLLY ST,11,3,0,1,2,13,0,0,60,0,0,0,0,0,1,1,16
,2024-016797,39.75080604,-104.9034271,5/2/2024 22:10,22:10,12,0,0, QUEBEC ST & E 23RD AVE,1,3,0,0,1,4,0,0,,0,0,0,0,0,4,2,16
,2024-016798,39.70988346,-104.9984921,5/12/2024 11:09,11:09,12,0,0,I-25 & W ALAMEDA AVE,11,1,0,1,1,4,0,0,55,0,0,0,0,0,1,2,13
,2024-016800,39.78590237,-104.7721289,5/11/2024 14:31,14:31,12,0,0,E 49TH AVE & N TOWER RD,1,1,0,0,1,1,0,0,45,0,0,0,0,0,4,4,16
,2024-016801,39.7004045,-104.9792557,5/12/2024 4:11,4:11,6,0,1, WASHINGTON ST & E KENTUCKY AVE,11,3,0,1,1,4,0,0,,0,0,0,0,2,4,4,14
,2024-016802,39.74000378,-104.9671257,5/11/2024 13:02,13:02,12,0,2,E COLFAX AVE & N GILPIN ST,1,1,0,0,1,4,0,0,30,0,0,0,0,2,2,3,4
,2024-016804,39.68568466,-104.9405434,5/12/2024 13:22,13:22,3,0,0, COLORADO BLVD & E MEXICO AVE,1,1,0,0,1,1,0,0,35,0,0,0,0,0,2,2,10
,2024-016805,39.73998142,-104.9623066,5/12/2024 1:53,1:53,6,0,0,E COLFAX AVE & N VINE ST,11,3,0,0,1,4,0,0,,0,0,0,0,0,2,2,16
,2024-016806,39.75692474,-104.9735146,5/12/2024 18:02,18:02,6,0,0,30TH ST,1,1,0,0,1,4,0,0,20,0,0,0,0,0,4,3,14
,2024-016807,39.78573028,-104.883067,5/9/2024 8:00,8:00,12,0,0, CENTRAL PARK BLVD & NORTHFIELD BLVD,1,1,0,0,1,1,0,0,,0,0,0,0,0,4,2,16
,2024-016808,39.74744324,-104.9034842,5/12/2024 18:06,18:06,12,0,0,E MONTVIEW BLVD & N QUEBEC ST,1,1,0,0,1,4,0,0,30,0,0,0,0,0,4,2,16
,2024-016809,39.75438711,-104.9847618,5/11/2024 13:30,13:30,2,0,0,24TH ST & CURTIS ST,1,1,0,0,1,9,0,0,,1,0,0,0,0,4,1,13
,2024-016810,39.67129391,-104.9762,4/29/2024 15:06,15:06,6,0,0,990 E HARVARD AVE & S OGDEN ST,1,1,0,0,1,4,0,0,,0,0,0,0,0,4,2,13
,2024-016811,39.77282973,-104.7905735,5/3/2024 11:15,11:15,12,0,0,E 40TH AVE & PENA BLVD INBOUND,1,1,0,0,1,1,0,0,45,0,0,0,0,0,4,2,14
,2024-016812,39.65986975,-104.8527209,5/7/2024 21:48,21:48,12,0,3, PARKER RD & E DARTMOUTH AVE,1,3,0,0,1,4,0,0,40,0,0,0,0,2,2,2,14
,2024-016813,39.7836217,-104.7746453,5/10/2024 15:13,15:13,12,0,0,E GREEN VALLEY RANCH BLVD & N YAMPA ST,1,1,0,0,1,3,0,0,,0,0,0,0,0,4,2,16
,2024-016819,39.67862564,-105.0275304,5/10/2024 11:43,11:43,10,0,1,W EVANS AVE & S HAZEL CT,1,1,0,0,1,1,0,0,25,0,0,0,0,2,4,2,16
,2024-016823,39.71300606,-105.0226811,4/7/2024 16:34,16:34,3,0,1,W CEDAR AVE & S DECATUR ST,1,1,0,0,1,1,0,0,20,0,0,0,1,3,4,2,13
,2024-016824,39.80372106,-104.7721176,5/11/2024 13:00,13:00,3,0,1,E 59TH AVE & N TOWER RD,1,1,0,0,1,1,0,0,25,0,0,0,0,2,4,2,7
,2024-016826,39.67845205,-104.9933178,5/10/2024 1:28,1:28,9,0,1, SANTA FE DR & W EVANS AVE,1,3,1,0,1,8,0,0,35,0,0,0,0,2,2,1,16
,2024-016830,39.75797722,-105.0017603,5/9/2024 12:06,12:06,6,0,0,BASSETT ST & 19TH ST,1,1,0,0,1,4,0,0,20,0,0,0,0,0,4,2,16
,2024-016844,39.72731329,-104.960181,5/12/2024 1:40,1:40,12,0,0, YORK ST & E 7TH AVE,1,3,0,0,1,1,0,0,30,0,0,0,0,0,4,2,13
,2024-016848,39.74000297,-104.9764761,5/11/2024 23:41,23:41,11,0,0,E COLFAX AVE & N EMERSON ST,1,3,0,0,1,1,0,0,,0,1,0,0,0,2,1,16
,2024-016854,39.63578481,-104.9081003,5/11/2024 0:18,0:18,5,0,0,I-25 & SB OFF RAMP GORE PT TO BELLEVIEW AVE,1,3,0,0,2,8,0,0,65,0,0,0,0,0,1,1,16
,2024-016856,39.66757809,-104.9257465,5/12/2024 16:13,16:13,12,0,0,I-25 & E YALE AVE,1,1,0,0,1,4,0,0,65,0,0,0,0,0,1,2,16
,2024-016857,39.68943515,-105.0325011,5/12/2024 15:52,15:52,2,0,0,W FLORIDA AVE & S KNOX CT,1,1,0,0,1,1,0,0,35,1,0,0,0,0,4,1,13
,2024-016858,39.69061467,-104.9733021,5/12/2024 16:15,16:15,12,0,0,I-25 NB OFF RAMP & S DOWNING ST,1,1,1,0,1,8,0,0,30,0,0,0,0,0,1,2,7
,2024-016868,39.7656837,-104.9948635,5/11/2024 22:26,22:26,3,0,0,PARK AVE W & N GLOBEVILLE RD,1,3,0,0,1,1,0,0,30,0,0,0,0,0,4,2,16
,2024-016871,39.74074103,-104.9406118,4/26/2024 20:13,20:13,15,0,0, COLORADO BLVD & E COLFAX AVE,11,3,0,1,1,4,0,0,,0,0,0,0,0,2,2,16
,2024-016879,39.70204143,-104.9617123,5/12/2024 21:03,21:03,11,0,1,E OHIO AVE & S GAYLORD ST,11,3,0,1,1,1,0,0,0,0,1,0,0,1,4,1,16
,2024-016880,39.78904346,-105.0252048,5/11/2024 18:20,18:20,12,0,0, FEDERAL BLVD & W 51ST AVE,1,1,0,0,1,4,0,0,35,0,0,0,0,0,2,3,14
,2024-016884,39.7109469,-104.8919212,4/27/2024 4:06,4:06,5,0,0,E ALAMEDA AVE & E FAIRMOUNT DR,11,3,0,1,3,4,0,0,40,0,0,0,0,0,4,1,16
,2024-016914,39.73829541,-104.9292273,5/5/2024 17:47,17:47,10,0,1,E 14TH AVE & N ELM ST,1,1,0,0,1,1,0,0,35,0,0,0,0,3,4,2,8
,2024-016916,39.74862436,-104.911686,5/13/2024 7:49,7:49,15,0,0,E 21ST AVE & N MAGNOLIA ST,1,1,0,0,1,1,0,0,20,0,0,0,0,0,4,2,11
,2024-016917,39.68862376,-104.971729,5/13/2024 16:53,16:53,12,0,0,I-25 SB ON RAMP & S DOWNING ST,1,1,0,0,1,8,0,0,45,0,0,0,0,0,1,2,11
,2024-016918,39.72726673,-104.9810252,5/12/2024 2:00,2:00,5,0,0,E 7TH AVE & N PENNSYLVANIA ST,1,3,0,0,2,3,0,0,25,0,0,0,0,0,4,1,9
,2024-016922,39.72728032,-104.982705,5/13/2024 12:55,12:55,6,0,0,E 7TH AVE & N LOGAN ST,1,1,1,0,1,4,0,1,25,0,0,0,0,0,4,2,3
,2024-016925,39.74731033,-104.9034492,5/13/2024 17:47,17:47,12,0,0, QUEBEC ST & E MONTVIEW BLVD,1,2,0,0,1,4,0,0,30,0,0,0,0,0,4,2,13
,2024-016928,39.75105685,-105.001991,5/12/2024 22:56,22:56,2,0,0,WYNKOOP ST & 15TH ST,1,3,0,0,1,4,0,0,30,1,0,0,0,0,4,1,11
,2024-016933,39.72580831,-105.0529201,5/5/2024 17:30,17:30,15,0,2,W 6TH AVE & N SHERIDAN BLVD,1,1,0,0,1,1,0,0,45,0,0,0,0,1,2,5,3
,2024-016936,39.74744335,-104.9034481,5/1/2024 21:21,21:21,1,0,0, QUEBEC ST & E MONTVIEW BLVD,1,3,0,0,1,1,0,0,,0,0,0,0,0,4,2,16
,2024-016941,39.69300703,-104.9874685,5/10/2024 17:33,17:33,12,0,0, BROADWAY ST & E LOUISIANA AVE,1,1,0,0,1,3,0,0,35,0,0,0,0,0,4,3,16
,2024-016942,39.72543113,-105.0527962,5/12/2024 0:28,0:28,12,0,0,W 6TH AVE EB ON RAMP & N SHERIDAN BLVD,11,3,1,0,1,8,0,0,20,0,0,0,0,0,2,2,7
,2024-016943,39.74752364,-105.01811,5/11/2024 23:12,23:12,12,0,0,I-25 & 20TH ST,11,3,0,1,1,4,0,0,55,0,0,0,0,0,1,2,16
,2024-016945,39.74016038,-104.9529885,5/9/2024 14:52,14:52,11,0,0, FILLMORE ST & E COLFAX AVE,1,1,0,0,1,1,0,0,20,0,0,1,0,0,2,1,16
,2024-016948,39.71001194,-104.9985655,5/11/2024 23:07,23:07,12,0,0,I-25 & W ALAMEDA AVE,1,3,0,0,1,4,0,0,55,0,0,0,0,0,1,3,16
,2024-016950,39.76179587,-104.940668,4/10/2024 20:21,20:21,3,0,1,E MLK BLVD & N COLORADO BLVD,1,3,0,0,1,1,0,0,,0,0,0,0,2,2,2,16
,2024-016952,39.66667543,-104.9251714,5/12/2024 16:13,16:13,12,0,0,I-25 & E YALE AVE,1,1,0,0,1,11,0,0,55,0,0,0,0,0,1,2,13
,2024-016953,39.6875148,-104.9687277,5/3/2024 14:07,14:07,12,0,0,I-25 & S FRANKLIN ST,1,1,3,0,1,4,0,0,55,0,0,0,0,0,1,2,1
,2024-016957,39.73309465,-105.0532215,4/26/2024 20:26,20:26,11,0,1, SHERIDAN BLVD & W 10TH AVE,11,3,0,1,1,1,0,0,,0,1,0,0,3,4,1,16
,2024-016958,39.74192554,-104.9161628,5/2/2024 8:35,8:35,6,0,0,E 16TH AVE & N KRAMERIA ST,1,1,0,0,1,4,0,0,20,0,0,0,0,0,4,2,16
,2024-016961,39.74693901,-104.9968777,5/13/2024 2:33,2:33,12,0,1,15TH ST & ARAPAHOE ST,1,3,3,0,1,3,0,0,20,0,0,0,0,2,4,2,1
,2024-016964,39.65782062,-104.9206263,4/12/2024 12:20,12:20,12,0,0,I-25 & SB OFF RAMP EXT TO E HAMPDEN AVE,1,1,0,0,1,4,0,0,65,0,0,0,0,0,1,2,1
,2024-016967,39.74754911,-105.0183764,5/12/2024 21:00,21:00,15,0,0,I-25 & W 20TH AVE,11,3,0,1,1,4,0,0,55,0,0,0,0,0,1,2,11
,2024-016968,39.74035412,-105.0322437,5/10/2024 14:53,14:53,15,0,0,W COLFAX AVE & N KNOX CT,1,1,0,0,1,3,0,0,,0,0,0,0,0,2,2,16
,2024-016969,39.74016029,-105.0393181,5/13/2024 7:44,7:44,6,0,0, PERRY ST & W COLFAX AVE,1,1,0,0,1,4,0,0,20,0,0,0,0,0,4,2,3
,2024-016972,39.75840979,-105.0118144,4/30/2024 3:17,3:17,6,0,0,W 29TH AVE & N UMATILLA ST,1,3,1,0,1,3,0,0,35,0,0,0,0,0,4,4,13
,2024-016973,39.74140435,-104.9988394,5/12/2024 18:01,18:01,15,0,0,STOUT ST & SPEER BLVD,1,1,0,0,1,1,0,0,25,0,0,0,0,0,4,2,1
,2024-016975,39.72560481,-104.9484012,5/13/2024 18:39,18:39,3,0,4,E 6TH AVE & N ADAMS ST,1,1,0,0,1,1,0,0,20,0,0,0,0,2,4,2,11
,2024-016976,39.65286317,-104.918421,4/24/2024 13:41,13:41,15,0,0,I-25 & E HAMPDEN AVE,1,1,0,0,1,4,0,0,65,0,0,0,0,0,1,2,16
,2024-016977,39.76108501,-105.0268527,5/13/2024 18:43,18:43,1,0,1, SPEER BLVD & N GROVE ST,1,1,0,0,1,1,0,0,30,0,0,0,1,1,4,2,13
,2024-016978,39.73678485,-104.9505934,5/12/2024 10:25,10:25,3,0,3,E 13TH AVE & N ST PAUL ST,11,1,0,1,1,1,0,0,20,0,0,0,0,1,4,2,13
,2024-016979,39.74446441,-104.9960914,5/8/2024 12:45,12:45,6,0,0,14TH ST & 891,1,1,0,0,1,4,0,0,35,0,0,0,0,0,4,2,3
,2024-016981,39.70640319,-104.9963666,5/7/2024 13:46,13:46,15,0,0,I-25 & S SANTA FE DR,1,1,1,0,1,4,0,0,55,0,0,0,0,0,1,3,16
,2024-016982,39.7671132,-104.9944121,5/13/2024 6:10,6:10,15,0,0,I-25 NB ON RAMP & PARK AVE W,1,1,1,0,1,8,0,0,45,0,0,0,0,0,1,2,13
,2024-016984,39.70736027,-104.9407892,3/18/2024 13:25,13:25,12,0,1, COLORADO BLVD & E CHERRY CREEK N DR,1,1,0,0,1,1,0,0,35,0,0,0,0,1,2,2,1
,2024-016985,39.6784731,-104.9222662,5/12/2024 10:35,10:35,12,0,0, HOLLY ST & E EVANS AVE,11,1,0,0,1,1,0,0,25,0,0,0,0,0,4,2,7
,2024-016986,39.65784725,-104.9203649,5/10/2024 23:53,23:53,15,0,0,I-25 & NB ON RAMP MERGE PT FROM E HAMPDEN AVE,1,3,0,0,1,8,0,0,55,0,0,0,0,0,1,3,14
,2024-016987,39.76568127,-104.9945463,5/6/2024 11:48,11:48,3,0,0,GLOBEVILLE RD & PARK AVE W,1,1,0,0,1,2,0,0,30,0,0,0,0,0,4,2,1
,2024-016988,39.76449075,-104.9597604,5/12/2024 20:58,20:58,3,0,0,E BRUCE RANDOLPH AVE & N YORK ST,11,3,0,0,1,1,0,0,30,0,0,0,0,0,4,2,12
,2024-016989,39.76001609,-104.890774,5/13/2024 7:30,7:30,3,0,1,E MLK JR BLVD & N CENTRAL PARK BLVD,1,1,0,0,1,1,0,0,30,0,0,0,0,2,4,2,6
,2024-016994,39.65724044,-105.0379943,5/4/2024 20:59,20:59,14,0,0,W GIRARD AVE & S PATTON WY,1,3,0,0,1,3,0,0,,0,0,0,0,0,4,2,16
,2024-016999,39.64700653,-104.8849775,5/13/2024 8:36,8:36,10,0,1, YOSEMITE ST & I-225,1,1,0,0,1,3,0,0,30,0,0,0,0,2,4,2,11
,2024-017000,39.6807383,-104.9687338,5/5/2024 22:45,22:45,6,0,0, FRANKLIN ST & E ASBURY AVE,1,3,0,0,1,4,0,0,25,0,0,0,0,0,4,2,16
,2024-017003,39.70016379,-104.9078936,5/8/2024 21:37,21:37,12,0,0,E LEETSDALE DR & S ONEIDA ST,1,1,0,0,1,4,0,0,35,0,0,0,0,0,2,2,14
,2024-017006,39.730455,-104.9874032,5/11/2024 22:22,22:22,10,0,0, BROADWAY ST & E 9TH AVE,1,3,0,0,1,1,0,0,35,0,0,0,0,0,4,2,16
,2024-017015,39.69927852,-104.8778658,5/1/2024 23:10,23:10,16,0,0,9201 E MISSISSIPPI AVE,1,3,0,0,5,7,0,0,,0,0,0,0,0,3,3,16
,2024-017017,39.71304891,-105.0086553,4/19/2024 17:25,17:25,11,0,1, RARITAN ST & W CEDAR AVE,11,1,0,0,1,1,0,0,0,0,1,0,0,3,4,1,16
,2024-017018,39.74004275,-104.9835797,5/8/2024 15:40,15:40,11,0,1,E COLFAX AVE & N GRANT ST,1,1,0,0,1,1,0,0,35,0,1,0,0,3,2,1,11
,2024-017027,39.74014476,-105.005235,5/11/2024 18:05,18:05,3,0,0,W COLFAX AVE & N OSAGE ST,11,1,0,1,1,1,0,0,35,0,0,0,0,0,4,2,14
,2024-017028,39.76694914,-104.9976013,1/10/2024 17:59,17:59,12,0,0,I-25 & W 38TH AVE,1,3,0,0,1,4,0,0,55,0,0,0,0,0,1,2,8
,2024-017029,39.72571746,-105.0250704,4/22/2024 12:17,12:17,15,0,0,W 6TH AVE & N FEDERAL BLVD,1,1,1,0,1,4,0,0,45,0,0,0,0,0,2,2,7
,2024-017030,39.72570972,-105.043057,4/29/2024 0:25,0:25,12,0,1,W 6TH AVE & N SHERIDAN BLVD,1,3,0,0,1,4,0,0,55,0,0,0,0,2,2,2,3
,2024-017034,39.76074186,-104.9659536,5/11/2024 12:40,12:40,10,0,0,E 31ST AVE & N WILLIAMS ST,1,1,0,0,1,1,0,0,30,0,0,0,0,0,4,2,13
,2024-017035,39.74843016,-104.9932358,2/29/2024 13:43,13:43,6,0,0,CURTIS ST & 17TH ST,1,1,0,0,1,4,0,0,30,0,0,0,0,0,4,2,16
,2024-017037,39.76309301,-105.0252309,5/13/2024 12:19,12:19,12,0,0, FEDERAL BLVD & HIGHLAND PARK PL,1,1,1,0,1,3,0,0,35,0,0,0,0,0,2,2,1
,2024-017040,39.75071659,-104.9867699,5/13/2024 14:50,14:50,6,0,0,STOUT ST & 21ST ST,1,1,0,0,1,4,0,0,25,0,0,0,0,0,4,2,13
,2024-017043,39.69674956,-105.0250716,4/28/2024 1:43,1:43,8,0,0, FEDERAL BLVD & W MISSISSIPPI AVE,11,3,0,1,1,3,0,0,35,0,0,0,0,0,2,2,2
,2024-017044,39.78425333,-104.8314543,5/12/2024 3:54,3:54,5,0,1,E ANDREWS DR & N CROWN BLVD,11,3,0,0,2,3,0,0,25,0,0,0,0,1,4,1,1
,2024-017053,39.7525189,-104.9874068,5/13/2024 12:50,12:50,12,0,0, BROADWAY ST & 22ND ST,1,1,0,0,1,3,0,0,30,0,0,0,0,0,4,2,13
,2024-017054,39.73800797,-105.0252739,5/13/2024 12:38,12:38,1,0,0, FEDERAL BLVD & W 14TH AVE,1,1,0,0,1,1,0,0,35,0,0,0,0,0,2,2,1
,2024-017057,39.7234924,-105.0250231,5/12/2024 21:32,21:32,3,0,0, FEDERAL BLVD & W 5TH AVE,11,3,0,1,1,1,0,0,,0,0,0,0,0,2,2,16
,2024-017058,39.7234924,-105.0250231,5/12/2024 13:43,13:43,1,0,0, FEDERAL BLVD & W 5TH AVE,1,1,0,0,1,1,0,0,35,0,0,0,0,0,2,2,1
,2024-017059,39.716646,-105.0249873,5/11/2024 6:47,6:47,3,0,0,W ELLSWORTH AVE & N FEDERAL BLVD,1,1,0,0,1,1,0,0,25,0,0,0,0,0,4,2,11
,2024-017060,39.74020681,-104.9998094,5/12/2024 21:08,21:08,15,0,0,W COLFAX AVE & N KALAMATH ST,11,3,0,0,1,3,0,0,30,0,0,0,0,0,2,2,13
,2024-017061,39.71486088,-104.9780371,5/7/2024 12:05,12:05,6,0,0, CLARKSON ST & E BAYAUD AVE,1,1,0,0,1,4,0,0,20,0,0,0,0,0,4,2,16
,2024-017062,39.72314021,-104.9823817,5/12/2024 9:14,9:14,1,0,0, LOGAN ST & E SPEER BLVD,11,1,0,0,1,1,0,0,25,0,0,0,0,0,4,2,11
,2024-017063,39.78067026,-104.8414722,4/27/2024 14:33,14:33,12,0,0, TULSA CT & E ALBROOK DR,11,1,0,1,1,3,0,0,20,0,0,0,0,0,4,2,16
,2024-017064,39.78042518,-104.9668214,5/13/2024 8:30,8:30,15,0,0, BRIGHTON BLVD & I-70 OVERPASS,1,1,0,0,1,4,0,0,35,0,0,0,0,0,2,2,14
,2024-017069,39.74321692,-104.9605813,5/13/2024 8:30,8:30,12,0,0,E 17TH AVE & N GAYLORD ST,1,1,0,0,1,3,0,0,30,0,0,0,0,0,4,3,2
,2024-017070,39.78048874,-104.9583168,5/13/2024 17:34,17:34,15,0,1,I-70 & N JOSEPHINE ST,1,1,0,0,1,13,0,0,55,0,0,0,0,2,1,6,2
,2024-017071,39.65302096,-104.8756595,5/13/2024 19:03,19:03,3,0,0,E HAMPDEN AVE & S DAYTON ST,1,1,0,0,1,1,0,0,35,0,0,0,0,0,2,2,16
,2024-017072,39.69348253,-104.9663738,5/10/2024 12:15,12:15,6,0,0,1200  WILLIAMS ST E LOUISIANA AVE,1,1,0,0,1,4,0,0,25,0,0,0,0,0,4,2,16
,2024-017078,39.73840855,-104.9706929,5/12/2024 13:20,13:20,3,0,0,E 14TH AVE & N LAFAYETTE ST,1,1,0,0,1,1,0,0,20,0,0,0,0,0,4,2,13
,2024-017102,39.73847297,-105.0052263,3/19/2024 15:27,15:27,3,0,0,W 14TH AVE & N OSAGE ST,1,1,0,0,1,1,0,0,25,0,0,0,0,0,4,2,11
,2024-017107,39.7416275,-104.967221,5/9/2024 18:26,18:26,3,0,0,E 16TH AVE & N GILPIN ST,1,1,0,0,1,1,0,0,20,0,0,0,0,0,4,2,13
,2024-017109,39.75447338,-104.9069545,5/12/2024 17:00,17:00,6,0,0, OLIVE ST & E 26TH AVE,1,1,0,0,1,4,0,0,20,0,0,0,0,0,4,2,16
,2024-017118,39.71531124,-104.8945989,5/13/2024 17:00,17:00,3,0,2,E BAYAUD AVE & N FAIRMOUNT DR,1,1,0,0,1,1,0,0,25,0,0,0,0,1,4,2,3
,2024-017122,39.72375703,-104.9671176,5/14/2024 12:56,12:56,3,0,0, GILPIN ST & E 5TH AVE,1,1,0,0,1,1,0,0,25,0,0,0,0,0,4,2,8
,2024-017123,39.70404033,-104.9929995,4/17/2024 0:43,0:43,12,0,1,I-25 & NG OFF RAMP EXT TO S SANTA FE DR,1,3,1,0,1,4,0,0,55,0,0,0,0,1,1,2,1
,2024-017126,39.68934594,-104.9923149,5/12/2024 14:15,14:15,12,0,0, SANTA FE BLVD & W FLORIDA AVE,1,1,0,0,1,1,0,0,,0,0,0,0,0,2,2,13
,2024-017127,39.77852216,-104.9056582,5/13/2024 14:48,14:48,12,0,1,I-70 & N NORTHFIELD QUEBEC ST,1,1,1,0,1,4,0,0,55,0,0,0,0,1,1,3,3
,2024-017131,39.798321,-104.809531,5/14/2024 0:11,0:11,12,0,0,E 56THAVE & N CHAMBERS RD,1,3,0,0,1,1,0,0,40,0,0,0,0,0,4,2,14
,2024-017133,39.75337476,-104.9757615,5/14/2024 17:56,17:56,6,0,0, EMERSON ST & E 25TH AVE,1,1,0,0,3,4,0,0,20,0,0,0,0,0,4,2,11
,2024-017136,39.782357,-104.8860613,5/13/2024 18:14,18:14,3,0,1,E 47TH AVE & N XENIA ST,1,1,0,0,1,1,0,0,30,0,0,0,0,2,4,3,11
,2024-017137,39.75301848,-104.9757617,5/10/2024 8:51,8:51,6,0,0,2400  EMERSON ST E 25TH AVE,1,1,0,0,1,4,0,0,,0,0,0,0,0,4,2,16
,2024-017141,39.7611988,-104.9027528,5/14/2024 9:36,9:36,12,0,0, QUEBEC ST & E MLK BLVD,1,1,0,0,1,1,0,0,,0,0,0,0,0,4,2,16
,2024-017142,39.76179591,-104.940668,5/10/2024 9:00,9:00,15,0,0, COLORADO BLVD & MLK BLVD,1,1,0,0,1,3,0,0,35,0,0,0,0,0,2,2,13
,2024-017144,39.71119525,-104.997141,5/13/2024 13:30,13:30,15,0,0, SANTA FE DR & W ALAMEDA AVE,1,1,0,0,1,1,0,0,35,0,0,0,0,0,4,2,3
,2024-017145,39.74743999,-104.9874005,5/14/2024 9:41,9:41,12,0,0, BROADWAY ST & WELTON ST,1,1,0,0,1,3,0,0,30,0,0,0,0,0,4,3,16
,2024-017147,39.70386285,-104.9129417,5/10/2024 12:08,12:08,1,0,0, MONACO ST & E EXPOSITION AVE,1,1,0,0,1,1,0,0,35,0,0,0,0,0,4,2,13
,2024-017148,39.6676264,-104.9035093,5/14/2024 7:51,7:51,12,0,2,E YALE AVE & S QUEBEC ST,1,1,1,0,1,3,0,0,30,0,0,0,0,1,4,2,11
,2024-017150,39.72564821,-104.9862615,5/13/2024 11:30,11:30,12,0,0, LINCOLN ST & E 6TH AVE,1,1,0,0,1,1,0,0,,0,0,0,0,0,4,2,16
,2024-017151,39.7112035,-104.9995696,5/14/2024 13:20,13:20,14,0,0,W ALAMEDA AVE & I-25 SB RAMPS,1,1,0,0,1,3,0,0,20,0,0,0,0,0,2,2,13
,2024-017154,39.70799263,-104.9269722,5/14/2024 8:34,8:34,12,0,1, FOREST ST & LEETSDALE DR,1,1,0,0,1,3,0,0,35,0,0,0,0,2,2,3,16
,2024-017155,39.71205341,-104.9996613,5/14/2024 13:26,13:26,12,0,0,I-25 & W ALAMEDA AVE,1,1,0,0,1,4,0,0,55,0,0,0,0,0,1,2,13