id,drcog_id,latitude,longitude,crashtime,time,crashtype,numbkilled,numbinjurd,drcoglocat,rdconditin,lightngcon,roadcntgrd,weatherco,location,roaddescrp,schoolzone,constrzone,splimit,bikeinv,pedinv,sctrinv,motoinv,svrty,rdsystem,ttlvehcls,hcf
,2024-017161,39.73071915,-104.9034651,5/8/2024 12:48,12:48,12,0,0, QUEBEC ST & E 9TH AVE,1,1,0,0,1,1,0,0,30,0,0,0,0,0,4,3,16
,2024-017162,39.78361718,-105.0016215,5/14/2024 5:39,5:39,15,0,0,I-70 WB OFF RAMP & N PECOS ST,1,2,1,0,1,8,0,0,55,0,0,0,0,0,1,2,11
,2024-017168,39.75574942,-104.9889763,5/14/2024 8:54,8:54,3,0,0,LARIMER ST & PARK AVE WEST,1,1,0,0,1,1,0,0,25,0,0,0,0,0,4,2,7
,2024-017169,39.77108816,-104.8470353,5/13/2024 18:59,18:59,3,0,0,E 39TH AVE & N PEORIA ST,1,1,0,0,1,1,0,0,30,0,0,0,0,0,4,2,16
,2024-017171,39.63054,-104.90808,5/6/2024 9:00,9:00,16,0,0,4500  MONACO ST,1,1,0,0,5,7,0,0,10,0,0,0,0,0,3,2,16
,2024-017172,39.69475811,-104.9418773,5/14/2024 17:39,17:39,3,0,0,E ARIZONA AVE & S HARRISON ST,1,1,0,0,1,1,0,0,,0,0,0,0,0,4,2,13
,2024-017173,39.77821997,-104.8825368,3/8/2024 20:57,20:57,12,0,0,I-70 WB OFF RAMP & N CENTRAL PARK BLVD,1,3,0,0,1,8,0,0,,0,0,0,0,0,1,2,4
,2024-017174,39.77418873,-104.8491314,5/14/2024 13:20,13:20,12,0,0,I-70 & N PEORIA ST,1,1,0,0,1,4,0,0,55,0,0,0,0,0,1,3,3
,2024-017175,39.83328951,-104.7286744,5/10/2024 6:00,6:00,12,0,0,5000  PENA  BLVD,1,1,0,0,1,4,0,0,65,0,0,0,0,0,4,2,13
,2024-017177,39.72167797,-105.0088786,5/14/2024 11:52,11:52,12,0,0,I-25 & NB OFF RAMP EXT TO W 6TH AVE,1,1,0,0,1,4,0,0,,0,0,0,0,0,1,3,16
,2024-017182,39.74103873,-104.9940717,5/13/2024 23:00,23:00,1,0,1,13TH ST & GLENARM PL,1,3,0,0,1,1,0,0,20,0,0,0,1,3,4,2,11
,2024-017186,39.74012278,-104.9848542,5/12/2024 21:15,21:15,15,0,0,E COLFAX AVE & N SHERMAN ST,1,3,1,0,1,1,0,0,35,0,0,0,0,0,2,2,16
,2024-017187,39.66762736,-104.9131338,5/14/2024 18:08,18:08,1,0,0,E YALE AVE & S MONACO ST,1,1,0,0,1,1,0,0,30,0,0,0,0,0,4,2,16
,2024-017188,39.64257314,-104.9126096,5/13/2024 18:17,18:17,12,0,1,I-25 & S NIAGARA WY,1,1,0,0,1,4,0,0,65,0,0,0,1,3,1,2,1
,2024-017189,39.71116809,-104.9991815,5/14/2024 7:29,7:29,15,0,0,I-25 & W ALAMEDA AVE,1,1,1,0,1,4,0,0,55,0,0,0,0,0,1,2,11
,2024-017192,39.70742997,-104.8659804,5/13/2024 19:15,19:15,15,0,0, HAVANA ST & E VIRGINIA AVE,1,3,0,0,1,3,0,0,45,0,0,0,0,0,2,2,16
,2024-017194,39.6530521,-104.9047893,5/12/2024 21:46,21:46,15,0,1,E HAMPDEN AVE & S POPLAR ST,11,3,0,1,1,3,0,0,,0,0,0,0,3,2,2,16
,2024-017197,39.7540468,-105.0016888,5/14/2024 13:28,13:28,6,0,0,WEWATTA ST & 17TH ST,1,1,0,0,1,4,0,0,30,0,0,0,0,0,4,2,11
,2024-017198,39.72514371,-105.0252128,5/14/2024 14:53,14:53,3,0,2,W 6TH AVE EB OFF RAMP & N FEDERAL BLVD,1,1,0,0,1,1,0,0,40,0,0,0,0,1,2,2,16
,2024-017201,39.6822722,-105.0250198,5/13/2024 8:15,8:15,1,0,0, FEDERAL BLVD & W JEWELL AVE,1,1,0,0,1,1,0,0,35,0,0,0,0,0,2,2,13
,2024-017205,39.69135277,-105.0509806,5/12/2024 13:05,13:05,6,0,0,5000 W ARKANSAS AVE S. YATES ST,1,1,0,0,1,2,0,0,25,0,0,0,0,0,4,2,3
,2024-017212,39.77672166,-104.8783893,5/13/2024 15:27,15:27,12,0,2,I-70 & N CENTRAL PARK BLVD,1,1,0,0,1,4,0,0,55,0,0,0,0,2,1,3,1
,2024-017214,39.74006762,-104.9414756,5/8/2024 21:56,21:56,11,1,0,E COLFAX AVE & N HARRISON ST,1,3,0,0,1,4,0,0,0,0,1,0,0,4,2,1,16
,2024-017222,39.7738109,-104.842599,5/13/2024 6:49,6:49,12,0,0,I-70 & I-225 RAMP ENT,1,1,1,0,1,4,0,0,55,0,0,0,0,0,1,2,11
,2024-017225,39.77263315,-104.8471226,5/14/2024 12:10,12:10,12,0,0,I-70 EB OFF RAMP SLIP & N PEORIA ST,1,1,0,0,1,8,0,0,25,0,0,0,0,0,4,2,13
,2024-017226,39.74008092,-104.8987596,5/13/2024 11:50,11:50,11,0,1,E COLFAX AVE & N SYRACUSE ST,1,1,0,0,1,1,0,0,30,0,1,0,0,2,2,1,11
,2024-017231,39.76443407,-105.0041595,4/17/2024 19:30,19:30,6,0,0,W 34TH AVE & N NAVAJO ST,1,3,0,0,1,4,0,0,25,0,0,0,0,0,4,2,11
,2024-017232,39.79355176,-104.9034361,5/13/2024 14:15,14:15,12,0,0, QUEBEC ST & E 53RD PL,1,1,0,0,1,3,0,0,35,0,0,0,0,0,2,3,16
,2024-017235,39.77830997,-104.9891882,5/13/2024 16:54,16:54,12,0,0,I-25 & I-70,1,1,0,0,1,4,0,0,55,0,0,0,0,0,1,2,13
,2024-017236,39.77333593,-104.8464081,5/13/2024 12:13,12:13,12,0,0,I-70 EB ON RAMP & N PEORIA ST,1,1,1,0,1,8,0,0,55,0,0,0,0,0,1,2,3
,2024-017242,39.78377523,-104.9406006,5/14/2024 7:15,7:15,12,0,0, COLORADO BLVD & E 48TH AVE,1,1,0,0,1,3,0,0,30,0,0,0,0,0,2,2,16
,2024-017246,39.77113633,-105.053238,5/14/2024 9:00,9:00,1,0,0, SHERIDAN BLVD & W 39TH AVE,1,1,0,0,1,1,0,0,35,0,0,0,0,0,2,2,13
,2024-017247,39.72494636,-105.0126695,5/13/2024 14:54,14:54,12,0,0,I-25 & W 6TH AVE,1,1,0,0,1,4,0,0,55,0,0,0,0,0,1,2,13
,2024-017248,39.76001478,-104.8905208,5/14/2024 12:26,12:26,3,0,2, CENTRAL PARK BLVD & E MLK JR BLVD,1,1,0,0,1,1,0,0,35,0,0,0,1,1,4,2,13
,2024-017251,39.75581727,-105.012163,5/13/2024 12:40,12:40,12,0,0,I-25 & N SPEER BLVD,1,1,1,0,1,4,0,0,55,0,0,0,0,0,1,2,1
,2024-017252,39.69656078,-104.865931,5/13/2024 19:17,19:17,12,0,1, HAVANA ST & E MISSISSIPPI AVE,1,1,0,0,1,3,0,0,45,0,0,0,0,1,2,4,16
,2024-017257,39.78048943,-104.955609,5/14/2024 11:15,11:15,12,0,0,I-70 & N BRIGHTON BLVD,1,1,0,0,1,4,0,0,55,0,0,0,0,0,1,2,10
,2024-017302,39.67763073,-104.9675753,5/14/2024 16:26,16:26,6,0,0, GILPIN ST & E EVANS AVE,1,1,0,0,1,4,0,0,25,0,0,0,0,0,4,2,13
,2024-017303,39.75324302,-104.9781513,5/10/2024 16:19,16:19,12,0,0, WASHINGTON ST & E 25TH AVE,1,1,0,0,1,1,0,0,25,0,0,0,0,0,4,2,13
,2024-017304,39.70749535,-104.9797988,5/14/2024 10:20,10:20,6,0,0,418  PEARL ST ALLEY & E VIRGINIA AVE,1,1,0,0,1,2,0,0,,0,0,0,0,0,4,2,3
,2024-017305,39.77405358,-104.8475694,5/15/2024 8:49,8:49,15,0,1,I-70 & N PEORIA ST,1,1,1,0,1,4,0,0,55,0,0,0,0,1,1,2,13
,2024-017311,39.71332362,-105.0532836,5/14/2024 17:30,17:30,3,0,0, SHERIDAN BLVD & W CEDAR AVE,1,1,0,0,1,1,0,0,35,0,0,0,0,0,2,2,13
,2024-017312,39.68506455,-104.9632485,5/15/2024 9:33,9:33,12,0,1,I-25 & S DOWNING ST,1,1,1,0,1,4,0,0,60,0,0,0,0,1,1,2,14
,2024-017313,39.66763326,-104.9128743,5/15/2024 9:31,9:31,12,0,0, MONACO ST & E YALE AVE,1,1,3,0,1,1,0,0,35,0,0,0,0,0,4,2,10
,2024-017314,39.74325051,-104.9747548,5/15/2024 20:00,20:00,6,0,0,E 17TH AVE & N OGDEN ST,11,3,0,1,1,4,0,0,,0,0,0,0,0,4,4,16
,2024-017317,39.830622,-104.7788864,5/14/2024 20:50,20:50,15,0,0,N JACKSON GAP ST,1,3,0,0,1,4,0,0,65,0,0,0,0,0,4,2,1
,2024-017318,39.68948977,-105.023168,5/15/2024 18:20,18:20,3,0,0,W FLORIDA AVE & S ELIOT ST,1,1,0,0,1,1,0,0,30,0,0,0,0,0,4,2,13
,2024-017321,39.74020766,-105.0088594,5/15/2024 17:24,17:24,12,0,1,W COLFAX AVE & 5TH ST,1,1,0,0,1,4,0,0,35,0,0,0,0,2,2,3,13
,2024-017322,39.84796748,-104.6750282,5/15/2024 19:03,19:03,15,0,0,PENA BLVD & E 84TH AVE,1,2,0,0,5,4,0,0,10,0,0,0,0,0,3,2,14
,2024-017326,39.78030881,-104.9409362,5/15/2024 18:14,18:14,12,0,0,I-70 & N COLORADO BLVD,1,1,0,0,1,4,0,0,55,0,0,0,0,0,1,2,13
,2024-017332,39.7757615,-104.7462239,5/4/2024 21:53,21:53,6,0,0,LISBON ST & 4293 N,1,3,0,0,1,4,0,0,20,0,0,0,0,0,4,2,11
,2024-017335,39.75275166,-104.9899157,5/12/2024 2:25,2:25,15,0,0,21ST ST & LAWRENCE ST,11,3,0,0,1,4,0,0,,0,0,0,0,0,4,2,16
,2024-017339,39.7110073,-104.9480219,5/13/2024 9:40,9:40,12,0,0,E CHERRY CREEK  DR & E ALAMEDA AVE,1,1,0,0,1,1,0,0,25,0,0,0,0,0,4,2,3
,2024-017340,39.67845014,-104.9408928,5/14/2024 23:30,23:30,3,0,2,E EVANS AVE & S COLORADO BLVD,1,3,3,0,1,1,0,0,35,0,0,0,0,1,2,2,3
,2024-017342,39.7797549,-104.9891629,5/14/2024 16:31,16:31,15,0,0,I-25 & I-70,1,1,0,0,1,4,0,0,55,0,0,0,0,0,1,2,1
,2024-017345,39.76115993,-105.0047577,5/15/2024 9:16,9:16,12,0,0,I-25 & 20TH ST,1,1,0,0,1,4,0,0,55,0,0,0,0,0,1,2,1
,2024-017347,39.74231513,-104.9993361,5/14/2024 18:00,18:00,3,0,0,CHAMPA ST & N SPEER BLVD,1,1,0,0,1,1,0,0,25,0,0,0,0,0,4,2,3
,2024-017348,39.72580385,-105.0503841,5/14/2024 23:37,23:37,15,0,1,W 6TH AVE & N YATES ST,1,4,0,0,1,4,0,0,65,0,0,0,0,1,2,2,1
,2024-017349,39.69640269,-104.8972346,5/12/2024 1:29,1:29,5,0,0,E MISSISSIPPI AVE & S PARKER RD,11,3,0,1,3,3,0,0,,0,0,0,0,0,4,1,16
,2024-017350,39.72564821,-104.9862615,5/14/2024 16:45,16:45,15,0,0, LINCOLN ST & E 6TH AVE,1,1,0,0,1,1,0,0,30,0,0,0,0,0,4,2,3
,2024-017351,39.82427842,-104.7742991,5/14/2024 22:04,22:04,6,0,0, YAMPA ST & 70TH AVE,1,4,0,0,3,4,0,0,20,0,0,0,0,0,4,2,16
,2024-017352,39.74002887,-105.0028216,4/28/2024 19:52,19:52,1,0,1,W COLFAX AVE & N MARIPOSA ST,1,2,0,0,1,1,0,0,30,0,0,0,1,3,2,2,11
,2024-017359,39.78169787,-104.9895454,5/15/2024 9:58,9:58,12,0,0,I-25 & I-70,1,1,0,0,1,4,0,0,55,0,0,0,0,0,1,2,13
,2024-017360,39.75101801,-104.9034279,5/15/2024 14:26,14:26,12,0,0, QUEBEC ST & E 23RD AVE,1,1,0,0,1,1,0,0,30,0,0,0,0,0,4,2,13
,2024-017362,39.65394205,-105.0533825,5/15/2024 16:55,16:55,12,0,0, SHERIDAN BLVD & SB SLIP TO WB W HAMPDEN AVE,1,1,1,0,1,3,0,0,40,0,0,0,0,0,2,2,13
,2024-017363,39.76202219,-105.0248754,5/15/2024 17:11,17:11,12,0,0,W 32ND AVE & N FEDERAL BLVD,1,1,0,0,1,3,0,0,35,0,0,0,0,0,2,3,13
,2024-017364,39.75740205,-105.0105107,5/14/2024 18:45,18:45,15,0,0,CENTRAL ST & 15TH ST,1,4,0,0,1,4,0,0,25,0,0,0,0,0,4,2,11
,2024-017377,39.71084476,-105.019234,5/10/2024 22:22,22:22,6,0,0,2630 W ALAMEDA AVE & S CANOSA CT,1,3,0,0,5,7,0,0,,0,0,0,0,0,3,2,16
,2024-017380,39.63415714,-104.9067112,5/15/2024 6:02,6:02,15,0,0,I-225 & I-25,1,1,1,0,1,8,0,0,55,0,0,0,0,0,1,2,1
,2024-017385,39.69641447,-104.8976973,5/14/2024 22:11,22:11,15,0,0, PARKER RD & E MISSISSIPPI AVE,1,3,0,0,1,3,0,0,35,0,0,0,0,0,2,2,16
,2024-017388,39.72202503,-105.0096438,5/14/2024 13:24,13:24,12,0,0,I-25 & W 6TH AVE,1,1,1,0,1,4,0,0,,0,0,0,0,0,1,4,16
,2024-017395,39.73365498,-104.9124392,4/22/2024 8:59,8:59,3,0,2, MONACO ST & E 11TH AVE,1,1,0,0,1,1,0,0,30,0,0,0,0,3,4,2,11
,2024-017398,39.71106448,-104.9991276,5/16/2024 18:30,18:30,15,0,0,I-25 NB ON RAMP & W ALAMEDA AVE,1,1,1,0,1,8,0,0,55,0,0,0,0,0,1,2,1
,2024-017408,39.7489401,-104.9994898,5/16/2024 23:22,23:22,3,0,0,15TH ST & MARKET ST,1,3,0,0,1,1,0,0,35,0,0,0,0,0,4,2,7
,2024-017411,39.70846011,-105.0072178,5/17/2024 3:24,3:24,6,0,0,W ALASKA PL & S PECOS ST,6,4,1,0,1,4,0,0,20,0,0,0,0,0,4,2,16
,2024-017413,39.69310432,-105.028845,5/16/2024 10:42,10:42,6,0,0,W LOUISIANA AVE & S HOOKER ST,1,1,0,0,1,4,0,0,30,0,0,0,0,0,4,2,16
,2024-017414,39.79553633,-104.7962547,5/16/2024 8:58,8:58,12,0,1, MEMPHIS ST & E MAXWELL PL,1,1,0,0,1,3,0,0,,0,0,0,0,1,4,2,13
,2024-017417,39.74746629,-104.8881748,5/16/2024 16:53,16:53,12,0,0,E MONTVIEW BLVD & N WILLOW ST,1,1,0,0,1,4,0,0,30,0,0,0,0,0,4,3,13
,2024-017421,39.69128139,-105.0250486,5/13/2024 13:10,13:10,12,0,0, FEDERAL BLVD & W ARKANSAS AVE,1,1,0,0,1,3,0,0,40,0,0,0,0,0,2,2,16
,2024-017422,39.73990482,-105.0001528,5/16/2024 7:45,7:45,6,0,1, KALAMATH ST & W 14TH AVE,1,1,0,0,1,4,0,0,,0,0,0,0,2,4,3,16
,2024-017425,39.70297275,-104.9128998,5/15/2024 10:00,10:00,12,0,0,LEETSDALE DR & S MONACO ST,1,1,0,0,1,1,0,0,35,0,0,0,0,0,2,2,3
,2024-017427,39.65130033,-104.8826793,5/17/2024 14:34,14:34,16,0,0,8970 E HAMPDEN AVE,1,1,0,0,5,7,0,0,,0,0,0,0,0,3,2,11
,2024-017428,39.744849,-104.9775371,5/15/2024 9:45,9:45,3,0,0,E 18TH AVE & N CLARKSON ST,1,1,0,0,1,1,0,0,35,0,0,0,0,0,4,2,16
,2024-017429,39.72564821,-104.9862615,5/16/2024 15:00,15:00,15,0,0, LINCOLN ST & E 6TH AVE,1,1,0,0,1,1,0,0,30,0,0,0,0,0,4,2,3
,2024-017430,39.69660628,-104.9929311,5/17/2024 12:08,12:08,1,0,2,W MISSISSIPPI AVE & S PLATTE RIVER DR,1,1,0,0,1,1,0,0,30,0,0,0,0,2,2,2,1
,2024-017431,39.75484712,-105.0509399,5/16/2024 12:11,12:11,3,0,0, YATES ST & W 26TH AVE,1,1,0,0,1,1,0,0,25,0,0,0,0,0,4,2,13
,2024-017433,39.77851747,-104.9022383,5/16/2024 7:30,7:30,12,0,0,I-70 & N QUEBEC ST,1,1,0,0,1,4,0,0,55,0,0,0,0,0,1,2,3
,2024-017435,39.70299269,-104.9523737,5/16/2024 11:20,11:20,12,0,0, MILWAUKEE ST & E OHLM WAY,1,1,0,0,1,4,0,0,25,0,0,0,0,0,4,2,3
,2024-017436,39.74007565,-104.9406125,5/17/2024 13:20,13:20,3,0,0,E COLFAX AVE & N COLORADO BLVD,1,1,0,0,1,1,0,0,35,0,0,0,0,0,2,2,13
,2024-017437,39.72908159,-104.9717792,5/17/2024 10:48,10:48,3,0,2, MARION ST & E 8TH AVE,1,1,0,0,1,1,0,0,20,0,0,0,0,1,4,2,11
,2024-017438,39.78051691,-104.9581585,5/15/2024 21:11,21:11,5,0,2,I-70 & N JOSEPHINE ST,11,3,0,1,2,4,0,0,55,0,0,0,0,2,1,1,14
,2024-017439,39.73346556,-104.9622606,5/16/2024 17:37,17:37,6,0,0,E 11TH AVE & N VINE ST,1,1,0,0,1,9,0,0,30,0,0,0,0,0,4,2,14
,2024-017441,39.65302774,-104.8817662,5/17/2024 14:47,14:47,11,0,1,E HAMPDEN AVE & S AKRON ST,1,1,0,0,1,4,0,0,0,0,1,0,0,3,2,1,16
,2024-017442,39.7656837,-104.9948635,5/17/2024 13:41,13:41,3,0,1,PARK AVE W & N GLOBEVILLE RD,1,1,0,0,1,1,0,0,35,0,0,0,0,1,4,2,13
,2024-017443,39.72563037,-104.9799378,5/15/2024 17:45,17:45,3,0,0, PEARL ST & E 6TH AVE,1,1,0,0,1,1,0,0,25,0,0,0,0,0,4,2,3
,2024-017446,39.70199891,-104.9862702,5/16/2024 10:31,10:31,15,0,0, LINCOLN ST & E OHIO AVE,1,1,0,0,1,1,0,0,30,0,0,0,0,0,4,2,11
,2024-017447,39.7112377,-105.031225,5/15/2024 18:01,18:01,15,0,0,W ALAMEDA AVE & S JULIAN ST,1,1,0,0,1,4,0,0,35,0,0,0,0,0,2,2,13
,2024-017448,39.77701866,-104.8826761,5/16/2024 8:49,8:49,12,0,0,I-270 EB OFF RAMP & I-70 ON RAMP MERGE PT,1,1,1,0,1,8,0,0,55,0,0,0,0,0,1,3,10
,2024-017449,39.62870009,-105.0348176,5/13/2024 16:45,16:45,12,0,0, LOWELL BLVD & W SARATOGA AVE,1,1,0,0,1,4,0,0,25,0,0,0,0,0,4,2,16
,2024-017450,39.8348755,-104.7718855,5/2/2024 11:39,11:39,12,0,0,PENA BLVD WB OFF RAMP & N TOWER RD,1,1,0,0,1,3,0,0,,0,0,0,0,0,4,2,16
,2024-017453,39.79826347,-104.8200383,5/17/2024 4:34,4:34,3,0,1, CROWN BLVD & E 56TH AVE,1,3,0,0,1,1,0,0,40,0,0,0,0,1,4,2,13
,2024-017454,39.76732098,-104.8904572,5/17/2024 11:40,11:40,3,0,0, CENTRAL PARK BLVD & E 36TH AVE,1,1,0,0,1,1,0,0,35,0,0,0,0,0,4,2,13
,2024-017455,39.71301633,-104.9901608,5/16/2024 23:52,23:52,6,0,1,W CEDAR AVE & S BANNOCK ST,1,4,0,0,1,4,0,0,25,0,0,0,0,2,4,3,14
,2024-017456,39.74003478,-104.9987986,5/4/2024 23:16,23:16,15,0,0,W COLFAX AVE & N SPEER BLVD,1,3,0,0,1,1,0,0,35,0,0,0,0,0,2,2,16
,2024-017458,39.69674867,-105.0253324,5/13/2024 12:28,12:28,12,0,1,W MISSISSIPPI AVE & S FEDERAL BLVD,1,1,0,0,1,4,0,0,35,0,0,0,0,1,4,2,16
,2024-017459,39.7757393,-104.8649554,5/16/2024 13:53,13:53,12,0,0,I-70 & N HAVANA ST,1,1,0,0,1,4,0,0,,0,0,0,0,0,1,2,16
,2024-017462,39.74008092,-104.8987596,5/16/2024 18:22,18:22,3,0,1,E COLFAX AVE & N SYRACUSE ST,1,1,0,0,1,1,0,0,35,0,0,0,0,2,2,3,16
,2024-017463,39.6784731,-104.9222662,5/15/2024 16:45,16:45,15,0,0, HOLLY ST & E EVANS AVE,1,1,0,0,1,1,0,0,25,0,0,0,0,0,4,2,3
,2024-017464,39.83381762,-104.7468597,5/16/2024 17:32,17:32,12,0,0,E-470 & PENA BLVD,1,1,0,0,1,4,0,0,65,0,0,0,0,0,2,2,1
,2024-017465,39.74000428,-104.9672324,5/16/2024 14:48,14:48,12,0,1,E COLFAX AVE & N GILPIN ST,1,1,0,0,1,3,0,0,35,0,0,0,0,2,2,3,13
,2024-017466,39.78388592,-104.9405995,5/16/2024 17:30,17:30,16,0,0, COLORADO BLVD & E 48TH AVE,1,1,0,0,5,7,0,0,15,0,0,0,0,0,3,2,16
,2024-017469,39.70757421,-105.008603,5/15/2024 16:41,16:41,12,0,1,W VIRGINIA AVE & S QUIETO WAY,1,1,1,0,1,1,0,0,25,0,0,0,0,1,4,2,6
,2024-017471,39.65298194,-104.920526,5/16/2024 10:47,10:47,12,0,0,E HAMPDEN AVE & I-25 SB RAMPS,1,1,0,0,1,3,0,0,40,0,0,0,0,0,2,3,14
,2024-017472,39.78023879,-104.9669747,5/16/2024 6:35,6:35,12,0,0,I-70 & N BRIGHTON BLVD,1,1,0,0,1,4,0,0,55,0,0,0,0,0,1,4,13
,2024-017473,39.69736325,-104.9826087,5/15/2024 15:17,15:17,12,0,1,I-25 & S LOGAN ST,1,1,0,0,1,4,0,0,60,0,0,0,0,1,1,5,11
,2024-017474,39.76563839,-105.0080237,5/16/2024 8:11,8:11,3,0,1,W 35TH AVE & N QUIVAS ST,1,1,0,0,1,1,0,0,25,0,0,0,0,1,4,2,11
,2024-017475,39.77505065,-104.8098981,5/17/2024 17:20,17:20,3,0,1, CHAMBERS RD & E ANDREWS DR,1,1,0,0,1,1,0,0,40,0,0,0,0,1,4,2,13
,2024-017477,39.68224088,-105.029789,5/16/2024 9:39,9:39,1,0,0,W JEWELL AVE & S IRVING ST,1,1,0,0,1,1,0,0,25,0,0,0,0,0,4,2,13
,2024-017480,39.71120569,-104.9983912,5/17/2024 7:26,7:26,3,0,1,W ALAMEDA AVE & S KALAMATH AVE,1,1,0,0,1,1,0,0,35,0,0,0,0,2,2,2,11
,2024-017484,39.74192479,-104.9124368,5/17/2024 8:54,8:54,3,0,0,E 16TH AVE & N MONACO ST,1,1,0,0,1,1,0,0,30,0,0,0,0,0,4,2,13
,2024-017486,39.6242245,-105.0985163,5/17/2024 6:20,6:20,3,0,0,W BELLVIEW AVE & S FIELD WAY,1,1,0,0,1,1,0,0,20,0,0,0,0,0,4,2,11
,2024-017487,39.72922813,-104.9402056,5/16/2024 8:12,8:12,12,0,0,E 8TH AVE & N COLORADO BLVD,1,1,0,0,1,4,0,0,35,0,0,0,0,0,4,2,3
,2024-017488,39.83793696,-104.6872498,5/15/2024 7:06,7:06,12,0,0,25700 E 78TH AVE,1,1,0,0,1,4,0,0,35,0,0,0,0,0,4,2,13
,2024-017491,39.79843653,-104.7626953,4/27/2024 0:15,0:15,1,0,0, DUNKIRK ST & E 56TH AVE,11,3,0,1,1,1,0,0,45,0,0,0,0,0,4,2,16
,2024-017493,39.75950857,-104.9031358,5/15/2024 13:11,13:11,15,0,0, QUEBEC ST & 29TH DR,1,1,0,0,1,4,0,0,40,0,0,0,0,0,4,2,13
,2024-017495,39.75364488,-104.9733633,5/16/2024 16:02,16:02,2,0,1, DOWNING ST & E 25TH AVE,1,1,0,0,3,4,0,0,,1,0,0,0,2,4,1,16
,2024-017496,39.78363364,-104.7809767,5/16/2024 16:07,16:07,12,0,1,E GREEN VALLEY RANCH BLVD & TELLURIDE ST,1,1,0,0,1,4,0,0,40,0,0,0,0,1,4,3,7
,2024-017498,39.70042022,-105.0481214,5/15/2024 20:45,20:45,11,0,2,MORRISON RD & W KENTUCKY AVE,11,3,0,1,1,1,0,0,0,0,1,0,0,3,4,1,16
,2024-017500,39.75305354,-104.9854766,5/16/2024 7:58,7:58,3,0,2,CHAMPA ST & PARK AVE W,1,1,0,0,1,1,0,0,30,0,0,0,0,2,4,2,6
,2024-017503,39.69314937,-104.9827762,4/29/2024 15:00,15:00,12,0,0, LOGAN ST & E LOUISIANA AVE,1,1,0,0,1,3,0,0,30,0,0,0,0,0,4,2,16
,2024-017504,39.6241884,-105.0944911,5/15/2024 10:55,10:55,1,0,2,W BELLEVIEW AVE & S DUDLEY ST,1,1,0,0,1,1,0,0,35,0,0,0,0,3,4,2,7
,2024-017505,39.75486016,-105.035305,5/5/2024 12:00,12:00,6,0,0,W 26TH AVE & N MEADE ST,1,1,0,0,1,4,0,0,30,0,0,0,0,0,4,2,16
,2024-017506,39.65335755,-105.0530849,5/15/2024 12:30,12:30,12,0,0, SHERIDAN BLVD & W HAMPDEN AVE,1,1,0,0,1,1,0,0,30,0,0,0,0,0,2,2,3
,2024-017508,39.74960855,-104.9955232,5/15/2024 12:23,12:23,15,0,0,17TH ST & LAWRENCE ST,1,1,0,0,1,4,0,0,30,0,0,0,0,0,4,2,16
,2024-017514,39.74878338,-105.0251654,5/17/2024 11:36,11:36,3,0,1,W 21ST AVE & N FEDERAL BLVD,1,1,0,0,1,1,0,0,25,0,0,0,1,3,2,2,13
,2024-017518,39.72836012,-105.0271788,4/20/2024 14:38,14:38,12,0,0,6TH AVE & N FEDERAL BLVD,11,1,0,2,1,4,0,0,55,0,0,0,0,0,2,3,3
,2024-017519,39.85078834,-104.6665368,5/16/2024 8:35,8:35,16,0,0,E 86TH AVE,1,1,0,0,5,4,0,0,15,0,0,0,0,0,3,2,1
,2024-017521,39.79005355,-104.823687,5/11/2024 18:50,18:50,6,0,0,14200 E 52ND AVE N CARSON ST,1,2,0,0,1,4,0,0,,0,0,0,0,0,4,2,16
,2024-017523,39.71119513,-104.9971045,5/16/2024 23:48,23:48,15,0,0,W ALAMEDA AVE & S SANTA FE DR,1,3,0,0,1,3,0,0,,0,0,0,0,0,4,2,16
,2024-017526,39.6504388,-104.9167837,4/26/2024 8:58,8:58,12,0,0,I-25 & NB OFF RAMP EXT TO E HAMPDEN AVE,1,1,0,0,1,4,0,0,60,0,0,0,0,0,1,2,1
,2024-017527,39.70845978,-105.0070439,5/17/2024 3:26,3:26,6,0,0,W ALASKA PL & S PECOS ST,1,4,1,0,1,4,0,0,20,0,0,0,0,0,4,2,16
,2024-017528,39.78562084,-105.0345803,5/17/2024 19:46,19:46,3,0,0,W 49TH AVE & N LOWELL BLVD,1,2,0,0,1,1,0,0,25,0,0,0,0,0,4,2,13
,2024-017530,39.73713589,-104.9124378,4/7/2024 15:45,15:45,12,0,0, MONACO ST & E 13TH AVE,1,1,0,0,1,4,0,0,,0,0,0,0,0,4,2,16
,2024-017532,39.76635335,-104.9989374,5/14/2024 23:36,23:36,15,0,0,I-25 NB OFF RAMP TO PARK AVE W & NB OFF RAMP GORE PT,1,3,1,0,1,8,0,0,,0,0,0,0,0,1,2,16
,2024-017533,39.74061921,-105.0142625,5/15/2024 13:04,13:04,15,0,0,I-25 & W COLFAX AVE,1,1,0,0,1,4,0,0,,0,0,0,0,0,1,2,16
,2024-017534,39.69529449,-104.9128906,5/17/2024 17:24,17:24,12,0,2, MONACO ST & E ARIZONA AVE,1,1,0,7,1,4,0,0,30,0,0,0,0,1,4,2,3
,2024-017537,39.71306205,-104.9863158,5/16/2024 20:34,20:34,12,0,0, LINCOLN ST & E CEDAR AVE,1,3,0,0,1,4,0,0,35,0,0,0,0,0,4,3,16