id,drcog_id,latitude,longitude,crashtime,time,crashtype,numbkilled,numbinjurd,drcoglocat,rdconditin,lightngcon,roadcntgrd,weatherco,location,roaddescrp,schoolzone,constrzone,splimit,bikeinv,pedinv,sctrinv,motoinv,svrty,rdsystem,ttlvehcls,hcf
,2024-017538,39.75698557,-104.9647239,5/15/2024 12:04,12:04,11,0,0,E 28TH AVE & N HIGH ST,1,1,0,0,1,1,0,0,,0,0,1,0,0,4,1,16
,2024-017541,39.76746209,-104.9034673,5/16/2024 6:01,6:01,12,0,0, QUEBEC ST & E 36TH AVE,1,1,0,0,1,1,0,0,35,0,0,0,0,0,4,2,13
,2024-017542,39.73800797,-105.0252739,5/15/2024 21:45,21:45,3,0,2, FEDERAL BLVD & W 14TH AVE,11,3,0,1,1,1,0,0,35,0,0,0,0,2,2,2,11
,2024-017543,39.76985419,-104.7608307,5/16/2024 7:02,7:02,3,0,1,E 39TH AVE & N ENSENADA ST,1,1,0,0,1,1,0,0,20,0,0,0,0,1,4,2,13
,2024-017545,39.71129059,-105.0226615,5/15/2024 21:09,21:09,6,0,0, DECATUR ST & W ALAMEDA AVE,11,3,0,0,1,4,0,0,25,0,0,0,0,0,4,2,16
,2024-017546,39.75102836,-104.9123864,5/15/2024 11:46,11:46,3,0,2, MONACO ST & E 23RD AVE,1,1,0,0,1,1,0,0,30,0,0,0,0,2,4,2,3
,2024-017549,39.75482907,-105.020532,4/28/2024 15:05,15:05,3,0,1,W 26TH AVE & N CLAY ST,1,1,0,0,1,1,0,0,20,0,0,0,0,1,4,2,11
,2024-017554,39.71114655,-105.0203576,5/16/2024 13:40,13:40,3,0,0,2727 W ALAMEDA AVE & S CLAY ST,1,1,3,0,1,2,0,0,35,0,0,0,0,0,2,2,13
,2024-017557,39.757463,-105.0099301,5/9/2024 21:00,21:00,12,0,0,I-25 & SB OFF RAMP EXT TO N SPEER BLVD,1,3,0,0,1,4,0,0,,0,0,0,0,0,2,2,16
,2024-017558,39.78368529,-104.7674171,4/8/2024 16:40,16:40,12,0,0,ANDES CT & E GREEN VALLEY RANCH BLVD,1,1,0,0,1,3,0,0,25,0,0,0,0,0,4,3,16
,2024-017559,39.69311664,-105.0107368,5/16/2024 15:25,15:25,3,0,1,W LOUISIANA AVE & S SHOSHONE ST,1,1,0,0,1,1,0,0,35,0,0,0,1,2,4,2,13
,2024-017567,39.7726761,-104.9405099,5/14/2024 12:34,12:34,12,0,3, COLORADO BLVD & E 40TH AVE,1,1,0,0,1,4,0,0,35,0,0,0,0,2,2,3,10
,2024-017569,39.68932035,-104.9430263,5/17/2024 8:15,8:15,3,0,2,JACKSON ST & E FLORIDA AVE,1,1,0,0,1,1,0,0,30,0,0,0,0,2,4,2,13
,2024-017573,39.73780451,-105.0141102,5/3/2024 9:10,9:10,15,0,0,I-25 & SB ON RAMP ENT FROM AURARIA PKWY,1,1,0,0,1,8,0,0,,0,0,0,0,0,2,2,16
,2024-017575,39.68039729,-104.9257132,5/16/2024 7:29,7:29,15,0,0,E ASBURY AVE & S GLENCOE ST,1,1,0,0,1,4,0,0,,0,0,0,0,0,4,2,7
,2024-017577,39.68033116,-105.0250275,5/2/2024 23:27,23:27,1,0,0, FEDERAL BLVD & W ASBURY AVE,1,3,0,0,1,4,0,0,,0,0,0,0,0,2,2,16
,2024-017578,39.77524864,-104.8592622,5/11/2024 14:17,14:17,12,0,0,I-70 & MM 280.9,1,1,0,0,1,4,0,0,,0,0,0,0,0,1,2,16
,2024-017585,39.6529802,-104.917668,5/17/2024 7:47,7:47,2,0,1,E HAMPDEN AVE & I-25 NB OFF RAMP,1,1,1,0,1,1,0,0,0,1,0,0,0,1,2,1,16
,2024-017594,39.7401678,-104.9562706,5/17/2024 22:13,22:13,12,0,0,E COLFAX AVE & N ELIZABETH ST,1,3,0,0,1,1,0,0,30,0,0,0,0,0,2,2,14
,2024-017598,39.71108422,-105.0249415,5/16/2024 16:12,16:12,12,0,2, FEDERAL BLVD & W ALAMEDA AVE,1,1,0,0,1,4,0,0,40,0,0,0,0,2,2,2,13
,2024-017599,39.69262382,-104.9776132,5/18/2024 9:55,9:55,12,0,0,I-25 & S EMERSON ST,1,1,0,0,1,4,0,0,60,0,0,0,0,0,1,2,1
,2024-017607,39.7442559,-105.0532238,5/14/2024 13:35,13:35,15,0,0, SHERIDAN BLVD & W 17TH AVE,1,1,0,0,1,4,0,0,35,0,0,0,0,0,2,2,13
,2024-017609,39.70241556,-104.9121152,5/16/2024 6:50,6:50,12,0,0,LEETSDALE DR & S MONACO ST,1,1,0,0,1,4,0,0,35,0,0,0,0,0,2,3,14
,2024-017610,39.77859955,-104.9222361,5/16/2024 16:50,16:50,12,0,1,I-70 & N HOLLY ST,1,1,0,0,1,4,0,0,55,0,0,0,0,2,2,2,11
,2024-017617,39.69673802,-105.022726,5/18/2024 16:01,16:01,3,0,1, DECATUR ST & W MISSISSIPPI AVE,1,1,0,0,1,1,0,0,25,0,0,0,0,1,4,2,16
,2024-017622,39.70389101,-105.02386,5/18/2024 17:54,17:54,3,0,1, ELIOT ST & W EXPOSITION AVE,1,1,0,0,1,1,0,0,30,0,0,0,0,2,4,2,14
,2024-017627,39.74044852,-105.0141707,5/17/2024 21:54,21:54,15,0,0,I-25 & W COLFAX AVE,1,3,0,0,1,4,0,0,,0,0,0,0,0,1,2,16
,2024-017631,39.72557234,-105.0134067,5/17/2024 8:55,8:55,15,0,0,I-25 & W 6TH AVE,1,1,0,0,1,4,0,0,55,0,0,0,0,0,1,2,13
,2024-017632,39.6709339,-104.8660422,5/18/2024 18:20,18:20,3,0,0, PARKER RD & S HAVANA ST,1,1,0,0,1,1,0,0,40,0,0,0,0,0,2,2,16
,2024-017636,39.76928871,-105.0229073,4/29/2024 17:00,17:00,12,0,0,W 38TH AVE & N ELIOT ST,1,1,0,0,1,3,0,0,,0,0,0,0,0,4,2,16
,2024-017637,39.74195916,-104.992831,5/17/2024 21:53,21:53,6,0,2,14TH ST & GLENARM ST,1,3,0,0,1,4,0,0,25,0,0,0,0,2,4,2,14
,2024-017638,39.77375338,-104.8416896,5/17/2024 22:22,22:22,15,0,0,I-70 & MERGE PT FROM NB I-225 OFF RAMP,1,4,0,0,1,8,0,0,55,0,0,0,0,0,1,2,14
,2024-017641,39.71018092,-104.9973161,5/18/2024 11:43,11:43,15,0,0, KALAMATH ST & W ALAMEDA AVE,1,1,1,0,1,4,0,0,40,0,0,0,1,0,4,2,1
,2024-017643,39.74161971,-104.9597774,5/18/2024 10:47,10:47,10,0,0, YORK ST & E 16TH AVE,1,1,0,0,1,1,0,0,30,0,0,0,0,0,4,2,13
,2024-017644,39.75022502,-105.0047788,5/17/2024 6:17,6:17,3,0,0, SPEER BLVD & WEWATTA ST,1,1,0,0,1,1,0,0,35,0,0,0,0,0,4,2,16
,2024-017646,39.67564707,-104.9408131,5/16/2024 15:35,15:35,12,0,0, COLORADO BLVD & E WARREN AVE,1,1,0,0,1,4,0,0,35,0,0,0,0,0,2,4,13
,2024-017648,39.71964479,-104.9862381,5/17/2024 21:45,21:45,6,0,0, LINCOLN ST & E 2ND AVE,1,3,0,0,1,4,0,0,35,0,0,0,0,0,4,2,16
,2024-017649,39.65287261,-105.0557424,5/16/2024 20:05,20:05,14,0,1,W HAMPDEN  FRTG RD & S SHERIDAN BLVD,1,2,0,0,1,4,0,0,25,0,0,0,0,2,4,2,1
,2024-017651,39.74000939,-104.9873193,5/3/2024 0:35,0:35,11,0,1,E COLFAX AVE & N BROADWAY ST,1,3,0,0,1,4,0,0,25,0,1,0,0,1,2,1,14
,2024-017652,39.7507359,-104.9757577,5/18/2024 12:00,12:00,3,0,0, EMERSON ST & E 23RD AVE,14,5,3,7,1,1,0,0,25,0,0,0,0,0,4,2,13
,2024-017653,39.7692678,-104.9126957,5/18/2024 14:59,14:59,3,0,0, MONACO ST & E 38TH AVE,1,1,0,0,1,1,0,0,25,0,0,0,0,0,4,2,11
,2024-017654,39.76450862,-104.9721011,5/17/2024 20:50,20:50,3,0,1,E BRUCE RANDOLPH AVE & N MARION ST,1,3,0,0,1,1,0,0,20,0,0,0,0,2,4,2,11
,2024-017663,39.66513554,-105.0298848,5/16/2024 22:35,22:35,6,0,0, IRVING ST & W AMHERST AVE,1,3,0,0,1,4,0,0,25,0,0,0,0,0,4,2,13
,2024-017669,39.78377876,-104.9222746,5/17/2024 3:19,3:19,12,0,0, HOLLY ST & E 48TH AVE,1,3,0,0,1,1,0,0,35,0,0,0,0,0,4,2,2
,2024-017671,39.73998297,-104.9599618,5/15/2024 15:38,15:38,12,0,0,E COLFAX AVE & N YORK ST,1,1,0,0,1,3,0,0,30,0,0,0,0,0,2,2,13
,2024-017675,39.68039109,-104.9437487,5/16/2024 17:05,17:05,16,0,0,3725 E BUCHTEL BLVD,1,1,0,0,5,7,0,0,10,0,0,0,0,0,3,2,16
,2024-017677,39.74346345,-104.9591719,5/17/2024 14:16,14:16,10,0,0,E 17TH AVE & N JOSEPHINE ST,1,1,0,0,1,1,0,0,25,0,0,0,0,0,4,2,13
,2024-017680,39.7807847,-104.9885917,4/8/2024 16:05,16:05,15,0,0,I-70 EB OFF RAMP TO -25 & RAMP MERGE TO SB I-25,1,1,0,0,1,8,0,0,45,0,0,0,0,0,1,2,16
,2024-017687,39.73843317,-104.9874134,5/15/2024 8:26,8:26,10,0,0, BROADWAY & E 14TH AVE,1,1,0,0,1,1,0,0,30,0,0,0,0,0,4,2,16
,2024-017689,39.69719622,-105.0034621,5/14/2024 9:39,9:39,6,0,0,W HOYE PL & S OSAGE ST,1,1,1,0,1,4,0,0,20,0,0,0,0,0,4,2,16
,2024-017692,39.73998192,-104.9624131,5/11/2024 15:30,15:30,15,0,0,E COLFAX AVE & N VINE ST,1,1,0,0,1,3,0,0,30,0,0,0,0,0,2,3,16
,2024-017696,39.72943238,-105.0462636,5/18/2024 16:21,16:21,6,0,0, VRAIN ST & W 8TH AVE,1,1,1,0,1,4,0,0,25,0,0,0,0,0,4,2,16
,2024-017700,39.7402726,-104.8987604,5/18/2024 14:31,14:31,8,0,1,SYRACUSE ST & E COLFAX AVE,1,1,0,0,1,4,0,0,30,0,0,0,0,2,2,2,16
,2024-017702,39.69647471,-104.9652046,5/12/2024 1:30,1:30,6,0,0, HIGH ST & E MISSISSIPPI AVE,11,3,0,1,1,4,0,0,25,0,0,0,0,0,4,2,16
,2024-017766,39.71119621,-105.0432544,4/26/2024 18:55,18:55,15,0,1,W ALAMEDA AVE & S STUART ST,11,1,0,1,1,11,0,0,35,0,0,0,0,2,2,2,16
,2024-017767,39.74020568,-104.9234392,5/19/2024 12:30,12:30,15,0,1,E COLFAX AVE & N HUDSON ST,1,1,0,0,1,1,0,0,30,0,0,0,0,2,2,2,1
,2024-017768,39.7037916,-104.9104899,5/19/2024 0:10,0:10,6,0,0,6755 E EXPOSITION AVE,1,3,0,0,1,4,0,0,25,0,0,0,0,0,4,2,16
,2024-017771,39.68694999,-105.0203742,5/19/2024 0:21,0:21,6,0,0, CLAY ST & W MEXICO AVE,1,4,1,0,1,4,0,0,25,0,0,0,0,0,4,3,2
,2024-017772,39.71875431,-104.9473763,4/30/2024 13:42,13:42,6,0,0, COOK ST & 155,1,1,0,0,5,7,0,0,10,0,0,0,0,0,3,2,10
,2024-017781,39.65383461,-104.8812411,4/23/2024 20:45,20:45,6,0,0,E GIRARD AVE & S AKRON ST,1,3,0,0,1,4,0,0,,0,0,0,0,0,4,3,16
,2024-017783,39.69212377,-104.9687149,5/3/2024 16:15,16:15,6,0,0,E LOUISIANA AVE & 1700,1,1,0,0,5,7,0,0,15,0,0,0,0,0,3,2,14
,2024-017784,39.76980638,-104.9914432,5/19/2024 3:20,3:20,12,0,1,I-70 NB ON RAMP & NB RAMP MERGE PT TO I-70,1,3,0,0,1,8,0,0,40,0,0,0,0,2,1,2,16
,2024-017785,39.67852549,-105.0016022,4/25/2024 13:55,13:55,15,0,0,W EVANS AVE & S LIPAN ST,1,1,0,0,1,3,0,0,30,0,0,0,0,0,4,2,16
,2024-017786,39.74167712,-104.9823321,5/19/2024 16:33,16:33,11,0,0, LOGAN ST & E 16TH AVE,1,1,0,0,1,1,0,0,0,0,0,1,0,0,4,1,16
,2024-017793,39.68951554,-105.0157082,5/17/2024 20:21,20:21,1,0,1,W FLORIDA AVE & S ZUNI ST,1,3,0,0,1,1,0,0,30,0,0,0,1,3,4,2,7
,2024-017794,39.80010748,-104.7721166,5/19/2024 13:54,13:54,12,0,0, TOWER RD & E 57TH AVE,1,1,2,0,1,1,0,0,45,0,0,0,0,0,4,3,16
,2024-017795,39.71128376,-104.9034949,5/3/2024 6:03,6:03,3,0,1,E ALAMEDA AVE & S QUEBEC ST,1,1,0,0,1,1,0,0,35,0,0,0,0,2,4,2,14
,2024-017799,39.74884924,-105.0299603,5/18/2024 17:00,17:00,6,0,0, IRVING ST & W 21ST AVE,1,3,0,0,1,4,0,0,,0,0,0,0,0,4,2,16
,2024-017801,39.7694645,-105.038156,5/18/2024 23:36,23:36,3,0,1, OSCEOLA ST & W 38TH AVE,1,3,0,0,1,1,0,0,20,0,0,0,0,3,4,3,16
,2024-017815,39.72565894,-105.0538622,5/19/2024 15:28,15:28,12,0,1,W 6TH AVE & N SHERIDAN BLVD,1,1,1,0,1,4,0,0,55,0,0,0,0,1,2,2,16
,2024-017819,39.78002928,-104.9854583,5/19/2024 16:16,16:16,12,0,0,I-70 & WB OFF RAMP EXT TO I-25,1,1,0,0,1,8,0,0,55,0,0,0,0,0,1,2,16
,2024-017821,39.73999288,-104.9647702,5/18/2024 16:26,16:26,3,0,0,E COLFAX AVE & N HIGH ST,1,1,0,0,1,1,0,0,35,0,0,0,0,0,2,2,11
,2024-017826,39.71120861,-104.908617,5/19/2024 5:30,5:30,5,0,0,E ALAMEDA AVE & S NEWPORT WY,1,2,0,0,3,4,0,0,40,0,0,0,0,0,4,1,2
,2024-017827,39.78014711,-104.9246422,4/30/2024 12:37,12:37,3,0,1, GRAPE ST & E 46TH AVE,1,1,0,0,1,1,0,0,30,0,0,0,0,2,4,2,14
,2024-017830,39.76724957,-104.9968266,5/19/2024 15:11,15:11,12,0,0,I-25 & PARK AVE W,1,1,0,0,1,4,0,0,55,0,0,0,0,0,1,2,13
,2024-017854,39.68398236,-104.9870981,3/18/2024 20:40,20:40,6,0,2,E COLORADO AVE & S LINCOLN ST,1,3,0,0,1,4,0,0,20,0,0,0,1,3,4,2,16
,2024-017856,39.75384941,-104.9914337,5/19/2024 1:52,1:52,11,0,1,LARIMER ST & 21ST ST,1,3,0,0,1,4,0,0,25,0,1,0,0,3,4,1,3
,2024-017867,39.69903703,-104.9216227,5/19/2024 0:15,0:15,6,0,0, HOLLY ST & E TENNESSEE AVE,1,3,0,0,1,4,0,0,25,0,0,0,0,0,4,2,16
,2024-017868,39.71128376,-104.9034949,5/19/2024 9:09,9:09,1,0,0,E ALAMEDA AVE & S QUEBEC ST,1,1,0,0,1,1,0,0,40,0,0,0,0,0,4,2,16
,2024-017869,39.75013265,-104.9840897,5/19/2024 8:04,8:04,3,0,0,22ND ST & WELTON ST,1,1,0,0,1,1,0,0,30,0,0,0,0,0,4,2,16
,2024-017870,39.77395352,-104.8464131,5/3/2024 8:15,8:15,12,0,0,I-70 & N PEORIA ST,1,1,0,0,1,4,0,0,55,0,0,0,0,0,1,3,14
,2024-017871,39.69672969,-105.0085279,4/26/2024 17:00,17:00,15,0,0,W MISSISSIPPI AVE & S RARITAN ST,11,1,0,1,1,4,0,0,30,0,0,0,0,0,4,2,16
,2024-017872,39.74016293,-104.9541475,5/19/2024 12:05,12:05,10,0,0,E COLFAX AVE & N DETROIT ST,1,1,0,0,1,1,0,0,35,0,0,0,0,0,2,2,13
,2024-017875,39.73833732,-104.9449825,5/18/2024 20:49,20:49,6,0,0,E 14TH AVE & N MONROE ST,1,4,0,0,1,4,0,0,35,0,0,0,0,0,4,3,16
,2024-017879,39.78067768,-104.9581573,5/18/2024 14:38,14:38,15,0,0, JOSEPHINE ST & E 46TH AVE N,1,1,0,0,1,1,0,0,25,0,0,0,0,0,4,2,13
,2024-017880,39.78027103,-104.940337,4/30/2024 17:30,17:30,12,0,0,I-70 & N COLORADO BLVD,1,1,0,0,1,4,0,0,55,0,0,0,0,0,1,2,14
,2024-017886,39.73670862,-104.9848577,5/19/2024 1:30,1:30,6,0,0, SHERMAN ST & E 13TH AVE,1,3,0,0,1,4,0,0,20,0,0,0,0,0,4,2,14
,2024-017888,39.72906831,-104.9861529,5/18/2024 0:54,0:54,3,0,1,E 8TH AVE & N LINCOLN ST,1,3,0,0,1,1,0,0,35,0,0,0,0,2,4,3,11
,2024-017889,39.69338503,-105.0126904,4/25/2024 5:20,5:20,6,0,0, UMATILLA ST & W LOUISIANA AVE,1,4,0,0,1,4,0,0,20,0,0,0,0,0,4,2,16
,2024-017890,39.71478133,-104.9875257,4/25/2024 22:40,22:40,15,0,0, BROADWAY ST & E BAYAUD AVE,11,3,0,1,1,1,0,0,30,0,0,0,0,0,4,2,16
,2024-017892,39.74379993,-104.8881678,5/19/2024 13:14,13:14,3,0,0,E 17TH AVE & N WILLOW ST,1,1,0,0,1,1,0,0,25,0,0,0,0,0,4,2,11
,2024-017894,39.74175563,-104.9874077,4/24/2024 12:00,12:00,6,0,0, BROADWAY ST & 16TH ST,1,1,0,0,1,4,0,0,30,0,0,0,0,0,4,2,14
,2024-017895,39.72416034,-104.977554,4/28/2024 11:25,11:25,11,0,0, CLARKSON ST & E 5TH AVE,1,1,0,0,1,3,0,0,0,0,1,0,0,0,4,1,16
,2024-017914,39.73999862,-104.9660098,5/20/2024 10:37,10:37,2,0,0,E COLFAX AVE & N WILLIAMS ST,1,1,0,0,1,1,0,0,0,1,0,0,0,0,2,1,16
,2024-017915,39.74482759,-104.9721247,5/17/2024 9:55,9:55,10,0,0,E 18TH AVE & N MARION ST,1,1,0,0,1,1,0,0,25,0,0,0,0,0,4,2,16
,2024-017916,39.72482714,-105.0156336,5/20/2024 12:06,12:06,15,0,0,I-25 NB ON RAMP FROM W 6TH AVE & I-25 NB,1,1,0,0,1,8,0,0,45,0,0,0,0,0,1,2,16
,2024-017917,39.74846241,-105.0033458,5/19/2024 11:42,11:42,10,0,0,BLAKE ST & AURARIA PKWY,1,1,0,0,1,1,0,0,30,0,0,0,0,0,4,2,4
,2024-017922,39.73655584,-104.9406166,5/20/2024 8:53,8:53,15,0,0, COLORADO BLVD & E 13TH AVE,1,1,0,0,1,4,0,0,35,0,0,0,0,0,2,2,1
,2024-017923,39.83110841,-104.771882,5/20/2024 17:00,17:00,1,0,0, TOWER RD & PENA BLVD INBOUND RAMPS,11,1,0,0,1,1,0,0,35,0,0,0,0,0,4,2,11
,2024-017925,39.75907744,-105.0071836,5/17/2024 12:57,12:57,15,0,0,I-25 & NB OFF RAMP EXT TO 20TH ST,9,1,0,0,1,4,0,0,55,0,0,0,0,0,1,2,13
,2024-017929,39.64605889,-104.9142284,5/15/2024 13:21,13:21,12,0,1,I-25 & E HAMPDEN AVE,1,1,0,0,1,4,0,0,65,0,0,0,0,1,1,4,7
,2024-017934,39.785569,-104.9021553,5/15/2024 15:13,15:13,15,0,0,I-270 WB ON RAMP FROM  NORTHFIELD QUEBEC ST & RAMP METER LIGHT,1,1,1,0,1,8,0,0,55,0,0,0,0,0,1,2,3
,2024-017935,39.71466007,-104.9407886,5/11/2024 13:14,13:14,1,0,0, COLORADO BLVD & E BAYAUD AVE,1,1,1,0,1,1,0,0,35,0,0,0,0,0,2,2,10
,2024-017936,39.74022191,-104.8952271,5/19/2024 20:29,20:29,1,0,1,E COLFAX AVE & N TAMARAC ST,1,3,0,0,1,1,0,0,30,0,0,0,1,3,2,2,11
,2024-017938,39.72571055,-105.024611,5/15/2024 15:14,15:14,12,0,0,W 6TH AVE OFF RAMP & N FEDERAL BLVD,1,1,1,0,1,8,0,0,,0,0,0,0,0,2,2,13
,2024-017939,39.70749216,-104.973374,5/20/2024 12:54,12:54,15,0,0,E VIRGINIA AVE & S DOWNING ST,1,1,0,0,1,1,0,0,30,0,0,0,0,0,4,2,3
,2024-017942,39.71941276,-104.9533811,5/8/2024 16:34,16:34,12,0,1,E 2ND AVE & N FILLMORE ST,1,1,0,0,1,3,0,0,25,0,0,0,0,1,4,2,16
,2024-017947,39.73940364,-105.0141424,5/15/2024 16:44,16:44,15,0,0,I-25 & W COLFAX AVE,1,1,0,0,1,4,0,0,55,0,0,0,0,0,1,2,13
,2024-017950,39.74004275,-104.9835797,5/20/2024 8:55,8:55,11,0,1,E COLFAX AVE & N GRANT ST,1,1,0,0,1,1,0,0,25,0,1,0,0,2,2,1,13
,2024-017951,39.70117889,-104.9874996,5/20/2024 7:45,7:45,12,0,1,I-25 & S BROADWAY ST,1,1,3,0,1,4,0,0,,0,0,0,0,1,1,2,16
,2024-017953,39.78726545,-104.7721344,5/20/2024 11:15,11:15,15,0,1, TOWER RD & E 50TH AVE,1,1,0,0,1,4,0,0,40,0,0,0,0,1,4,2,11
,2024-017958,39.74022245,-104.8940346,5/14/2024 22:00,22:00,11,0,1,E COLFAX AVE & N ULSTER ST,1,3,0,0,1,1,0,0,35,0,1,0,0,1,2,1,16
,2024-017962,39.71118258,-105.0372817,5/20/2024 18:13,18:13,15,0,0,W ALAMEDA AVE & S NEWTON ST,11,1,0,1,1,3,0,0,,0,0,0,0,0,2,2,16
,2024-017966,39.7786623,-104.9200423,5/17/2024 11:30,11:30,15,0,0, IVY ST & E 45TH AVE,1,1,0,0,1,1,0,0,20,0,0,0,0,0,4,2,1
,2024-017967,39.75991483,-105.0096448,5/19/2024 14:00,14:00,6,0,0,BOULDER ST & KENSING CT,1,1,0,0,1,4,0,0,,0,0,0,0,0,4,2,16
,2024-017969,39.67339698,-105.0227442,5/20/2024 15:09,15:09,1,0,0, DECATUR ST & W WESLEY AVE,1,1,0,0,1,1,0,0,20,0,0,0,0,0,4,2,4
,2024-017972,39.79220111,-104.8317649,5/19/2024 23:11,23:11,12,0,0, WHEELING ST & N VICTOR WY,1,3,0,0,1,1,0,0,20,0,0,0,0,0,4,2,16
,2024-017975,39.74008036,-104.9034578,4/20/2024 3:26,3:26,3,0,1,E COLFAX AVE & N QUEBEC ST,4,3,0,0,1,1,0,0,35,0,0,0,0,1,2,2,16
,2024-017976,39.72003709,-105.0071014,5/16/2024 11:54,11:54,12,0,1,I-25 & W 6TH AVE,1,1,0,0,1,4,0,0,55,0,0,0,0,1,1,3,13
,2024-017977,39.79838671,-104.7863774,5/19/2024 20:25,20:25,12,0,0,E 56TH AVE & PENA BLVD,1,4,0,0,1,4,0,0,65,0,0,0,0,0,4,2,7
,2024-017978,39.84928164,-104.6726895,5/19/2024 12:30,12:30,15,0,0,PENA BLVD & JACKSON GAP RD,1,1,1,0,1,4,0,0,15,0,0,0,0,0,4,2,11
,2024-017979,39.76446451,-104.9451094,5/20/2024 16:05,16:05,12,0,0,E BRUCE RANDOLPH AVE & N MONROE ST,1,1,0,0,1,4,0,0,25,0,0,0,0,0,4,2,3
,2024-017980,39.67528102,-104.9769511,5/18/2024 13:35,13:35,6,0,0, EMERSON ST & E WARREN AVE,1,1,0,0,1,4,0,0,25,0,0,0,0,0,4,2,3
,2024-017981,39.7116158,-104.9593149,5/17/2024 7:09,7:09,12,0,0, UNIVERSITY BLVD & E ALAMEDA AVE,1,1,1,0,1,4,0,0,30,0,0,0,0,0,4,2,16
,2024-017983,39.75644155,-105.0162113,5/20/2024 8:02,8:02,3,0,0,2785  SPEER BLVD & N ZUNI ST,1,1,0,0,1,2,0,0,35,0,0,0,0,0,4,2,11
,2024-017993,39.79838671,-104.7863774,5/19/2024 20:25,20:25,12,0,0,E 56TH AVE & N PENA BLVD,1,4,0,0,1,4,0,0,,0,0,0,0,0,4,2,16
,2024-017998,39.83346246,-104.6911476,5/19/2024 18:15,18:15,15,0,0,PENA BLVD & JACKSON GAP,1,1,1,0,1,4,0,0,65,0,0,0,0,0,4,2,14
,2024-018000,39.78383083,-105.0132746,5/20/2024 9:20,9:20,12,0,0,W 48TH AVE & N VALLEJO ST,1,1,0,0,1,4,0,1,25,0,0,0,0,0,4,2,11
,2024-018001,39.74380964,-104.8846522,5/10/2024 14:43,14:43,3,0,0, YOSEMITE ST & E 17TH AVE,1,1,0,0,1,1,0,0,30,0,0,0,0,0,4,2,11
,2024-018005,39.74942384,-104.995286,5/19/2024 10:50,10:50,6,0,0,E 17TH AVE & LAWRENCE ST,1,1,0,0,1,4,0,0,30,0,0,0,0,0,4,2,14
,2024-018021,39.63997564,-104.8849969,5/15/2024 14:25,14:25,3,0,0, YOSEMITE ST & I-225 SB RAMPS,1,1,0,0,1,1,0,0,35,0,0,0,0,0,1,2,13
,2024-018025,39.67720054,-104.9328626,5/17/2024 13:46,13:46,12,0,0,I-25 & E EVANS AVE,1,1,0,0,1,4,0,0,55,0,0,0,0,0,1,2,13
,2024-018028,39.72874274,-104.9986104,5/20/2024 13:16,13:16,6,0,0, SANTA FE DR & W 8TH AVE,1,1,0,0,1,4,0,0,,0,0,0,0,0,4,2,16
,2024-018033,39.69844875,-104.903177,5/20/2024 6:56,6:56,12,0,1, PARKER RD & S QUEBEC ST,1,1,0,0,1,3,0,0,35,0,0,0,0,2,2,3,11
,2024-018034,39.79825656,-105.0530626,5/20/2024 17:39,17:39,12,0,0,I-70 WB OFF RAMP SLIP & N SHERIDAN BLVD,1,1,3,0,1,8,0,0,35,0,0,0,0,0,2,2,13
,2024-018039,39.74486258,-104.9960985,5/18/2024 8:55,8:55,12,0,0,CHAMPA ST & 14TH ST,1,1,0,0,1,4,0,0,25,0,0,0,0,0,4,2,16
,2024-018041,39.78013769,-104.9634521,5/15/2024 15:47,15:47,12,0,0,I-70 & N BRIGHTON BLVD,1,1,1,0,1,4,0,0,55,0,0,0,0,0,1,2,3
,2024-018043,39.77414456,-104.8464636,5/17/2024 9:35,9:35,12,0,1,I-70 & N PEORIA ST,1,1,0,0,1,4,0,0,55,0,0,0,0,1,1,3,16
,2024-018045,39.7737618,-104.8440738,5/16/2024 10:36,10:36,12,0,0,I-70 & N PEORIA ST,1,1,1,0,1,4,0,0,55,0,0,0,0,0,1,2,13
,2024-018051,39.72904632,-104.9899352,5/20/2024 11:35,11:35,3,0,0,W 8TH AVE & N SPEER BLVD,1,1,0,0,1,1,0,0,30,0,0,0,0,0,4,2,11
,2024-018052,39.75479407,-105.0135529,5/17/2024 12:31,12:31,15,0,0,I-25 & N SPEER BLVD,1,1,0,0,1,4,0,0,55,0,0,0,0,0,1,2,13
,2024-018054,39.71129746,-105.0396975,5/20/2024 11:32,11:32,3,0,2,W ALAMEDA AVE & S PERRY ST,1,1,0,0,1,1,0,0,30,0,0,0,0,3,2,2,16
,2024-018055,39.74675722,-105.0184192,5/17/2024 10:19,10:19,12,0,1,I-25 & W 20TH ST,1,1,0,0,1,4,0,0,55,0,0,0,0,1,1,3,13
,2024-018056,39.79026653,-104.8097541,5/20/2024 12:55,12:55,3,0,0, CHAMBERS RD & E 53RD AVE,1,1,0,0,1,1,0,0,35,0,0,0,0,0,4,2,14
,2024-018057,39.65307905,-104.8987255,5/20/2024 14:26,14:26,11,0,1, TAMARAC DR & E HAMPDEN AVE,1,1,0,0,1,1,0,0,40,0,1,0,0,2,2,1,13
,2024-018096,39.71572455,-105.0250013,5/20/2024 12:48,12:48,3,0,0, FEDERAL BLVD & W ARCHER PL,1,1,1,1,1,2,0,0,35,0,0,0,0,0,2,2,11