id,drcog_id,latitude,longitude,crashtime,time,crashtype,numbkilled,numbinjurd,drcoglocat,rdconditin,lightngcon,roadcntgrd,weatherco,location,roaddescrp,schoolzone,constrzone,splimit,bikeinv,pedinv,sctrinv,motoinv,svrty,rdsystem,ttlvehcls,hcf
,2024-018100,39.71128381,-104.9034949,5/20/2024 17:30,17:30,12,0,0, QUEBEC ST & E ALAMEDA AVE,11,1,0,0,1,1,0,0,30,0,0,0,0,0,4,2,3
,2024-018103,39.78021611,-104.9496496,5/20/2024 13:00,13:00,12,0,0,E 46TH AVE & N STEELE ST,1,1,0,0,1,3,0,0,25,0,0,0,0,0,2,2,11
,2024-018108,39.68569543,-104.9499522,5/21/2024 11:19,11:19,15,0,0,E MEXICO AVE & S STEELE ST,1,1,0,0,1,1,0,0,30,0,0,0,0,0,4,2,11
,2024-018110,39.73681378,-104.9585965,5/21/2024 15:27,15:27,3,0,0,E 13TH AVE & N JOSEPHINE ST,1,1,0,0,1,1,0,0,30,0,0,0,0,0,4,2,13
,2024-018115,39.67455656,-104.9306444,5/20/2024 15:28,15:28,12,0,1,I-25 & E HAMPDEN AVE,1,1,0,0,1,4,0,0,65,0,0,0,0,1,1,2,13
,2024-018121,39.7821104,-105.0345822,5/21/2024 9:01,9:01,3,0,0,W 47TH AVE & N LOWELL BLVD,1,1,0,0,1,1,0,0,25,0,0,0,0,0,4,2,13
,2024-018122,39.71466007,-104.9407886,5/20/2024 16:00,16:00,3,0,0, COLORADO BLVD & E BAYAUD AVE,1,1,0,0,1,1,0,0,30,0,0,0,0,0,2,2,3
,2024-018128,39.6531023,-104.9304456,5/21/2024 16:43,16:43,15,0,0,E HAMPDEN AVE & S EUDORA ST,11,1,0,1,1,3,0,0,45,0,0,0,0,0,2,2,14
,2024-018131,39.65315917,-104.9153405,5/21/2024 17:32,17:32,1,0,0,E HAMPDEN AVE & S LOCUST ST,1,1,0,0,1,1,0,0,45,0,0,0,0,0,1,2,13
,2024-018132,39.74397235,-105.0521239,5/21/2024 17:13,17:13,12,0,0,W 17TH AVE & N ZENOBIA ST,1,1,0,0,1,4,0,0,,0,0,0,0,0,4,2,16
,2024-018137,39.75586837,-104.9818548,4/16/2024 16:40,16:40,2,0,0,26TH ST & CHAMPA ST,1,1,0,0,1,1,0,0,0,1,0,0,0,0,4,1,16
,2024-018140,39.78917459,-104.9033102,5/10/2024 18:41,18:41,12,0,0,HWY 35 & MM 9.432,1,1,0,0,1,4,0,0,40,0,0,0,0,0,2,2,16
,2024-018143,39.68477087,-104.9594149,5/20/2024 15:42,15:42,12,0,0,I-25 & IOWA AVE,1,1,0,0,1,1,0,0,35,0,0,0,0,0,4,2,13
,2024-018144,39.74326102,-104.9597834,5/4/2024 18:00,18:00,3,0,1,E 17TH AVE & N. YORK ST,1,1,0,0,1,1,0,0,30,0,0,0,0,2,4,3,16
,2024-018145,39.76133776,-105.005296,5/21/2024 14:00,14:00,3,0,0,I-25 SB OFF RAMP & 20TH ST,11,1,0,1,1,1,0,0,30,0,0,0,0,0,4,2,13
,2024-018151,39.77390693,-105.0451474,5/21/2024 19:29,19:29,3,0,0, UTICA ST & W 43RD AVE,11,2,0,1,1,2,0,0,25,0,0,0,0,0,4,2,11
,2024-018154,39.69662663,-104.9780879,5/20/2024 19:00,19:00,1,0,0,E MISSISSIPPI AVE & S CLARKSON ST,1,1,0,0,1,1,0,0,25,0,0,0,0,0,4,2,3
,2024-018155,39.65433536,-104.8788817,5/20/2024 18:15,18:15,1,0,0,E GIRARD AVE & S CHESTER PL,11,1,0,0,1,1,0,0,25,0,0,0,0,0,4,2,3
,2024-018156,39.68549683,-104.9418221,5/16/2024 13:30,13:30,6,0,0, HARRISON ST & E IOWA AVE,1,1,0,0,1,4,0,0,20,0,0,0,0,0,4,2,3
,2024-018157,39.74022585,-104.8856832,5/17/2024 8:50,8:50,15,0,0,E COLFAX AVE & N XENIA ST,1,1,0,0,1,3,0,1,25,0,0,0,0,0,2,2,13
,2024-018159,39.72270641,-105.0102325,5/21/2024 9:24,9:24,12,0,0,I-25 & W 6TH AVE,1,1,0,0,1,4,0,0,55,0,0,0,0,0,1,2,16
,2024-018160,39.71836521,-104.9127815,5/20/2024 14:00,14:00,1,0,0, MONACO ST & E 1ST AVE,1,1,0,0,1,1,0,0,30,0,0,0,0,0,4,2,3
,2024-018161,39.73285896,-104.9406209,5/21/2024 7:53,7:53,1,0,1, COLORADO BLVD & E 11TH AVE,1,1,0,0,1,1,0,0,35,0,0,0,0,2,2,2,11
,2024-018163,39.7613926,-105.0052454,5/21/2024 6:45,6:45,10,0,0,I-25 SB RAMPS & 20TH ST,1,1,0,0,1,1,0,0,35,0,0,0,0,0,4,2,16
,2024-018169,39.67914581,-104.9593915,5/21/2024 14:00,14:00,6,0,0, UNIVERSITY BLVD & E EVANS AVE,11,1,0,1,1,4,0,0,35,0,0,0,0,0,4,2,16
,2024-018175,39.61527788,-105.0911392,5/21/2024 11:54,11:54,12,0,0, WADSWORTH BLVD & W LONG DR,1,1,0,0,1,3,0,0,40,0,0,0,0,0,2,3,16
,2024-018176,39.8334643,-104.692935,5/21/2024 12:33,12:33,1,0,0, JACKSON GAP ST & PENA BLVD INBOUND,1,1,0,0,1,1,0,0,35,0,0,0,0,0,4,2,11
,2024-018177,39.74479215,-104.9892135,5/20/2024 15:25,15:25,15,0,0,17TH ST & GLENARM PL,1,1,0,0,1,3,0,0,30,0,0,0,0,0,4,2,16
,2024-018179,39.69536787,-104.9128906,5/21/2024 8:08,8:08,3,0,0, MONACO PKWY & S MONACO ST PKWY,1,1,0,0,1,1,0,0,35,0,0,0,0,0,4,3,1
,2024-018185,39.76936408,-105.0440132,5/21/2024 13:05,13:05,11,0,1,W 38TH AVE & N TENNYSON ST,1,1,0,0,1,1,0,0,30,0,1,0,0,1,4,1,13
,2024-018187,39.69531597,-104.9933709,5/20/2024 6:29,6:29,3,0,0, SANTA FE DR & W MISSISSIPPI AVE,1,1,0,0,1,2,0,0,45,0,0,0,0,0,2,2,11
,2024-018190,39.75994311,-104.8723999,5/21/2024 8:08,8:08,3,0,1,E MLK BLVD & N ELMIRA ST,1,1,0,0,1,1,0,0,30,0,0,0,0,1,4,2,13
,2024-018196,39.69666133,-104.9918826,5/20/2024 11:15,11:15,10,0,0, SANTA FE DR & W MISSISSIPPI AVE,1,1,0,0,1,1,0,0,40,0,0,0,0,0,2,2,16
,2024-018208,39.71286988,-105.0004348,5/21/2024 2:15,2:15,5,0,1,I-25 SB OFF RAMP & W ALAMEDA AVE,1,3,0,0,3,8,0,0,55,0,0,0,0,2,1,1,14
,2024-018209,39.71118526,-105.0038984,5/21/2024 19:40,19:40,12,0,0,W ALAMEDA AVE & S NAVAJO ST,11,1,0,0,1,4,0,0,35,0,0,0,0,0,2,2,13
,2024-018216,39.75499479,-104.9951483,5/21/2024 18:55,18:55,5,0,0,20TH ST & WAZEE ST,1,1,1,0,3,3,0,0,,0,0,0,0,0,1,1,10
,2024-018217,39.73386774,-104.9935153,5/21/2024 6:36,6:36,10,0,0,W 11TH AVE & N SPEER BLVD,1,1,0,0,1,1,0,0,35,0,0,0,0,0,4,2,13
,2024-018218,39.83368784,-104.7718786,5/21/2024 17:20,17:20,12,0,0, TOWER RD & PENA BLVD INBOUND,1,1,0,0,1,1,0,0,30,0,0,0,0,0,4,2,3
,2024-018219,39.77562998,-104.8636867,5/20/2024 16:57,16:57,12,0,3,I-70 & N HAVANA ST,1,1,0,0,1,4,0,0,55,0,0,0,0,1,1,2,10
,2024-018220,39.79106554,-105.0532484,5/20/2024 22:21,22:21,3,0,0, SHERIDAN BLVD & W 52ND AVE,1,3,1,0,1,1,0,0,35,0,0,0,0,0,2,3,16
,2024-018222,39.68025481,-104.9597744,5/20/2024 8:10,8:10,12,0,0,E ASBURY AVE & S UNIVERSITY BLVD,1,1,0,0,1,4,0,0,25,0,0,0,0,0,4,2,3
,2024-018234,39.73675568,-104.9418233,5/20/2024 11:53,11:53,10,0,0,E 13TH AVE & N HARRISON ST,1,1,0,0,1,1,0,0,30,0,0,0,0,0,4,2,14
,2024-018235,39.67856238,-104.9847271,5/21/2024 8:14,8:14,10,0,0,E EVANS AVE & S SHERMAN ST,1,1,0,0,1,9,0,0,35,0,0,0,0,0,4,2,11
,2024-018245,39.74019275,-104.9402508,5/21/2024 9:49,9:49,12,0,0,E COLFAX AVE & N COLORADO BLVD,1,1,0,0,1,4,0,0,30,0,0,0,0,0,2,2,3
,2024-018248,39.72907843,-104.9787683,5/21/2024 8:27,8:27,11,0,0, WASHINGTON ST & E 8TH AVE,1,1,0,0,1,1,0,0,30,0,0,1,0,0,4,1,13
,2024-018251,39.79045374,-104.8371248,5/21/2024 7:40,7:40,6,0,0,E 51ST AVE & N UTOPIA CT,1,1,0,0,1,4,0,0,25,0,0,0,0,0,4,2,3
,2024-018297,39.78597373,-104.8827704,5/22/2024 13:25,13:25,12,0,0, CNETRAL PARK BLVD & E NORTHFIELD BLVD,1,1,0,0,1,4,0,0,35,0,0,0,0,0,4,2,13
,2024-018298,39.67842705,-104.9593934,5/21/2024 10:35,10:35,1,0,1,E EVANS AVE & S UNIVERSITY BLVD,1,1,0,0,1,1,0,0,35,0,0,0,0,2,4,2,11
,2024-018299,39.74745205,-104.896376,5/21/2024 19:09,19:09,3,0,0, TRENTON ST & E MONTVIEW BLVD,1,2,0,0,1,1,0,0,30,0,0,0,0,0,4,2,13
,2024-018300,39.77568359,-104.9786656,5/16/2024 22:28,22:28,15,0,0, WASHINGTON ST & RINGSBY CT,1,4,0,0,1,1,0,0,35,0,0,0,0,0,4,2,16
,2024-018304,39.72931293,-105.0198663,5/22/2024 8:08,8:08,11,0,1,W 8TH AVE & N CANOSA CT,1,1,0,0,1,1,0,0,0,0,0,1,0,1,4,1,16
,2024-018306,39.72732139,-105.0001924,5/22/2024 6:59,6:59,3,0,0, KALAMATH ST & W 7TH AVE,1,1,0,0,1,1,0,0,35,0,0,0,0,0,4,2,13
,2024-018308,39.75079807,-105.0251392,4/24/2024 10:38,10:38,15,0,0, FEDERAL BLVD & W 23RD AVE,1,1,0,0,1,4,0,0,30,0,0,0,0,0,2,2,16
,2024-018311,39.77296413,-104.9754261,5/16/2024 17:34,17:34,12,0,0,E 38TH ST & BRIGHTON BLVD,1,1,0,0,1,1,0,0,30,0,0,0,0,0,4,2,13
,2024-018313,39.710361,-105.0339762,5/5/2024 18:24,18:24,3,0,2,MORRISON RD & W NEVEDA PL,1,1,0,0,1,1,0,0,25,0,0,0,0,2,4,2,1
,2024-018315,39.75585835,-104.989074,5/10/2024 19:15,19:15,10,0,0,PARK AVE W & LARIMER ST,1,1,0,0,1,9,0,0,25,0,0,0,0,0,4,2,16
,2024-018318,39.78363958,-104.7904701,5/19/2024 16:38,16:38,12,0,0,E GREEN VALLEY RANCH BLVD,1,1,3,0,1,1,0,0,40,0,0,0,0,0,4,2,13
,2024-018325,39.72904635,-104.9899352,5/21/2024 14:15,14:15,10,0,0, SPEER BLVD & W 8TH AVE,11,1,0,1,1,1,0,0,35,0,0,0,0,0,4,2,13
,2024-018326,39.71114169,-105.0192251,5/19/2024 14:54,14:54,2,0,1, CANOSA CT & W ALAMEDA AVE,1,1,0,0,1,1,0,0,,1,0,0,0,2,2,1,16
,2024-018328,39.68569561,-104.9500525,5/21/2024 14:20,14:20,3,0,0,E MEXICO AVE & S STEELE ST,11,1,0,1,1,1,0,0,25,0,0,0,0,0,4,2,3
,2024-018329,39.67670743,-104.9878733,5/10/2024 17:30,17:30,6,0,0,W WARREN AVE & S BROADWAY ST,1,1,0,0,1,4,0,0,,0,0,0,0,0,4,2,16
,2024-018331,39.74323944,-104.9696803,5/22/2024 17:20,17:20,3,0,0,E 17TH AVE & N HUMBOLDT ST,1,1,0,0,1,1,0,0,30,0,0,0,0,0,4,2,13
,2024-018338,39.69299762,-104.9772808,4/30/2024 8:59,8:59,15,0,0,E BUCHTEL BLVD & E LOUISIANA AVE,1,1,0,0,1,1,0,0,30,0,0,0,0,0,4,2,16
,2024-018342,39.7253397,-104.9125602,5/18/2024 0:17,0:17,3,0,0,E 6TH AVE & N MONACO ST,1,3,0,0,1,1,0,0,35,0,0,0,0,0,4,2,16
,2024-018343,39.78028433,-104.9405479,4/24/2024 9:20,9:20,15,0,0,I-70 & N COLORADO BLVD,1,1,0,0,1,4,0,0,,0,0,0,0,0,1,2,16
,2024-018346,39.73994244,-104.9161638,5/22/2024 9:47,9:47,3,0,1, KRAMERIA ST & E COLFAX AVE,1,1,0,0,1,2,0,0,20,0,0,0,0,1,4,2,7
,2024-018347,39.73285891,-104.9406209,5/19/2024 13:05,13:05,3,0,0,E 11TH AVE & N COLORADO BLVD,1,1,0,0,1,1,0,0,30,0,0,0,0,0,2,2,14
,2024-018348,39.74328056,-104.985705,5/2/2024 12:00,12:00,15,0,0,E 17TH AVE & N SHERMAN ST,1,1,0,0,1,4,0,0,30,0,0,0,0,0,4,2,13
,2024-018349,39.78023492,-104.9893918,5/22/2024 9:36,9:36,12,0,2,I-25 & I-70,1,1,0,0,1,13,0,0,55,0,0,0,0,1,1,2,13
,2024-018350,39.74148103,-104.9034554,5/22/2024 14:10,14:10,3,0,0,E 16TH AVE & N QUEBEC ST,1,1,3,0,1,1,0,0,30,0,0,0,0,0,4,2,11
,2024-018354,39.75923397,-104.9862191,5/15/2024 6:57,6:57,6,0,0,WALNUT ST & 26TH ST,1,1,0,0,1,4,0,0,30,0,0,0,0,0,4,4,3
,2024-018356,39.67916158,-105.0521115,4/26/2024 17:40,17:40,12,0,0,W EVANS AVE & S ZENOBIA ST,1,1,0,0,1,4,0,0,20,0,0,0,0,0,4,2,16
,2024-018358,39.66757614,-104.9257807,5/21/2024 16:00,16:00,12,0,0,I-25 & E YALE AVE,1,1,0,0,1,4,0,0,65,0,0,0,0,0,1,2,3
,2024-018360,39.71118205,-104.9991888,5/21/2024 11:00,11:00,12,0,0,I-25 & W ALAMEDA AVE,1,1,0,0,1,4,0,0,65,0,0,0,0,0,1,2,3
,2024-018361,39.67857057,-104.9816802,5/21/2024 12:20,12:20,3,0,0, PENNSYLVANIA ST & E EVANS AVE,1,1,0,0,1,1,0,0,25,0,0,0,0,0,4,2,3
,2024-018363,39.71113151,-105.0144921,5/22/2024 8:42,8:42,3,0,0,2235 W ALAMEDA AVE & S YUMA ST,1,1,0,1,1,2,0,0,35,0,0,0,0,0,4,2,11
,2024-018364,39.75638323,-104.9916342,5/20/2024 11:21,11:21,6,0,0,BLAKE ST & 22ND ST,1,1,0,0,1,4,0,0,,0,0,0,0,0,4,2,16
,2024-018370,39.76148228,-104.9746147,5/22/2024 16:53,16:53,3,0,0,32ND ST & CHAMPA ST,1,1,0,0,1,9,0,0,15,0,0,0,0,0,4,2,11
,2024-018372,39.74494084,-104.9372132,5/19/2024 8:20,8:20,6,0,0, BELLAIRE ST & 18TH AVE,1,1,0,0,1,1,0,0,20,0,0,0,0,0,4,2,7
,2024-018379,39.65316812,-104.9177379,5/21/2024 14:30,14:30,15,0,0,I-25 NB OFF RAMP & E HAMPDEN AVE,1,1,0,0,1,1,0,0,45,0,0,0,0,0,2,2,10
,2024-018383,39.70701791,-104.9407893,5/22/2024 8:24,8:24,15,0,0, COLORADO BLVD & CHERRY CREEK N DR,1,1,0,0,1,4,0,0,35,0,0,0,0,0,2,2,11
,2024-018389,39.6546573,-104.897302,5/21/2024 21:45,21:45,6,0,0,E GIRARD AVE & S TAMARAC DR,1,4,1,0,1,4,0,0,,0,0,0,0,0,4,2,16
,2024-018391,39.70069316,-105.0250806,4/29/2024 21:15,21:15,3,0,0,890  FEDERAL BLVD & W KENTUCKY AVE,1,3,0,0,1,2,0,0,35,0,0,0,0,0,2,2,11
,2024-018393,39.69679172,-104.9823436,5/16/2024 20:38,20:38,12,0,1,I-25 & S WASHINGTON ST,1,3,0,0,1,4,0,0,60,0,0,0,0,2,1,2,16
,2024-018396,39.75473215,-104.9034036,5/21/2024 15:16,15:16,3,0,0, QUEBEC ST & E 26TH AVE,11,1,0,0,1,1,0,0,35,0,0,0,0,0,4,2,9
,2024-018397,39.74582058,-104.9905775,5/21/2024 10:49,10:49,15,0,0,17TH ST & CALIFORNIA ST,1,1,0,0,1,4,0,0,25,0,0,0,0,0,4,2,13
,2024-018399,39.76180394,-104.9405117,5/17/2024 6:10,6:10,1,0,0, COLORADO BLVD & E MLK BLVD,1,2,2,0,1,1,0,0,35,0,0,0,0,0,2,2,11
,2024-018400,39.68469383,-104.958979,5/22/2024 9:44,9:44,12,0,1,I-25 & S UNIVERSITY BLVD,1,1,3,0,1,4,0,0,55,0,0,0,0,1,1,2,3
,2024-018402,39.72974893,-104.9912323,5/22/2024 19:00,19:00,12,0,0, SPEER BLVD & N BANNOCK ST,1,1,0,0,1,3,0,0,30,0,0,0,0,0,4,2,11
,2024-018403,39.78330311,-105.0016408,5/22/2024 17:12,17:12,12,0,0,I-70 & N PECOS ST,1,1,1,0,1,4,0,0,55,0,0,0,0,0,1,4,10
,2024-018404,39.73845521,-104.9953011,5/19/2024 6:11,6:11,3,0,0,W 14TH AVE & N FOX ST,1,1,0,0,1,1,0,0,25,0,0,0,0,0,4,2,13
,2024-018407,39.82457366,-104.6734034,5/22/2024 6:00,6:00,3,0,0,E 71ST AVE & N ROBERTSDALE ST,1,1,0,0,1,1,0,0,25,0,0,0,0,0,4,2,13
,2024-018408,39.72564815,-104.9862615,5/21/2024 16:11,16:11,12,0,0,E 6TH AVE & E SPEER BLVD,14,1,3,0,1,1,0,0,30,0,0,0,0,0,4,2,13
,2024-018409,39.7721232,-104.9906226,5/22/2024 12:37,12:37,15,0,1,I-25 SB ON RAMP FROM WB -70 & SB ON RAMP GORE PT,1,1,0,0,1,8,0,0,55,0,0,0,0,1,1,2,13
,2024-018410,39.77982958,-104.9495375,5/14/2024 19:37,19:37,3,0,2, STEELE ST & E 46TH AVE,1,3,0,0,1,1,0,0,30,0,0,0,0,2,2,2,16
,2024-018413,39.6601631,-105.0351281,5/5/2024 11:32,11:32,6,0,0, LOWELL BLVD & S MABRY WY,1,1,0,0,1,4,0,0,,0,0,0,0,0,4,2,16
,2024-018414,39.75822839,-104.9586569,5/18/2024 0:59,0:59,6,0,0,E 29TH AVE & N JOSEPHINE ST,1,3,0,0,1,4,0,0,25,0,0,0,0,0,4,2,16
,2024-018420,39.76567506,-104.9257769,5/21/2024 23:35,23:35,6,0,0, GLENCOE ST & 35TH AVE,1,4,0,0,1,4,0,0,25,0,0,0,0,0,4,3,14
,2024-018421,39.83457536,-104.7472699,5/22/2024 13:48,13:48,15,0,0,E-470,1,1,0,0,1,8,0,0,65,0,0,0,0,0,4,2,11
,2024-018423,39.77441173,-104.8517093,5/18/2024 14:44,14:44,15,0,1,I-70 & EB OFF RAMP EXT TO N PEORIA ST,1,1,0,0,1,4,0,0,55,0,0,0,0,2,1,4,16
,2024-018427,39.74007569,-104.9406126,5/21/2024 8:50,8:50,1,0,1, COLORADO BLVD & E COLFAX AVE,1,1,0,0,1,1,0,0,30,0,0,0,0,1,2,2,16
,2024-018430,39.7352616,-104.987401,5/16/2024 21:09,21:09,11,0,1,E 12TH AVE & N BROADWAY ST,1,3,0,0,1,1,0,0,0,0,0,1,0,3,4,1,16
,2024-018439,39.67485473,-104.9675931,5/15/2024 0:26,0:26,6,0,0, GILPIN ST & E ILIFF AVE,1,3,0,0,1,1,0,0,25,0,0,0,0,0,4,3,16
,2024-018443,39.6786846,-105.0157691,5/21/2024 22:45,22:45,12,0,2,W EVANS AVE & S ZUNI ST,1,3,3,0,1,3,0,0,30,0,0,0,0,2,4,3,16
,2024-018444,39.65303479,-104.9385987,5/21/2024 15:00,15:00,12,0,0,E HAMPDEN AVE & S ASH ST,1,1,0,0,1,1,0,0,,0,0,0,0,0,2,2,16
,2024-018445,39.7304893,-104.912443,5/2/2024 17:30,17:30,15,0,0, MONACO ST & E 9TH AVE,1,1,0,0,1,4,0,0,30,0,0,0,0,0,4,2,11
,2024-018447,39.7464346,-105.0014432,5/19/2024 2:42,2:42,12,0,0, SPEER BLVD & LARIMER ST,1,1,0,0,1,4,0,0,35,0,0,0,0,0,4,2,13
,2024-018448,39.69302047,-104.9874684,5/20/2024 14:12,14:12,11,0,1,E LOUISIANA AVE & S BROADWAY ST,1,1,0,0,1,1,0,0,25,0,1,0,0,2,4,1,11
,2024-018450,39.72528018,-105.0531528,5/18/2024 18:25,18:25,12,0,0, SHERIDAN BLVD & W 6TH AVE EB RAMPS,1,1,0,7,1,3,0,0,40,0,0,0,0,0,2,2,16
,2024-018458,39.78557372,-104.9875838,4/15/2024 18:28,18:28,1,0,1, BROADWAY ST & E 49TH AVE,1,1,0,0,1,1,0,0,30,0,0,0,0,2,4,2,16
,2024-018467,39.77336415,-104.8467405,5/21/2024 19:54,19:54,12,0,0,I-70 EB ON RAMP & N PEORIA ST,1,3,0,0,1,8,0,0,15,0,0,0,0,0,1,2,3
,2024-018470,39.72257805,-105.0100516,5/22/2024 13:24,13:24,12,0,0,I-25 & W 6TH AVE,1,1,0,0,1,4,0,0,65,0,0,0,0,0,1,3,3
,2024-018471,39.74197997,-104.8916813,5/22/2024 8:03,8:03,3,0,0, VALENTIA ST & E 16TH AVE,1,1,0,0,1,1,0,0,,0,0,0,0,0,4,2,16
,2024-018472,39.7781896,-104.92085,5/13/2024 16:05,16:05,5,1,2,I-70 & MM 277.595,1,1,0,0,2,4,0,0,55,0,0,0,0,4,1,3,16
,2024-018476,39.74019588,-105.0001531,5/22/2024 12:44,12:44,3,0,1,W COLFAX AVE & N KALAMATH ST,1,1,0,0,1,1,0,0,30,0,0,0,1,3,2,2,13
,2024-018478,39.78624581,-104.9541056,5/20/2024 1:18,1:18,6,0,0,4953  CLAYTON ST & BEEKMAN PL,1,3,0,0,1,4,0,0,,0,0,0,0,0,4,2,16
,2024-018479,39.72413233,-104.9985771,5/22/2024 7:35,7:35,3,0,1,W 5TH AVE & N SANTA FE DR,1,1,0,0,1,1,0,0,25,0,0,0,0,2,4,5,11
,2024-018481,39.73681378,-104.9585965,5/21/2024 19:20,19:20,16,0,0,E 13TH AVE & N JOSEPHINE ST,14,5,3,7,6,14,0,0,,0,0,0,0,0,4,2,16
,2024-018490,39.62415563,-105.0910498,5/22/2024 11:59,11:59,3,0,0,W BELLEVIEW AVE & S WADSWORTH BLVD,1,1,0,0,1,1,0,0,35,0,0,0,0,0,2,2,3
,2024-018491,39.75293341,-104.9804708,5/21/2024 16:40,16:40,3,0,0,25TH ST & WELTON ST,11,1,0,1,1,1,0,0,20,0,0,0,0,0,4,2,11
,2024-018492,39.74151957,-105.0358178,5/18/2024 17:19,17:19,3,0,0,W CONEJOS PL & N MEADE ST,1,1,0,0,1,1,0,0,35,0,0,0,0,0,4,2,13
,2024-018496,39.79839407,-104.7721172,5/21/2024 18:55,18:55,1,0,0, TOWER RD & E 56TH AVE,11,1,0,1,1,1,0,0,45,0,0,0,0,0,4,2,11
,2024-018537,39.74395145,-105.0252153,5/23/2024 15:05,15:05,12,0,0, FEDERAL BLVD & W 17TH AVE,1,1,0,0,1,1,0,0,35,0,0,0,0,0,2,2,16
,2024-018538,39.72907333,-104.9848694,5/23/2024 15:00,15:00,15,0,0,E 8TH AVE & N SHERMAN ST,1,1,0,0,1,1,0,0,30,0,0,0,0,0,4,2,3
,2024-018539,39.74324132,-104.9726888,5/10/2024 22:17,22:17,3,0,0,PARK AVE & E 17TH AVE,1,3,0,0,1,1,0,0,30,0,0,0,0,0,4,2,16
,2024-018542,39.74140436,-104.9988395,5/22/2024 21:50,21:50,3,0,2, SPEER BLVD & STOUT ST,1,3,0,0,1,1,0,0,35,0,0,0,0,2,4,2,16
,2024-018545,39.77263881,-104.9028122,5/22/2024 9:19,9:19,3,0,0, QUEBEC ST & E 40TH AVE,1,1,0,0,1,1,0,0,20,0,0,0,0,0,4,2,13
,2024-018547,39.67852969,-104.9765451,5/18/2024 12:05,12:05,12,0,0,E EVANS AVE & S EMERSON ST,1,1,0,0,1,4,0,0,30,0,0,0,0,1,4,2,13
,2024-018548,39.83798513,-104.6941299,5/23/2024 16:30,16:30,12,0,0,24800 E  78TH AVE,1,1,0,0,1,4,0,0,45,0,0,0,0,0,4,2,11
,2024-018549,39.73682197,-104.9634424,5/17/2024 16:35,16:35,12,0,0,E 13TH AVE & N RACE ST,6,1,0,0,1,3,0,0,30,0,0,0,0,1,4,2,13
,2024-018550,39.63362676,-104.9061659,4/7/2024 11:21,11:21,15,0,0,I-225 SB OFF RAMP & I-25,1,1,0,0,1,8,0,0,55,0,0,0,0,0,1,2,16
,2024-018551,39.77407423,-104.9031797,5/22/2024 16:46,16:46,12,0,0, QUEBEC ST & E 40TH AVE,1,1,1,0,1,8,0,0,35,0,0,0,0,0,4,2,13
,2024-018554,39.72070675,-104.9558412,5/22/2024 17:50,17:50,6,0,0, CLAYTON ST & E 3RD AVE,1,1,0,0,1,4,0,0,20,0,0,0,0,0,4,2,14
,2024-018556,39.74015771,-104.9518246,5/23/2024 15:08,15:08,1,0,0,E COLFAX AVE & N MILWAUKEE ST,1,1,0,0,1,1,0,0,35,0,0,0,0,0,2,2,13
,2024-018559,39.72728099,-104.9848417,5/23/2024 11:10,11:10,15,0,0,E 7TH AVE & N SHERMAN ST,1,1,0,0,1,4,0,0,25,0,0,0,0,0,4,2,3
,2024-018564,39.68569078,-104.9391623,5/23/2024 18:07,18:07,16,0,1,4100 E MEXICO AVE,1,1,0,0,5,7,0,0,15,0,0,0,0,1,3,1,3
,2024-018565,39.6784731,-104.9222662,5/23/2024 16:40,16:40,12,0,0, HOLLY ST & E EVANS AVE,1,1,0,0,1,3,0,0,45,0,0,0,0,0,4,2,16
,2024-018566,39.77565753,-104.866123,5/23/2024 9:25,9:25,15,0,0,I-70 & N HAVANA ST,1,1,0,0,1,4,0,0,55,0,0,0,0,0,1,2,16
,2024-018569,39.7253397,-104.9125602,5/23/2024 13:15,13:15,3,0,0,E 6TH AVE & N MONACO ST,1,1,0,0,1,1,0,0,30,0,0,0,0,0,4,2,3
,2024-018573,39.67844575,-104.9410709,5/11/2024 17:26,17:26,3,0,0,E EVANS AVE & S COLORADO BLVD,1,1,0,0,1,2,0,0,35,0,0,0,0,0,4,2,16
,2024-018581,39.77426319,-104.8470353,5/24/2024 14:20,14:20,12,0,0,I-70 & N PEORIA ST,1,1,0,0,1,4,0,0,55,0,0,0,0,0,1,2,14
,2024-018585,39.73999935,-104.9787428,5/24/2024 0:58,0:58,10,0,0,E COLFAX AVE & N WASHINGTON ST,1,3,0,0,1,1,0,0,35,0,0,0,0,0,2,2,14
,2024-018586,39.74638811,-105.0198785,5/23/2024 11:22,11:22,15,0,1,I-25 & W 20TH ST,1,1,0,0,1,4,0,0,55,0,0,0,0,1,1,2,13
,2024-018589,39.62530237,-104.9029002,5/23/2024 16:59,16:59,12,0,2,I-25 SB OFF RAMP & E BELLEVIEW AVE,1,1,1,0,1,8,0,0,55,0,0,0,0,2,1,3,10
,2024-018590,39.70241756,-104.9121177,5/21/2024 7:52,7:52,12,0,0,LEETSDALE DR & S MONACO ST PKWY,1,1,0,0,1,3,0,0,,0,0,0,0,0,2,2,16
,2024-018591,39.77053704,-105.0042023,5/24/2024 20:20,20:20,3,0,0,W 39TH AVE & N NAVAJO ST,1,3,0,0,1,1,0,0,20,0,0,0,0,0,4,2,13
,2024-018592,39.77317851,-104.8079312,5/23/2024 7:35,7:35,1,0,0,E 40TH AVE & N ANDREWS WAY,1,1,0,0,1,1,0,0,35,0,0,0,0,0,4,2,11