id,drcog_id,latitude,longitude,crashtime,time,crashtype,numbkilled,numbinjurd,drcoglocat,rdconditin,lightngcon,roadcntgrd,weatherco,location,roaddescrp,schoolzone,constrzone,splimit,bikeinv,pedinv,sctrinv,motoinv,svrty,rdsystem,ttlvehcls,hcf
,2024-018595,39.756305,-105.0158358,5/23/2024 14:51,14:51,1,0,0, SPEER BLVD & N ZUNI ST,1,1,0,0,1,1,0,0,35,0,0,0,0,0,4,2,10
,2024-018598,39.73664019,-105.0428248,5/21/2024 2:31,2:31,6,0,0,W 13TH AVE & N STUART ST,1,4,0,0,1,4,0,0,35,0,0,0,0,0,4,2,16
,2024-018599,39.71466007,-104.9407886,5/23/2024 15:55,15:55,3,0,0, COLORADO BLVD & E BAYAUD AVE,1,1,0,0,1,1,0,0,35,0,0,0,0,0,2,2,13
,2024-018600,39.72907325,-104.9835992,5/23/2024 15:35,15:35,12,0,0,E 8TH AVE & N GRANT ST,1,1,0,0,1,1,0,0,30,0,0,0,0,0,4,2,3
,2024-018601,39.78549492,-104.8811859,5/23/2024 14:49,14:49,8,0,0,E NORTHFIELD BLVD & N BEELER ST,1,1,0,0,1,4,0,0,40,0,0,0,0,0,4,3,6
,2024-018603,39.71125881,-105.0324558,5/22/2024 18:40,18:40,15,0,0, KNOX CT & W ALAMEDA AVE,1,1,0,0,1,3,0,0,30,0,0,0,0,0,2,2,7
,2024-018604,39.72970539,-105.0149548,5/9/2024 17:30,17:30,12,0,0,I-25 & W 6TH AVE,1,1,3,0,1,4,0,0,55,0,0,0,0,0,1,2,7
,2024-018605,39.68229716,-105.0203667,5/23/2024 8:30,8:30,3,0,1,W JEWELL AVE & S CLAY ST,1,1,0,0,1,1,0,0,30,0,0,0,0,2,4,3,8
,2024-018609,39.73842171,-104.9127948,5/22/2024 15:00,15:00,15,0,0,1400  MONACO ST E 14TH AVE,1,1,0,0,1,4,0,1,35,0,0,0,0,0,4,2,13
,2024-018611,39.72906831,-104.9861529,5/23/2024 2:37,2:37,3,0,2,E 8TH AVE & N LINCOLN ST,1,3,0,0,1,1,0,0,30,0,0,0,0,2,4,2,14
,2024-018613,39.76858403,-104.9943677,5/21/2024 14:01,14:01,12,0,0,I-25 & PARK AVE W,11,1,0,1,1,4,0,0,55,0,0,0,0,0,1,2,13
,2024-018614,39.66746176,-104.9254987,5/23/2024 3:13,3:13,5,0,0,I-25 & E YALE AVE,1,3,0,0,3,4,0,0,65,0,0,0,0,0,1,1,16
,2024-018616,39.72186584,-105.0091039,5/22/2024 15:46,15:46,12,0,1,I-25 & NB OFF RAMP EXT TO W 6TH AVE,1,1,0,0,1,4,0,0,55,0,0,0,0,2,1,2,13
,2024-018617,39.76209631,-105.0532422,5/23/2024 11:33,11:33,3,0,0, SHERIDAN BLVD & W 32ND AVE,1,1,0,0,1,1,0,0,35,0,0,0,0,0,2,2,13
,2024-018620,39.66636575,-104.9332796,5/18/2024 10:30,10:30,6,0,0, DEXTER WY & E AMHERST ST,1,1,0,0,1,4,0,0,,0,0,0,0,0,4,2,16
,2024-018622,39.72890672,-104.9984489,5/23/2024 10:50,10:50,6,0,0,W 8TH AVE & N SANTA FE DR,1,1,0,0,1,4,0,0,30,0,0,0,0,0,4,2,16
,2024-018624,39.76928398,-105.0158689,5/22/2024 11:22,11:22,3,0,2,W 38TH AVE & N ZUNI ST,1,1,0,0,1,1,0,0,35,0,0,0,0,3,4,5,13
,2024-018626,39.78238982,-104.8470106,5/22/2024 21:02,21:02,1,0,1, PEORIA ST & E 47TH AVE,1,3,0,0,1,1,0,0,35,0,0,0,0,2,4,2,16
,2024-018628,39.75769722,-104.8997873,5/22/2024 21:37,21:37,6,0,1,E 29TH AVE & N ROSYLN ST,1,3,0,0,1,4,0,0,20,0,0,0,0,2,4,2,3
,2024-018633,39.72566388,-105.0133625,5/21/2024 7:48,7:48,12,0,0,W 6TH AVE & I-25,1,1,3,0,1,1,0,0,55,0,0,0,0,0,2,3,1
,2024-018637,39.78362869,-104.7717585,5/24/2024 10:35,10:35,15,0,0,E GREEN VALLEY RANCH BLVD & N TOWER RD,1,1,0,0,1,4,0,0,35,0,0,0,0,0,4,2,11
,2024-018640,39.71656822,-105.0396816,5/24/2024 10:00,10:00,6,0,0, PERRY ST & W ELLSWORTH AVE,1,1,1,0,1,4,0,0,25,0,0,0,0,0,4,2,13
,2024-018641,39.73298369,-105.0251694,5/24/2024 6:55,6:55,15,0,0, FEDERAL BLVD & W 10TH AVE,1,1,0,0,1,4,0,0,35,0,0,0,0,0,2,2,3
,2024-018642,39.75245484,-104.9967961,5/17/2024 11:29,11:29,6,0,0,18TH ST & BLAKE ST,1,1,0,0,1,3,0,0,25,0,0,0,0,0,4,2,16
,2024-018643,39.67178492,-104.8753142,5/24/2024 3:58,3:58,6,0,0, DAYTON WAY & E HARVARD AVE,1,3,0,0,1,4,0,0,35,0,0,0,0,1,4,2,2
,2024-018645,39.73846092,-104.997922,5/24/2024 8:30,8:30,12,0,0,W 14TH AVE & N SPEER BLVD,1,1,0,0,1,3,0,0,30,0,0,0,0,0,4,2,16
,2024-018647,39.68278895,-104.9594252,5/24/2024 8:14,8:14,12,0,0, UNIVERSITY BLVD & E BUCHTEL BLVD,1,1,0,0,1,1,0,0,35,0,0,0,0,0,4,2,11
,2024-018648,39.78082008,-104.9667469,4/19/2024 21:04,21:04,12,0,0, BRIGHTON BLVD & MM 0.089,7,3,0,2,1,3,0,0,35,0,0,0,0,0,2,2,16
,2024-018649,39.74184622,-105.045172,5/23/2024 20:30,20:30,6,0,0, UTICA ST & W 16TH AVE,1,3,0,0,1,4,0,0,15,0,0,0,0,0,4,2,16
,2024-018652,39.77848467,-104.9888154,5/21/2024 13:39,13:39,5,0,0,I-25 NB OFF RAMP & I-70 WB,11,1,1,1,2,8,0,0,55,0,0,0,0,0,1,1,10
,2024-018654,39.77716114,-104.8831747,5/10/2024 8:00,8:00,15,0,0,I-70 & N CENTRAL PARK BLVD,1,1,0,0,1,4,0,0,,0,0,0,0,0,1,2,16
,2024-018657,39.73289647,-104.903459,5/23/2024 22:17,22:17,1,0,0, QUEBEC ST & E 11TH AVE,1,3,0,0,1,1,0,0,30,0,0,0,0,0,2,2,16
,2024-018659,39.69832862,-105.0297443,5/23/2024 12:30,12:30,2,0,1, IRVING ST & W TENNESSEE AVE,1,1,0,0,1,2,0,0,30,1,0,0,0,1,4,1,11
,2024-018662,39.72213507,-104.9127569,5/23/2024 15:20,15:20,15,0,0, MONACO ST & E 4TH AVE,1,1,0,0,1,4,0,0,30,0,0,0,0,0,4,2,13
,2024-018663,39.71507106,-105.0015543,5/23/2024 12:55,12:55,15,0,0,I-25 & SB OFF RAMP EXT TO W ALAMEDA AVE,1,1,0,0,1,8,0,0,55,0,0,0,0,0,1,2,13
,2024-018665,39.76924682,-104.993174,5/24/2024 14:13,14:13,12,0,0,I-25 & PARK AVE W,1,1,0,0,1,4,0,0,55,0,0,0,0,0,1,2,13
,2024-018666,39.76733029,-104.9966185,5/24/2024 8:20,8:20,15,0,0,I-25 & NB OFF RAMP EXT TO PARK AVE W,1,1,1,0,1,8,0,0,55,0,0,0,0,0,1,2,1
,2024-018667,39.72563184,-104.9836192,5/24/2024 13:51,13:51,3,0,0, GRANT ST & E 6TH AVE,1,1,0,0,1,1,0,0,30,0,0,0,0,0,4,2,14
,2024-018668,39.73991781,-104.9964528,5/23/2024 7:48,7:48,15,0,0, GALAPAGO ST & W COLFAX AVE,1,1,0,0,1,4,0,0,20,0,0,0,0,0,4,2,16
,2024-018670,39.79850119,-104.8754665,5/23/2024 13:45,13:45,12,0,0,E 56TH AVE & N DALLAS ST,1,1,0,0,1,3,0,0,40,0,0,0,0,1,4,3,13
,2024-018671,39.77978738,-104.9772973,5/23/2024 15:56,15:56,12,0,0,I-70 WB OFF RAMP & N WASHINGTON ST,1,1,1,0,1,8,0,0,55,0,0,0,0,0,1,2,10
,2024-018672,39.68746482,-104.9593967,5/24/2024 12:45,12:45,15,0,0, UNIVERSITY BLVD & E IOWA AVE,1,1,0,0,1,3,0,0,,0,0,0,0,0,4,2,13
,2024-018673,39.79850119,-104.8754665,5/23/2024 13:45,13:45,12,0,0,E 56TH AVE & N DALLAS ST,1,1,0,0,1,3,0,0,40,0,0,0,0,0,4,2,13
,2024-018674,39.65023239,-104.9166633,5/23/2024 11:42,11:42,12,0,0,I-25 & E HAMPDEN AVE,1,1,0,0,1,4,0,0,65,0,0,0,0,0,1,2,10
,2024-018676,39.780492,-104.947631,5/23/2024 13:28,13:28,12,0,1,I-70 & N STEELE ST,1,1,0,0,1,4,0,0,55,0,0,0,0,1,1,3,10
,2024-018677,39.68058784,-104.9451408,5/22/2024 16:00,16:00,3,0,0, MONROE ST & E BUCHTEL BLVD,1,1,0,0,1,1,0,0,25,0,0,0,0,0,4,2,3
,2024-018679,39.65298264,-104.9361728,5/24/2024 10:42,10:42,12,0,0,E HAMPDEN AVE & S BIRCH ST,1,1,1,0,1,3,0,0,40,0,0,0,0,0,2,2,11
,2024-018680,39.7568177,-104.9736618,5/22/2024 9:30,9:30,15,0,0,GLENARM PL & 30TH ST,1,1,0,0,1,4,0,0,35,0,0,0,0,0,4,2,1
,2024-018681,39.77317856,-104.8079312,5/24/2024 10:46,10:46,3,0,0,E ANDREWS DR & E 40TH AVE,1,1,0,0,1,1,0,0,25,0,0,0,0,0,4,2,11
,2024-018683,39.80909181,-104.7721191,5/23/2024 18:35,18:35,8,0,0, TOWER RD & E 62ND AVE,1,1,0,0,1,3,0,0,40,0,0,0,0,1,4,2,14
,2024-018685,39.71111791,-104.9595372,5/24/2024 12:33,12:33,12,0,0,2300 E ALAMEDA AVE S UNIVERSITY BLVD,1,1,1,0,1,4,0,0,30,0,0,0,0,1,4,2,14
,2024-018689,39.65307735,-104.9185257,5/24/2024 13:35,13:35,15,0,1,I-25 & E HAMPDEN AVE,1,1,0,0,1,13,0,0,60,0,0,0,0,2,1,3,1
,2024-018695,39.71871426,-105.0059578,5/24/2024 8:35,8:35,15,0,2,I-25 & MM 208.6,6,1,0,0,1,4,0,0,55,0,0,0,0,1,1,3,7
,2024-018696,39.73852151,-105.0451845,5/23/2024 20:55,20:55,6,0,0,1400  UTICA ST W 14TH AVE,1,3,0,0,1,4,0,0,20,0,0,0,0,0,4,2,16
,2024-018697,39.72388579,-105.0186609,5/23/2024 14:31,14:31,3,0,0, BRYANT ST & W 5TH AVE,1,1,0,0,1,1,0,0,30,0,0,0,0,1,4,3,3
,2024-018700,39.83523969,-104.7468338,5/23/2024 16:38,16:38,12,0,1,E-470 & NB OFF RAMP EXT TO PENA BLVD,1,1,0,0,1,4,0,0,65,0,0,0,0,2,2,5,11
,2024-018702,39.6165934,-105.091126,5/21/2024 12:45,12:45,12,0,0, WADSWORTH BLVD & W CRESTLINE AVE,1,1,1,0,1,4,0,0,40,0,0,0,0,0,2,2,16
,2024-018708,39.77664826,-105.0253961,5/24/2024 13:15,13:15,12,0,0,3000 W 44TH AVE N FEDERAL BLVD,1,1,0,0,1,3,0,0,30,0,0,0,0,0,4,2,1
,2024-018709,39.72510514,-105.0127934,5/24/2024 13:08,13:08,15,0,0,I-25 & W 6TH AVE,1,1,0,0,1,4,0,0,55,0,0,0,0,0,1,2,13
,2024-018713,39.77531138,-104.85999,5/25/2024 17:43,17:43,12,0,0,I-70 & WB OFF RAMP EXT TO N HAVANA ST,1,1,3,0,1,4,0,0,55,0,0,0,0,0,1,2,14
,2024-018715,39.72562282,-104.9823616,5/22/2024 9:00,9:00,10,0,0,E 6TH AVE & N LOGAN ST,1,1,0,0,1,1,0,0,30,0,0,0,0,0,4,2,3
,2024-018716,39.72555832,-104.9009802,5/23/2024 8:30,8:30,12,0,0,7300 E 6TH AVE N QUEBEC ST,1,1,1,0,1,4,0,0,30,0,0,0,0,0,4,2,14
,2024-018718,39.69657763,-104.8834401,5/23/2024 6:33,6:33,15,0,0,E MISSISSIPPI AVE & S VALENTIA ST,1,1,0,0,1,4,0,0,30,0,0,0,0,0,4,2,11
,2024-018720,39.78010692,-104.9891611,5/21/2024 13:43,13:43,15,0,0,I-25 & I-70,11,1,1,1,1,4,0,0,55,0,0,0,0,0,1,2,13
,2024-018722,39.65233003,-104.9207072,5/25/2024 16:05,16:05,6,0,0,3521  HILLCREST DR & S IVANHOE ST,1,1,0,0,1,4,0,0,20,0,0,0,0,0,4,2,2
,2024-018723,39.75201037,-104.9938032,5/25/2024 1:20,1:20,5,0,0,19TH ST & LARIMER ST,1,3,0,0,1,3,0,0,20,0,0,0,0,0,4,1,14
,2024-018730,39.68949233,-105.0250606,5/23/2024 16:33,16:33,12,0,0,W FLORIDA AVE & S FEDERAL BLVD,1,1,0,0,1,1,0,0,40,0,0,0,0,0,2,2,16
,2024-018731,39.72552797,-105.0439602,5/21/2024 10:24,10:24,12,0,0,W 6TH AVE & N TENNYSON ST,1,1,1,0,1,1,0,0,55,0,0,0,0,1,4,3,1
,2024-018734,39.68936216,-104.9128979,5/22/2024 10:15,10:15,12,0,0, MONACO ST & E FLORIDA AVE,1,1,0,0,1,1,0,0,30,0,0,0,0,0,4,3,3
,2024-018735,39.70370766,-105.0532564,5/23/2024 6:00,6:00,15,0,0, SHERIDAN BLVD & W GILL PL,1,1,1,0,1,2,0,0,35,0,0,0,0,0,2,2,16
,2024-018737,39.69309549,-105.0343899,5/23/2024 10:48,10:48,3,0,0,W LOUISIANA AVE & S LOWELL BLVD,1,1,0,0,1,1,0,0,30,0,0,0,0,0,4,2,11
,2024-018740,39.75481338,-105.0251286,5/23/2024 17:00,17:00,15,0,0, FEDERAL BLVD & W 26TH AVE,1,1,0,0,1,4,0,0,35,0,0,0,0,0,2,2,16
,2024-018744,39.76923285,-104.7581717,5/24/2024 22:35,22:35,15,0,0,E 38TH AVE & N ENSENADA ST,1,3,0,0,1,4,0,0,40,0,0,0,0,0,4,2,11
,2024-018747,39.77292483,-104.865815,5/24/2024 15:43,15:43,12,0,0, HAVANA ST & E 40TH AVE,1,1,0,0,1,3,0,0,40,0,0,0,0,0,4,2,16
,2024-018748,39.73079439,-105.0158097,5/25/2024 0:09,0:09,5,0,0,I-25 SB OFF RAMP & W 8TH AVE,1,3,0,0,2,8,0,0,15,0,0,0,0,0,1,1,16
,2024-018749,39.71815648,-105.034913,5/25/2024 19:55,19:55,3,0,0,W 1ST AVE & N LOWELL BLVD,11,3,0,1,1,1,0,0,30,0,0,0,0,0,4,2,13
,2024-018750,39.69489533,-105.0532275,5/25/2024 12:20,12:20,12,0,0, SHERIDAN BLVD & W ARIZONA AVE,1,1,0,0,1,4,0,0,35,0,0,0,0,0,2,3,3
,2024-018752,39.75359836,-104.9933521,5/25/2024 0:51,0:51,12,0,0,20TH ST & MARKET ST,1,3,0,0,1,4,0,0,30,0,0,0,0,0,4,3,3
,2024-018754,39.75448582,-105.0105532,5/14/2024 17:00,17:00,15,0,0, SPEER BLVD & I-25 NB ON RAMP,1,1,1,0,1,1,0,0,,0,0,0,0,0,4,2,16
,2024-018761,39.79649754,-104.7721366,5/25/2024 12:55,12:55,3,0,1, TOWER RD & E MAXWELL PL,1,1,0,0,1,1,0,0,45,0,0,0,0,2,4,2,13
,2024-018762,39.7983882,-104.7857931,5/15/2024 14:50,14:50,12,0,0, OFF RAMP & 56TH AVE,1,1,0,0,1,1,0,0,40,0,0,0,0,0,4,2,13
,2024-018765,39.64024036,-104.8849399,5/23/2024 10:32,10:32,3,0,0,I-225 SB OFF RAMP SLIP & S YOSEMITE ST,1,1,0,0,1,1,0,0,45,0,0,0,0,0,1,2,11
,2024-018767,39.65308139,-104.8918693,5/25/2024 17:48,17:48,3,0,1,E HAMPDEN AVE & S VERBENA ST,1,1,0,0,1,1,0,0,40,0,0,0,0,2,2,2,11
,2024-018775,39.78363926,-104.7899045,5/25/2024 16:44,16:44,12,0,0, OFF RAMP & E GREEN VALLEY RANCH BLVD,1,1,0,0,1,8,0,0,40,0,0,0,0,0,2,2,16
,2024-018791,39.68224092,-105.029789,5/24/2024 21:47,21:47,1,0,0, IRVING ST & W JEWELL AVE,1,3,0,0,1,1,0,0,30,0,0,0,0,0,4,2,1
,2024-018792,39.77424538,-104.8476316,5/25/2024 12:20,12:20,12,0,0,I-70 & N PEORIA ST,1,1,0,0,1,4,0,0,55,0,0,0,0,0,1,3,16
,2024-018793,39.77451141,-104.8436773,5/25/2024 4:41,4:41,6,0,0,E 42ND AVE & N CROWN BLVD,1,1,0,0,1,4,0,0,20,0,0,0,0,0,4,2,2
,2024-018797,39.76736787,-104.9025336,5/25/2024 12:28,12:28,1,0,0, QUEBEC ST & E 36TH AVE,1,1,0,0,1,1,0,0,35,0,0,0,0,0,2,2,13
,2024-018800,39.83791043,-104.6835855,5/25/2024 7:50,7:50,10,0,0,E 78TH AVE & JACKSON GAP RD,14,5,3,7,1,4,0,0,45,0,0,0,0,0,4,2,8
,2024-018803,39.69650685,-104.8753089,5/24/2024 6:50,6:50,12,0,0,E MISSISSIPPI AVE & S CLINTON ST,1,1,0,0,1,4,0,0,40,0,0,0,0,0,4,2,16
,2024-018822,39.75294683,-104.9925978,5/26/2024 1:10,1:10,3,0,0,20TH ST & LARIMER ST,1,3,0,0,1,1,0,0,25,0,0,0,0,1,4,2,16
,2024-018823,39.75022502,-105.0047788,5/26/2024 2:13,2:13,1,0,0, SPEER BLVD & WEWATTA ST,1,3,1,0,1,1,0,0,35,0,0,0,0,0,4,2,13
,2024-018824,39.71975464,-105.0271912,5/25/2024 20:46,20:46,6,0,0,206  HAZEL CT & W 2ND AVE,11,3,0,0,1,4,0,0,20,0,0,0,0,0,4,2,16
,2024-018825,39.71156608,-104.9407889,5/25/2024 2:59,2:59,3,0,1, COLORADO BLVD & E ALAMEDA AVE,1,3,0,0,1,1,0,0,35,0,0,0,0,3,2,2,3
,2024-018827,39.73685143,-104.9873938,5/21/2024 17:12,17:12,12,0,0,W 13TH AVE & N BROADWAY ST,11,1,0,1,1,1,0,0,30,0,0,0,0,0,4,2,1
,2024-018832,39.68949891,-104.922339,5/26/2024 11:49,11:49,3,0,4, HOLLY ST & E FLORIDA AVE,1,1,0,0,1,2,0,0,30,0,0,0,0,1,4,2,16
,2024-018844,39.68058784,-104.9451408,5/26/2024 15:51,15:51,3,0,1, MONROE ST & E BUCHTEL BLVD,1,1,0,0,1,1,0,0,30,0,0,0,0,2,4,2,11
,2024-018850,39.74061575,-105.0440156,5/24/2024 15:41,15:41,6,0,0, TENNYSON ST & W COLFAX AVE,1,1,0,0,1,4,0,0,25,0,0,0,0,0,4,2,16
,2024-018851,39.78751978,-104.7607718,5/22/2024 14:08,14:08,10,0,0,19687 E 50TH AVE & HALIFAX WY,1,1,0,0,1,2,0,0,20,0,0,0,0,0,4,2,16
,2024-018858,39.75488776,-105.0107498,5/23/2024 16:20,16:20,9,0,2,I-25 & N SPEER BLVD,1,1,1,0,1,8,0,0,20,0,0,0,0,1,1,1,16
,2024-018860,39.65315923,-104.9153405,5/8/2024 20:25,20:25,11,1,0, LOCUST ST & E HAMPDEN AVE,1,3,0,0,1,1,0,0,45,0,1,0,0,4,2,1,16
,2024-018865,39.65366107,-105.0417814,5/4/2024 22:41,22:41,16,0,0,3550  RALEIGH ST & S PATTON CT,1,3,0,0,5,7,0,0,30,0,0,0,0,0,3,1,12
,2024-018866,39.78058303,-104.8417026,5/25/2024 21:01,21:01,3,0,0,E ALBROOK DR & N TULSA CT,1,3,0,0,1,1,0,0,35,0,0,0,0,0,4,2,16
,2024-018869,39.83955599,-104.6760953,5/25/2024 5:20,5:20,15,0,0,8000 PENA BLVD & E 80TH AVE,1,3,0,0,1,4,0,0,45,0,0,0,0,0,4,2,8
,2024-018876,39.79652433,-105.0528224,5/24/2024 7:06,7:06,15,0,0,I-76 & N SHERIDAN BLVD,1,1,1,0,1,4,0,0,55,0,0,0,0,0,1,2,16
,2024-018877,39.7543411,-104.9890477,5/21/2024 16:47,16:47,11,0,1,2131 LAWRENCE ST & 22ND ST,11,1,0,1,1,9,0,0,,0,1,0,0,3,4,1,16
,2024-018878,39.74044668,-105.01036,5/23/2024 12:45,12:45,12,0,0,I-25 NB ON RAMP & W COLFAX AVE,1,1,0,0,1,8,0,0,40,0,0,0,0,0,2,2,11
,2024-018880,39.75593506,-104.9986257,5/25/2024 21:40,21:40,11,0,0,1949 WEWATTA ST & 19TH ST,1,3,0,0,1,4,0,0,0,0,0,1,0,0,4,1,16
,2024-018881,39.77276966,-104.9406677,5/26/2024 15:44,15:44,15,0,0, COLORADO BLVD & E 40TH AVE,1,1,0,0,1,4,0,0,35,0,0,0,0,0,2,2,13
,2024-018883,39.71156239,-104.9406226,5/25/2024 16:39,16:39,3,0,0, COLORADO BLVD & E ALAMEDA AVE,1,1,0,0,1,1,0,0,,0,0,0,0,0,2,2,16
,2024-018888,39.78053194,-104.9529489,5/24/2024 13:24,13:24,12,0,0,I-70 & N FILLMORE ST,1,1,0,0,1,4,0,0,55,0,0,0,0,0,1,2,16
,2024-018889,39.76273369,-105.0276571,5/23/2024 8:42,8:42,3,0,0, GREEN CT & W 32ND AVE,1,1,0,0,1,1,0,0,25,0,0,0,0,0,4,2,11
,2024-018893,39.7011108,-104.9279004,5/26/2024 4:33,4:33,14,0,0,5018 E CHERRY CREEK  DR & E KENTUCKY AVE,1,4,0,0,6,4,0,0,,0,0,0,0,0,4,2,16
,2024-018895,39.67833585,-104.9316189,5/26/2024 13:53,13:53,15,0,1, DAHLIA ST & E EVANS AVE,1,1,0,0,1,4,0,0,,0,0,0,0,2,4,3,14
,2024-018897,39.68943578,-105.0343731,5/25/2024 22:51,22:51,1,0,3,W FLORIDA AVE & S LOWELL BLVD,1,3,0,0,1,1,0,0,30,0,0,0,0,2,4,2,13
,2024-018898,39.74481992,-104.9672084,5/25/2024 12:55,12:55,3,0,1, GILPIN ST & E 18TH AVE,1,1,0,0,1,1,0,0,20,0,0,0,0,2,4,2,14
,2024-018899,39.78996537,-104.8317167,5/26/2024 3:07,3:07,6,0,0,E 51ST AVE & N WORCHESTER ST,1,4,0,0,1,1,0,0,,0,0,0,0,0,4,2,16
,2024-018903,39.74033011,-105.0099018,5/8/2024 15:04,15:04,5,0,0,W COLFAX AVE & 5TH ST,1,1,0,0,6,4,0,0,25,0,0,0,0,0,2,1,16
,2024-018995,39.77463659,-104.8543092,5/26/2024 16:55,16:55,12,0,2,I-70 & N PEORIA ST,1,1,0,0,1,4,0,0,55,0,0,0,0,3,1,2,12
,2024-018997,39.63686966,-104.9039985,5/27/2024 3:00,3:00,5,0,0, QUEBEC ST & E QUINCY AVE,1,4,1,0,2,4,0,0,35,0,0,0,0,0,4,1,14
,2024-018998,39.69309835,-105.0532137,5/25/2024 22:42,22:42,12,0,0, SHERIDAN BLVD & W LOUISIANA AVE,1,3,0,0,1,4,0,0,,0,0,0,0,0,2,2,16
,2024-018999,39.67971174,-105.0532686,5/10/2024 16:50,16:50,12,0,2, SHERIDAN BLVD & W EVANS AVE,1,1,0,0,1,4,0,0,40,0,0,0,0,2,2,4,16
,2024-019001,39.74752436,-105.0252235,5/9/2024 16:40,16:40,12,0,0, FEDERAL BLVD & W 20TH AVE,1,1,0,0,1,3,0,0,35,0,0,0,0,0,2,2,11
,2024-019011,39.71836006,-104.9874978,4/6/2024 21:45,21:45,12,0,0, BROADWAY ST & E 1ST AVE,1,3,0,0,1,1,0,0,30,0,0,0,0,0,4,2,14
,2024-019013,39.70112495,-104.959331,5/15/2024 20:15,20:15,12,0,0,801  UNIVERSITY BLVD & E OHIO AVE,11,3,0,1,1,4,0,0,30,0,0,0,0,0,4,3,16
,2024-019020,39.769284,-105.0015752,5/27/2024 14:24,14:24,1,0,1,W 38TH AVE & N LIPAN ST,1,1,0,0,1,2,0,0,35,0,0,0,1,2,4,2,16
,2024-019021,39.78873891,-104.8171794,5/24/2024 8:09,8:09,1,0,0, DURHAM CT & E 52ND AVE,1,1,0,0,1,1,0,0,,0,0,0,0,0,4,2,11
,2024-019023,39.71067601,-104.9968947,5/27/2024 14:58,14:58,15,0,0, SANTA FE DR & E ALAMEDA AVE,1,1,0,0,1,3,0,0,35,0,0,0,0,0,2,2,11
,2024-019024,39.68301234,-104.9409511,5/27/2024 3:17,3:17,15,0,0,I-25 & S COLORADO BLVD,1,4,0,0,1,4,0,0,55,0,0,0,0,0,1,2,11
,2024-019025,39.72588421,-105.0489514,5/5/2024 22:45,22:45,6,0,1,W 6TH AVE WB OFF RAMP & OFF RAMP EXT TO N SHERIDAN BLVD,1,3,0,0,1,8,0,0,55,0,0,0,0,1,2,2,11
,2024-019027,39.75977359,-105.0066738,5/25/2024 12:05,12:05,12,0,2,I-25 & N SPEER BLVD,1,1,0,0,1,4,0,0,55,0,0,0,0,2,1,3,11
,2024-019029,39.65996608,-104.8532414,5/8/2024 21:36,21:36,3,0,0,3201  PARKER RD & E DARTMOUTH AVE,1,3,0,0,1,2,0,0,45,0,0,0,0,0,2,2,16
,2024-019032,39.78623583,-104.8470473,5/26/2024 21:49,21:49,12,0,0, PEORIA ST & E ANDREWS DR,1,3,0,0,1,1,0,0,45,0,0,0,0,0,4,2,11
,2024-019036,39.80022298,-104.7661401,5/26/2024 21:27,21:27,6,0,0,N BISCAY ST,1,3,0,0,1,4,0,0,25,0,0,0,0,0,4,5,16
,2024-019037,39.7400009,-104.9776583,5/23/2024 16:18,16:18,11,0,0,E COLFAX AVE & N CLARKSON ST,1,1,0,0,1,3,0,0,,0,0,1,0,0,2,1,16
,2024-019043,39.78026461,-104.9402352,5/7/2024 17:00,17:00,15,0,0,I-70 & COLORADO BLVD,1,1,0,0,1,13,0,0,55,0,0,0,0,0,1,2,14
,2024-019044,39.75933287,-104.9935976,5/22/2024 20:30,20:30,15,0,0,PARK AVE W & DELGANY ST,1,3,0,0,1,4,0,0,,0,0,0,0,0,4,2,16
,2024-019049,39.75339824,-104.9907532,5/18/2024 23:48,23:48,16,0,0,2091 LAWRENCE ST & LARIMER ST,1,3,0,0,5,7,0,0,,0,0,0,0,0,3,2,11
,2024-019050,39.75267425,-104.9874103,5/9/2024 0:20,0:20,10,0,0,22ND ST & N BROADWAY ST,1,3,0,0,1,1,0,0,30,0,0,0,0,0,4,2,8
,2024-019051,39.69686886,-105.0127392,5/5/2024 5:15,5:15,12,0,0, TEJON ST & W MISSISSIPPI AVE,1,3,0,0,1,4,0,0,25,0,0,0,0,0,4,2,16
,2024-019053,39.69491945,-105.0320686,5/27/2024 19:03,19:03,3,0,0, KNOX CT & W ARIZONA AVE,1,1,0,0,1,1,0,0,25,0,0,0,0,0,4,2,8
,2024-019054,39.78019505,-105.053261,5/26/2024 21:31,21:31,1,0,0, SHERIDAN BLVD & W 46TH AVE,1,3,0,0,1,1,0,0,35,0,0,0,0,0,2,2,16
,2024-019056,39.6781292,-104.9579334,5/6/2024 16:00,16:00,6,0,0, JOSEPHINE ST & E ASBURY AVE,1,1,0,0,1,4,0,0,25,0,0,0,0,0,4,2,16
,2024-019057,39.74489125,-104.986118,5/7/2024 20:00,20:00,15,0,0, LINCOLN ST & E 18TH AVE,1,1,0,7,1,1,0,0,30,0,0,0,0,0,4,2,14
,2024-019061,39.76106095,-105.0105773,4/15/2024 17:15,17:15,6,0,0,ERIE ST & 17TH ST,1,1,3,0,1,4,0,0,25,0,0,0,0,0,4,2,16
,2024-019062,39.73998684,-104.9634691,5/25/2024 0:21,0:21,11,0,0,E COLFAX AVE & N RACE ST,1,3,0,0,1,1,0,0,0,0,0,1,0,0,2,1,16