id,drcog_id,latitude,longitude,crashtime,time,crashtype,numbkilled,numbinjurd,drcoglocat,rdconditin,lightngcon,roadcntgrd,weatherco,location,roaddescrp,schoolzone,constrzone,splimit,bikeinv,pedinv,sctrinv,motoinv,svrty,rdsystem,ttlvehcls,hcf
,2024-019064,39.68768653,-105.0250411,5/9/2024 8:05,8:05,12,0,0, FEDERAL BLVD & W IOWA AVE,1,1,0,0,1,4,0,0,40,0,0,0,0,0,2,3,16
,2024-019066,39.71108711,-105.0238532,5/27/2024 10:04,10:04,3,0,0,W ALAMEDA AVE & S ELIOT ST,1,1,1,0,1,2,0,0,35,0,0,0,0,0,2,2,3
,2024-019067,39.78944494,-105.0064163,5/27/2024 0:32,0:32,6,0,1, PECOS ST & W BURLINGTON PL,1,3,0,0,1,1,0,0,30,0,0,0,0,2,4,2,7
,2024-019068,39.79140514,-104.8384701,5/27/2024 1:02,1:02,3,0,1, TULSA WAY & E ELMENDORF PL,1,3,0,0,1,3,0,0,20,0,0,0,0,2,4,4,14
,2024-019070,39.72542402,-105.0300002,5/26/2024 9:37,9:37,15,0,0,W 6TH AVE & WB OFF RAMP EXT TO N FEDERAL BLVD,1,1,0,0,1,4,0,0,55,0,0,0,0,0,2,2,16
,2024-019071,39.8334643,-104.692935,5/27/2024 17:41,17:41,3,0,0,JACKSON GAP RD & PENA BLVD,1,1,1,0,1,1,0,0,35,0,0,0,0,0,4,2,14
,2024-019161,39.71110392,-104.9769077,5/25/2024 15:50,15:50,3,0,2,E ALAMEDA AVE & S EMERSON ST,11,1,0,0,1,1,0,0,25,0,0,0,0,1,4,2,13
,2024-019163,39.76139407,-105.0200434,5/24/2024 0:30,0:30,6,0,0,W ARGYLE PL & FIFE CT,1,3,0,0,1,4,0,0,25,0,0,0,0,0,4,2,16
,2024-019165,39.71118895,-104.892858,5/26/2024 4:16,4:16,12,0,0,E ALAMEDA AVE & E FAIRMOUNT DR,1,2,0,0,1,1,0,0,40,0,0,0,0,0,4,2,16
,2024-019166,39.73284902,-104.8847718,5/27/2024 21:49,21:49,1,0,0,E 11TH AVE & N YOSEMITE ST,1,3,0,0,1,2,0,0,30,0,0,0,0,0,4,2,11
,2024-019167,39.77257171,-105.0532335,5/28/2024 8:15,8:15,12,0,0, SHERIDAN BLVD & W 41ST AVE,1,1,0,0,1,4,0,0,35,0,0,0,0,0,2,3,3
,2024-019168,39.6531227,-104.9206427,5/28/2024 9:28,9:28,12,0,0,E HAMPDEN AVE & S IVY WY,1,1,1,0,1,4,0,0,40,0,0,0,0,0,2,2,14
,2024-019169,39.75360777,-105.0230602,5/24/2024 12:40,12:40,6,0,0,W 25TH AVE & N ELATI ST,1,1,1,7,1,4,0,0,20,0,0,0,0,0,4,3,10
,2024-019171,39.77303002,-104.8356689,5/28/2024 14:41,14:41,15,0,0,I-70 & I-225 OFF RAMP EXT,1,1,1,0,1,8,0,0,55,0,0,0,0,0,1,2,10
,2024-019173,39.72098353,-104.9594349,5/26/2024 9:56,9:56,10,0,0,E 3RD AVE & N UNIVERSITY BLVD,1,1,0,0,1,1,0,0,30,0,0,0,0,0,4,2,13
,2024-019174,39.72906837,-104.9861529,5/27/2024 6:35,6:35,10,0,0, LINCOLN ST & E 8TH AVE,1,1,0,0,1,1,0,0,30,0,0,0,0,0,4,2,8
,2024-019175,39.65335728,-105.0532905,5/25/2024 6:08,6:08,3,0,0, SHERIDAN BLVD & W HAMPDEN AVE,1,1,0,0,1,1,0,0,35,0,0,0,0,0,2,2,13
,2024-019176,39.73975782,-104.9610168,5/28/2024 10:29,10:29,12,0,0, GAYLORD ST & E COLFAX AVE,1,1,0,0,1,3,0,0,20,0,0,0,0,0,4,2,16
,2024-019178,39.74019229,-104.9407931,5/28/2024 18:23,18:23,15,0,0,E COLFAX AVE & N COLORADO BLVD,1,1,0,0,1,1,0,0,35,0,0,0,0,0,2,2,11
,2024-019185,39.67627502,-105.0532651,5/24/2024 11:15,11:15,10,0,3, SHERIDAN BLVD & W HARVEY PL,1,1,0,0,1,3,0,0,40,0,0,0,0,1,2,3,11
,2024-019189,39.76709079,-104.9945708,5/10/2024 23:01,23:01,12,0,0,I-25 NB ON RAMP & PARK AVE W,1,3,1,0,1,8,0,0,55,0,0,0,0,0,4,2,13
,2024-019191,39.72309631,-104.9862376,5/19/2024 5:14,5:14,6,0,0, LINCOLN ST & E 4TH AVE,1,3,0,0,1,4,0,0,,0,0,0,0,0,4,2,16
,2024-019192,39.65340212,-104.9186705,5/14/2024 20:26,20:26,15,0,0,I-25 & E HAMPDEN AVE,1,3,0,0,1,4,0,0,60,0,0,0,0,0,1,2,16
,2024-019193,39.6822722,-105.0250198,5/27/2024 23:49,23:49,15,0,0, FEDERAL BLVD & W JEWELL AVE,1,3,0,0,1,1,0,0,40,0,0,0,0,0,2,2,16
,2024-019198,39.75360604,-104.9885883,5/27/2024 12:46,12:46,6,0,0,22ND ST & ARAPAHOE ST,1,1,0,0,1,4,0,0,30,0,0,0,0,0,4,3,1
,2024-019203,39.72911526,-104.9590274,5/28/2024 14:37,14:37,3,0,0,E 8TH AVE & N JOSEPHINE ST,1,1,0,0,1,1,0,0,35,0,0,0,0,0,4,2,13
,2024-019205,39.7400428,-104.9835797,5/27/2024 11:50,11:50,3,0,1, GRANT ST & E COLFAX AVE,1,1,0,0,1,1,0,0,30,0,0,0,0,2,2,2,11
,2024-019208,39.751323,-105.0165225,5/27/2024 13:39,13:39,12,0,1,I-25 & W 23RD AVE,1,1,0,0,1,4,0,0,55,0,0,0,0,1,1,2,1
,2024-019209,39.7367608,-104.94289,5/28/2024 12:20,12:20,10,0,0, JACKSON ST & E 13TH AVE,1,1,0,0,1,1,0,0,30,0,0,0,0,0,4,2,11
,2024-019215,39.70141195,-104.9873871,5/28/2024 13:31,13:31,15,0,0,I-25 & S BROADWAY ST,1,1,0,0,1,4,0,0,55,0,0,0,0,0,1,2,13
,2024-019216,39.77821965,-104.9056522,5/28/2024 10:22,10:22,12,0,0,I-70 & N NORTHFIELD QUEBEC ST,1,1,0,0,1,4,0,0,,0,0,0,0,0,1,2,16
,2024-019217,39.72487723,-105.0128977,5/28/2024 10:16,10:16,12,0,0,I-25 & W 6TH AVE,1,1,0,0,1,4,0,0,55,0,0,0,0,0,1,2,13
,2024-019218,39.82582792,-104.7466093,5/28/2024 10:11,10:11,15,0,0,E-470 & NB OFF RAMP EXT TO PENA BLVD INBOUND,1,1,0,0,1,8,0,0,65,0,0,0,0,0,2,2,11
,2024-019219,39.69907063,-104.93288,5/28/2024 13:47,13:47,3,0,0, DEXTER ST & E KENTUCKY AVE,1,1,0,0,1,2,0,0,20,0,0,0,0,0,4,2,11
,2024-019220,39.72421843,-105.0120405,5/28/2024 11:16,11:16,12,0,0,I-25 & W 6TH AVE,1,1,0,0,1,4,0,0,55,0,0,0,0,0,1,2,13
,2024-019221,39.74265349,-104.9937196,5/8/2024 18:09,18:09,11,0,1,14TH ST & WELTON ST,1,1,0,0,1,9,0,0,,0,1,0,0,2,4,1,16
,2024-019222,39.78252471,-104.8470119,5/26/2024 15:29,15:29,15,0,0, PEORIA ST & E 47TH AVE,1,1,0,0,1,4,0,0,40,0,0,0,0,0,4,2,11
,2024-019223,39.78226596,-104.9891504,5/27/2024 19:30,19:30,5,0,0,I-25 & W 48TH AVE,1,1,0,0,2,4,0,0,50,0,0,0,0,0,1,1,16
,2024-019226,39.7546247,-104.9745612,5/27/2024 23:22,23:22,3,0,0, OGDEN ST & E 26TH AVE,1,3,0,0,1,1,0,0,25,0,0,0,0,0,4,2,11
,2024-019230,39.74879058,-104.9944487,5/28/2024 14:15,14:15,11,0,1,ARAPAHOE ST & 17TH ST,1,1,0,0,1,1,0,0,0,0,0,1,0,2,4,1,16
,2024-019231,39.78215831,-104.8688385,5/28/2024 14:05,14:05,3,0,1,E 47TH AVE & N GENEVA ST,1,1,0,0,1,1,0,0,20,0,0,0,0,1,4,2,13
,2024-019233,39.73840456,-104.9666101,5/28/2024 4:36,4:36,3,0,0, GILPIN ST ALLEY & E 14TH AVE,1,3,0,0,1,9,0,0,25,0,0,0,0,0,4,2,11
,2024-019234,39.77892795,-104.9494777,5/28/2024 7:13,7:13,10,0,0,E 45TH AVE & N STEELE ST,1,1,0,0,1,2,0,0,25,0,0,0,0,0,4,2,11
,2024-019235,39.75581334,-105.0139387,5/12/2024 1:13,1:13,11,0,1, SPEER BLVD & I-25 SB RAMPS,11,3,0,0,1,1,0,0,,0,0,1,0,3,4,1,16
,2024-019236,39.74653648,-105.0076223,5/19/2024 21:28,21:28,11,0,1,AURARIA PKWY & 9TH ST,1,3,0,0,1,1,0,0,30,0,0,1,0,3,4,1,1
,2024-019239,39.74004252,-105.0141954,5/28/2024 14:52,14:52,12,0,0,I-25 & W COLFAX AVE,1,1,0,0,1,4,0,0,55,0,0,0,0,0,1,3,13
,2024-019241,39.74594449,-104.9733662,5/18/2024 6:45,6:45,3,0,0,E 19TH AVE & N DOWNING ST,1,1,0,0,1,1,0,0,30,0,0,0,0,0,4,2,16
,2024-019242,39.77983304,-104.9895643,5/25/2024 10:58,10:58,12,0,0,I-25 & I-70,1,1,0,0,1,4,0,0,,0,0,0,0,0,1,2,16
,2024-019244,39.70395078,-105.0250877,5/27/2024 10:58,10:58,11,0,1,W EXPOSITION AVE & S FEDERAL BLVD,1,1,0,0,1,1,0,0,0,0,1,0,0,3,2,1,16
,2024-019246,39.75482676,-105.0268247,5/19/2024 10:00,10:00,6,0,0,W 26TH AVE & N GROVE ST,1,1,0,0,1,1,0,1,20,0,0,0,0,0,4,2,1
,2024-019247,39.74327313,-104.9825081,5/25/2024 15:25,15:25,15,0,0,E 17TH AVE & N LOGAN ST,1,1,0,0,1,4,0,0,30,0,0,0,0,0,4,2,13
,2024-019249,39.65202539,-105.0550661,5/28/2024 16:36,16:36,8,0,1,W HAMPDEN  FTRG RD & S SHERIDAN BLVD,1,1,0,0,1,4,0,0,35,0,0,0,0,2,2,2,3
,2024-019252,39.75935524,-104.9031948,5/28/2024 8:17,8:17,12,0,0, QUEBEC ST & E 30TH AVE,1,1,0,0,1,3,0,0,35,0,0,0,0,0,4,2,16
,2024-019253,39.77452561,-104.8530259,5/27/2024 9:42,9:42,15,0,0,I-70 & EB OFF RAMP EXT TO N PEORIA ST,1,1,0,0,1,4,0,0,55,0,0,0,0,0,1,2,11
,2024-019314,39.71626929,-104.9015038,5/26/2024 6:46,6:46,6,0,0,E ELLSWORTH AVE & N QUINCE ST,1,1,0,0,1,4,0,0,25,0,0,0,0,0,4,2,1
,2024-019316,39.71108422,-105.0249415,5/7/2024 17:51,17:51,15,0,0, FEDERAL BLVD & W ALAMEDA AVE,1,1,0,0,1,4,0,0,40,0,0,0,0,0,2,2,16
,2024-019319,39.75243455,-105.0252858,5/29/2024 17:38,17:38,12,0,0,W 24TH AVE & N FEDERAL BLVD,1,1,0,0,1,4,0,0,35,0,0,0,0,0,2,2,13
,2024-019320,39.71791635,-104.9485857,5/28/2024 16:15,16:15,6,0,0, ADAMS AVE & E 1ST AVE,1,1,0,0,1,4,0,0,,0,0,0,0,0,4,2,16
,2024-019321,39.77711577,-104.9890102,5/28/2024 15:45,15:45,12,0,0,I-25 NB OFF RAMP TO -70 & W 40TH AVE,1,1,0,0,1,8,0,0,55,0,0,0,0,0,1,2,4
,2024-019322,39.71106509,-105.0348838,5/29/2024 17:10,17:10,14,0,0, LOWELL BLVD & W ALAMEDA AVE,1,1,0,0,1,3,0,0,25,0,0,0,0,0,4,2,16
,2024-019323,39.7692608,-105.0252317,5/28/2024 22:11,22:11,10,0,0,W 38TH AVE & N FEDERAL BLVD,1,3,0,0,1,1,0,0,35,0,0,0,0,0,2,2,11
,2024-019324,39.77537167,-104.8606895,5/28/2024 21:40,21:40,5,0,1,I-70 & N HAVANA ST,1,3,0,0,3,4,0,0,55,0,0,0,0,3,1,2,1
,2024-019325,39.75482676,-105.0268247,5/17/2024 17:40,17:40,6,0,0, GROVE ST & W 26TH AVE,1,1,0,0,1,9,0,0,25,0,0,0,0,0,4,2,13
,2024-019326,39.77107137,-104.9175976,5/28/2024 11:34,11:34,3,0,1,E 39TH AVE & N KEARNEY ST,1,1,0,0,1,1,0,0,15,0,0,0,0,1,4,2,16
,2024-019327,39.71392054,-104.9913241,5/17/2024 21:30,21:30,6,0,0,W MAPLE AVE & S CHEROKEE ST,1,4,0,0,1,4,1,0,25,0,0,0,0,0,4,2,16
,2024-019330,39.74358378,-104.9925206,5/29/2024 13:30,13:30,15,0,0,WELTON ST & 15TH ST,1,1,0,0,1,1,0,0,30,0,0,0,0,0,4,2,3
,2024-019332,39.66748316,-104.9272674,5/28/2024 17:00,17:00,1,0,0,E YALE AVE & S GLENCOE ST,1,1,0,0,1,1,0,0,30,0,0,0,0,0,4,2,3
,2024-019336,39.76503593,-104.9684247,5/19/2024 7:35,7:35,6,0,0, FRANKLIN ST & E BRUCE RANDOLPH AVE,1,2,0,0,1,4,0,0,,0,0,0,0,0,4,2,16
,2024-019337,39.77507346,-104.7388666,5/17/2024 17:51,17:51,14,0,0,21501 E 42ND AVE & N ORLEANS CT,1,1,0,0,1,4,0,0,,0,0,0,0,0,4,3,16
,2024-019340,39.63529413,-105.0823316,5/4/2024 17:38,17:38,12,0,0, WADSWORTH BLVD & W STANFORD AVE,1,1,0,0,1,3,0,0,45,0,0,0,0,0,2,2,16
,2024-019345,39.73775167,-105.025109,5/21/2024 9:00,9:00,15,0,0,W HOWARD PL,1,1,0,0,1,4,0,0,35,0,0,0,0,0,2,2,13
,2024-019346,39.74002055,-104.9811022,5/19/2024 0:55,0:55,6,0,0,E COLFAX AVE & N PENNSYLVANIA ST,1,3,0,0,1,4,0,0,30,0,0,0,0,0,2,2,16
,2024-019347,39.78021279,-105.0369467,5/29/2024 10:40,10:40,11,0,1,W 46TH AVE & N NEWTON ST,1,1,0,0,1,1,0,0,0,0,0,1,0,3,4,1,16
,2024-019348,39.74230746,-105.0381527,5/15/2024 3:34,3:34,6,0,0, OSCEOLA ST & W 16TH AVE,1,3,0,0,1,4,0,0,20,0,0,0,0,0,4,2,16
,2024-019349,39.77291167,-104.8478134,5/26/2024 17:00,17:00,12,0,0, PEORIA ST & E 40TH AVE,1,1,0,0,1,4,0,0,35,0,0,0,0,0,4,2,16
,2024-019350,39.73800797,-105.0252739,5/18/2024 16:43,16:43,12,0,0, FEDERAL BLVD & W 14TH AVE,1,1,0,0,1,3,0,0,,0,0,0,0,0,1,2,16
,2024-019351,39.66759647,-104.9593793,5/29/2024 12:15,12:15,12,0,0,E YALE AVE & S UNIVERSITY BLVD,1,1,0,0,1,1,0,0,25,0,0,0,0,0,4,2,3
,2024-019352,39.71819045,-104.9595834,5/28/2024 15:24,15:24,15,0,0,E 1ST AVE & N UNIVERSITY BLVD,1,1,0,0,1,4,0,0,35,0,0,0,0,0,4,2,16
,2024-019354,39.6846923,-104.950672,5/29/2024 7:03,7:03,12,0,0,I-25 & S STEELE ST,1,1,0,0,1,4,0,0,55,0,0,0,0,0,1,2,13
,2024-019355,39.6531027,-104.9301205,5/22/2024 8:18,8:18,12,0,1,E HAMPDEN AVE & S EUDORA ST,1,1,0,0,1,4,0,0,35,0,0,0,0,2,2,3,14
,2024-019356,39.79833065,-104.8940961,5/14/2024 15:40,15:40,3,0,2, UINTA ST & E 56TH AVE,1,1,0,0,1,1,0,0,40,0,0,0,1,2,4,2,1
,2024-019362,39.74618094,-104.976487,5/29/2024 15:00,15:00,3,0,0,E 19TH AVE & PARK AVE,1,1,0,0,1,1,0,0,30,0,0,0,0,0,4,2,3
,2024-019363,39.7507186,-104.9598444,3/18/2024 13:00,13:00,12,0,0,E 23RD AVE & N YORK ST,1,1,0,0,1,3,0,0,,0,0,0,0,0,4,2,16
,2024-019364,39.75896747,-104.9123926,5/20/2024 15:33,15:33,12,0,0, MONACO PKWY & E 29TH AVE,1,1,0,0,1,4,0,0,,0,0,0,0,0,4,3,16
,2024-019366,39.71496723,-105.0444962,5/28/2024 18:43,18:43,2,0,1,W BAYAUD AVE & S UTICA ST,1,1,0,0,1,1,0,0,25,1,0,0,0,2,4,1,16
,2024-019367,39.74000959,-104.9873904,5/29/2024 9:30,9:30,15,0,0, BROADWAY ST & E COLFAX AVE,1,1,0,0,1,1,0,0,30,0,0,0,0,0,2,2,3
,2024-019369,39.742133,-104.9798951,4/6/2024 0:50,0:50,6,0,0, PEARL ST & E 16TH AVE,1,3,0,0,1,4,0,0,20,0,0,0,0,0,4,4,16
,2024-019371,39.75222,-104.9952665,5/24/2024 7:49,7:49,12,0,0,MARKET-BLAKE ALY & 19TH ST,1,1,0,0,1,9,0,0,,0,0,0,0,0,4,2,13
,2024-019372,39.66983691,-104.9593935,5/29/2024 9:57,9:57,1,0,0, UNIVERSITY BLVD & E VASSAR AVE,1,1,0,0,1,4,0,0,30,0,0,0,0,0,4,2,11
,2024-019374,39.73564013,-104.940766,5/24/2024 15:27,15:27,15,0,0, COLORADO BLVD & E 12TH AVE,1,1,0,0,1,4,0,1,,0,0,0,0,0,2,2,13
,2024-019375,39.74002055,-104.9811022,4/26/2024 0:09,0:09,6,0,0,E COLFAX AVE & N PENNSYLVANIA ST,14,3,0,7,1,4,0,0,35,0,0,0,0,0,2,2,11
,2024-019377,39.74412823,-104.98839,5/29/2024 18:29,18:29,15,0,0,17TH ST & TREMONT ST,1,1,0,0,1,4,0,0,30,0,0,0,0,0,4,2,11
,2024-019380,39.71299561,-104.9878992,4/12/2024 15:35,15:35,12,0,0,W CEDAR AVE & S BROADWAY ST,1,1,0,0,1,4,0,0,25,0,0,0,0,0,4,2,13
,2024-019381,39.74500833,-105.0094617,5/29/2024 14:57,14:57,3,0,0,AURARIA PKWY & 7TH ST,1,1,0,0,1,1,0,0,30,0,0,0,0,0,4,2,13
,2024-019382,39.78048506,-104.7721338,5/14/2024 14:50,14:50,6,0,0,4631  TOWER RD,1,1,0,0,5,1,0,0,20,0,0,0,0,0,3,2,9
,2024-019383,39.68944072,-104.9593522,5/10/2024 13:40,13:40,15,0,0, UNIVERSITY BLVD & E FLORIDA AVE,1,1,1,0,1,4,0,0,,0,0,0,0,0,4,2,16
,2024-019384,39.74631847,-104.9787245,3/25/2024 15:30,15:30,6,0,0, WASHINGTON ST & E 19TH AVE,1,1,0,0,1,4,0,0,20,0,0,0,0,0,1,2,1
,2024-019387,39.78479503,-104.93162,5/5/2024 12:30,12:30,6,0,0, DAHLIA ST & E 49TH AVE,1,1,3,0,1,4,0,0,25,0,0,0,0,0,4,2,16
,2024-019389,39.68943515,-105.0325011,5/29/2024 11:51,11:51,10,0,0,W FLORIDA AVE & S KNOX CT,1,1,1,0,1,1,0,0,30,0,0,0,0,0,4,2,16
,2024-019391,39.69859572,-104.9035551,5/28/2024 12:30,12:30,12,0,0,LEETSDALE DR & S QUEBEC ST,1,1,0,0,1,1,0,0,35,0,0,0,0,0,2,3,3
,2024-019393,39.73833757,-104.9450697,5/9/2024 19:51,19:51,3,0,0,E 14TH AVE & N MONROE ST,1,2,0,0,1,1,0,0,,0,0,0,0,0,4,2,16
,2024-019394,39.74021288,-104.9124345,5/16/2024 7:15,7:15,12,0,0, MONACO ST & E COLFAX AVE,1,1,0,0,1,3,0,0,30,0,0,0,0,0,2,2,7
,2024-019395,39.750225,-105.0047788,5/29/2024 9:00,9:00,15,0,0,WEWATTA ST & N SPEER BLVD,1,1,0,0,1,1,0,0,25,0,0,0,0,0,4,2,3
,2024-019397,39.73017107,-104.9908005,5/17/2024 16:48,16:48,15,0,0, SPEER BLVD & W 9TH AVE,1,1,0,0,1,4,0,0,35,0,0,0,0,0,4,2,16
,2024-019398,39.67553742,-105.0532644,5/29/2024 17:20,17:20,12,0,0, SHERIDAN BLVD & W WARREN AVE,1,1,0,0,1,3,0,0,40,0,0,0,0,0,2,2,3
,2024-019399,39.73678049,-104.9494912,5/6/2024 1:52,1:52,6,0,0,E 13TH AVE & N STEELE ST,1,3,0,0,1,3,0,0,,0,0,0,0,0,4,2,16
,2024-019400,39.71779734,-104.9407884,5/28/2024 14:15,14:15,12,0,0, COLORADO BLVD & E 1ST AVE,1,1,0,0,1,1,0,0,,0,0,0,0,0,2,2,16
,2024-019404,39.7383817,-104.9586802,5/11/2024 21:11,21:11,12,0,0, JOSEPHINE ST & E 14TH AVE,11,3,0,1,1,4,0,0,,0,0,0,0,0,4,2,16
,2024-019407,39.77921207,-104.9034004,5/6/2024 20:54,20:54,12,0,0,NORTHFIELD QUEBEC ST & I-70 WB RAMPS,1,3,0,0,1,3,0,0,,0,0,0,0,0,2,2,16
,2024-019408,39.74485321,-104.9787204,5/28/2024 10:00,10:00,12,0,0,E 18TH AVE & N WASHINGTON ST,1,1,0,0,1,1,0,0,30,0,0,0,0,0,4,2,3
,2024-019409,39.77864549,-104.7673054,5/26/2024 18:50,18:50,6,0,0,E CHAFFEE PL & N BISCAY ST,1,1,0,0,1,1,0,0,,0,0,0,0,0,4,2,16
,2024-019410,39.80026662,-104.7647959,5/24/2024 21:15,21:15,6,0,0, CEYLON ST & E 57TH AVE,1,3,0,0,1,3,0,0,,0,0,0,0,0,4,2,16
,2024-019411,39.76431885,-105.0018692,5/21/2024 8:12,8:12,15,0,0,I-25 & 20TH ST,1,1,0,0,1,4,0,0,55,0,0,0,0,0,1,2,16
,2024-019414,39.73134029,-104.9034641,5/29/2024 17:58,17:58,12,0,0,E 10TH AVE & N QUEBEC ST,1,1,0,0,1,1,0,0,35,0,0,0,0,0,4,3,13
,2024-019415,39.78026286,-105.025278,5/13/2024 18:13,18:13,3,0,0, FEDERAL BLVD & W 46TH AVE,1,1,0,0,1,1,0,0,35,0,0,0,0,0,2,2,1
,2024-019416,39.77361714,-104.8424317,5/11/2024 12:32,12:32,12,0,0,I-70 & EB ON RAMP MERGE PT FROM N PEORIA ST,1,1,0,0,1,8,0,0,40,0,0,0,0,0,1,2,16
,2024-019417,39.76711417,-104.99439,4/22/2024 22:54,22:54,12,0,1,I-25 NB ON RAMP & PARK AVE W,1,3,0,0,1,8,0,0,45,0,0,0,0,1,1,2,16
,2024-019418,39.72943906,-105.0251543,5/9/2024 16:47,16:47,12,0,0, FEDERAL BLVD & W 8TH AVE,1,1,0,0,1,3,0,0,,0,0,0,0,0,2,2,16
,2024-019419,39.7403489,-105.0156715,5/29/2024 7:15,7:15,15,0,1,W COLFAX AVE & N FEDERAL BLVD,1,1,0,0,1,4,0,0,40,0,0,0,0,1,2,2,1
,2024-019421,39.69666133,-104.9918826,5/24/2024 22:30,22:30,3,0,4, SANTA FE DR & W MISSISSIPPI AVE,1,3,0,0,1,1,0,0,30,0,0,0,0,3,2,2,16
,2024-019422,39.75775055,-104.9985751,5/23/2024 8:35,8:35,3,0,1,20TH ST & CHESTNUT PL,1,1,0,0,1,1,0,0,35,0,0,0,0,2,4,2,13
,2024-019423,39.78438425,-104.987596,5/23/2024 9:50,9:50,15,0,0, BROADWAY ST & W 48TH AVE,1,1,1,0,1,4,0,0,30,0,0,0,0,0,4,2,1
,2024-019424,39.75484092,-105.0251286,5/18/2024 11:00,11:00,12,0,0, FEDERAL BLVD & W 26TH AVE,1,1,0,0,1,1,0,1,30,0,0,0,0,0,2,2,10
,2024-019428,39.76926936,-105.0207424,5/29/2024 10:47,10:47,6,0,0,W 38TH AVE & N CLAY ST,1,1,0,0,1,4,0,0,35,0,0,0,0,0,4,2,16
,2024-019430,39.76076043,-104.9733423,5/19/2024 1:48,1:48,12,0,0, DOWNING ST & E 31ST AVE,1,3,0,0,1,3,0,0,,0,0,0,0,0,4,2,16
,2024-019432,39.69874556,-104.9874573,5/23/2024 14:10,14:10,15,0,0, BROADWAY ST & E TENNESSEE AVE,1,1,0,0,1,4,0,0,35,0,0,0,0,0,4,2,16
,2024-019433,39.74042193,-105.0531923,5/17/2024 16:38,16:38,12,0,0,W COLFAX AVE & N SHERIDAN BLVD,1,1,0,0,1,1,0,0,35,0,0,0,0,0,2,2,16
,2024-019434,39.7799247,-104.9411056,5/29/2024 9:50,9:50,15,0,0, COLORADO BLVD & E 46TH AVE,1,1,0,0,1,4,0,0,55,0,0,0,0,0,2,2,13
,2024-019435,39.76508509,-104.9058138,5/19/2024 3:07,3:07,6,0,0, PONTIAC ST & 3365,1,3,0,0,1,4,0,0,20,0,0,0,0,0,4,4,1
,2024-019437,39.77114713,-105.0443353,5/11/2024 11:00,11:00,6,0,0,W 39TH AVE & N TENNYSON ST,1,1,0,0,1,4,0,0,,0,0,0,0,0,4,2,16
,2024-019442,39.73715136,-104.9810944,5/12/2024 5:05,5:05,11,0,1, PENNSYLVANIA ST & E 13TH AVE,1,3,0,0,1,2,0,0,0,0,1,0,0,3,4,1,16
,2024-019444,39.76734582,-104.8962689,5/21/2024 18:26,18:26,2,0,1,7797 E 36TH AVE & N ULSTER ST,1,1,0,0,1,2,0,0,,1,0,0,0,3,4,1,16
,2024-019448,39.73517545,-104.9695083,5/26/2024 15:55,15:55,6,0,0,E 12TH AVE & N HUMBOLDT ST,1,1,0,0,1,4,0,0,20,0,0,0,0,0,4,2,16
,2024-019452,39.73403408,-105.025181,5/19/2024 2:58,2:58,5,0,0,W 11TH AVE & N FEDERAL BLVD,1,3,0,0,2,4,0,0,35,0,0,0,0,0,2,1,16
,2024-019453,39.78623578,-104.8470473,5/26/2024 23:51,23:51,12,0,0,E ANDREWS DR & N PEORIA ST,1,3,0,0,1,1,0,0,45,0,0,0,0,0,4,2,16
,2024-019554,39.74001451,-104.9697675,5/29/2024 14:19,14:19,6,0,0,E COLFAX AVE & N HUMBOLDT ST,1,1,0,0,1,4,0,0,30,0,0,0,0,0,2,2,13
,2024-019556,39.70269732,-104.9128968,5/30/2024 7:05,7:05,12,0,0, MONACO ST & LEESTDALE DR,1,1,0,0,1,3,0,0,30,0,0,0,0,0,2,2,16
,2024-019557,39.75572815,-105.0140082,5/30/2024 8:29,8:29,9,0,1,I-25 SB RAMPS & N SPEER BLVD,1,1,0,0,1,1,0,0,30,0,0,0,1,3,4,1,8
,2024-019559,39.84024864,-104.6718427,5/29/2024 15:38,15:38,15,0,0,TERMINAL SPLIT,1,1,0,0,1,8,0,0,45,0,0,0,0,0,4,2,11
,2024-019562,39.68027985,-104.9640627,5/30/2024 11:38,11:38,12,0,0,E ASBURY AVE & S RACE ST,1,1,0,0,1,4,0,0,20,0,0,0,0,0,4,2,11
,2024-019565,39.77483544,-104.7533981,5/30/2024 13:57,13:57,3,0,1, HIMALAYA RD & E 42ND AVE,1,1,0,0,1,1,0,0,35,0,0,0,0,1,4,2,13
,2024-019567,39.76928891,-105.0080711,5/30/2024 18:00,18:00,5,0,1,W 38TH AVE & N QUIVAS ST,1,1,0,0,3,3,0,0,35,0,0,0,0,1,4,1,13
,2024-019573,39.7368778,-104.9730086,5/29/2024 14:19,14:19,3,0,0,E 13TH AVE & N DOWNING ST,1,1,0,0,1,1,0,0,30,0,0,0,0,0,4,2,3
,2024-019574,39.76203441,-104.9825953,5/29/2024 21:03,21:03,3,0,2,WALNUT ST & 29TH ST,1,3,0,0,1,1,0,0,25,0,0,0,0,1,4,2,13
,2024-019575,39.72907334,-104.9818642,5/28/2024 12:50,12:50,15,0,0,E 8TH AVE & N LOGAN ST,1,1,0,0,1,4,0,0,35,0,0,0,0,0,4,2,11
,2024-019577,39.72932336,-105.0150501,5/28/2024 6:41,6:41,12,0,0,I-25 & W 8TH AVE,1,1,1,0,1,4,0,0,55,0,0,0,0,0,1,5,1
,2024-019578,39.6875757,-104.9875128,5/29/2024 17:04,17:04,12,0,0, BROADWAY & W IOWA AVE,1,1,0,0,1,1,0,0,30,0,0,0,0,0,4,2,16