id,drcog_id,latitude,longitude,crashtime,time,crashtype,numbkilled,numbinjurd,drcoglocat,rdconditin,lightngcon,roadcntgrd,weatherco,location,roaddescrp,schoolzone,constrzone,splimit,bikeinv,pedinv,sctrinv,motoinv,svrty,rdsystem,ttlvehcls,hcf
,2024-019579,39.72893953,-104.9928585,5/30/2024 9:15,9:15,10,0,0,W 8TH AVE & N DELAWARE ST,1,1,0,0,1,1,0,0,30,0,0,0,0,0,4,2,13
,2024-019581,39.69666308,-104.9929154,5/30/2024 5:54,5:54,3,0,0,W MISSISSIPPI AVE & S SANTA FE DR,1,1,0,0,1,1,0,0,30,0,0,0,0,0,2,3,16
,2024-019588,39.69843108,-105.0509446,5/30/2024 10:19,10:19,3,0,1,MORRISON RD & S YATES ST,1,1,0,0,1,2,0,0,30,0,0,0,1,3,4,2,11
,2024-019599,39.69278657,-104.9770464,5/30/2024 16:10,16:10,15,0,0,E BUCHTEL BLVD & S EMERSON ST,1,1,0,0,1,4,0,0,30,0,0,0,0,0,4,2,13
,2024-019604,39.69859318,-104.9862433,5/29/2024 14:39,14:39,3,0,0, LINCOLN ST & E MISSISSIPPI AVE,1,1,0,0,1,2,0,0,25,0,0,0,0,0,4,2,11
,2024-019606,39.74879593,-105.0346654,5/29/2024 22:48,22:48,6,0,0,W 21ST AVE & LOWELL BLVD,1,4,0,0,1,4,0,0,25,0,0,0,0,0,4,2,14
,2024-019610,39.77748565,-104.8098916,5/30/2024 6:25,6:25,15,0,0, CHAMBERS RD & E 46TH AVE,1,1,0,0,1,4,0,0,40,0,0,0,0,0,4,2,13
,2024-019612,39.71057543,-104.9863769,5/30/2024 12:50,12:50,10,0,0, LINCOLN ST & E ALAMEDA AVE,6,1,0,0,1,2,0,0,35,0,0,0,0,0,4,2,13
,2024-019614,39.74001389,-104.9954549,5/30/2024 19:00,19:00,12,0,0,W COLFAX AVE & N FOX ST,1,3,0,0,1,3,0,0,35,0,0,0,0,0,2,2,14
,2024-019615,39.7289074,-104.9861527,5/25/2024 18:50,18:50,15,0,0, LINCOLN ST & E 8TH AVE,1,1,0,0,1,3,0,0,35,0,0,0,0,0,4,2,16
,2024-019620,39.74000124,-104.9774626,5/30/2024 4:09,4:09,12,0,0,E COLFAX AVE & N CLARKSON ST,1,3,0,0,1,4,0,0,30,0,0,0,0,0,2,2,16
,2024-019624,39.71136379,-104.9368417,5/30/2024 17:45,17:45,12,0,1,E ALAMEDA AVE & LEETSDALE DR,1,1,1,0,1,3,0,0,35,0,0,0,0,1,4,2,16
,2024-019625,39.6809717,-104.9593845,5/30/2024 8:15,8:15,12,0,1,  UNIVERSITY BLVD & E ASBURY AVE,1,1,0,0,1,4,0,0,30,0,0,0,0,1,4,3,11
,2024-019629,39.69120356,-104.9912481,5/30/2024 7:21,7:21,12,0,0,W ARKANSAS AVE & S CHEROKEE ST,1,1,0,0,1,4,0,0,20,0,0,0,0,0,4,2,11
,2024-019632,39.70386285,-104.9129417,5/30/2024 15:05,15:05,1,0,0, MONACO ST PKWY & E EXPOSITION AVE,1,1,1,0,1,1,0,0,30,0,0,0,0,0,4,2,16
,2024-019633,39.74899106,-104.9801947,5/29/2024 23:13,23:13,3,0,2,PARK AVE W & COURT PL,1,3,0,0,1,1,0,0,30,0,0,0,1,3,4,3,14
,2024-019637,39.77286537,-104.9406682,5/30/2024 14:23,14:23,12,0,0, COLORADO BLVD & E 40TH AVE,1,1,0,0,1,3,0,0,35,0,0,0,0,0,2,2,2
,2024-019638,39.71069419,-104.9969033,5/30/2024 9:43,9:43,15,0,0, SANTA FE DR & W ALAMEDA AVE,1,1,0,0,1,4,0,1,30,0,0,0,0,0,2,2,16
,2024-019642,39.77296228,-104.8304998,5/21/2024 13:55,13:55,12,0,2,I-225 NB OFF RAMP & EB I-70,11,1,0,1,1,8,0,0,55,0,0,0,0,2,1,3,16
,2024-019644,39.65649536,-105.0532238,5/30/2024 7:07,7:07,12,0,0, SHERIDAN BLVD & W DARTMOUTH AVE,1,1,0,0,1,4,0,0,35,0,0,0,0,0,2,2,13
,2024-019645,39.6428543,-104.8850739,5/30/2024 6:37,6:37,12,0,0, YOSEMITE ST & E NASSAU AVE,1,1,1,0,1,4,0,0,35,0,0,0,0,0,4,2,14
,2024-019646,39.74039915,-105.0316729,5/30/2024 7:15,7:15,15,0,0,W COLFAX AVE & N JULIAN ST,1,1,0,7,1,3,0,0,35,0,0,0,0,0,2,2,13
,2024-019650,39.77431253,-104.8193756,5/27/2024 19:08,19:08,12,0,0,E ANDREWS DR & N EUGENE WAY,1,1,0,0,1,3,0,0,35,0,0,0,0,0,4,2,2
,2024-019653,39.73129431,-105.0530416,5/31/2024 19:04,19:04,6,0,0,W 9TH AVE & N SHERIDAN BLVD,1,1,0,0,1,4,0,0,25,0,0,0,0,0,4,3,1
,2024-019658,39.73179431,-104.9835852,5/31/2024 8:15,8:15,12,0,0, GRANT ST & E 10TH AVE,1,1,0,0,1,4,0,0,30,0,0,0,0,0,4,2,16
,2024-019660,39.70147156,-105.0110199,5/30/2024 23:59,23:59,6,0,0, TEJON ST & W OHIO AVE,1,3,0,0,1,4,0,0,25,0,0,0,0,0,4,3,14
,2024-019661,39.68756227,-104.9734242,5/30/2024 12:44,12:44,3,0,0,E IOWA AVE & S DOWNING ST,1,1,0,0,1,1,0,0,25,0,0,0,0,0,4,2,11
,2024-019662,39.75751582,-105.0034177,5/30/2024 16:53,16:53,6,0,1,18TH ST & LITTLE RAVEN ST,1,1,0,0,1,4,0,0,20,0,0,0,0,2,4,2,13
,2024-019668,39.71111699,-104.9653495,5/27/2024 1:42,1:42,5,0,0,E ALAMEDA AVE & S HIGH ST,1,3,1,0,2,4,0,0,25,0,0,0,0,0,4,1,14
,2024-019669,39.65305153,-104.8718257,5/31/2024 17:47,17:47,12,0,0,E HAMPDEN AVE & S FLORENCE ST,1,1,0,0,1,4,0,0,35,0,0,0,0,0,2,2,16
,2024-019670,39.69674855,-105.0126319,5/30/2024 17:01,17:01,12,0,0,W MISSISSIPPI AVE & S TEJON ST,1,1,1,0,1,3,0,0,,0,0,0,0,0,4,2,16
,2024-019671,39.75917428,-105.0075014,5/31/2024 7:26,7:26,12,0,1,I-25 & 20TH ST,1,1,0,0,1,4,0,0,55,0,0,0,0,1,1,2,13
,2024-019673,39.75524178,-104.9791887,5/30/2024 20:36,20:36,8,0,0,CALIFORNIA ST & 27TH ST,1,3,0,0,6,4,0,0,,0,0,0,0,0,4,4,16
,2024-019674,39.7520346,-104.9816294,5/31/2024 7:48,7:48,14,0,0,WELTON & 24TH ST,1,1,0,0,1,9,0,0,,0,0,0,0,0,4,2,13
,2024-019675,39.68933481,-104.8967346,5/31/2024 9:45,9:45,12,0,0,E FLORIDA AVE & S QUEBEC WAY,1,1,0,0,1,1,0,0,30,0,0,0,0,0,4,2,16
,2024-019676,39.71793806,-104.9593191,5/31/2024 9:57,9:57,15,0,0, UNIVERSITY BLVD & E 1ST AVE,1,1,3,0,1,3,0,0,35,0,0,0,0,0,4,2,13
,2024-019677,39.71470234,-104.9803874,5/31/2024 12:48,12:48,6,0,1, PEARL ST & E BAYAUD AVE,1,1,0,0,1,3,0,0,20,0,0,0,0,3,4,2,1
,2024-019678,39.67846867,-104.9280288,5/31/2024 7:06,7:06,3,0,1,5005 E EVANS AVE & S GRAPE ST,1,1,0,0,1,2,0,0,30,0,0,0,0,2,4,2,11
,2024-019681,39.65028238,-105.0530775,5/31/2024 11:05,11:05,12,0,1, SHERIDAN BLVD & W KENYON AVE,1,1,0,0,1,4,0,0,35,0,0,0,0,1,4,3,16
,2024-019682,39.67847214,-104.9238992,5/31/2024 7:54,7:54,15,0,0,E EVANS AVE & S HUDSON ST,1,1,0,0,1,1,0,0,35,0,0,0,0,0,4,2,16
,2024-019685,39.74741944,-104.9210122,5/31/2024 9:46,9:46,12,0,0,E MONTVIEW BLVD & N IVANHOE ST,1,1,0,0,1,4,0,0,30,0,0,0,0,0,4,2,13
,2024-019686,39.71542504,-104.9565598,5/31/2024 17:10,17:10,12,0,0,E CHERRY CREEK  DR & S UNIVERSITY BLVD,1,1,0,0,1,4,0,0,30,0,0,0,0,0,2,2,3
,2024-019693,39.69834049,-104.9874522,5/28/2024 9:02,9:02,15,0,0, BROADWAY ST & E TENNESSEE AVE,1,1,0,0,1,3,0,0,35,0,0,0,0,0,4,2,1
,2024-019694,39.72563497,-104.9034001,5/31/2024 13:09,13:09,6,0,0,E 6TH AVE & N QUEBEC ST,1,1,0,0,1,1,0,0,35,0,0,0,0,0,4,3,7
,2024-019695,39.70743772,-105.0250824,5/31/2024 14:00,14:00,12,0,0,N FEDERAL BLVD,1,1,0,0,1,3,0,0,,0,0,0,0,0,2,2,16
,2024-019704,39.74319659,-105.0170625,5/31/2024 15:01,15:01,12,0,0,MILE HIGH STADIUM CIR & W 17TH AVE,1,1,0,0,1,4,0,0,30,0,0,0,0,0,4,2,13
,2024-019708,39.71780896,-104.936804,5/30/2024 8:19,8:19,10,0,1,E 1ST AVE & N BELLAIRE ST,1,1,0,0,1,4,1,0,20,0,0,0,1,2,4,2,11
,2024-019709,39.77290856,-104.8342517,5/31/2024 2:26,2:26,15,0,1,I-70 & EB OFF RAMP EXT TO I-225,1,4,0,0,1,8,0,0,55,0,0,0,0,2,1,2,14
,2024-019726,39.76061369,-104.9001075,5/30/2024 16:27,16:27,3,0,0,E MLK BLVD & N ROSLYN ST,1,1,0,0,1,1,0,0,35,0,0,0,0,0,4,2,16
,2024-019728,39.72614522,-105.0001605,5/30/2024 17:40,17:40,15,0,0,W 6TH AVE & KALAMATH ST,1,1,0,0,1,1,0,0,35,0,0,0,0,0,4,2,1
,2024-019735,39.77935812,-104.9791543,5/30/2024 18:35,18:35,15,0,0,I-70 & N WASHINGTON ST,1,1,0,0,1,4,0,0,,0,0,0,0,0,1,2,16
,2024-019737,39.74486358,-104.9847948,5/31/2024 16:31,16:31,10,0,0,E 18TH AVE & N SHERMAN ST,1,1,0,0,1,2,0,0,30,0,0,0,0,0,4,2,8
,2024-019738,39.77287149,-104.8338193,5/31/2024 2:09,2:09,15,0,0,I-70 & EB OFF RAMP TXT TO I-225,11,4,0,0,1,4,0,0,55,0,0,0,1,0,1,2,14
,2024-019742,39.73727366,-104.8948673,5/31/2024 17:52,17:52,15,0,0,E 13TH AVE & N TAMARAC ST,1,1,0,0,1,4,0,0,35,0,0,0,0,0,4,2,16
,2024-019744,39.73748039,-104.890563,4/29/2024 16:15,16:15,6,0,0, VERBENA ST & E 13TH AVE,1,1,0,0,1,4,0,0,,0,0,0,0,0,4,2,16
,2024-019752,39.71480801,-104.9826824,5/20/2024 21:38,21:38,1,0,0, LOGAN ST & E BAYAUD AVE,1,3,0,0,1,4,0,0,25,0,0,0,0,0,4,3,16
,2024-019753,39.70749523,-104.9698588,5/31/2024 16:56,16:56,2,0,1,E VIRGINIA AVE & S HUMBOLDT ST,1,1,0,0,1,1,0,0,0,1,0,0,0,2,4,1,16
,2024-019757,39.77292479,-104.865815,5/26/2024 4:46,4:46,5,0,0,E 40TH AVE & N HAVANA ST,1,4,0,0,2,1,0,0,30,0,0,0,0,0,4,1,14
,2024-019759,39.83084611,-104.7155826,6/1/2024 6:48,6:48,5,0,1,GUN CLUB RD & E 75TH AVE,1,3,0,0,4,4,0,0,25,0,0,0,0,2,4,1,16
,2024-019775,39.73995687,-105.0139041,5/31/2024 18:28,18:28,15,0,0,I-25 & W COLFAX AVE,1,1,0,0,1,4,0,0,55,0,0,0,0,0,1,2,11
,2024-019777,39.76895616,-105.0509178,5/21/2024 15:31,15:31,6,0,0, YATES ST & W 38TH AVE,11,1,0,0,1,4,0,0,35,0,0,0,0,0,4,2,16
,2024-019778,39.77448523,-104.852559,5/31/2024 1:49,1:49,5,0,1,I-70 & N PEORIA ST,11,3,1,0,2,4,0,0,55,0,0,0,1,3,1,1,1
,2024-019779,39.70200357,-104.9827934,5/31/2024 23:55,23:55,1,0,0, LOGAN ST & E OHIO AVE,1,3,0,0,1,1,0,0,35,0,0,0,0,0,4,2,3
,2024-019780,39.70021217,-104.9593282,6/1/2024 16:11,16:11,15,0,0, UNIVERSITY BLVD & E KENTUCKY AVE,1,1,0,0,1,4,0,0,35,0,0,0,0,0,4,2,16
,2024-019785,39.75530584,-105.0128644,6/1/2024 14:57,14:57,12,0,1,I-25 & N SPEER BLVD,1,1,0,0,1,4,0,0,55,0,0,0,0,1,1,3,8
,2024-019786,39.78363958,-104.7904701,5/31/2024 17:26,17:26,12,0,0,PENA BLVD NB OFF RAMP & E GREEN VALLEY RANCH BLVD,1,1,0,0,1,1,0,0,45,0,0,0,0,0,4,2,11
,2024-019787,39.74375981,-104.9407837,5/31/2024 2:14,2:14,3,0,1,E 17TH AVE & N COLORADO BLVD,11,3,1,0,1,1,0,0,30,0,0,0,0,1,2,2,11
,2024-019799,39.62420988,-104.9119389,5/31/2024 7:45,7:45,12,0,2,E BELLEVIEW AVE & S MONACO ST,1,1,0,0,1,3,0,0,35,0,0,0,0,1,2,2,16
,2024-019803,39.6929642,-104.9593433,6/1/2024 2:33,2:33,3,0,1, UNIVERSITY BLVD & E LOUISIANA AVE,1,4,0,0,1,1,0,0,35,0,0,0,0,2,4,2,3
,2024-019806,39.68224088,-105.029789,6/1/2024 2:58,2:58,12,0,0,W JEWELL AVE & S IRVING ST,1,3,0,0,1,1,0,0,30,0,0,0,0,0,4,2,11
,2024-019807,39.74488896,-104.9860147,5/31/2024 18:43,18:43,15,0,0,E 18TH AVE & LINCOLN ST,1,1,1,0,1,1,0,0,25,0,0,0,0,0,4,2,8
,2024-019810,39.71664606,-105.0249873,5/31/2024 20:15,20:15,3,0,1, FEDERAL BLVD & W ELLSWORTH AVE,1,2,0,0,1,1,0,0,35,0,0,0,0,1,2,2,16
,2024-019816,39.77589974,-104.8668178,5/27/2024 17:28,17:28,12,0,2,I-70 & N HAVANA ST,1,1,0,0,1,4,0,0,55,0,0,0,0,2,1,2,3
,2024-019818,39.73818672,-105.0250963,5/21/2024 17:23,17:23,12,0,0,W HOWARD PL SLIP & N FEDERAL BLVD,11,1,0,1,1,3,0,0,35,0,0,0,0,0,2,2,11
,2024-019819,39.73839428,-104.9622451,5/31/2024 16:26,16:26,10,0,0,E 14TH AVE & N VINE ST,1,1,0,0,1,1,0,0,30,0,0,0,0,0,4,2,11
,2024-019823,39.66051245,-105.0251647,5/31/2024 18:00,18:00,12,0,0, FEDERAL BLVD & W DARTMOUTH AVE,1,1,0,0,1,3,0,0,40,0,0,0,0,0,2,2,14
,2024-019825,39.6791603,-105.0532681,6/1/2024 14:07,14:07,1,0,2, SHERIDAN BLVD & W EVANS AVE,1,1,0,0,1,1,0,0,30,0,0,0,0,2,2,4,14
,2024-019828,39.67923423,-104.9346853,5/28/2024 19:25,19:25,12,0,0,I-25 & E EVANS AVE,1,1,0,0,1,4,0,0,60,0,0,0,0,0,1,2,13
,2024-019829,39.73685719,-104.9941214,6/1/2024 15:12,15:12,3,0,0,W 13TH AVE & ELATI ST,1,1,0,0,1,1,0,0,25,0,0,0,0,0,4,2,1
,2024-019830,39.7740069,-104.8470299,5/31/2024 18:00,18:00,12,0,0,I-70 & N PEORIA ST,1,1,0,0,1,4,0,0,55,0,0,0,0,0,1,2,14
,2024-019831,39.6784654,-104.9310801,6/1/2024 9:50,9:50,12,0,1,E EVANS AVE & S DAHLIA ST,1,1,0,0,1,3,0,0,35,0,0,0,0,2,4,5,4
,2024-019835,39.68587518,-105.0267513,6/1/2024 0:10,0:10,6,0,0,W MEXICO AVE & S FEDERAL BLVD,1,3,0,0,3,4,0,0,,0,0,0,0,0,4,2,16
,2024-019836,39.77928504,-104.9880656,5/1/2024 3:41,3:41,5,0,0,I-70 EB ON RAMP FROM NB -25 & EB RAMP FLYOVER TO WASHINGSTON ST,1,3,1,0,2,8,0,0,55,0,0,0,0,0,1,1,16
,2024-019842,39.77296413,-104.9754261,5/30/2024 8:00,8:00,12,0,0,E 38TH AVE & N BRIGHTON BLVD,1,1,0,0,1,1,0,0,35,0,0,0,0,0,4,2,3
,2024-019914,39.80653071,-104.7863893,6/2/2024 16:13,16:13,12,0,1,PENA BLVD & 6100,1,1,0,0,1,4,0,0,65,0,0,0,0,2,4,2,14
,2024-019917,39.77157032,-104.9246165,6/1/2024 11:10,11:10,6,0,1, GRAPE ST & E 39TH AVE,1,1,0,0,1,4,0,0,25,0,0,0,0,2,4,4,16
,2024-019919,39.71656256,-104.9862472,2/15/2024 14:51,14:51,8,0,0, LINCOLN ST & E ELLSWORTH AVE,1,1,0,0,1,1,0,0,35,0,0,0,0,0,4,2,16
,2024-019920,39.72908723,-104.977588,6/2/2024 2:46,2:46,6,0,0, CLARKSON ST & E 8TH AVE,1,3,0,0,1,3,0,0,20,0,0,0,0,0,4,2,16
,2024-019921,39.71875431,-104.9473763,4/30/2024 13:42,13:42,16,0,0,155  COOK ST,1,1,0,0,5,7,0,0,10,0,0,0,0,0,3,2,10
,2024-019932,39.77839354,-105.034638,6/1/2024 2:59,2:59,5,0,0,W 45TH AVE & N LOWELL BLVD,1,3,0,0,4,1,0,0,20,0,0,0,0,0,4,1,16
,2024-019945,39.75022502,-105.0047788,5/23/2024 16:01,16:01,12,0,0, SPEER BLVD & WEWATTA ST,1,1,0,0,1,1,0,0,35,0,0,0,0,0,4,2,9
,2024-019947,39.77666773,-104.847027,5/18/2024 22:54,22:54,15,0,0, PEORIA ST & E 44TH AVE,1,3,0,0,1,1,0,0,35,0,0,0,0,0,4,2,16
,2024-019948,39.68757369,-104.9919398,6/2/2024 9:07,9:07,1,0,0, SANTA FE DR & W IOWA ST,1,1,0,0,1,1,0,0,30,0,0,0,0,0,2,2,7
,2024-019949,39.7384179,-104.9738134,5/21/2024 13:00,13:00,6,0,0,1100 E 14TH AVE,1,1,0,0,1,4,0,0,,0,0,0,0,0,4,2,16
,2024-019962,39.7683509,-104.9948942,6/2/2024 3:26,3:26,12,0,0,I-25 & PARK AVE W,1,3,0,0,1,4,0,0,55,0,0,0,0,0,1,2,16
,2024-019964,39.7022007,-105.0455795,5/24/2024 22:15,22:15,14,0,0,MORRISON RD & S UTICA ST,1,3,0,0,1,1,0,0,30,0,0,0,0,0,4,2,1
,2024-019965,39.78385495,-105.0210046,6/1/2024 20:32,20:32,15,0,1,I-70 & WB OFF RAMP EXT TO N FEDERAL BLVD,1,3,0,0,1,4,0,0,55,0,0,0,0,1,1,3,16
,2024-019968,39.74056189,-105.0142542,6/2/2024 11:22,11:22,12,0,0,I-25 & W COLFAX AVE,1,1,0,0,1,4,0,0,65,0,0,0,0,0,1,4,3
,2024-019971,39.76928507,-104.7534306,6/2/2024 13:47,13:47,1,0,0, HIMALAYA RD & E 38TH AVE,1,1,0,0,1,1,0,0,35,0,0,0,0,0,4,2,10
,2024-019977,39.771097,-104.9064839,5/11/2024 23:00,23:00,6,0,0,E 39TH AVE & N OLIVE ST,1,4,0,0,1,4,0,0,35,0,0,0,0,0,4,2,16
,2024-019978,39.70402375,-105.03291,5/18/2024 4:00,4:00,6,0,0,W EXPOSITION AVE & S KING ST,1,4,0,0,1,4,0,0,20,0,0,0,0,0,4,2,16
,2024-019984,39.73277494,-105.0394769,6/2/2024 7:10,7:10,6,0,0, PERRY ST & W 10TH AVE,1,1,0,0,1,4,0,0,25,0,0,0,0,0,4,2,3
,2024-019986,39.73386774,-104.9935153,6/2/2024 16:10,16:10,6,0,0,W 11TH AVE & N SPEER BLVD,1,1,0,0,1,1,0,0,35,0,0,0,0,0,4,2,3
,2024-019988,39.71120285,-104.998053,6/2/2024 9:47,9:47,15,0,0,W ALAMEDA AVE & S KALAMATH ST,1,1,0,0,1,4,0,0,35,0,0,0,0,0,4,2,16
,2024-019989,39.82189748,-104.7719489,6/2/2024 4:50,4:50,3,0,9,E 69TH AVE & N TOWER RD,1,3,0,0,1,1,0,0,20,0,0,0,0,3,4,3,13
,2024-020016,39.71119525,-104.997141,5/27/2024 14:05,14:05,15,0,0, SANTA FE DR & W ALAMEDA AVE,1,1,0,0,1,3,0,0,45,0,0,0,0,0,4,2,16
,2024-020056,39.77173003,-105.0005892,6/1/2024 20:48,20:48,9,0,1,W 40TH AVE & N KALAMATH ST,1,3,0,0,1,6,0,0,35,0,0,0,1,3,4,1,16
,2024-020077,39.77105507,-105.0252906,6/1/2024 17:04,17:04,12,0,1, FEDERAL BLVD & W 39TH AVE,1,1,0,0,1,4,0,0,35,0,0,0,0,1,2,2,11
,2024-020080,39.75123063,-105.0173705,6/2/2024 12:48,12:48,1,0,1,W 23RD AVE & I-25 SB RAMPS,1,1,1,0,1,1,0,0,25,0,0,0,0,1,1,2,13
,2024-020081,39.78356296,-104.989795,6/1/2024 18:14,18:14,12,0,0,I-25 SB OFF RAMP & I-70 WB,1,1,0,0,1,8,0,0,55,0,0,0,0,0,1,2,16
,2024-020084,39.75797063,-104.9878777,5/17/2024 21:55,21:55,12,0,0,WALNUT ST & 24TH ST,1,3,0,0,1,4,0,0,30,0,0,0,0,0,4,2,12
,2024-020087,39.74008896,-104.8869706,6/2/2024 1:15,1:15,3,0,1,E COLFAX AVE & N XANTHIA AVE,1,3,0,0,1,1,0,0,35,0,0,0,0,2,2,2,14
,2024-020103,39.72551872,-105.0131184,6/1/2024 12:15,12:15,12,0,0,I-25 & W 6TH AVE,1,1,0,0,1,4,0,0,55,0,0,0,0,0,1,3,16
,2024-020279,39.73388546,-105.0251522,1/1/2024 4:08,4:08,5,0,1, FEDERAL BLVD & W 11TH AVE,1,3,0,0,6,1,0,0,45,0,0,0,0,2,2,1,16
,2024-020281,39.62359719,-104.9008498,1/2/2024 8:14,8:14,5,0,0,I-25 NB OFF RAMP & E BELLEVIEW AVE,1,1,0,0,6,8,0,0,35,0,0,0,0,0,4,1,10
,2024-020288,39.69666308,-104.9929154,1/2/2024 20:04,20:04,3,0,0,W MISSISSIPPI AVE & S SANTA FE DR,1,3,0,0,1,1,0,0,40,0,0,0,0,0,2,2,10
,2024-020292,39.783474,-105.0026584,1/3/2024 17:12,17:12,5,0,1,I-70 & N PECOS ST,1,3,0,0,3,8,0,0,55,0,0,0,0,1,1,1,16
,2024-020296,39.70034948,-105.0294285,1/4/2024 12:50,12:50,14,0,0,W KENTUCKY AVE & S IRVING ST,1,1,0,0,1,3,0,0,30,0,0,0,0,0,4,2,16
,2024-020299,39.76649533,-104.9733525,1/5/2024 11:42,11:42,5,0,1, DOWNING ST & LAWRENCE ST,1,1,0,0,3,1,0,0,30,0,0,0,0,1,4,1,10
,2024-020301,39.71861375,-105.0250272,1/5/2024 9:00,9:00,5,0,1,110  FEDERAL BLVD & W 1ST AVE,1,1,0,0,3,3,0,0,35,0,0,0,0,3,2,1,1
,2024-020302,39.72561291,-104.977555,1/6/2024 10:15,10:15,3,0,2,E 6TH AVE & N CLARKSON ST,1,1,0,0,1,1,0,0,30,0,0,0,0,1,4,2,1
,2024-020303,39.71037285,-105.0226809,1/4/2024 19:00,19:00,5,0,0,335  DALE CT ALLEY & W ALAMEDA AVE,1,4,0,0,3,9,0,0,,0,0,0,0,0,4,1,16
,2024-020321,39.72411389,-104.9407878,1/7/2024 0:30,0:30,5,0,1, COLORADO BLVD & E 5TH AVE,1,3,1,0,1,1,0,0,35,0,0,0,0,3,2,1,16
,2024-020322,39.75831435,-104.9874524,1/7/2024 7:14,7:14,5,0,0,WALNUT ST & BROADWAY ST,1,1,0,0,3,1,0,0,30,0,0,0,0,0,4,1,16
,2024-020323,39.74896121,-104.9995172,1/6/2024 16:22,16:22,11,0,1,15TH ST & MARKET ST,1,1,0,0,3,4,0,0,30,0,1,0,0,3,4,1,3
,2024-020335,39.68680548,-104.968727,1/9/2024 8:00,8:00,5,0,0,E BUCHTEL BLVD & S FRANKLIN ST,5,1,0,0,6,1,0,0,25,0,0,0,0,0,4,1,7
,2024-020346,39.83239691,-104.6664268,1/10/2024 18:55,18:55,16,0,0,27550 E 75TH AVE,1,4,1,0,5,7,0,0,10,0,0,0,0,0,3,1,14
,2024-020353,39.73687202,-104.9694721,1/5/2024 2:09,2:09,6,0,0,E 13TH AVE & N FRANKLIN ST,1,4,0,0,1,4,0,0,30,0,0,0,0,0,4,2,16
,2024-020363,39.76722244,-104.9947181,1/13/2024 2:19,2:19,5,0,0,PARK AVE W & I-25 NB RAMPS,10,3,0,2,3,1,0,0,,0,0,0,0,0,4,2,16
,2024-020364,39.64289779,-105.05336,1/13/2024 12:37,12:37,5,0,0, SHERIDAN BLVD & W OXFORD AVE,5,1,0,0,3,4,0,0,40,0,0,0,0,0,4,1,7
,2024-020365,39.75319364,-105.0027478,1/12/2024 2:06,2:06,5,0,0,WEWATTA ST & 16TH ST,1,3,0,0,3,1,0,0,25,0,0,0,0,0,4,1,14
,2024-020366,39.79133627,-104.8825794,1/4/2024 15:45,15:45,11,0,0,E PRAIRIE MEADOW DR & N CENTRAL PARK BLVD,1,1,0,0,1,1,0,0,0,0,0,1,0,0,4,1,16
,2024-020367,39.78394529,-105.0531362,1/7/2024 23:33,23:33,3,0,2,I-70 WB RAMPS & N SHERDIAN BLVD,1,3,0,0,1,1,0,0,35,0,0,0,0,3,2,2,14
,2024-020368,39.71423813,-104.9499523,1/13/2024 9:30,9:30,5,0,1, STEELE ST & E BAYAUD AVE,10,1,0,0,3,4,0,0,30,0,0,0,0,1,4,1,1
,2024-020369,39.68554343,-104.9641603,1/13/2024 6:50,6:50,15,0,0,I-25 & S UNIVERSITY BLVD,4,2,1,2,1,4,0,0,60,0,0,0,0,0,1,2,1
,2024-020370,39.76204173,-105.0158357,1/13/2024 2:54,2:54,5,0,0,ZUNI ST & W 32ND AVE,4,3,0,2,2,4,0,0,25,0,0,0,0,0,4,1,16
,2024-020373,39.6985548,-105.037885,1/8/2024 7:35,7:35,5,0,0,W TENNESSEE AVE & S OSCEOLA ST,9,2,0,2,3,1,0,0,30,0,0,0,0,0,4,1,16
,2024-020375,39.79026653,-104.8097541,1/1/2024 4:51,4:51,1,1,1, CHAMBERS RD & E 53RD AVE,1,3,0,0,1,1,0,0,40,0,0,0,0,4,4,2,1
,2024-020384,39.79838383,-104.7852607,1/14/2024 6:09,6:09,5,0,3,E 56TH AVE & PENA BLVD,2,3,0,0,3,1,0,0,40,0,0,0,0,3,4,1,11
,2024-020385,39.77926294,-104.7956232,1/13/2024 19:30,19:30,5,0,1,E BOLLING DR & N AIRPORT WAY,9,3,0,0,2,4,0,0,30,0,0,0,0,2,4,1,3
,2024-020389,39.78929037,-104.8446712,1/14/2024 18:21,18:21,3,0,0,QUENTIN ST & E 51ST AVE,4,3,0,0,1,1,0,0,25,0,0,0,0,0,4,2,13
,2024-020390,39.75238928,-105.0191685,1/14/2024 2:36,2:36,5,0,0,2401  BRYANT ST & W 24TH AVE,4,3,0,2,3,4,0,0,25,0,0,0,0,0,4,1,16
,2024-020393,39.74746822,-104.8855901,1/9/2024 21:32,21:32,5,0,0,8100 8801 E MONTVIEW BLVD,1,3,0,0,3,2,0,0,35,0,0,0,0,0,4,1,16
,2024-020402,39.71803228,-104.9526787,1/13/2024 16:39,16:39,16,0,0,3000 E 1ST AVE,4,1,0,2,5,7,0,0,15,0,0,0,0,0,3,2,16
,2024-020414,39.73024055,-104.9836028,1/13/2024 9:56,9:56,6,0,0,GRANT ST & E 9TH AVE,4,1,0,0,1,4,0,0,30,0,0,0,0,0,4,2,13
,2024-020415,39.74000297,-104.9764761,1/15/2024 2:10,2:10,3,0,0,E COLFAX AVE & N EMERSON ST,4,3,0,2,1,1,0,0,35,0,0,0,0,0,2,2,13