id,drcog_id,latitude,longitude,crashtime,time,crashtype,numbkilled,numbinjurd,drcoglocat,rdconditin,lightngcon,roadcntgrd,weatherco,location,roaddescrp,schoolzone,constrzone,splimit,bikeinv,pedinv,sctrinv,motoinv,svrty,rdsystem,ttlvehcls,hcf
,2024-020416,39.76995536,-104.99439,1/7/2024 13:20,13:20,15,0,0,I-25 SB OFF RAMP & FOX ST,1,1,0,0,1,8,0,0,25,0,0,0,0,0,1,2,16
,2024-020417,39.75665726,-104.9825685,1/14/2024 9:24,9:24,6,0,0,CURTIS ST & 26TH ST,4,3,0,0,1,4,0,0,,0,0,0,0,0,4,2,16
,2024-020418,39.71834072,-104.983791,1/13/2024 12:50,12:50,1,0,0,E 1ST AVE & N GRANT ST,4,1,0,0,1,1,0,0,25,0,0,0,0,0,4,3,13
,2024-020420,39.77142491,-104.9904237,1/9/2024 5:28,5:28,8,0,2,I-25 & I-70,1,3,0,0,1,13,0,0,55,0,0,0,0,2,1,2,16
,2024-020421,39.68362386,-104.941094,1/13/2024 7:03,7:03,5,0,1,I-25 NB ON RAMP & S COLORADO BLVD,4,1,1,2,2,8,0,0,35,0,0,0,0,1,1,1,16
,2024-020422,39.74824287,-104.9864691,1/14/2024 13:42,13:42,3,0,0,20TH ST & WELTON ST,11,1,1,0,1,1,0,0,30,0,0,0,0,0,4,2,3
,2024-020423,39.72497202,-104.9546289,1/12/2024 12:10,12:10,6,0,0, DETROIT ST & E 5TH AVE,1,1,0,0,1,4,0,0,25,0,0,0,0,0,4,2,16
,2024-020427,39.73842205,-104.9764631,1/13/2024 8:08,8:08,3,0,0, EMERSON ST & E 14TH AVE,4,1,0,0,1,1,0,0,25,0,0,0,0,0,4,2,13
,2024-020428,39.76460384,-105.0052854,1/12/2024 17:41,17:41,6,0,0, OSAGE ST & W 34TH AVE,1,4,0,0,1,4,0,0,20,0,0,0,0,0,4,2,8
,2024-020429,39.76713324,-104.9949029,1/14/2024 6:29,6:29,1,0,0,PARK AVE W & I-25 NB ON RAMP,1,2,0,0,1,1,0,0,30,0,0,0,0,0,4,2,1
,2024-020430,39.75217729,-104.9988096,1/14/2024 12:25,12:25,3,0,0,17TH ST & WAZEE ST,10,1,0,0,1,1,0,0,30,0,0,0,0,0,4,2,13
,2024-020432,39.78161951,-104.7561683,1/15/2024 19:29,19:29,1,0,1, HIMALAYA RD & E 47TH AVE,9,3,1,0,1,1,0,0,,0,0,0,0,1,4,2,16
,2024-020442,39.73369692,-104.9791825,1/13/2024 19:00,19:00,6,0,0,E 11TH AVE & N PENNSYLVNIA ST,9,3,0,6,1,9,0,0,30,0,0,0,0,0,4,4,14
,2024-020444,39.83392275,-104.7592381,1/14/2024 17:44,17:44,5,0,0,PENA BLVD & EB OFF RAMP TO E-470 GORE PT,4,3,0,0,3,8,0,1,65,0,0,0,0,0,4,1,14
,2024-020445,39.7227291,-104.9928248,1/1/2024 13:52,13:52,6,0,0, DELAWARE ST & W 4TH AVE,1,2,0,0,1,4,0,0,25,0,0,0,0,0,4,2,16
,2024-020446,39.67856257,-105.0041027,1/15/2024 14:14,14:14,5,0,1, NAVAJO ST & W EVANS AVE,4,1,1,2,3,3,0,0,25,0,0,0,0,2,4,1,1
,2024-020448,39.66567238,-105.0814324,1/13/2024 1:20,1:20,12,0,1, WADSWORTH BLVD & W AMHERST AVE,10,3,0,2,1,4,0,0,45,0,0,0,0,1,2,2,1
,2024-020449,39.78566672,-104.8825234,1/15/2024 7:15,7:15,3,0,2, CENTRAL PARK BLVD & E NORTHFIELD BLVD,5,1,0,2,1,1,0,0,35,0,0,0,0,1,4,3,13
,2024-020452,39.77851267,-104.8988092,1/11/2024 8:45,8:45,15,0,0,I-70 & WB OFF RAMP EXT TO N QUEBEC ST,1,1,0,0,1,4,0,0,,0,0,0,0,0,1,2,16
,2024-020453,39.73386777,-104.9935154,1/14/2024 14:40,14:40,3,0,2, SPEER BLVD & W 11TH AVE,9,1,0,0,1,1,0,0,30,0,0,0,0,1,4,2,13
,2024-020454,39.76096042,-105.0039241,1/15/2024 3:35,3:35,5,0,1,I-25 NB ON RAMP  & 20TH ST,9,3,1,2,2,8,0,0,35,0,0,0,0,1,4,1,16
,2024-020457,39.76204544,-105.0093143,1/15/2024 10:40,10:40,6,0,0,W 32ND AVE & 18TH ST,4,1,1,2,1,3,0,0,30,0,0,0,0,0,4,2,13
,2024-020463,39.83333057,-104.6714005,1/13/2024 14:15,14:15,14,0,0,E 75TH AVE & N HARRY B COMBS PKWY,4,1,1,0,6,4,0,0,35,0,0,0,0,0,4,2,16
,2024-020468,39.78597,-104.745,1/12/2024 21:00,21:00,6,0,0,20860 E BEEKMAN PL,9,4,0,0,1,4,0,0,,0,0,0,0,0,4,2,16
,2024-020471,39.79110533,-105.0439411,1/14/2024 12:57,12:57,1,0,0,W 52ND AVE & N TENNYSON ST,4,1,0,0,1,1,0,0,25,0,0,0,0,0,4,2,1
,2024-020472,39.77621585,-104.88311,1/14/2024 14:01,14:01,12,0,0,I-70 EB OFF RAMP & N CENTRAL PARK BLVD,12,1,0,2,1,8,0,0,40,0,0,0,0,0,4,2,11
,2024-020473,39.73591498,-104.8881986,1/9/2024 7:30,7:30,6,0,0, WILLOW ST & E 12TH AVE,4,1,0,0,1,4,0,0,25,0,0,0,0,0,4,2,16
,2024-020475,39.77997577,-104.9873043,1/15/2024 8:40,8:40,15,0,0,I-70 & I-25,4,1,1,2,1,4,0,0,55,0,0,0,0,0,1,2,10
,2024-020477,39.75442213,-104.9873775,1/14/2024 14:50,14:50,10,0,0, BROADWAY ST & PARK AVE W,4,1,0,0,1,1,0,0,30,0,0,0,0,0,4,2,13
,2024-020478,39.7835594,-105.0104073,1/15/2024 16:35,16:35,5,0,0,I-70 & N PECOS ST,5,3,1,2,3,4,0,0,55,0,0,0,0,0,1,1,10
,2024-020479,39.79841277,-104.777761,1/14/2024 4:14,4:14,6,0,0,17900 E 56TH AVE,10,3,0,0,5,4,0,0,,0,0,0,0,0,3,2,14
,2024-020487,39.74788125,-104.9981108,1/11/2024 23:43,23:43,6,0,0,15TH ST & LAWRENCE ST,1,3,0,0,1,4,0,0,25,0,0,0,0,0,4,2,16
,2024-020491,39.6893949,-104.9802612,1/14/2024 21:24,21:24,14,0,0,E FLORIDA AVE & S PEARL ST,1,3,0,0,1,4,0,0,25,0,0,0,0,0,4,2,8
,2024-020495,39.83487153,-104.7718855,1/11/2024 0:00,0:00,3,0,0,PENA BLVD WB OFF RAMP & N TOWER RD,1,3,1,0,1,1,0,0,45,0,0,0,0,0,4,2,16
,2024-020496,39.73563172,-104.8894043,1/9/2024 7:30,7:30,3,0,0,E 12TH AVE & N WABASH ST,4,1,0,0,1,1,0,0,25,0,0,0,0,0,4,2,16
,2024-020497,39.83112156,-104.7718821,1/15/2024 13:01,13:01,3,0,1, OFF RAMP & E GREEN VALLEY RANCH BLVD,4,1,1,2,1,1,0,0,35,0,0,0,0,2,4,2,16
,2024-020500,39.69660187,-104.9355371,1/11/2024 21:58,21:58,6,0,0,E MISSISSIPPI AVE & S BIRCH ST,5,3,0,0,1,4,0,0,25,0,0,0,0,0,4,3,16
,2024-020501,39.7951256,-104.8422728,1/12/2024 5:48,5:48,6,0,0,E 55TH AVE & N SALEM ST,1,3,0,0,1,3,0,0,25,0,0,0,0,0,4,2,16
,2024-020557,39.79843653,-104.7626953,1/16/2024 17:20,17:20,1,0,1, DUNKIRK ST & E 56TH AVE,2,2,0,0,1,1,0,0,30,0,0,0,0,1,4,2,16
,2024-020559,39.80004508,-104.7721166,1/16/2024 15:15,15:15,15,0,0, TOWER RD & E 57TH AVE,1,1,0,0,1,4,0,0,45,0,0,0,0,0,4,2,13
,2024-020561,39.72047556,-104.9791281,1/16/2024 8:48,8:48,12,0,0,SPEER BLVD & N WASHINGTON ST,7,1,3,0,1,1,0,0,35,0,0,0,0,0,4,2,13
,2024-020562,39.71653105,-104.9769116,1/16/2024 10:02,10:02,3,0,0,E ELLSWORTH AVE & N EMERSON ST,9,1,1,0,1,1,0,0,25,0,0,0,0,0,4,2,14
,2024-020566,39.73999288,-104.9647702,1/15/2024 13:05,13:05,3,0,0,E COLFAX AVE & N HIGH ST,10,1,0,2,1,1,0,0,30,0,0,0,0,0,2,2,13
,2024-020567,39.70285547,-104.9035086,1/16/2024 5:59,5:59,5,0,0, QUEBEC ST & E EXPOSITION AVE,10,4,1,0,3,4,0,0,35,0,0,0,0,0,4,1,14
,2024-020569,39.7148088,-104.9963518,1/16/2024 11:54,11:54,3,0,2, GALAPAGO ST & W BAYAUD AVE,10,1,0,0,1,1,0,0,30,0,0,0,0,1,4,2,2
,2024-020570,39.66257502,-105.05323,1/16/2024 10:36,10:36,12,0,1, SHERIDAN BLVD & W BATES AVE,11,1,1,0,1,3,0,0,40,0,0,0,0,1,2,3,16
,2024-020574,39.63323752,-104.9063409,1/15/2024 7:31,7:31,15,0,0,I-25 & I-225 SB UNDERPASS,4,1,0,0,1,4,0,0,60,0,0,0,0,0,1,2,10
,2024-020576,39.76143873,-105.0052137,1/12/2024 10:11,10:11,3,0,0,20TH ST & I-25 SB RAMPS,1,1,1,0,1,1,0,0,35,0,0,0,0,0,4,2,13
,2024-020579,39.62912836,-104.9045223,1/11/2024 13:45,13:45,12,0,2,I-25 & E UNION AVE,1,1,0,0,1,4,0,0,65,0,0,0,0,1,1,2,16
,2024-020580,39.76563839,-105.0080237,1/12/2024 8:39,8:39,3,0,0,W 35TH AVE & N QUIVAS ST,2,1,3,0,1,1,0,0,30,0,0,0,0,0,4,2,11
,2024-020586,39.83803431,-104.7022871,1/15/2024 15:30,15:30,5,0,0,E 78TH AVE & N JACKSON GAP ST,10,1,0,0,6,4,0,0,45,0,0,0,0,0,4,1,13
,2024-020591,39.67666145,-104.9994611,1/16/2024 11:23,11:23,3,0,0,W WARREN AVE & S JASON ST,10,1,0,0,1,1,0,0,25,0,0,0,0,0,4,2,1
,2024-020593,39.77803209,-104.8468486,1/15/2024 12:25,12:25,12,0,0,E 45TH AVE & N PEORIA ST,9,1,0,2,1,3,0,0,25,0,0,0,0,0,4,2,16
,2024-020594,39.67846363,-104.9163833,1/16/2024 6:35,6:35,5,0,0,E EVANS AVE & S LEYDEN ST,10,2,1,0,3,4,0,0,35,0,0,0,0,0,4,1,14
,2024-020605,39.7782103,-104.8821574,1/11/2024 14:38,14:38,12,0,1,I-70 WB OFF RAMP & N CENTRAL PARK BLVD,1,1,0,0,1,8,0,0,35,0,0,0,0,1,1,2,13
,2024-020606,39.72557892,-104.9740782,1/16/2024 0:06,0:06,3,0,0,E 6TH AVE & N CORONA ST,4,3,1,2,1,1,0,0,25,0,0,0,0,0,4,2,7
,2024-020607,39.70173291,-104.988228,1/12/2024 15:59,15:59,12,0,0,I-25 & S BROADWAY ST,1,1,0,0,1,4,0,0,55,0,0,0,0,0,1,2,13
,2024-020608,39.63833163,-104.8876416,1/16/2024 13:58,13:58,12,0,1,I-225 & MM 1,1,1,0,7,1,4,0,0,65,0,0,0,0,2,1,2,1
,2024-020611,39.75279704,-104.9875554,1/9/2024 10:08,10:08,11,0,1,22ND ST & CURTIS ST,1,1,0,0,1,1,0,0,30,0,1,0,0,3,4,1,8
,2024-020619,39.74395135,-105.0252423,1/14/2024 17:35,17:35,1,0,0, FEDERAL BLVD & W 17TH AVE,2,4,0,0,1,1,0,0,,0,0,0,0,0,2,2,16
,2024-020620,39.82947791,-104.7805553,1/15/2024 8:54,8:54,5,0,0,INBOUND OFF RAMP TO TOWER RD GORE PT,4,1,0,2,3,4,0,0,55,0,0,0,0,0,4,1,13
,2024-020621,39.79839407,-104.7721172,1/16/2024 7:57,7:57,1,0,0, TOWER RD & E 56TH AVE,8,1,0,0,1,1,0,0,45,0,0,0,0,0,4,2,13
,2024-020626,39.73204586,-104.9874031,1/16/2024 19:11,19:11,3,0,2,E 10TH AVE & BROADWAY,1,3,0,0,1,1,0,0,30,0,0,0,0,1,4,2,8
,2024-020633,39.72665409,-104.9823634,1/16/2024 8:19,8:19,15,0,0, LOGAN ST & E 7TH AVE,10,1,0,0,1,4,0,0,30,0,0,0,0,0,4,2,11
,2024-020634,39.67865961,-105.020475,1/15/2024 22:45,22:45,6,0,1,W EVANS AVE & S CLAY ST,4,3,0,2,1,4,0,0,40,0,0,0,0,2,4,2,14
,2024-020636,39.8334594,-104.6881482,1/16/2024 0:05,0:05,15,0,1,JACKSON GAP RD,2,3,0,2,1,4,0,0,,0,0,0,0,1,4,2,16
,2024-020649,39.74061717,-105.0486727,1/14/2024 10:18,10:18,6,0,0, WOLFF ST & W COLFAX AVE,4,1,0,0,1,4,0,0,25,0,0,0,0,0,4,2,16
,2024-020650,39.765681,-104.9404963,1/16/2024 9:20,9:20,1,0,0, COLORADO BLVD & E 35TH AVE,7,1,0,0,1,1,0,0,30,0,0,0,0,0,2,2,16
,2024-020657,39.8110713,-104.7721196,1/16/2024 0:23,0:23,6,0,0, TOWER RD & E 63RD AVE,9,3,0,2,1,4,0,0,45,0,0,0,0,0,4,2,3
,2024-020658,39.76903742,-104.8001861,1/15/2024 20:43,20:43,5,0,0,I-70 & WB OFF RAMP EXT TO N CHAMBERS RD,5,3,0,0,3,4,0,0,55,0,0,0,0,0,1,1,13
,2024-020660,39.68387363,-104.9082069,1/15/2024 13:15,13:15,5,0,0, ONEIDA ST & E COLORADO AVE,9,1,1,2,3,1,0,0,25,0,0,0,0,0,4,1,10
,2024-020666,39.74019683,-104.9981386,1/15/2024 8:38,8:38,3,0,1, SPEER BLVD & W COLFAX AVE,9,1,0,2,1,1,0,0,30,0,0,0,0,2,2,3,16
,2024-020668,39.7356326,-104.8928863,1/16/2024 17:12,17:12,3,0,0,E 12TH AVE & N UINTA ST,10,2,0,0,1,1,0,0,30,0,0,0,0,0,4,2,11
,2024-020670,39.75175653,-105.0151518,1/13/2024 14:08,14:08,3,0,0,I-25 NB OFF RAMP & W 23RD AVE,5,1,1,2,1,1,0,0,25,0,0,0,0,0,4,2,14
,2024-020671,39.75942848,-104.9859642,1/15/2024 15:49,15:49,11,0,1,WALNUT ST & 26TH ST,9,2,0,0,1,4,0,0,0,0,1,0,0,2,4,1,16
,2024-020673,39.77113627,-105.053238,1/16/2024 6:20,6:20,3,0,0,W 39TH AVE & N SHERIDAN BLVD,4,4,0,0,1,1,0,0,20,0,0,0,0,0,2,2,11
,2024-020675,39.78195314,-104.9581474,1/13/2024 7:00,7:00,5,0,0, JOSEPHINE ST & E 47TH AVE,7,1,0,2,2,1,0,0,30,0,0,0,0,0,4,1,13
,2024-020677,39.75710612,-104.9964876,1/16/2024 7:03,7:03,3,0,1,21ST ST & WEWATTA ST,4,1,1,0,1,1,0,0,20,0,0,0,0,1,4,2,11
,2024-020684,39.75100144,-104.8961907,1/13/2024 14:44,14:44,6,0,0,E 23RD AVE & N SPRUCE WY,9,1,0,2,1,4,0,0,,0,0,0,0,0,4,2,16
,2024-020685,39.79349103,-104.7626834,1/15/2024 16:30,16:30,12,0,0, DUNKIRK ST & E 54TH PL,9,1,0,0,1,4,0,0,30,0,0,0,0,0,4,2,1
,2024-020688,39.74594453,-104.9733662,1/13/2024 7:26,7:26,3,0,0, DOWNING ST & E 19TH AVE,4,1,0,0,1,1,0,0,30,0,0,0,0,0,4,2,16
,2024-020689,39.829412,-104.7806444,1/15/2024 8:54,8:54,15,0,0,EB OFF RAMP EXT TO TOWER RD,4,1,0,2,1,4,0,0,55,0,0,0,0,0,4,2,13
,2024-020745,39.78576026,-104.7744581,1/17/2024 9:51,9:51,3,0,2,E 49TH PL & N YAMPA ST,9,1,0,0,1,1,0,0,20,0,0,0,0,1,4,2,13
,2024-020747,39.74410662,-104.9883632,1/14/2024 0:07,0:07,12,0,0,TREMONT PL & 17TH ST,4,3,0,0,1,1,0,0,25,0,0,0,0,0,4,2,16
,2024-020748,39.70901268,-104.9960038,1/17/2024 9:21,9:21,15,0,0, SANTA FE DR & S KALAMATH ST,11,1,0,0,1,4,0,0,35,0,0,0,0,0,2,2,11
,2024-020749,39.76026876,-105.0252441,1/17/2024 12:36,12:36,3,0,0, FEDERAL BLVD & N SPEER BLVD,11,1,0,0,1,1,0,0,35,0,0,0,0,0,2,2,13
,2024-020751,39.68568577,-104.9408248,1/16/2024 15:30,15:30,12,0,0,E MEXICO AVE & S COLORADO BLVD,4,1,0,0,1,1,0,0,25,0,0,0,0,0,4,2,3
,2024-020752,39.77333753,-104.8454031,1/17/2024 0:30,0:30,5,0,1,I-70 EB ON RAMP & N PEORIA ST,11,3,1,0,3,8,0,0,55,0,0,0,0,2,1,1,14
,2024-020753,39.74744335,-104.9034481,1/9/2024 21:30,21:30,12,0,1, QUEBEC ST & E MONTVIEW BLVD,1,3,0,0,1,3,0,0,30,0,0,0,0,2,4,2,16
,2024-020754,39.73793681,-105.0309446,1/16/2024 21:57,21:57,5,0,0,W HOWARD PL & N JULIAN ST,4,3,0,0,3,4,0,0,35,0,0,0,0,0,4,1,10
,2024-020756,39.69657867,-104.9407257,1/12/2024 22:04,22:04,8,0,0, COLORADO BLVD & E MISSISSIPPI AVE,4,3,0,2,1,1,0,0,30,0,0,0,0,0,2,2,3
,2024-020758,39.73688322,-104.9807133,1/16/2024 9:12,9:12,10,0,0,E 13TH AVE & N PENNSYLVANIA ST,8,1,0,0,1,9,0,0,25,0,0,0,0,0,4,2,11
,2024-020760,39.65338853,-104.9183803,1/17/2024 10:00,10:00,12,0,0,I-25 & E HAMPDEN AVE,1,1,0,0,1,4,0,0,60,0,0,0,0,0,1,2,13
,2024-020762,39.74326102,-104.9597834,1/16/2024 17:00,17:00,3,0,0,E 17TH AVE & N YORK ST,8,3,0,0,1,1,0,0,30,0,0,0,0,0,4,2,11
,2024-020764,39.69906595,-104.9928484,1/17/2024 6:40,6:40,12,0,0, PLATTE RIVER DR & W TENNESSEE AVE,1,3,0,0,1,4,0,0,45,0,0,0,0,0,2,2,13
,2024-020766,39.74000726,-104.9930214,1/17/2024 7:48,7:48,5,0,0,W COLFAX AVE & N DELAWARE ST,11,1,0,0,3,4,0,0,30,0,0,0,0,0,2,1,14
,2024-020767,39.78419235,-104.8313065,1/17/2024 9:51,9:51,3,0,2, CROWN BLVD & E ANDREWS DR,11,1,0,0,1,1,0,0,25,0,0,0,0,1,4,2,13
,2024-020768,39.74080477,-105.0143024,1/17/2024 15:26,15:26,12,0,0,I-25 & W COLFAX AVE,1,1,0,0,1,4,0,0,55,0,0,0,0,0,1,2,13
,2024-020769,39.7117876,-104.9991039,1/12/2024 7:37,7:37,12,0,0,I-25 & W ALAMEDA AVE,1,2,1,0,1,4,0,0,55,0,0,0,0,0,1,4,14
,2024-020770,39.6984747,-104.9216217,1/13/2024 14:59,14:59,5,0,0, HOLLY ST & E TENNESSEE AVE,9,1,0,2,3,4,0,0,25,0,0,0,0,0,4,1,16
,2024-020772,39.69657861,-104.9407257,1/16/2024 22:47,22:47,3,0,0,E MISSISSIPPI AVE & S COLORADO BLVD,1,3,0,0,1,1,0,0,35,0,0,0,0,0,2,2,3
,2024-020773,39.74002481,-104.9980148,1/16/2024 7:30,7:30,3,0,0,W COLFAX AVE & N SPEER BLVD,4,1,0,0,1,1,0,0,30,0,0,0,0,0,2,2,1
,2024-020774,39.78400393,-104.9891418,1/16/2024 15:50,15:50,12,0,3,I-25 NB & I-70,11,1,1,0,1,4,0,0,55,0,0,0,0,1,1,2,3
,2024-020775,39.7401078,-105.0052352,1/17/2024 7:55,7:55,15,0,0,W COLFAX AVE & N OSAGE ST,2,1,0,0,1,1,0,0,,0,0,0,0,0,2,2,16
,2024-020778,39.75118289,-105.0168472,1/13/2024 14:50,14:50,12,0,0,I-25 & W 23RD AVE,11,1,0,2,1,4,0,0,55,0,0,0,0,0,2,2,16
,2024-020780,39.77562939,-104.8636798,1/17/2024 14:50,14:50,12,0,1,I-70 & N HAVANA ST,1,1,0,0,1,4,0,0,55,0,0,0,0,1,1,2,10
,2024-020782,39.67830766,-104.9406296,1/16/2024 11:45,11:45,12,0,0, COLORADO BLVD & E EVANS AVE,11,1,0,0,1,4,0,0,35,0,0,0,0,0,2,2,3
,2024-020783,39.7507535,-104.8884063,1/16/2024 13:30,13:30,3,0,0,XANTHIA WAY & CENTRAL PARK BLVD,1,1,0,0,1,1,0,0,25,0,0,0,0,0,4,2,16
,2024-020785,39.74335939,-104.9873765,1/17/2024 6:54,6:54,11,0,1, BROADWAY ST & E 17TH AVE,8,1,1,0,1,1,0,0,30,0,1,0,0,1,4,1,14
,2024-020786,39.71974141,-105.0432762,1/16/2024 16:45,16:45,15,0,0, STUART ST & W 2ND AVE,4,1,0,0,1,1,0,0,25,0,0,0,0,0,4,2,1
,2024-020787,39.71470452,-104.9499453,1/17/2024 17:45,17:45,12,0,0, STEELE ST & E BAYAUD AVE,1,3,0,0,1,3,0,0,30,0,0,0,0,0,4,2,13
,2024-020792,39.76826106,-104.9942585,1/17/2024 11:50,11:50,15,0,0,I-25 & NB OFF RAMP TO I-70 MERGE PT,1,1,0,1,1,8,0,0,55,0,0,0,0,0,1,2,1
,2024-020793,39.69128135,-105.0250486,1/5/2024 0:41,0:41,3,0,0,W ARKANSAS AVE & S FEDERAL BLVD,1,3,0,0,1,1,0,0,25,0,0,0,0,0,2,2,16
,2024-020795,39.7555688,-105.0125038,1/17/2024 13:44,13:44,12,0,0,I-25 & SPEER BLVD,1,1,0,0,1,4,0,0,55,0,0,0,0,0,1,2,13
,2024-020796,39.71844893,-105.0250238,1/16/2024 8:58,8:58,5,0,0, FEDERAL BLVD & W 1ST AVE,4,1,0,0,2,4,0,0,30,0,0,0,0,0,2,1,10
,2024-020799,39.76449081,-104.9597604,1/16/2024 14:30,14:30,15,0,0, YORK ST & E BRUCE RANDOLPH AVE,4,1,0,0,1,1,0,0,30,0,0,0,0,0,4,2,3
,2024-020801,39.77963495,-104.9891635,1/17/2024 18:42,18:42,15,0,0,I-25 & I-70,1,3,0,0,1,4,0,0,,0,0,0,0,0,1,2,16
,2024-020803,39.6730308,-104.9593852,1/16/2024 9:30,9:30,3,0,0,E WESLEY AVE & S UNIVERSITY BLVD,4,1,0,0,1,1,0,0,25,0,0,0,0,0,4,2,3
,2024-020804,39.7437951,-104.9502043,1/16/2024 13:25,13:25,12,0,0,E 17TH AVE & N STEELE ST,8,1,0,0,1,3,0,0,30,0,0,0,0,0,4,2,14
,2024-020805,39.6345264,-104.895459,1/15/2024 18:59,18:59,12,0,0,I-225 & S TAMARAC ST,5,3,0,2,1,4,0,0,55,0,0,0,0,0,1,2,16
,2024-020806,39.68439925,-104.9612414,1/15/2024 11:56,11:56,5,0,0,I-25 SB OFF RAMP & S UNIVERSITY BLVD,5,1,1,2,2,8,0,0,45,0,0,0,0,0,1,1,7
,2024-020807,39.62933069,-104.8952628,1/14/2024 6:39,6:39,3,0,0,E UNION AVE & S ULSTER ST,1,3,0,0,1,1,0,0,35,0,0,0,0,0,4,2,13
,2024-020808,39.77643782,-104.8207041,1/17/2024 2:15,2:15,6,0,0, DEARBORN ST & E 46TH AVE,9,4,0,2,1,2,0,0,,0,0,0,0,0,4,2,16
,2024-020809,39.80014855,-104.7721166,1/16/2024 13:10,13:10,12,0,0, TOWER RD & E 57TH AVE,1,1,1,0,1,1,0,0,40,0,0,0,0,0,4,2,13
,2024-020810,39.69756535,-104.9927011,1/13/2024 1:52,1:52,5,0,1, PLATTE RIVER DR & W MISSISSIPPI AVE,9,3,0,2,3,4,0,0,45,0,0,0,0,3,2,1,16
,2024-020824,39.74971183,-104.981093,1/13/2024 2:20,2:20,5,0,0,PARK AVE W & TREMONT PL,9,3,0,2,3,1,0,0,30,0,0,0,0,0,4,1,1
,2024-020825,39.76467183,-104.8988533,1/17/2024 7:50,7:50,15,0,0, SYRACUSE ST & E 35TH AVE,4,1,0,0,1,4,1,0,,0,0,0,0,0,4,2,16
,2024-020827,39.77257021,-105.0330505,1/17/2024 8:20,8:20,3,0,0, KING ST & W 41ST AVE,9,1,0,0,1,2,0,0,20,0,0,0,0,0,4,2,11
,2024-020828,39.68174703,-105.0521112,1/17/2024 8:33,8:33,6,0,0, ZENOBIA ST & W JEWELL AVE,10,1,0,0,1,4,0,0,25,0,0,0,0,0,4,3,1
,2024-020829,39.745389,-104.9919525,1/17/2024 19:30,19:30,12,0,0,CALIFORNIA ST & 16TH ST,1,3,0,0,1,4,0,0,30,0,0,0,0,0,4,2,13
,2024-020830,39.78701818,-104.8903693,1/17/2024 16:38,16:38,12,0,0,E 49TH PL & N VERBENA ST,7,2,0,0,1,3,0,0,20,0,0,0,0,0,4,2,1
,2024-020833,39.72448004,-104.8789664,1/4/2024 8:27,8:27,16,0,0,550  ALTON WAY,1,1,3,0,5,7,0,0,10,0,0,0,0,0,3,2,13
,2024-020840,39.76655427,-104.9836425,1/15/2024 12:43,12:43,10,0,0,BRIGHTON BLVD & 31ST ST,9,1,0,2,1,1,0,0,30,0,0,0,0,0,4,2,11
,2024-020841,39.76836081,-104.9948709,1/17/2024 9:42,9:42,15,0,0,I-25 & PARK AVE W,11,1,1,0,1,4,0,0,55,0,0,0,0,0,1,2,10
,2024-020842,39.7403485,-105.0485826,1/16/2024 22:23,22:23,15,0,0,W COLFAX AVE & N WOLFF ST,1,3,0,0,1,3,0,0,35,0,0,0,0,0,2,2,16
,2024-020846,39.69668444,-104.9967927,1/17/2024 17:12,17:12,3,0,1,W MISSISSIPPI AVE & S HURON ST,1,2,0,0,1,1,0,0,25,0,0,0,0,2,4,2,1
,2024-020848,39.75013269,-104.9840897,1/17/2024 12:48,12:48,3,0,0,WELTON ST & 22ND ST,1,1,0,0,1,1,0,0,25,0,0,0,0,0,4,2,8
,2024-020849,39.72825088,-104.9899417,1/17/2024 12:49,12:49,15,0,0, SPEER BLVD & N BANNOCK ST,11,1,0,0,1,3,0,0,35,0,0,0,0,0,4,2,11
,2024-020868,39.67482184,-104.9405024,1/17/2024 17:30,17:30,3,0,0,E ILIFF AVE & S COLORADO BLVD,8,3,0,2,1,2,0,0,25,0,0,0,0,0,4,2,11
,2024-020870,39.75557469,-104.9822351,1/17/2024 20:12,20:12,12,0,0,CHAMPA ST & 25TH ST,4,3,0,0,1,4,0,0,25,0,0,0,0,0,4,2,13
,2024-020872,39.77800176,-104.9128702,1/11/2024 12:54,12:54,3,0,2, MONACO ST & E STAPLETON S DR,1,1,0,0,1,1,0,0,35,0,0,0,0,1,4,2,16
,2024-020876,39.84000672,-104.671855,1/1/2024 3:41,3:41,8,0,1,PENA BLVD & JACKSON GAP,1,3,0,0,1,4,0,0,35,0,0,0,0,2,4,2,1
,2024-020877,39.7996332,-104.7721167,1/17/2024 18:00,18:00,12,0,2, TOWER RD & E 57TH AVE,1,3,1,0,1,4,0,0,40,0,0,0,0,2,4,2,3
,2024-020879,39.68913013,-104.9727717,1/18/2024 7:41,7:41,12,0,0,I-25 & S DOWNING ST,1,1,1,0,1,8,0,0,35,0,0,0,0,0,2,2,11
,2024-020880,39.76774735,-104.994782,1/18/2024 7:54,7:54,12,0,0,I-25 NB OFF RAMP & PARK AVE W,1,1,1,0,1,1,0,0,55,0,0,0,0,0,1,2,14
,2024-020881,39.77997451,-104.9789849,1/13/2024 12:02,12:02,3,0,1,I-70 WB OFF RAMP INT & N WASHINGTON ST,4,1,0,2,1,1,0,0,30,0,0,0,0,1,1,2,8
,2024-020883,39.7381694,-105.0217828,1/18/2024 12:21,12:21,3,0,0,W HOWARD PL & N DECATUR ST,1,1,0,0,1,1,0,0,25,0,0,0,0,0,4,2,16