id,drcog_id,latitude,longitude,crashtime,time,crashtype,numbkilled,numbinjurd,drcoglocat,rdconditin,lightngcon,roadcntgrd,weatherco,location,roaddescrp,schoolzone,constrzone,splimit,bikeinv,pedinv,sctrinv,motoinv,svrty,rdsystem,ttlvehcls,hcf
,2024-020886,39.73993079,-105.0139026,1/18/2024 18:27,18:27,12,0,0,I-25 & W COLFAX AVE,1,3,0,0,1,4,0,0,55,0,0,0,0,0,1,2,13
,2024-020889,39.77872023,-104.9222796,1/10/2024 14:52,14:52,3,0,0, HOLLY ST & E STAPLETON N DR,1,1,0,0,1,1,0,0,30,0,0,0,0,0,4,3,8
,2024-020890,39.7668409,-105.0214279,1/18/2024 14:20,14:20,5,0,0,W 36TH AVE & N CLAY ST,4,1,0,0,3,4,0,0,20,0,0,0,0,0,4,1,7
,2024-020894,39.77890986,-104.9243916,1/17/2024 18:10,18:10,12,0,0,I-70 & MM 277.4,1,3,0,0,1,4,0,0,55,0,0,0,0,0,1,3,13
,2024-020895,39.78366076,-104.9895255,1/18/2024 11:00,11:00,15,0,0,I-25 & W 48TH AVE,1,1,0,0,1,4,0,0,65,0,0,0,0,0,1,2,13
,2024-020897,39.6531997,-104.9177469,1/18/2024 9:00,9:00,15,0,0,E HAMPDEN AVE & I-25 NB RAMPS,1,1,0,0,1,1,0,0,35,0,0,0,0,0,2,3,3
,2024-020903,39.7795979,-104.847127,1/18/2024 12:38,12:38,3,0,0,E 46TH AVE & N PEORIA ST,1,1,0,0,1,2,0,0,30,0,0,0,0,0,4,2,16
,2024-020909,39.7253397,-104.9125602,1/18/2024 14:50,14:50,3,0,0,E 6TH AVE & N MONACO ST,1,1,0,0,1,1,0,0,30,0,0,0,0,0,4,2,13
,2024-020911,39.69674631,-105.0297402,1/18/2024 7:54,7:54,3,0,0,W MISSISSIPPI AVE & S IRVING ST,1,1,0,0,1,1,0,0,25,0,0,0,0,0,4,2,11
,2024-020915,39.63635345,-104.8939069,1/18/2024 11:05,11:05,12,0,0,I-225 SB RAMPS & S TAMARAC PKWY,1,1,0,0,1,1,0,0,35,0,0,0,0,0,4,2,10
,2024-020917,39.73687054,-104.9764507,1/18/2024 15:00,15:00,12,0,0,E 13TH AVE & N EMERSON ST,1,1,0,0,1,1,0,0,30,0,0,0,0,0,4,2,3
,2024-020919,39.64340394,-104.8939049,1/18/2024 12:30,12:30,3,0,0, TAMARAC DR & E MANSFIELD AVE,1,1,0,0,1,1,0,0,25,0,0,0,0,0,4,2,3
,2024-020922,39.74750203,-104.978178,1/13/2024 13:36,13:36,15,0,0,PARK AVE & E 20TH AVE,4,1,0,0,1,4,0,0,30,0,0,0,0,0,4,2,13
,2024-020923,39.73285896,-104.9406209,1/17/2024 13:40,13:40,15,0,0, COLORADO BLVD & E 11TH AVE,1,1,0,0,1,1,0,0,35,0,0,0,0,0,2,2,3
,2024-020925,39.7618039,-104.9405117,1/18/2024 9:43,9:43,15,0,0,E MLK BLVD & N COLORADO BLVD,1,1,0,0,1,1,0,0,35,0,0,0,0,0,4,2,16
,2024-020926,39.71301929,-104.9815468,1/18/2024 13:45,13:45,3,0,0, PENNSYLVANIA & E CEDAR AVE,1,1,0,0,1,9,0,0,,0,0,0,0,0,4,2,3
,2024-020927,39.76194542,-104.9774906,1/18/2024 9:11,9:11,8,0,0,ARAPAHOE ST & 31ST ST,1,1,0,0,1,4,0,0,25,0,0,0,0,0,4,2,16
,2024-020929,39.76146574,-105.0044578,1/17/2024 16:26,16:26,12,0,0,I-25 & 20TH ST,1,1,0,0,1,4,0,0,55,0,0,0,0,0,1,2,13
,2024-020930,39.74476891,-104.9597905,1/17/2024 15:30,15:30,15,0,0,E 18TH AVE & N YORK ST,1,1,0,0,1,1,0,0,30,0,0,0,0,0,4,2,3
,2024-020931,39.70402123,-104.9035026,1/18/2024 8:15,8:15,12,0,0, QUEBEC ST & E EXPOSITION AVE,1,1,0,0,1,3,0,0,35,0,0,0,0,0,4,2,10
,2024-020932,39.762872,-104.930545,1/17/2024 23:15,23:15,6,0,0,E THRILL PL & N DALHIA ST,4,3,0,0,1,4,0,0,20,0,0,0,0,0,4,2,11
,2024-020933,39.74379263,-104.8940348,1/18/2024 15:31,15:31,3,0,0,E 17TH AVE & N ULSTER ST,7,1,0,0,1,1,0,0,25,0,0,0,0,0,4,2,3
,2024-020934,39.67487398,-105.0017728,1/18/2024 8:53,8:53,3,0,0, LIPAN ST & W ILIFF AVE,1,1,0,0,1,1,0,0,25,0,0,0,0,0,4,2,3
,2024-020936,39.7573606,-105.0096719,1/18/2024 11:15,11:15,12,0,0,I-25 & 15TH ST,1,1,0,0,1,4,0,0,55,0,0,0,0,0,1,2,13
,2024-020938,39.77713081,-104.8828442,1/18/2024 13:20,13:20,12,0,0,I-70 & N CENTRAL PARK BLVD,1,1,0,0,1,4,0,0,55,0,0,0,0,0,1,2,10
,2024-020941,39.72915524,-104.960192,1/18/2024 7:30,7:30,15,0,0,YORK ST & E 8TH AVE,11,1,0,0,1,4,0,0,25,0,0,0,0,0,4,2,11
,2024-020942,39.73042318,-104.9787574,1/17/2024 9:00,9:00,3,0,0,E 9TH AVE & N WASHINGTON ST,9,1,0,0,1,1,0,0,25,0,0,0,0,0,4,2,3
,2024-020946,39.64587353,-104.9224882,1/17/2024 16:30,16:30,15,0,0,E HAPPY CANYON RD & S HOLLY ST,1,1,0,0,1,4,0,0,25,0,0,0,0,0,4,2,3
,2024-020951,39.77401817,-104.8470344,1/17/2024 16:32,16:32,12,0,0,I-70 & N PEORIA ST,1,1,0,0,1,4,0,0,55,0,0,0,0,0,1,3,12
,2024-020961,39.8372711,-104.7154807,1/17/2024 14:48,14:48,1,0,1, GUN CLUB RD & E 78TH AVE,1,1,0,0,1,2,0,0,30,0,0,0,0,1,4,2,11
,2024-020962,39.69657401,-104.9461636,1/18/2024 7:55,7:55,3,0,0,E MISSISSIPPI AVE & S MADISON ST,1,1,0,0,1,9,0,0,25,0,0,0,0,0,4,2,13
,2024-020963,39.68234026,-105.0156928,1/18/2024 18:25,18:25,3,0,0,W JEWELL AVE & S ZUNI ST,1,3,0,0,1,1,0,0,25,0,0,0,0,0,4,2,13
,2024-020964,39.77294392,-105.0529703,1/16/2024 10:49,10:49,5,0,0,W 41ST AVE & 5136,4,1,0,0,3,7,0,0,,0,0,0,0,0,4,1,13
,2024-020968,39.736878,-104.9722773,1/18/2024 7:47,7:47,12,0,0,E 13TH AVE & N DOWNING ST,1,1,0,0,1,4,0,0,30,0,0,0,0,0,4,2,16
,2024-020969,39.6709339,-104.8660422,1/16/2024 20:50,20:50,3,0,0, PARKER RD & S HAVANA ST,1,3,0,0,1,1,0,0,40,0,0,0,0,0,2,3,13
,2024-020970,39.77947231,-104.9795486,1/18/2024 9:02,9:02,12,0,0,I-70 & N WASHINGTON ST,1,1,0,0,1,4,0,0,55,0,0,0,0,0,1,3,16
,2024-020971,39.75433662,-104.9942727,1/13/2024 22:17,22:17,15,0,0,BLAKE ST & 20TH ST,4,3,0,2,1,1,0,0,20,0,0,0,0,0,4,2,3
,2024-020990,39.6921152,-104.992403,1/19/2024 14:16,14:16,5,0,0,1300  SANTA FE DR,1,1,0,0,2,4,0,0,45,0,0,0,0,0,2,1,16
,2024-021005,39.78027432,-104.9323344,1/19/2024 19:00,19:00,12,0,0,I-70 & MM 277,1,3,0,0,1,4,0,0,55,0,0,0,0,0,1,2,11
,2024-021008,39.7582225,-104.9573401,1/19/2024 18:50,18:50,3,0,0,E 29TH AVE & N COLUMBINE ST,1,4,0,0,1,1,0,0,25,0,0,0,0,0,4,2,8
,2024-021010,39.7034745,-104.9138517,1/19/2024 9:56,9:56,14,0,0,LEETSDALE DR & S LOCUST ST,1,1,0,0,6,4,0,0,35,0,0,0,0,0,2,2,16
,2024-021014,39.76576659,-104.9777806,1/18/2024 16:41,16:41,3,0,0,33RD ST & WALNUT ST,1,2,0,0,1,1,0,0,20,0,0,0,0,0,4,2,11
,2024-021015,39.6822722,-105.0250198,1/18/2024 19:03,19:03,1,0,3, FEDERAL BLVD & W JEWELL AVE,1,3,0,0,1,1,0,0,40,0,0,0,0,2,2,2,13
,2024-021016,39.7618039,-104.9405117,1/18/2024 19:00,19:00,1,0,3,MLK BLVD & COLORADO BLVD,1,3,0,0,1,1,0,0,35,0,0,0,0,3,2,2,11
,2024-021017,39.71637914,-105.0275634,1/19/2024 19:23,19:23,6,0,0, HAZEL CT & W ELLSWORTH AVE,1,4,0,0,1,4,0,0,25,0,0,0,0,0,4,2,12
,2024-021018,39.74008478,-104.8846472,1/18/2024 19:59,19:59,1,0,3,E COLFAX AVE & N YOSEMITE ST,1,3,0,0,1,1,0,0,25,0,0,0,0,2,2,2,3
,2024-021019,39.68398221,-104.9734253,1/19/2024 8:14,8:14,3,0,0,E COLORADO AVE & S DOWNING ST,1,1,0,0,1,1,0,0,35,0,0,0,0,0,4,2,11
,2024-021024,39.67118579,-105.0270054,1/19/2024 13:06,13:06,3,0,0, GROVE ST & W VASSAR AVE,1,1,0,0,1,1,0,0,20,0,0,0,0,0,4,2,16
,2024-021027,39.71657696,-104.9875019,1/18/2024 21:25,21:25,6,0,0, BROADWAY ST & W ELLSWORTH AVE,2,3,0,0,1,4,0,0,25,0,0,0,0,0,4,4,16
,2024-021039,39.65335755,-105.0530849,1/19/2024 14:22,14:22,12,0,0, SHERIDAN BLVD & W HAMPDEN AVE,1,1,0,0,1,3,0,0,35,0,0,0,0,0,2,2,16
,2024-021042,39.67171229,-104.8704327,1/19/2024 8:42,8:42,12,0,0,E HARVARD AVE & S DAYTON WAY,1,1,3,0,1,4,0,0,25,0,0,0,0,0,4,2,3
,2024-021044,39.66773136,-105.0264226,1/19/2024 14:50,14:50,12,0,0,W YALE AVE & S GREEN CT,1,1,0,0,1,4,0,0,25,0,0,0,0,0,4,2,13
,2024-021047,39.76925947,-104.7456204,1/19/2024 19:23,19:23,12,0,0,E 38TH AVE & N LISBON ST,1,3,0,0,1,3,0,0,40,0,0,0,0,0,4,2,7
,2024-021049,39.77439711,-104.7480773,1/19/2024 19:23,19:23,15,0,0,E 42ND AVE & N KIRK ST,1,3,0,0,1,4,0,0,20,0,0,0,0,0,4,2,16
,2024-021060,39.77462812,-104.9223172,1/20/2024 12:55,12:55,1,0,1, HOLLY ST & SMITH RD,1,1,0,0,1,1,0,0,30,0,0,0,0,2,4,2,13
,2024-021061,39.78025326,-104.947103,1/20/2024 10:11,10:11,15,0,5,I-70 & EB OFF RAMP EXT TO N COLORADO BLVD,1,1,0,0,1,4,0,0,55,0,0,0,0,2,1,3,3
,2024-021063,39.76928919,-105.0064586,1/19/2024 16:30,16:30,1,0,1,W 38TH AVE & N PECOS ST,1,2,0,0,1,1,0,0,35,0,0,0,0,3,4,2,11
,2024-021068,39.68791842,-104.9691172,1/20/2024 10:54,10:54,5,0,0,I-25 & NB OFF RAMP GORE PT TO S DOWNING ST,1,1,0,0,6,8,0,0,55,0,0,0,0,0,1,1,8
,2024-021069,39.72188157,-105.0091234,1/19/2024 18:57,18:57,15,0,0,I-25 & NB OFF RAMP MERGE PT TO W 6TH AVE,1,3,0,0,1,4,0,0,,0,0,0,0,0,1,2,16
,2024-021071,39.72556453,-105.0396188,1/20/2024 7:37,7:37,5,0,1,W 6TH AVE & N PERRY ST,1,1,0,0,2,4,0,0,55,0,0,0,0,1,2,3,16
,2024-021073,39.71119463,-104.8929101,1/20/2024 18:25,18:25,5,0,1,E FAIRMOUNT DR & E ALAMEDA AVE,1,2,0,0,3,4,0,0,30,0,0,0,0,1,4,1,16
,2024-021074,39.78927957,-104.8470876,1/20/2024 17:45,17:45,1,0,1, PEORIA ST & E 51ST AVE,1,1,0,0,1,1,0,0,35,0,0,0,0,2,4,2,1
,2024-021077,39.73648156,-104.936162,1/20/2024 12:56,12:56,10,0,0,E 13TH AVE & N BIRCH ST,1,1,0,0,1,1,0,0,30,0,0,0,0,0,4,2,16
,2024-021078,39.66073194,-104.9463813,1/20/2024 15:40,15:40,5,0,0,E DARTMOUTH AVE & S MADISON ST,1,1,0,0,2,4,0,0,20,0,0,0,0,0,4,1,3
,2024-021079,39.74482551,-104.9696763,1/19/2024 18:04,18:04,3,0,0,E 18TH AVE & N HUMBOLDT ST,14,3,0,0,1,1,0,0,35,0,0,0,0,0,4,2,14
,2024-021080,39.74019244,-104.9406124,1/20/2024 20:44,20:44,1,0,2,E COLFAX AVE & N COLORADO BLVD,1,3,0,0,1,1,0,0,35,0,0,0,0,2,2,2,11
,2024-021083,39.74165533,-104.9733923,1/14/2024 2:20,2:20,3,0,2, DOWNING ST & E 16TH AVE,2,3,0,2,1,1,0,0,25,0,0,0,0,1,4,4,14
,2024-021084,39.73063153,-104.9694694,1/20/2024 10:06,10:06,6,0,0,HUMBOLDT ST & E 9TH AVE,1,1,0,0,1,4,0,0,,0,0,0,0,0,4,2,16
,2024-021085,39.73986385,-104.9916537,1/19/2024 20:30,20:30,5,0,0, CHEROKEE ST & E COLFAX AVE,1,3,0,0,2,4,0,0,,0,0,0,0,0,4,1,10
,2024-021086,39.67528918,-105.02504,1/19/2024 18:10,18:10,1,0,0, FEDERAL BLVD & W ILIFF AVE,1,3,0,0,1,1,0,0,40,0,0,0,0,0,2,2,7
,2024-021087,39.71816061,-105.0252451,1/19/2024 18:21,18:21,1,0,0, FEDERAL BLVD & W 1ST AVE,1,3,0,0,1,1,0,0,40,0,0,0,0,0,2,2,13
,2024-021088,39.71118119,-104.9269785,1/19/2024 17:39,17:39,3,0,0, FOREST ST & E ALAMEDA AVE,1,3,0,0,1,1,0,0,35,0,0,0,0,0,4,2,11
,2024-021089,39.77674767,-104.9903122,1/19/2024 19:30,19:30,6,0,1, CAHITA CT & N CHEROKEE ST,4,3,0,0,3,4,0,0,20,0,0,0,0,1,4,2,16
,2024-021090,39.71497406,-105.0322708,1/20/2024 14:17,14:17,3,0,0,W BAYAUD AVE & S KNOX CT,1,1,0,0,1,1,0,0,35,0,0,0,0,0,4,2,4
,2024-021092,39.78363215,-104.7800455,1/9/2024 8:13,8:13,12,0,1,E GREEN VALLEY RANCH BLVD & N TELLURIDE ST,1,1,0,0,1,4,0,0,35,0,0,0,0,1,4,4,13
,2024-021093,39.76531118,-104.9293734,1/18/2024 18:30,18:30,6,0,0, ELM ST & E 35TH AVE,1,4,0,0,1,4,0,0,,0,0,0,0,0,4,2,16
,2024-021096,39.63484338,-104.8933796,1/20/2024 17:50,17:50,10,0,0,I-225 NB RAMPS & S TAMARAC ST,1,3,0,0,1,1,0,0,35,0,0,0,0,0,4,2,1
,2024-021137,39.77563919,-104.8620702,1/20/2024 1:05,1:05,15,0,0,I-70 WB OFF RAMP & N HAVANA ST,1,3,1,0,1,8,0,0,75,0,0,0,0,0,1,2,11
,2024-021154,39.74375986,-104.9407837,1/21/2024 2:31,2:31,12,0,2, COLORADO BLVD & E 17TH AVE,1,3,0,0,1,1,0,0,30,0,0,0,0,1,2,2,16
,2024-021174,39.75388907,-104.9913826,1/20/2024 19:30,19:30,12,0,2,LARMIER ST & 21ST ST,1,3,0,0,1,1,0,0,25,0,0,0,0,2,4,2,14
,2024-021178,39.74023886,-105.0062919,1/21/2024 2:18,2:18,8,0,0,W COLFAX AVE & N 7TH ST,1,3,1,0,6,4,0,0,35,0,0,0,0,0,2,2,14
,2024-021185,39.75596609,-105.0115611,1/20/2024 2:20,2:20,5,0,0,I-25 & N SPEER BLVD,1,3,0,0,1,4,0,0,55,0,0,0,0,0,2,3,11
,2024-021186,39.76563705,-104.9305367,1/20/2024 16:30,16:30,6,0,0, EUDORA ST & E 35TH AVE,1,4,0,0,3,4,0,0,30,0,0,0,0,0,4,2,16
,2024-021196,39.72409107,-105.0532653,1/20/2024 21:27,21:27,3,0,0,SHERIDAN BLVD & W 5TH AVE,1,3,0,0,1,1,0,0,40,0,0,0,0,0,2,2,3
,2024-021204,39.75291482,-104.9996557,1/19/2024 20:33,20:33,6,0,0,1710 WYNKOOP ST & 17TH ST,2,3,0,0,1,4,0,0,25,0,0,0,0,0,4,2,13
,2024-021221,39.69910386,-104.992867,1/17/2024 6:40,6:40,5,0,0, PLATTE RIVER DR & W TENNESSEE AVE,4,3,0,0,2,4,0,0,45,0,0,0,0,0,2,1,13
,2024-021230,39.66750635,-104.9250445,1/16/2024 22:26,22:26,12,0,1,E YALE AVE & I-25 NB RAMPS,1,3,0,0,1,3,0,0,40,0,0,0,0,3,4,3,16
,2024-021241,39.71937061,-104.9874984,1/3/2024 10:39,10:39,11,0,2,E 2ND AVE & N BROADWAY ST,1,1,0,7,1,1,0,1,30,0,1,0,0,3,4,1,10
,2024-021258,39.71352143,-105.0300075,1/21/2024 1:18,1:18,6,0,0, IRVING ST & W CEDAR AVE,1,3,0,0,3,4,0,0,20,0,0,0,0,0,4,3,13
,2024-021304,39.78221054,-104.7905021,1/22/2024 17:01,17:01,12,0,2,PENA BLVD & E GREEN VALLEY RANCH BLVD,1,3,0,0,1,4,0,0,65,0,0,0,0,2,4,4,2
,2024-021306,39.79338272,-104.8264749,1/6/2024 21:30,21:30,15,0,0, ATCHISON ST & E MAXWELL PL,1,4,0,2,1,4,0,0,,0,0,0,0,0,4,2,16
,2024-021321,39.74162803,-104.9670272,1/21/2024 7:30,7:30,6,0,0,E 16TH AVE & N GILPIN ST,1,1,0,0,1,4,0,0,25,0,0,0,0,0,4,2,13
,2024-021322,39.66763772,-104.9245137,1/19/2024 12:15,12:15,3,0,0,E YALE AVE & I-25 NB RAMPS,1,1,0,0,1,1,0,0,30,0,0,0,0,0,1,2,13
,2024-021323,39.72251796,-104.9811243,1/8/2024 12:50,12:50,5,0,0,4TH AVE & N PENNSYLVANIA ST,4,1,0,0,2,1,0,0,,0,0,0,0,0,4,1,16
,2024-021325,39.81582248,-104.7863717,1/22/2024 15:20,15:20,12,0,0,6500,1,1,0,0,1,4,0,0,65,0,0,0,0,0,2,2,16
,2024-021327,39.729228,-104.9401297,1/21/2024 2:36,2:36,5,0,0,E 8TH AVE & N COLORADO BLVD,1,3,0,0,2,4,0,0,30,0,0,0,0,0,4,1,3
,2024-021329,39.73647457,-104.9394974,1/19/2024 9:37,9:37,12,0,0,E 13TH AVE & N ALBION ST,1,1,0,0,1,1,0,0,20,0,0,0,0,0,4,2,16
,2024-021331,39.73999935,-104.9787428,1/18/2024 11:56,11:56,3,0,1,E COLFAX AVE & N WASHINGTON ST,1,1,0,0,1,1,0,0,35,0,0,0,0,1,2,2,16
,2024-021333,39.74322674,-104.8881687,1/17/2024 9:29,9:29,6,0,0, WILLOW ST & E 17TH AVE,9,1,0,0,1,4,0,0,,0,0,0,0,0,4,2,16
,2024-021335,39.74167708,-104.9823321,1/20/2024 11:15,11:15,3,0,0,E 16TH AVE & N LOGAN ST,1,1,0,0,1,1,0,0,30,0,0,0,0,0,4,2,13
,2024-021338,39.71311429,-104.912905,1/18/2024 17:15,17:15,12,0,0, MONACO ST PKWY & E CEDAR AVE,1,3,0,0,1,2,0,0,20,0,0,0,0,0,4,2,13
,2024-021341,39.73852084,-104.9902408,1/9/2024 17:45,17:45,5,0,0,BANNOCK ST & W 14TH AVE,1,4,3,0,1,3,0,0,,0,0,0,0,0,4,1,13
,2024-021342,39.74059448,-105.0142589,1/9/2024 17:20,17:20,12,0,0,I-25 & W COLFAX AVE,1,3,0,0,1,4,0,0,55,0,0,0,0,0,1,2,16
,2024-021344,39.72736665,-104.9406272,1/1/2024 1:24,1:24,12,0,0, COLORADO BLVD & E 7TH AVE,1,3,0,0,1,3,0,0,35,0,0,0,0,0,2,2,16
,2024-021352,39.78422888,-104.9910981,1/21/2024 4:57,4:57,14,0,0, BANNOCK ST & W 48TH AVE,1,2,1,0,6,4,0,0,,0,0,0,0,0,4,2,16
,2024-021353,39.70765736,-105.0250819,1/20/2024 7:31,7:31,12,0,0, FEDERAL BLVD & W VIRGINIA AVE,1,1,0,0,1,4,0,0,35,0,0,0,0,0,2,2,13
,2024-021358,39.81582248,-104.7863717,1/22/2024 15:20,15:20,12,0,0,6500,1,1,0,0,1,4,0,0,65,0,0,0,0,0,2,2,7
,2024-021361,39.7045469,-104.9940114,1/10/2024 6:14,6:14,15,0,0,I-25 NB OFF RAMP & S SANTA FE DR,1,3,1,0,1,8,0,0,55,0,0,0,0,0,1,2,9
,2024-021362,39.74008665,-104.8905516,1/19/2024 16:45,16:45,11,0,1,E COLFAX AVE & N VERBENA ST,1,1,0,0,1,1,0,0,0,0,1,0,0,3,2,1,16
,2024-021363,39.69675906,-105.0368169,1/21/2024 8:53,8:53,5,0,0,W MISSISSIPPI AVE & S NEWTON ST,1,1,0,0,1,4,0,0,20,0,0,0,0,0,4,2,16
,2024-021364,39.70261833,-105.0121574,1/19/2024 9:31,9:31,6,0,0, UMATILLA WY & W OHIO AVE,1,1,0,0,1,4,0,0,20,0,0,0,0,0,4,2,16
,2024-021366,39.77715731,-104.8814275,1/22/2024 14:32,14:32,15,0,1,I-70 & I-270 WB ON RAMP ENT,1,1,0,0,1,8,0,0,,0,0,0,0,1,1,2,10
,2024-021371,39.7074982,-104.9804489,1/22/2024 7:40,7:40,3,0,0,E VIRGINIA AVE & S PEARL ST,1,1,0,0,1,1,0,0,25,0,0,0,0,0,4,2,11
,2024-021372,39.73419425,-104.9810503,1/19/2024 9:15,9:15,6,0,0, PENNSYLVANIA ST & E 11TH AVE,1,1,0,0,1,4,0,0,20,0,0,0,0,0,4,2,16
,2024-021373,39.76521416,-105.0064469,1/19/2024 8:00,8:00,6,0,0, PECOS ST & W 35TH AVE,1,1,0,0,1,4,0,0,20,0,0,0,0,0,4,2,16
,2024-021374,39.65844004,-105.0559874,1/19/2024 8:51,8:51,6,0,0,W COLUMBIA PL & S EATON ST,1,1,0,0,1,4,0,0,20,0,0,0,0,0,4,2,16
,2024-021375,39.83486187,-104.7718854,1/19/2024 11:45,11:45,1,0,1, TOWER RD & PENA BLVD SB RAMPS,1,1,1,0,1,1,0,0,40,0,0,0,0,1,4,2,16
,2024-021376,39.72250267,-104.9787505,1/21/2024 12:45,12:45,3,0,0,E 4TH AVE & N WASHINGTON ST,1,1,0,0,1,1,0,0,25,0,0,0,0,0,4,2,11
,2024-021377,39.74001223,-104.9711145,1/12/2024 1:18,1:18,6,0,0,1228 E COLFAX AVE & N LAFAYETTE ST,1,3,0,0,1,4,0,0,,0,0,0,0,0,2,2,16
,2024-021378,39.72823347,-105.0351147,1/16/2024 18:16,18:16,5,0,0,W 7TH AVE & N LOWELL BLVD,10,3,0,2,4,1,0,0,25,0,0,0,0,0,4,1,1
,2024-021381,39.65294461,-105.0580289,1/8/2024 0:41,0:41,6,0,0,W HAMPDEN AVE FRT RD & S DEPEW ST,1,3,0,0,1,1,0,0,,0,0,0,0,0,4,2,16
,2024-021382,39.75637596,-105.0113529,1/22/2024 8:30,8:30,12,0,0,I-25 & N SPEER BLVD,1,1,0,0,1,4,0,0,55,0,0,0,0,0,1,2,7
,2024-021383,39.70585461,-104.9406193,1/21/2024 13:25,13:25,12,0,0, COLORADO BLVD & E CHERRY CREEK S DR,1,1,0,0,1,4,0,0,35,0,0,0,0,0,2,3,11
,2024-021384,39.67490661,-104.9944231,1/21/2024 8:14,8:14,5,0,0, SANTA FE DR & W EVANS AVE,1,1,0,0,3,4,0,0,55,0,0,0,0,0,2,1,2
,2024-021385,39.71114655,-105.0203576,1/22/2024 16:54,16:54,15,0,0,W ALAMEDA AVE & S CLAY ST,1,3,0,0,1,4,0,0,35,0,0,0,0,0,2,2,13
,2024-021387,39.77289021,-104.9447169,1/17/2024 11:13,11:13,15,0,0,E 40TH AVE & N JACKSON ST,1,1,0,0,1,4,0,0,40,0,0,0,0,0,4,2,16
,2024-021388,39.74021659,-104.9058838,1/22/2024 14:50,14:50,6,0,0,E COLFAX AVE & N PONTIAC ST,1,1,3,0,3,4,0,0,35,0,0,0,0,0,2,2,16
,2024-021389,39.7387584,-105.0532127,1/5/2024 18:36,18:36,12,0,0, SHERIDAN BLVD & W 14TH AVE,1,3,0,0,1,4,0,0,45,0,0,0,0,0,2,3,16
,2024-021399,39.74022537,-104.8869691,1/21/2024 15:52,15:52,10,0,1,E COLFAX BLVD & N XANTHIA ST,1,1,0,0,1,1,0,0,35,0,0,0,1,3,2,2,1
,2024-021400,39.76596628,-104.9843794,1/17/2024 9:24,9:24,5,0,0, BRIGHTON BLVD & 31ST ST,1,1,0,0,1,4,0,0,35,0,0,0,0,0,4,2,16
,2024-021402,39.75667065,-104.9756466,1/18/2024 13:56,13:56,3,0,1,WELTON ST & 29TH ST,1,1,0,0,1,1,0,0,25,0,0,0,0,2,4,2,16
,2024-021405,39.74015691,-104.9514698,1/1/2024 2:50,2:50,12,0,0,E COLFAX AVE & N MILWAUKEE ST,1,3,0,0,1,4,0,0,35,0,0,0,0,0,2,2,16
,2024-021406,39.71115155,-105.0215236,1/17/2024 16:26,16:26,1,0,0,W ALAMEDA AVE & S DALE CT,1,1,0,0,1,1,0,0,30,0,0,0,0,0,2,2,11
,2024-021408,39.73050267,-105.0001697,1/22/2024 11:52,11:52,3,0,2,W 9TH AVE & N KALAMATH ST,1,1,0,0,1,1,0,0,25,0,0,0,0,1,4,2,13
,2024-021410,39.76407447,-104.926975,1/22/2024 18:16,18:16,6,0,0, FOREST ST & E 33RD AVE,1,3,0,0,1,4,0,0,25,0,0,0,0,0,4,2,14
,2024-021412,39.72564815,-104.9862615,1/22/2024 8:38,8:38,10,0,0,E 6TH AVE & N LINCOLN ST,1,1,0,0,1,1,0,0,30,0,0,0,0,0,4,2,13
,2024-021413,39.74010287,-104.9587923,1/22/2024 20:32,20:32,3,0,0,E COLFAX AVE & N JOSEPHINE ST,1,3,0,0,1,1,0,0,35,0,0,0,0,0,2,2,3
,2024-021414,39.77564851,-105.0064341,1/22/2024 7:58,7:58,12,0,0, PECOS ST & W 43RD AVE,1,1,0,0,1,3,0,0,30,0,0,0,0,0,4,3,3
,2024-021415,39.75554206,-104.9909824,1/21/2024 16:59,16:59,8,0,0,MARKET ST & 22ND ST,1,1,0,0,1,4,0,0,25,0,0,0,0,0,4,2,16
,2024-021416,39.7994191,-104.8843372,1/17/2024 10:50,10:50,15,0,0, CENTRAL PARK BLVD & E 57TH AVE,1,1,0,0,1,4,0,0,35,0,0,0,0,0,4,2,11
,2024-021417,39.72661817,-104.9874303,1/20/2024 18:35,18:35,10,0,0,SPEER BLVD & BROADWAY,1,3,0,0,1,1,0,0,35,0,0,0,0,0,4,2,13
,2024-021419,39.77723995,-104.8823883,1/22/2024 8:14,8:14,12,0,0,I-70 & N CENTRAL PARK BLVD,1,1,0,0,1,4,0,0,55,0,0,0,0,0,1,2,13
,2024-021422,39.74214098,-104.972145,1/22/2024 4:57,4:57,6,0,1,1600  MARION ST,1,3,0,0,1,4,0,0,30,0,0,0,0,2,4,2,3
,2024-021424,39.73801679,-104.9776119,1/22/2024 8:51,8:51,12,0,1, CLARKSON ST & E 14TH AVE,1,1,0,0,1,4,0,0,30,0,0,0,0,2,4,2,13
,2024-021425,39.73713587,-104.9124378,1/7/2024 22:53,22:53,5,0,0,E 13TH AVE & N MONACO ST PKWY,1,3,0,0,2,1,0,0,30,0,0,0,0,0,4,1,11
,2024-021426,39.79839402,-104.7721172,1/21/2024 22:39,22:39,3,0,0,E 56TH AVE & N TOWER RD,1,3,0,0,1,1,0,0,45,0,0,0,0,0,4,2,13
,2024-021427,39.77366096,-104.8373433,1/17/2024 2:27,2:27,12,0,0,I-70 WB OFF RAMP & N PEORIA ST,2,3,1,0,1,8,0,0,55,0,0,0,0,0,1,2,16