id,drcog_id,latitude,longitude,crashtime,time,crashtype,numbkilled,numbinjurd,drcoglocat,rdconditin,lightngcon,roadcntgrd,weatherco,location,roaddescrp,schoolzone,constrzone,splimit,bikeinv,pedinv,sctrinv,motoinv,svrty,rdsystem,ttlvehcls,hcf
,2024-021429,39.67815255,-104.912902,1/11/2024 13:35,13:35,3,0,0, MONACO ST PKWY & E EVANS AVE,1,1,0,0,1,2,0,0,10,0,0,0,0,0,4,2,16
,2024-021460,39.72906831,-104.9861529,1/23/2024 12:10,12:10,3,0,1,E 8TH AVE & N LINCOLN ST,1,1,0,0,1,1,0,0,30,0,0,0,0,2,4,2,13
,2024-021461,39.75433665,-104.9597597,1/9/2024 16:02,16:02,15,0,0, YORK ST & E 26TH AVE,1,1,0,0,1,4,0,0,35,0,0,0,0,0,4,2,1
,2024-021464,39.75703843,-104.9855508,1/20/2024 15:30,15:30,15,0,0,2500 LAWRENCE ST,1,1,0,0,1,4,0,0,30,0,0,0,0,0,4,2,1
,2024-021473,39.73865598,-104.9916552,1/23/2024 12:39,12:39,6,0,0, CHEROKEE ST & W 14TH AVE,1,1,0,0,1,4,0,0,30,0,0,0,0,0,4,2,16
,2024-021478,39.69110043,-105.0400378,1/11/2024 18:31,18:31,6,0,1,1401  PERRY ST & W ARKANSAS AVE,1,3,0,0,2,4,0,0,30,0,0,0,0,1,4,2,1
,2024-021480,39.69657867,-104.9407257,1/22/2024 16:15,16:15,12,0,0, COLORADO BLVD & E MISSISSIPPI AVE,1,1,0,0,1,1,0,0,30,0,0,0,0,0,2,2,3
,2024-021481,39.73307333,-105.0486783,1/23/2024 8:56,8:56,10,0,0,W 10TH AVE & N WOLFF ST,1,1,0,0,1,1,0,0,30,0,0,0,0,0,4,2,13
,2024-021484,39.78066161,-104.9410799,1/22/2024 7:30,7:30,3,0,0, COLORADO BLVD & E 46TH N AVE,1,1,0,0,1,1,0,0,35,0,0,0,0,0,2,2,14
,2024-021485,39.75750282,-104.8591119,1/23/2024 10:58,10:58,12,0,0,E MLK JR BLVD & N KINGSTON ST,1,1,0,0,1,1,0,0,40,0,0,0,0,0,4,3,13
,2024-021487,39.74041753,-105.0298897,1/6/2024 13:44,13:44,12,0,0,W COLFAX AVE & N IRVING ST,1,1,0,0,1,3,0,0,35,0,0,0,0,0,2,2,1
,2024-021488,39.67850724,-104.9333746,1/22/2024 14:00,14:00,12,0,0,E EVANS AVE & I-25 NB RAMPS,1,1,0,0,1,1,0,0,30,0,0,0,0,0,4,2,3
,2024-021491,39.72728584,-104.983623,1/1/2024 1:50,1:50,3,0,0,E 7TH AVE & N GRANT ST,1,3,0,0,1,1,0,0,25,0,0,0,0,0,4,2,13
,2024-021493,39.79832487,-104.8843563,1/23/2024 12:45,12:45,12,0,0,E 56TH AVE & N CENTRAL PARK BLVD,1,1,0,0,1,3,0,0,40,0,0,0,0,0,4,2,14
,2024-021494,39.7598974,-104.9801259,1/23/2024 14:52,14:52,3,0,0,2946 ARAPAHOE ST & 29TH ST,1,1,0,0,1,2,0,0,25,0,0,0,0,0,4,2,11
,2024-021495,39.77803343,-104.8470317,1/22/2024 8:35,8:35,3,0,0,E 45TH AVE & PEORIA ST,1,1,0,0,1,1,0,0,25,0,0,0,0,0,4,2,16
,2024-021496,39.6784731,-104.9222662,1/22/2024 13:00,13:00,12,0,0, HOLLY ST & E EVANS AVE,1,1,0,0,1,1,0,0,30,0,0,0,0,0,4,2,3
,2024-021499,39.77847811,-104.897267,1/22/2024 17:16,17:16,12,0,0,I-70 & I-270 OVERPASS,1,3,0,0,1,4,0,0,55,0,0,0,0,0,1,3,3
,2024-021500,39.78033405,-104.9413365,1/9/2024 11:30,11:30,15,0,0,I-70 & N COLORADO BLVD,1,1,0,0,1,4,0,0,55,0,0,0,0,0,1,2,7
,2024-021503,39.64624045,-104.9143343,1/23/2024 6:45,6:45,12,0,0,I-25 & E HAMPDEN AVE,1,2,0,7,1,4,0,0,65,0,0,0,0,0,1,2,1
,2024-021508,39.71125881,-105.0324558,1/20/2024 14:39,14:39,12,0,1, KNOX CT & W ALAMEDA AVE,1,1,1,0,1,3,0,0,25,0,0,0,0,2,2,2,3
,2024-021517,39.75842027,-105.0251337,1/22/2024 12:30,12:30,12,0,0, FEDERAL BLVD & W 29TH AVE,1,1,0,0,1,3,0,0,35,0,0,0,0,0,2,2,16
,2024-021520,39.73840078,-104.9650045,1/1/2024 5:57,5:57,6,0,0,E 14TH AVE & N HIGH ST,1,2,0,0,1,4,0,0,30,0,0,0,0,0,4,4,2
,2024-021528,39.74000946,-104.9683558,1/23/2024 9:22,9:22,12,0,0,E COLFAX AVE & N FRANKLIN ST,1,1,0,0,1,3,0,0,30,0,0,0,0,0,2,2,13
,2024-021529,39.76819039,-104.9857738,1/4/2024 23:16,23:16,11,0,1,31ST ST & N BRIGHTON BLVD,1,3,0,0,1,2,0,0,,0,1,0,0,1,4,1,16
,2024-021532,39.7188875,-104.9740546,1/23/2024 6:01,6:01,3,0,0,E SPEER BLVD & N CORONA ST,11,3,0,0,1,1,0,0,30,0,0,0,0,0,4,2,3
,2024-021534,39.77948761,-104.9033522,1/5/2024 15:35,15:35,12,0,0, NORTHFIELD QUEBEC ST & I-70 WB RAMPS,1,1,0,0,1,4,0,0,,0,0,0,0,0,2,3,16
,2024-021535,39.77341992,-104.8742996,1/23/2024 13:30,13:30,12,0,0,E 40TH AVE & CENTRAL PARK BLVD,1,1,0,0,1,2,0,0,10,0,0,0,0,0,4,2,1
,2024-021537,39.79823952,-104.8471815,1/22/2024 13:45,13:45,15,0,0,E 56TH AVE & N PEORIA ST,1,1,0,0,1,1,0,0,40,0,0,0,0,0,4,2,16
,2024-021538,39.76074186,-104.9659536,1/23/2024 6:44,6:44,10,0,0,E 31ST AVE & N WILLIAMS ST,1,3,0,0,1,1,0,0,30,0,0,0,0,0,4,2,7
,2024-021544,39.63075299,-104.8852258,1/23/2024 8:24,8:24,15,0,0, YOSEMITE ST & E UNION AVE,1,1,0,0,1,4,0,0,30,0,0,0,0,0,4,2,16
,2024-021548,39.71139651,-105.0520526,1/22/2024 15:15,15:15,15,0,0,W ALAMEDA AVE & S ZENOBIA ST,1,1,0,0,1,1,0,0,,0,0,0,0,0,2,2,16
,2024-021553,39.73997625,-104.99798,1/2/2024 18:00,18:00,15,0,0, SPEER BLVD & W COLFAX AVE,1,3,0,0,1,4,0,0,,0,0,0,0,0,2,2,16
,2024-021555,39.67480756,-104.9875749,1/22/2024 15:22,15:22,12,0,0, BROADWAY ST & E ILIFF AVE,1,1,0,0,1,3,0,0,30,0,0,0,0,0,4,2,3
,2024-021556,39.71490171,-105.0420877,1/9/2024 14:33,14:33,6,0,0, RALEIGH ST & W BAYAUD AVE,1,1,0,0,1,3,0,0,30,0,0,0,0,0,4,2,16
,2024-021558,39.74034277,-105.0474843,1/13/2024 8:56,8:56,6,0,0,W COLFAX AVE & N WINONA CT,10,1,0,0,1,4,0,0,35,0,0,0,0,0,2,2,16
,2024-021559,39.73484772,-105.014942,1/23/2024 13:28,13:28,12,0,0,I-25 & NB OFF RAMP EXT TO S COLFAX AVE,1,1,0,0,1,4,0,0,,0,0,0,0,0,1,2,16
,2024-021560,39.76116681,-105.0047863,1/20/2024 6:43,6:43,15,0,0,I-25 & 20TH ST,1,3,0,0,1,4,0,0,,0,0,0,0,0,1,2,16
,2024-021561,39.74619419,-104.98612,1/22/2024 7:45,7:45,2,0,1,E 19TH AVE & N LINCOLN ST,1,1,0,0,1,1,0,0,25,1,0,0,0,1,4,1,11
,2024-021562,39.74002184,-104.9848547,1/8/2024 16:30,16:30,11,0,1, SHERMAN ST & E COLFAX AVE,1,1,1,0,1,1,0,0,0,0,0,1,0,2,2,1,16
,2024-021563,39.74905311,-104.9873966,1/23/2024 15:30,15:30,12,0,0, BROADWAY ST & CALIFORNIA ST,1,1,0,0,1,3,0,0,30,0,0,0,0,0,4,2,13
,2024-021565,39.7176884,-104.9500669,1/23/2024 6:48,6:48,12,0,0,E 1ST AVE & N STEELE ST,11,1,0,0,1,1,0,0,30,0,0,0,0,0,4,2,3
,2024-021568,39.71120573,-104.9983913,1/22/2024 10:45,10:45,15,0,0, KALAMATH ST & W ALAMEDA AVE,1,1,0,0,1,1,0,0,30,0,0,0,0,0,2,2,3
,2024-021570,39.61833315,-105.0911085,1/20/2024 15:44,15:44,12,0,0, WADSWORTH BLVD & W CRESTLINE AVE,1,1,0,0,1,1,0,0,35,0,0,0,0,0,2,2,13
,2024-021577,39.74020811,-104.9198744,1/23/2024 17:52,17:52,15,0,0,E COLFAX AVE & N IVY ST,1,3,0,0,1,4,0,0,35,0,0,0,0,0,2,2,2
,2024-021588,39.69407846,-104.9787755,1/22/2024 17:27,17:27,5,0,0,I-25 & NB OFF RAMP TO S BROADWAY ST GORE PT,1,3,0,0,1,8,0,0,55,0,0,0,0,0,1,1,16
,2024-021597,39.77745229,-104.9876103,1/22/2024 8:45,8:45,6,0,0, BROADWAY ST & E 45TH AVE,11,1,0,0,1,4,0,0,30,0,0,0,0,0,4,2,3
,2024-021598,39.72094134,-104.9862462,1/22/2024 9:00,9:00,12,0,0, LINCOLN ST & E 3RD AVE,1,1,0,0,1,1,0,0,30,0,0,0,0,0,4,2,3
,2024-021603,39.79824899,-104.7721187,1/20/2024 1:07,1:07,6,0,0, TOWER RD & E 56TH AVE,1,3,0,0,1,4,0,0,20,0,0,0,0,0,4,2,14
,2024-021604,39.72096855,-104.9461713,1/23/2024 11:12,11:12,3,0,0, MADISON ST & E 3RD AVE,1,1,1,0,1,1,0,0,25,0,0,0,0,0,4,2,11
,2024-021608,39.66763326,-104.9128743,1/21/2024 21:30,21:30,12,0,1, MONACO ST & E YALE AVE,1,3,0,0,1,3,0,0,35,0,0,0,0,1,4,2,14
,2024-021610,39.73527993,-105.0023133,1/3/2024 15:55,15:55,3,0,0,W 12TH AVE & N MARIPOSA ST,1,3,0,0,1,9,0,0,25,0,0,0,0,0,4,2,16
,2024-021638,39.71473785,-104.982696,1/24/2024 6:43,6:43,3,0,0,E BAYAUD AVE & S LOGAN ST,11,3,0,0,1,1,0,0,25,0,0,0,0,0,4,2,16
,2024-021657,39.69672674,-104.992898,1/24/2024 11:07,11:07,15,0,0, PLATTE RIVER DR & W MISSISSIPPI AVE,1,1,0,1,1,4,0,0,45,0,0,0,0,0,2,2,1
,2024-021659,39.72560426,-104.9636505,1/23/2024 17:00,17:00,15,0,0,E 6TH AVE & N RACE ST,1,1,0,0,1,1,0,0,,0,0,0,0,0,4,3,3
,2024-021660,39.76338988,-104.9878188,1/24/2024 17:24,17:24,11,0,1, BROADWAY & 28TH ST,1,3,0,0,1,2,0,0,0,0,0,1,0,1,4,1,16
,2024-021661,39.62988452,-104.9049187,1/23/2024 10:00,10:00,12,0,0,I-25 & NB OFF RAMP MERGE PT TO I-225,1,1,0,0,1,8,0,0,60,0,0,0,0,0,1,2,1
,2024-021665,39.71118497,-105.0062735,1/23/2024 15:25,15:25,15,0,0,W ALAMEDA AVE & S PECOS ST,1,1,0,0,1,4,0,0,35,0,0,0,0,0,2,2,11
,2024-021668,39.83956692,-104.7719313,1/24/2024 7:05,7:05,12,0,0, TOWER RD & PENA BLVD,1,1,1,0,1,4,0,0,45,0,0,0,0,0,4,2,3
,2024-021671,39.74034224,-105.0346769,1/7/2024 1:31,1:31,6,0,0,W COLFAX AVE & N LOWELL BLVD,1,3,0,0,1,4,0,0,,0,0,0,0,0,2,2,16
,2024-021672,39.66170131,-105.058661,1/24/2024 16:13,16:13,3,0,1, GRAY WY & W BATES AVE,1,1,0,0,1,1,0,0,20,0,0,0,0,1,4,2,11
,2024-021674,39.65302247,-104.9136566,1/24/2024 9:17,9:17,12,0,0,E HAMPDEN AVE & S MONACO ST PKWY,1,1,1,0,1,4,0,0,35,0,0,0,0,0,2,3,14
,2024-021677,39.77329294,-104.8387372,1/23/2024 7:12,7:12,15,0,0,I-70 & MM 282,1,1,0,0,1,4,0,0,55,0,0,0,0,0,1,2,13
,2024-021679,39.65314597,-104.9912356,1/24/2024 7:59,7:59,12,0,0,W HAMPDEN AVE & S RALEIGH ST,1,1,1,0,1,4,0,0,55,0,0,0,0,0,2,2,13
,2024-021682,39.72890557,-104.9975821,1/24/2024 12:18,12:18,15,0,0,W 8TH AVE & N INCA ST,1,1,0,0,1,1,0,0,30,0,0,0,0,0,4,2,13
,2024-021683,39.70219654,-104.9952053,1/24/2024 15:44,15:44,12,0,0, PLATTE RIVER DR & W TENNESESEE AVE,1,1,0,0,1,4,0,0,45,0,0,0,0,0,2,2,8
,2024-021684,39.77937451,-104.9915935,1/23/2024 9:19,9:19,12,0,1,I-70 EB OFF RAMP TO SB -25 & I-25,1,1,0,0,1,8,0,0,55,0,0,0,0,2,1,4,3
,2024-021685,39.73341753,-104.9931913,1/24/2024 11:25,11:25,6,0,0, SPEER BLVD & W 11TH AVE,1,1,0,0,1,4,0,0,35,0,0,0,0,0,4,2,13
,2024-021686,39.67845617,-104.9927663,1/24/2024 7:20,7:20,15,0,0,W EVANS AVE & S SANTA FE DR,11,1,1,0,1,4,0,0,30,0,0,0,0,0,4,2,14
,2024-021687,39.7763293,-104.8305959,1/23/2024 21:50,21:50,6,0,1, CORNISH WAY & E ALBROOK DR,1,3,0,0,1,4,0,0,25,0,0,0,0,2,4,2,14
,2024-021690,39.77727831,-104.8828344,1/23/2024 10:08,10:08,12,0,0,I-70 & CENTRAL PARK BLVD,1,1,0,0,1,13,0,0,60,0,0,0,0,0,1,2,16
,2024-021692,39.74007715,-104.981102,1/23/2024 10:30,10:30,6,0,0, PENNSYLVANIA ST & E COLFAX AVE,1,1,0,0,1,3,0,0,25,0,0,0,0,0,2,2,3
,2024-021693,39.77165327,-105.0123739,1/23/2024 20:49,20:49,6,0,0, UMATILLA ST & W 40TH AVE,1,3,0,0,1,4,0,0,25,0,0,0,0,0,4,2,10
,2024-021694,39.77643502,-104.8856594,1/23/2024 17:16,17:16,12,0,0,I-70 EB OFF RAMP & N CENTRAL PARK BLVD,1,2,1,0,1,8,0,0,55,0,0,0,0,0,1,3,6
,2024-021696,39.78379917,-104.8017155,1/23/2024 1:34,1:34,3,0,1,E GREEN VALLEY RANCH BLVD & N KITTREDGE ST,1,3,0,0,1,1,0,0,25,0,0,0,0,2,4,2,16
,2024-021706,39.77562757,-104.8620146,1/23/2024 22:13,22:13,9,0,1,I-70 & WB OFF RAMP TO N HAVANA ST GORE PT,1,3,0,0,2,8,0,0,40,0,0,0,0,2,1,1,1
,2024-021707,39.73356798,-104.9929387,1/24/2024 11:25,11:25,6,0,0, DELAWARE ST & W 11TH AVE,1,1,0,0,1,4,0,0,20,0,0,0,0,0,4,2,16
,2024-021710,39.69286817,-104.9128898,1/23/2024 20:14,20:14,6,0,2, MONACO ST & CHERRY CREEK N DR,1,3,0,0,1,4,0,0,35,0,0,0,0,1,4,2,10
,2024-021711,39.7209319,-104.982613,1/23/2024 9:30,9:30,3,0,0,E 3RD AVE & N LOGAN ST,1,1,0,0,1,1,0,0,25,0,0,0,0,0,4,2,3
,2024-021712,39.74420273,-105.0006197,1/24/2024 8:30,8:30,15,0,0, SPEER BLVD & ARAPAHOE ST,1,1,0,0,1,4,0,0,35,0,0,0,0,0,4,2,7
,2024-021713,39.7225426,-104.9868179,1/24/2024 12:29,12:29,3,0,0,E 4TH AVE & N LINCOLN ST,1,1,0,0,1,9,0,0,25,0,0,0,0,0,4,2,11
,2024-021715,39.78000881,-104.9790924,1/19/2024 16:19,16:19,15,0,0, WASHINGTON ST & I-70 WB RAMPS,1,1,0,2,1,1,0,0,25,0,0,0,0,0,1,2,16
,2024-021716,39.7338488,-104.9861304,1/23/2024 16:15,16:15,12,0,0, LINCOLN ST & E 11TH AVE,1,1,0,0,1,1,0,0,30,0,0,0,0,0,4,2,3
,2024-021717,39.69016429,-104.9736516,1/23/2024 9:14,9:14,12,0,1,I-25 & S DOWNING ST,1,1,0,0,1,4,0,0,60,0,0,0,0,1,1,2,13
,2024-021720,39.76842502,-104.916415,1/24/2024 0:59,0:59,6,0,0, KRAMERIA ST & 3651,1,3,0,0,1,4,0,0,25,0,0,0,0,0,4,2,14
,2024-021721,39.787952,-104.7353232,1/23/2024 8:25,8:25,11,0,1,E 51ST AVE & N PERTH ST,1,1,0,0,1,4,0,0,15,0,1,0,0,1,4,1,16
,2024-021722,39.65351648,-104.9187211,1/24/2024 6:59,6:59,12,0,0,I-25 & E HAMPDEN AVE,14,1,3,0,1,4,0,0,60,0,0,0,0,0,1,3,13
,2024-021723,39.74005607,-105.0141965,1/23/2024 19:08,19:08,12,0,1,I-25 & W COLFAX AVE,1,3,1,0,1,4,0,0,55,0,0,0,0,1,1,4,16
,2024-021724,39.68927802,-104.9920284,1/23/2024 10:31,10:31,12,0,0, SANTA FE DR & W FLORIDA AVE,1,1,0,0,1,4,0,0,45,0,0,0,0,0,2,3,16
,2024-021727,39.75483279,-105.0191582,1/24/2024 7:30,7:30,3,0,0, BRYANT ST & W 26TH AVE,1,1,0,0,1,1,0,0,25,0,0,0,0,0,4,2,11
,2024-021734,39.7764078,-104.9582436,1/24/2024 9:41,9:41,15,0,0,E 43RD AVE & N JOSEPHINE ST,1,1,0,0,1,3,0,0,25,0,0,0,0,0,4,2,16
,2024-021741,39.744957,-104.9406069,1/12/2024 18:20,18:20,15,0,1, COLORADO BLVD & E 18TH AVE,1,3,0,0,1,3,0,0,35,0,0,0,0,1,2,2,16
,2024-021743,39.75158218,-104.987384,1/23/2024 8:16,8:16,2,0,1, BROADWAY ST & CHAMPA ST,1,1,0,0,1,1,0,0,0,1,0,0,0,2,4,1,16
,2024-021744,39.76746209,-104.9034673,1/23/2024 10:39,10:39,11,0,1, QUEBEC ST & E 36TH AVE,1,1,0,7,1,4,0,0,40,0,0,1,0,2,4,1,16
,2024-021750,39.78481398,-105.0239506,1/23/2024 19:40,19:40,6,0,0, ELIOT ST & W 48TH AVE,1,4,0,0,1,4,0,0,25,0,0,0,0,0,4,2,16
,2024-021777,39.74486915,-104.9835852,1/25/2024 9:32,9:32,3,0,0,E 18TH AVE & N GRANT ST,1,1,0,0,1,1,0,0,30,0,0,0,0,0,4,2,13
,2024-021780,39.72732139,-105.0001924,1/25/2024 7:30,7:30,10,0,0, KALAMATH ST & W 7TH AVE,1,1,0,0,1,1,0,0,45,0,0,0,0,0,4,2,1
,2024-021781,39.72538065,-105.0242514,1/25/2024 14:38,14:38,12,0,0,W 6TH AVE & EB OFF RAMP EXT TO I-25,1,1,0,0,1,4,0,0,55,0,0,0,0,0,2,2,13
,2024-021782,39.67845142,-104.993457,1/24/2024 16:11,16:11,12,0,0,W EVANS AVE & S SANTA FE DR,1,1,0,0,1,1,0,0,35,0,0,0,0,0,2,3,13
,2024-021783,39.71659893,-104.9985775,1/25/2024 8:59,8:59,10,0,1, SANTA FE DR & W ELLSWORTH AVE,1,1,0,0,1,1,0,0,30,0,0,0,0,2,4,2,11
,2024-021786,39.70953576,-105.0109909,1/24/2024 9:46,9:46,12,0,0, TEJON ST & W DAKOTA AVE,1,1,1,0,1,4,0,0,25,0,0,0,0,0,4,2,13
,2024-021787,39.78091776,-104.9937288,1/25/2024 9:25,9:25,12,0,1,I-70 EB OFF RAMP TO -25 & I-25 N,1,1,1,0,1,8,0,0,55,0,0,0,0,2,1,2,3
,2024-021788,39.74567394,-104.9967409,1/24/2024 7:18,7:18,15,0,0,1405 CURTIS ST & 14TH ST,1,1,0,0,1,2,0,0,20,0,0,0,0,0,4,2,16
,2024-021790,39.69299653,-104.9786042,1/25/2024 15:15,15:15,3,0,0,E BUCHTEL BLVD & E LOUISIANA AVE,1,1,0,0,1,1,0,0,25,0,0,0,0,0,4,3,3
,2024-021792,39.7369885,-104.903458,1/25/2024 14:40,14:40,12,0,0, QUEBEC ST & E 13TH AVE,1,1,0,0,1,3,0,0,30,0,0,0,0,0,4,2,13
,2024-021794,39.68920875,-105.0002412,1/24/2024 12:45,12:45,12,0,0, PLATTE RIVER DR & W FLORIDA AVE,1,1,0,0,1,1,0,0,30,0,0,0,0,0,4,2,3
,2024-021795,39.67118395,-104.9282563,1/24/2024 20:39,20:39,15,0,0,I-25 & E YALE AVE,1,3,0,0,1,4,0,0,65,0,0,0,0,0,1,2,16
,2024-021796,39.77385462,-104.9427133,1/25/2024 11:55,11:55,12,0,0,E 41ST AVE & N JACKSON ST,1,1,0,0,1,3,0,0,25,0,0,0,0,0,4,2,11
,2024-021797,39.6530564,-104.884856,1/24/2024 18:50,18:50,12,0,0,E HAMPDEN AVE & S YOSEMITE ST,1,3,0,0,1,4,0,0,55,0,0,0,0,0,2,3,10
,2024-021798,39.67846603,-104.9252323,1/24/2024 17:45,17:45,12,0,0,E EVANS AVE & S GRAPE ST,1,3,0,0,1,3,0,0,35,0,0,0,0,0,4,3,3
,2024-021799,39.77462812,-104.9223172,1/25/2024 7:38,7:38,10,0,0,4010  HOLLY ST & E SMITH RD,1,1,0,0,1,4,0,0,25,0,0,0,0,0,4,2,3
,2024-021801,39.69658723,-104.9640481,1/24/2024 16:45,16:45,3,0,0, RACE ST & E MISSISSIPPI AVE,1,1,0,0,1,1,0,0,25,0,0,0,0,0,4,2,3
,2024-021802,39.63809604,-104.8851318,1/24/2024 9:30,9:30,12,0,0, YOSEMITE ST & E RADCLIFF AVE,1,1,0,0,1,1,0,0,,0,0,0,0,0,4,2,16
,2024-021803,39.65317968,-104.9090934,1/25/2024 18:06,18:06,1,0,1,E HAMPDEN AVE & S ONEIDA WY,14,5,3,7,1,1,0,0,30,0,0,0,0,1,2,2,16
,2024-021804,39.7477453,-104.8847522,1/23/2024 14:30,14:30,12,0,0, CENTRAL PARK BLVD & E MONTVIEW BLVD,1,1,0,0,1,4,0,0,25,0,0,0,0,0,4,3,11
,2024-021805,39.64585958,-104.9128374,1/25/2024 12:16,12:16,10,0,0,3855  MONACO ST & S MAGNOLIA WY,1,1,1,0,1,2,0,0,30,0,0,0,0,0,4,2,11
,2024-021806,39.72622351,-104.9567056,1/25/2024 10:42,10:42,6,0,0, ELIZABETH ST & E 6TH AVE,1,1,0,0,1,4,0,0,20,0,0,0,0,0,4,3,11
,2024-021807,39.70401183,-105.0275306,1/25/2024 8:00,8:00,3,0,0,W EXPOSITION AVE & S HAZEL CT,1,1,0,0,1,1,0,0,20,0,0,0,0,0,4,2,13
,2024-021810,39.73509316,-104.9407671,1/19/2024 16:35,16:35,10,0,0, COLORADO BLVD & E 12TH AVE,1,3,0,0,1,1,0,0,35,0,0,0,0,0,2,2,13
,2024-021811,39.77575739,-104.8651653,1/25/2024 7:12,7:12,12,0,0,I-70 & MM 280.6,1,1,0,0,1,4,0,0,55,0,0,0,0,0,1,2,3
,2024-021813,39.71819286,-104.9705806,1/24/2024 17:30,17:30,12,0,0,E 1ST AVE & N LAFAYETTE ST,1,1,0,0,1,1,0,0,30,0,0,0,0,0,4,2,3
,2024-021814,39.77126498,-104.9034932,1/25/2024 8:30,8:30,12,0,0, QUEBEC ST & E SMITH RD,1,1,0,0,1,4,0,0,45,0,0,0,0,0,4,2,13
,2024-021815,39.65299476,-104.9260887,1/24/2024 16:00,16:00,12,0,0,E HAMPDEN AVE & S GLENCOE ST,1,1,0,0,1,1,0,0,30,0,0,0,0,0,2,2,3
,2024-021816,39.74037835,-105.0139423,1/20/2024 18:23,18:23,12,0,0,I-25 & W COLFAX AVE,1,3,0,0,1,4,0,0,55,0,0,0,0,0,1,2,7
,2024-021817,39.67118395,-104.9282563,1/24/2024 21:49,21:49,15,0,0,I-25 & E YALE AVE,1,3,0,0,1,4,0,0,65,0,0,0,0,0,1,2,13
,2024-021818,39.77208624,-104.9034941,1/22/2024 3:57,3:57,5,0,1,QUEBEC ST & E SMITH RD,14,5,3,7,1,4,0,0,30,0,0,0,0,3,4,1,1
,2024-021819,39.69672851,-105.0078544,1/25/2024 12:42,12:42,3,0,0,W MISSISSIPPI AVE & S RARITAN ST,1,1,0,0,1,2,0,0,35,0,0,0,0,0,4,2,11
,2024-021822,39.76928321,-105.0017601,1/25/2024 8:20,8:20,11,0,1, LIPAN ST & W 38TH AVE,1,1,0,0,1,1,0,0,35,0,1,0,0,3,4,1,3
,2024-021823,39.73103778,-104.9351691,1/25/2024 7:51,7:51,3,0,0,E 9TH AVE & N CLERMONT ST,1,1,0,0,1,1,0,0,20,0,0,0,0,0,4,2,11
,2024-021825,39.78238982,-104.8470106,1/25/2024 12:45,12:45,15,0,0,PEORIA ST & E 47TH AVE,1,1,0,0,1,1,0,0,30,0,0,0,0,0,4,2,13
,2024-021827,39.78441379,-104.9895179,1/24/2024 5:15,5:15,12,0,0,I-25 & W 48TH AVE,1,3,0,0,1,4,0,0,55,0,0,0,0,0,1,2,7
,2024-021828,39.78018105,-104.9530101,1/25/2024 7:57,7:57,15,0,1,I-70 & N FILLMORE ST,1,1,0,0,1,4,0,0,,0,0,0,0,1,1,3,16
,2024-021829,39.74203284,-104.9998962,1/25/2024 19:23,19:23,5,0,0, SPEER BLVD & CHAMPA ST,1,3,0,0,2,4,0,0,35,0,0,0,0,0,4,1,3
,2024-021830,39.76180394,-104.9405117,1/25/2024 12:45,12:45,1,0,0, COLORADO BLVD & E MLK BLVD,1,1,0,0,1,1,0,0,30,0,0,0,0,0,2,2,3
,2024-021831,39.67482191,-104.9407897,1/25/2024 9:30,9:30,3,0,0, COLORADO BLVD & E ILIFF AVE,1,1,0,0,1,1,0,0,30,0,0,0,0,0,2,2,3
,2024-021832,39.79838014,-104.7783572,1/24/2024 8:00,8:00,12,0,2,E 56TH AVE & 17900,1,1,0,0,1,2,0,0,45,0,0,0,0,2,4,2,2
,2024-021833,39.79919607,-104.7863572,1/25/2024 17:35,17:35,12,0,1,PENA BLVD & E 56TH AVE,1,3,0,0,1,4,0,0,65,0,0,0,0,1,4,2,13
,2024-021834,39.75507828,-104.9881009,1/25/2024 9:48,9:48,3,0,0,PARK AVE W & LAWRENCE ST,1,1,0,0,1,1,0,0,30,0,0,0,0,0,4,2,3
,2024-021837,39.78026283,-104.9349314,1/25/2024 17:59,17:59,12,0,0,I-70 & WB ON RAMP EXT TO N COLORADO BLVD,1,3,0,0,1,4,0,0,55,0,0,0,0,0,1,2,3
,2024-021838,39.70552171,-105.040862,1/25/2024 7:38,7:38,3,0,0, QUITMAN ST & MORRISON RD,1,1,0,0,1,1,0,0,30,0,0,0,0,0,4,3,8
,2024-021840,39.75773332,-105.0076553,1/25/2024 6:06,6:06,3,0,0,1620 PLATTE ST & 16TH ST,1,1,0,0,1,2,0,0,20,0,0,0,0,0,4,2,11
,2024-021842,39.67862427,-105.027549,1/25/2024 18:00,18:00,12,0,0,W EVANS AVE & S HAZEL CT,1,3,0,0,1,3,0,0,25,0,0,0,0,0,4,2,16
,2024-021880,39.72893155,-104.9940363,1/26/2024 10:57,10:57,3,0,1,W 8TH AVE & N ELATI ST,1,1,0,0,1,1,0,0,25,0,0,0,0,1,4,2,13
,2024-021881,39.67474406,-104.871407,1/26/2024 12:18,12:18,10,0,0,E ILIFF AVE & S PARKER RD,11,1,0,0,1,4,0,0,40,0,0,0,0,0,4,2,8
,2024-021882,39.68750418,-104.9441909,1/26/2024 8:52,8:52,3,0,1,E IOWA AVE & S GARFIELD ST,11,1,0,0,1,1,0,0,20,0,0,0,0,1,4,2,8
,2024-021883,39.67851414,-104.9734307,1/26/2024 18:37,18:37,1,0,0,E EVANS AVE & S DOWNING ST,1,3,0,0,1,1,0,0,35,0,0,0,0,0,4,2,1
,2024-021889,39.75727311,-105.0507993,1/18/2024 19:41,19:41,6,0,0,W 28TH AVE & N YATES ST,4,4,0,0,1,4,0,0,25,0,0,0,0,0,4,2,16