id,drcog_id,latitude,longitude,crashtime,time,crashtype,numbkilled,numbinjurd,drcoglocat,rdconditin,lightngcon,roadcntgrd,weatherco,location,roaddescrp,schoolzone,constrzone,splimit,bikeinv,pedinv,sctrinv,motoinv,svrty,rdsystem,ttlvehcls,hcf
,2024-021890,39.70498364,-105.053259,1/13/2024 13:05,13:05,12,0,0, SHERIDAN BLVD & W CENTER DR,5,1,0,0,1,3,0,0,35,0,0,0,0,0,2,3,16
,2024-021891,39.63804097,-104.8946614,1/25/2024 17:05,17:05,12,0,0, TAMARAC ST & E QUINCY AVE,1,3,0,0,1,3,0,0,35,0,0,0,0,0,4,2,13
,2024-021894,39.71214269,-104.9994371,1/26/2024 8:54,8:54,12,0,0,I-25 & NB ON RAMP FROM SANTA FE BLVD MERGE PT,11,1,1,7,1,8,0,0,55,0,0,0,0,0,1,3,16
,2024-021896,39.74081488,-104.9647639,1/26/2024 14:29,14:29,6,0,2, HIGH ST & 1501,1,1,0,0,1,4,0,0,25,0,0,0,0,1,4,2,11
,2024-021897,39.68750392,-104.9605382,1/26/2024 8:21,8:21,10,0,0,E IOWA AVE & S YORK ST,11,1,0,2,1,1,0,0,25,0,0,0,0,0,4,2,11
,2024-021898,39.74014194,-104.9955832,1/26/2024 8:12,8:12,12,0,0,W COLFAX AVE & 12TH ST,12,1,0,2,1,4,0,0,30,0,0,0,0,0,1,2,1
,2024-021899,39.77287765,-104.9416887,1/26/2024 16:10,16:10,3,0,0,E 40TH AVE & N HARRISON ST,1,1,0,0,1,1,0,0,35,0,0,0,0,0,4,2,11
,2024-021900,39.72924838,-104.9260288,1/26/2024 9:44,9:44,12,0,0,E 8TH AVE & N GLENCOE ST,9,1,0,2,1,4,0,0,25,0,0,0,0,0,4,2,16
,2024-021901,39.69302051,-104.9874684,1/26/2024 14:50,14:50,3,0,0, BROADWAY ST & E LOUISIANA AVE,1,1,0,0,1,1,0,0,35,0,0,0,0,0,4,2,13
,2024-021903,39.74947845,-104.9733594,1/15/2024 12:43,12:43,3,0,0,E 22ND AVE & N DOWNING ST,4,1,0,0,1,1,0,0,25,0,0,0,0,0,4,2,1
,2024-021905,39.74039049,-105.0142293,1/13/2024 15:37,15:37,12,0,0,I-25 & W COLFAX AVE,4,1,0,0,1,4,0,0,55,0,0,0,0,0,1,2,1
,2024-021906,39.72564389,-104.9868434,1/26/2024 11:29,11:29,12,0,0,E 6TH AVE & N LINCOLN ST,11,1,0,0,1,4,0,0,30,0,0,0,0,0,4,2,3
,2024-021907,39.79106998,-105.0604181,1/26/2024 12:55,12:55,3,0,2, GRAY ST & W 52ND AVE,11,1,0,0,1,1,0,0,25,0,0,0,0,2,4,2,11
,2024-021908,39.74486915,-104.9835852,1/25/2024 20:16,20:16,3,0,0,E 18TH AVE & N GRANT ST,1,3,0,0,1,1,0,0,25,0,0,0,0,0,4,3,13
,2024-021909,39.80016223,-104.7721166,1/26/2024 8:00,8:00,12,0,0, TOWER RD & E 57TH AVE,11,1,1,0,1,1,0,0,40,0,0,0,0,0,4,2,16
,2024-021910,39.71106972,-104.9464142,1/25/2024 17:40,17:40,12,0,0,E CHERRY CREEK  DR & E ALAMEDA AVE,1,3,0,0,1,4,0,0,30,0,0,0,0,0,4,2,13
,2024-021911,39.63915659,-104.8853614,1/18/2024 14:15,14:15,15,0,0,I-225 & S YOSEMITE ST,1,1,0,0,1,4,0,0,65,0,0,0,0,0,2,2,13
,2024-021912,39.78083193,-104.8420851,1/26/2024 8:25,8:25,3,0,0,E ALBROOK DR & N TULSA CT,11,1,0,0,1,2,0,0,25,0,0,0,0,0,4,2,16
,2024-021913,39.79823952,-104.8471815,1/12/2024 11:52,11:52,15,0,0, PEORIA ST & E 56TH AVE,1,1,0,0,1,1,0,0,35,0,0,0,0,0,4,2,16
,2024-021914,39.77428557,-105.0063702,1/19/2024 3:03,3:03,5,0,0,1522 W 42ND AVE & N PECOS ST,1,3,0,0,3,4,0,0,25,0,0,0,0,0,4,1,16
,2024-021915,39.84737534,-104.6820891,1/24/2024 7:49,7:49,15,0,0,8300,1,1,0,0,1,4,0,0,45,0,0,0,0,0,4,2,13
,2024-021917,39.77870542,-104.8589952,1/26/2024 7:00,7:00,6,0,0,E 45TH AVE & N KINGSTON ST,8,3,0,2,3,1,0,0,35,0,0,0,0,0,4,2,13
,2024-021919,39.64770532,-105.053235,1/26/2024 6:45,6:45,15,0,1, SHERIDAN BLVD & W LEHIGH AVE,11,4,0,2,1,4,0,0,35,0,0,0,0,2,4,2,16
,2024-021920,39.7823312,-104.8462206,1/26/2024 8:26,8:26,15,0,0,E ALBROOK DR & N TULSA CT,11,1,0,0,1,4,0,0,25,0,0,0,0,0,4,2,1
,2024-021921,39.76933565,-105.053248,1/16/2024 22:50,22:50,1,0,0,W 38TH AVE & N SHERIDAN BLVD,2,3,0,0,1,1,0,0,30,0,0,0,0,0,2,2,16
,2024-021922,39.72890554,-104.9972106,1/26/2024 10:25,10:25,12,0,0,W 8TH AVE & N INCA ST,1,1,0,0,1,4,0,0,30,0,0,0,0,0,4,2,13
,2024-021923,39.65660353,-104.8748033,1/1/2024 9:00,9:00,5,0,0, DAYTON CT & 3308,4,1,0,0,3,1,0,0,25,0,0,0,0,0,4,1,16
,2024-021925,39.74004942,-104.9999499,1/26/2024 18:22,18:22,12,0,0,SANTA FE DR & W COLFAX AVE,1,3,0,0,1,1,0,0,25,0,0,0,0,0,2,2,13
,2024-021927,39.78058303,-104.8417026,1/26/2024 10:50,10:50,3,0,1, TULSA CT & E ALBROOK DR,11,1,0,0,1,1,0,0,25,0,0,0,0,1,4,2,16
,2024-021930,39.69674956,-105.0250716,1/21/2024 19:00,19:00,1,0,0, FEDERAL BLVD & W MISSISSIPPI AVE,1,3,0,0,1,1,0,0,35,0,0,0,0,0,2,2,16
,2024-021931,39.79838671,-104.7863774,1/19/2024 15:07,15:07,1,0,0,E 56TH AVE & PENA BLVD INBOUND,1,1,0,0,1,1,0,0,40,0,0,0,0,0,4,2,11
,2024-021932,39.77743616,-104.8657226,1/25/2024 16:53,16:53,12,0,0,I-70 WB OFF RAMP & N HAVANA ST,1,4,0,0,1,8,0,0,40,0,0,0,0,0,4,2,3
,2024-021934,39.66279393,-105.0532311,1/23/2024 15:11,15:11,12,0,2, SHERIDAN BLVD & W BATES AVE,1,1,1,0,1,3,0,0,40,0,0,0,0,1,2,2,16
,2024-021935,39.75648409,-104.9405328,1/26/2024 15:05,15:05,12,0,0,E 28TH AVE & N COLORADO,1,1,0,0,1,3,0,0,,0,0,0,0,0,2,3,16
,2024-021936,39.77982958,-104.9495375,1/24/2024 8:09,8:09,3,0,1, STEELE ST & E 46TH AVE S,1,1,0,0,1,1,0,0,35,0,0,0,0,1,2,2,16
,2024-021937,39.77989551,-104.9670053,1/26/2024 10:20,10:20,15,0,0,I-70 & N BRIGHTON BLVD,1,1,1,0,1,4,0,0,,0,0,0,0,0,1,2,16
,2024-021940,39.77851923,-104.9035102,1/24/2024 23:50,23:50,15,0,0,I-70 & N QUEBEC ST,1,3,0,0,1,4,0,0,65,0,0,0,0,0,1,2,16
,2024-021944,39.7401535,-104.9499657,1/15/2024 15:43,15:43,6,0,0,E COLFAX AVE & N STEELE ST,9,1,0,2,1,4,0,0,35,0,0,0,0,0,2,2,16
,2024-021952,39.74326837,-104.9788121,1/17/2024 18:04,18:04,12,0,0,E 17TH AVE & N WASHINGTON ST,1,3,0,0,1,4,0,0,,0,0,0,0,0,4,2,16
,2024-021953,39.75990044,-104.8905218,1/26/2024 14:28,14:28,12,0,0, CENTRAL PARK BLVD & E MLK BLVD,1,1,0,0,1,4,0,0,30,0,0,0,0,0,4,2,3
,2024-021954,39.7040135,-105.0280695,1/21/2024 10:10,10:10,6,0,0,W EXPOSITION AVE & S HAZEL CT,1,1,0,0,1,4,0,0,25,0,0,0,0,0,4,2,16
,2024-021964,39.8381345,-104.7164073,1/27/2024 13:54,13:54,12,0,0,E 78TH AVE & N GUN CLUB RD,1,1,0,0,1,4,0,0,45,0,0,0,0,0,4,2,8
,2024-021975,39.78566672,-104.8825234,1/26/2024 15:13,15:13,5,0,0, CENTRAL PARK BLVD & E NORTHFIELD BLVD,1,1,0,0,6,4,0,0,35,0,0,0,0,0,4,1,10
,2024-021979,39.74034122,-105.035992,1/26/2024 21:05,21:05,15,0,0,W COLFAX AVE & N MEADE ST,1,3,0,0,1,4,0,0,35,0,0,0,0,0,2,3,14
,2024-021981,39.72319036,-105.0108936,1/27/2024 10:54,10:54,12,0,0,I-25 & W 6TH AVE,1,1,0,0,1,4,0,0,65,0,0,0,0,0,1,3,3
,2024-021982,39.75433662,-104.9942728,1/27/2024 16:35,16:35,1,0,0,20TH ST & BLAKE ST,1,1,2,0,1,1,0,0,35,0,0,0,0,0,4,2,16
,2024-022000,39.6642833,-104.8857787,1/25/2024 21:05,21:05,6,0,0,2900  WABASH CIR,1,3,1,0,1,4,0,0,25,0,0,0,0,0,4,2,10
,2024-022003,39.77673664,-104.9923249,1/24/2024 2:52,2:52,14,0,0, DELAWARE ST & 44TH AVE,1,3,0,0,1,4,0,0,,0,0,0,0,0,4,2,1
,2024-022007,39.74001267,-104.9708565,1/27/2024 2:10,2:10,6,0,1,E COLFAX AVE & N LAFAYETTE ST,1,3,0,0,1,3,0,0,30,0,0,0,0,3,2,3,14
,2024-022018,39.74631804,-105.0189787,1/27/2024 18:45,18:45,10,0,0,MILE HIGH STADIUM CIR & W 19TH AVE,1,3,0,0,1,1,0,0,25,0,0,0,0,0,4,2,8
,2024-022020,39.73556017,-104.8858512,1/27/2024 2:30,2:30,6,0,0, XENIA ST & E 12TH AVE,1,3,0,0,1,4,0,0,,0,0,0,0,0,4,2,16
,2024-022025,39.76263906,-104.9818128,1/27/2024 16:03,16:03,12,0,0,WALNUT ST & 2975,1,1,0,0,1,3,0,0,25,0,0,0,0,0,4,2,13
,2024-022026,39.79451197,-104.8658807,1/16/2024 5:52,5:52,3,0,1,E 54TH AVE & N HAVANA ST,4,3,0,0,1,1,0,0,40,0,0,0,0,2,4,2,16
,2024-022027,39.75830248,-105.0210543,1/27/2024 14:05,14:05,15,0,0, SPEER BLVD & W 29TH AVE,1,1,0,0,1,4,0,0,35,0,0,0,0,0,4,2,13
,2024-022051,39.74514728,-105.0095674,1/26/2024 22:11,22:11,15,0,0,AURARIA PKWY & 7TH ST,1,3,0,0,1,3,0,0,30,0,0,0,0,0,4,2,16
,2024-022054,39.75995299,-104.874249,1/27/2024 19:13,19:13,6,0,0,E MLK JR BLVD & N EMPORIA ST,1,3,0,0,1,4,0,0,30,0,0,0,0,0,4,2,14
,2024-022057,39.73839054,-104.9597773,1/27/2024 18:28,18:28,12,0,0,E 14TH AVE & N YORK ST,1,1,3,0,1,4,0,0,20,0,0,0,0,0,4,2,16
,2024-022093,39.76928892,-105.0080524,1/27/2024 16:05,16:05,12,0,0,W 38TH AVE & N QUIVAS ST,1,1,0,0,1,4,0,0,35,0,0,0,0,0,4,2,13
,2024-022101,39.74013984,-104.944025,1/6/2024 21:31,21:31,6,0,0,E COLFAX AVE & N GARFIELD ST,1,3,0,0,3,3,0,0,,0,0,0,0,0,2,2,16
,2024-022105,39.73517545,-104.9695083,1/17/2024 15:47,15:47,3,0,0,E 12TH AVE & N HUMBOLDT ST,1,1,0,0,1,1,0,0,,0,0,0,0,0,4,2,16
,2024-022110,39.74001138,-104.9945305,1/27/2024 9:12,9:12,16,0,0,520 W COLFAX AVE,1,1,3,0,5,7,0,0,,0,0,0,0,0,3,1,14
,2024-022113,39.69917603,-104.9991645,1/22/2024 22:40,22:40,6,0,0, JASON ST & W TENNESSEE AVE,1,3,0,0,1,4,0,0,30,0,0,0,0,0,4,2,16
,2024-022114,39.73681084,-105.0294368,1/9/2024 9:15,9:15,6,0,0,W AVONDALE DR & W 14TH AVE,1,1,1,0,1,4,0,0,30,0,0,0,0,0,4,2,1
,2024-022118,39.72907334,-104.9338307,1/6/2024 2:00,2:00,6,0,0, CHERRY ST & E 8TH AVE,1,3,1,0,1,4,0,0,25,0,0,0,0,0,4,2,16
,2024-022120,39.74021789,-104.9034571,1/28/2024 2:16,2:16,1,0,1,E COLFAX AVE & N QUEBEC ST,1,3,0,0,1,1,0,0,25,0,0,0,0,1,2,2,11
,2024-022122,39.69294892,-104.9407538,1/28/2024 4:19,4:19,12,0,0, COLORADO BLVD & E LOUISIANA AVE,1,3,0,0,1,3,0,0,40,0,0,0,0,0,2,2,3
,2024-022123,39.75730405,-104.9991493,1/27/2024 19:31,19:31,12,0,0,CHESTNUT PL & 1950,1,3,0,0,1,2,0,0,35,0,0,0,0,0,4,2,16
,2024-022124,39.72353764,-105.0113121,1/28/2024 11:10,11:10,12,0,0,I-25 & W 6TH AVE,1,1,0,0,1,4,0,0,55,0,0,0,0,0,1,3,13
,2024-022125,39.67846472,-104.9316166,1/28/2024 16:20,16:20,15,0,0,E EVANS AVE & S DAHLIA ST,1,1,0,0,1,1,0,0,35,0,0,0,0,0,4,3,14
,2024-022126,39.76509358,-104.9769078,1/26/2024 10:00,10:00,15,0,0,LARIMER ST & 33RD ST,11,1,0,1,1,4,0,0,,0,0,0,0,0,4,2,16
,2024-022127,39.73998453,-104.9597853,1/28/2024 20:35,20:35,3,0,0,E COLFAX AVE & N YORK ST,1,3,0,0,1,1,0,0,30,0,0,0,0,0,2,2,11
,2024-022128,39.69122378,-104.9874801,1/24/2024 23:52,23:52,6,0,0, BROADWAY & E ARKANSAS AVE,1,3,0,0,1,4,0,0,,0,0,0,0,0,4,2,16
,2024-022130,39.66862369,-105.0338239,1/28/2024 1:50,1:50,6,0,0, LINLEY CT & W YALE AVE,1,3,0,0,1,4,0,0,20,0,0,0,0,0,4,2,3
,2024-022131,39.6530814,-104.8918339,1/28/2024 14:41,14:41,12,0,1,E HAMPDEN AVE & S VERBENA ST,1,1,0,0,1,3,0,0,45,0,0,0,0,2,2,2,3
,2024-022134,39.78815631,-104.8338837,1/28/2024 4:43,4:43,6,0,0,UVALDA ST & N WHEELING ST,1,3,0,0,1,4,0,0,20,0,0,0,0,0,4,2,16
,2024-022137,39.76928852,-105.0005888,1/2/2024 15:29,15:29,3,0,0, KALAMATH ST & W 38TH AVE,1,1,1,0,1,1,0,0,35,0,0,0,0,0,4,2,16
,2024-022138,39.74743931,-104.8999019,1/9/2024 17:49,17:49,12,0,0,E MONTVIEW BLVD & N ROSEMARY ST,1,3,0,0,1,3,0,0,35,0,0,0,0,0,4,3,16
,2024-022144,39.6311787,-104.8924131,1/27/2024 18:39,18:39,1,0,1,E UNION AVE & S DTC BLVD,1,3,0,0,1,1,0,0,40,0,0,0,0,2,4,2,13
,2024-022146,39.75926671,-104.9936924,1/27/2024 21:22,21:22,11,0,1,PARK AVE W & WEWATTA ST,1,3,0,0,1,1,0,0,0,0,0,1,0,2,4,1,16
,2024-022147,39.7827945,-104.8470144,1/28/2024 18:41,18:41,15,0,0, PEORIA ST & E 47TH AVE,1,3,0,0,1,1,0,0,35,0,0,0,0,0,4,2,1
,2024-022148,39.71837373,-104.9874978,1/27/2024 19:50,19:50,12,0,2, BROADWAY ST & W 1ST AVE,1,3,0,0,1,3,0,0,30,0,0,0,0,3,4,4,3
,2024-022152,39.77107622,-104.9498899,1/28/2024 9:57,9:57,3,0,1,E 39TH AVE & N STEELE ST,1,1,0,0,1,1,0,0,25,0,0,0,0,2,4,2,13
,2024-022153,39.71839148,-105.053281,1/28/2024 17:36,17:36,1,0,0, SHERIDAN BLVD & W 1ST AVE,1,3,0,0,1,1,0,0,45,0,0,0,0,0,2,2,13
,2024-022159,39.69480009,-104.9874495,1/28/2024 15:57,15:57,1,0,0, BROADWAY & E ARIZONA AVE,1,1,0,0,1,1,0,0,40,0,0,0,0,0,4,2,13
,2024-022161,39.64787962,-104.8849391,1/27/2024 5:38,5:38,8,0,2, YOSEMITE ST & E LEHIGH AVE,1,4,0,0,1,4,0,0,35,0,0,0,0,3,4,2,2
,2024-022164,39.72907233,-104.9811305,1/2/2024 15:50,15:50,12,0,0,E 8TH AVE & N PENNSYLVANIA ST,1,3,0,0,1,4,0,0,,0,0,0,0,0,4,2,16
,2024-022166,39.75101429,-104.908165,1/27/2024 17:50,17:50,3,0,0, ONEIDA ST & E 23RD AVE,1,3,0,0,1,1,0,0,25,0,0,0,0,0,4,2,11
,2024-022170,39.78173463,-104.7344746,1/28/2024 19:35,19:35,1,0,0,E GREEN VALLEY RANCH BLVD & N PICADILLY RD,1,3,0,0,1,1,0,0,35,0,0,0,0,0,4,2,7
,2024-022180,39.82342416,-104.7696304,1/25/2024 6:40,6:40,6,0,0,E 70TH AVE & N ARGONNE ST,1,2,0,0,1,3,0,0,20,0,0,0,0,0,4,2,16
,2024-022182,39.77928915,-104.9033974,1/24/2024 17:25,17:25,10,0,0, NORTHFIELD QUEBEC ST & I-70 WB RAMPS,1,1,0,0,1,1,0,0,40,0,0,0,0,0,2,2,10
,2024-022202,39.75438211,-104.9924881,1/26/2024 0:51,0:51,6,0,0,MARKET ST & 21ST ST,1,3,0,0,1,4,0,0,20,0,0,0,0,0,4,2,1
,2024-022204,39.65266653,-104.9183249,1/25/2024 9:06,9:06,12,0,0,I-25 & E HAMPDEN AVE,1,1,0,0,1,4,0,0,60,0,0,0,0,0,1,3,16
,2024-022205,39.76113575,-105.0440008,1/24/2024 19:10,19:10,6,0,1, TENNYSON ST & W 31ST AVE,1,3,0,0,1,4,0,0,25,0,0,0,0,1,4,4,16
,2024-022206,39.70312659,-104.983956,1/16/2024 18:00,18:00,6,0,0, GRANT ST & E EXPOSITION AVE,10,3,0,0,1,4,0,0,25,0,0,0,0,0,4,3,16
,2024-022212,39.74000906,-104.9729964,1/9/2024 8:50,8:50,12,0,0, DOWNING ST & E COLFAX AVE,1,1,0,0,1,3,0,1,25,0,0,0,0,0,2,2,16
,2024-022280,39.67861363,-105.0532675,1/7/2024 11:59,11:59,15,0,3, SHERIDAN BLVD & W EVANS AVE,1,1,0,0,1,4,0,0,35,0,0,0,0,2,2,4,13
,2024-022281,39.77875951,-104.9017014,1/29/2024 3:40,3:40,5,0,1,I-70 WB OFF RAMP & N NORTHFIELD QUEBEC ST,1,3,1,0,2,8,0,0,40,0,0,0,0,2,1,1,1
,2024-022289,39.7700782,-104.9915409,1/14/2024 2:06,2:06,5,0,0,I-25 NB ON RAMP FROM PARK AVE W & NB ON RAMP MERGE PT,4,3,0,2,2,8,0,0,35,0,0,0,0,0,1,1,13
,2024-022292,39.65308139,-104.8918693,1/28/2024 10:34,10:34,12,0,2,E HAMPDEN AVE & S VERBENA ST,1,1,0,0,1,1,0,0,45,0,0,0,0,2,2,2,3
,2024-022293,39.65422368,-104.8797502,1/29/2024 13:00,13:00,5,0,0,E GIRARD AVE & S BOSTON CT,1,1,0,0,3,4,0,0,,0,0,0,0,0,4,1,16
,2024-022295,39.77311805,-104.8267321,1/17/2024 2:15,2:15,5,0,0,I-70 WB ON RAMP & WB ON RAMP N PEORIA ST GORE PT,1,3,1,0,3,8,0,0,40,0,0,0,0,0,2,1,16
,2024-022297,39.77282719,-104.7990715,1/30/2024 8:55,8:55,5,0,0,E 40TH AVE & N LEWISTON ST,1,1,0,0,3,3,0,0,40,0,0,0,0,0,4,1,3
,2024-022299,39.72539685,-105.0344484,1/17/2024 0:05,0:05,5,0,0,W 6TH AVE SOUTH DR & N LOWELL BLVD,1,3,0,0,3,4,0,0,35,0,0,0,0,0,4,1,16
,2024-022300,39.72566756,-104.8918372,1/29/2024 5:45,5:45,5,0,0, UINTA WAY & E 6TH AVE,1,3,0,0,6,6,0,0,30,0,0,0,0,0,4,1,16
,2024-022304,39.72540222,-105.0242484,1/31/2024 9:47,9:47,5,0,0,W 6TH AVE EB OFF RAMP TO -25 & EB OFF RAMP GORE PT,1,1,0,0,2,8,0,0,55,0,0,0,0,0,2,1,13
,2024-022322,39.7673813,-104.9025339,2/1/2024 4:49,4:49,5,0,0, QUEBEC ST & 36TH AVE,1,3,0,0,3,4,0,0,35,0,0,0,0,0,4,1,14
,2024-022327,39.68950173,-105.0213104,2/2/2024 9:27,9:27,10,0,2,W FLORIDA AVE & S DALE CT,1,1,0,0,1,1,0,0,30,0,0,0,0,2,4,2,13
,2024-022330,39.71658692,-105.0001817,2/2/2024 6:41,6:41,3,0,2, KALAMATH ST & W ELLSWORTH AVE,1,1,0,0,1,1,0,0,35,0,0,0,0,2,4,2,14
,2024-022333,39.70196101,-104.9861834,2/1/2024 23:13,23:13,5,0,2,I-25 NB OFF RAMP & S LINCOLN ST,1,3,0,0,2,1,0,0,35,0,0,0,0,3,1,1,16
,2024-022341,39.7510696,-104.9234728,2/2/2024 13:37,13:37,9,0,1,E 23RD AVE & N HUDSON ST,1,1,0,0,1,4,0,0,30,0,0,0,0,2,4,1,1
,2024-022343,39.66373971,-105.0251479,2/2/2024 21:16,21:16,3,0,3,W BATES AVE & S FEDERAL BLVD,11,3,0,1,1,1,0,0,20,0,0,0,0,2,2,2,1
,2024-022346,39.68947919,-105.0087631,2/3/2024 15:39,15:39,6,0,0,W FLORIDA AVE & S RARITAN ST,7,1,1,2,1,1,0,0,30,0,0,0,0,0,4,3,14
,2024-022347,39.83359611,-104.7098589,2/3/2024 9:53,9:53,5,0,0,N GUN CLUB RD,7,1,0,2,2,4,0,0,65,0,0,0,0,0,4,1,1
,2024-022349,39.83360457,-104.7108,2/2/2024 8:38,8:38,5,0,0,7000,1,1,0,0,2,4,0,0,65,0,0,0,0,0,4,1,13
,2024-022350,39.71834223,-104.974591,2/3/2024 2:14,2:14,5,0,0,E 1ST AVE & N CORONA ST,11,3,0,1,3,1,0,0,30,0,0,0,0,0,4,1,16
,2024-022356,39.7251496,-105.0255364,2/1/2024 0:58,0:58,5,0,1,W 6TH AVE EB OFF RAMP & N FEDERAL BLVD,1,3,1,0,2,8,0,0,45,0,0,0,0,2,2,1,16
,2024-022357,39.75644493,-105.0205446,2/1/2024 5:09,5:09,5,0,0, CLAY ST & 2718,1,3,0,0,3,4,0,0,25,0,0,0,0,0,4,1,16
,2024-022366,39.68374704,-104.9922353,2/3/2024 22:09,22:09,5,0,2, SANTA FE DR & W JEWELL AVE,7,3,0,0,3,4,0,0,45,0,0,0,0,3,2,1,7
,2024-022368,39.79826144,-104.8203967,2/3/2024 23:56,23:56,5,0,0,E 56TH AVE & N CROWN BLVD,7,3,0,0,3,4,0,0,,0,0,0,0,0,4,1,16
,2024-022369,39.83467685,-104.6929255,2/3/2024 10:40,10:40,5,0,0,N JACKSON GAP ST,4,1,0,2,3,1,0,0,25,0,0,0,0,0,4,1,16
,2024-022374,39.72094522,-104.9874504,2/2/2024 23:06,23:06,12,0,2, BROADWAY ST & W 3RD AVE,11,3,0,1,1,1,0,0,35,0,0,0,0,1,4,2,16
,2024-022375,39.69675318,-105.018245,2/2/2024 23:10,23:10,5,0,0,W MISSISSIPPI AVE & S BRYANT ST,11,3,0,1,3,4,0,0,35,0,0,0,0,0,4,1,16
,2024-022382,39.78014225,-104.8296352,1/14/2024 17:28,17:28,5,0,0,E ELK DR & N CRYSTAL ST,4,3,0,0,2,1,0,0,25,0,0,0,0,0,4,1,16
,2024-022383,39.8056984,-104.7863809,1/23/2024 0:10,0:10,5,0,1,PENA BLVD & E 56TH AVE,1,3,0,0,2,4,0,0,65,0,0,0,0,1,4,1,16
,2024-022385,39.73728193,-104.9023231,2/5/2024 17:27,17:27,5,0,0,1311  QUINCE ST ALLEY & E 13TH ST,7,2,0,0,2,9,0,0,,0,0,0,0,0,4,1,16
,2024-022386,39.73210094,-105.0015797,2/4/2024 1:24,1:24,3,0,1, LIPAN ST & W 10TH AVE,4,3,0,2,1,1,0,0,,0,0,0,0,2,4,2,16
,2024-022387,39.71119341,-105.040878,1/20/2024 2:12,2:12,5,0,1, QUITMAN ST & W ALAMEDA AVE,1,3,0,0,6,1,0,0,20,0,0,0,0,1,2,1,16
,2024-022388,39.76015043,-104.9405183,1/12/2024 3:00,3:00,5,0,0, COLORADO BLVD & E 30TH AVE,9,2,0,2,3,1,0,0,35,0,0,0,0,0,2,1,16
,2024-022389,39.71573937,-105.0204062,2/5/2024 14:57,14:57,5,0,0,2701 W ARCHER PL & S CLAY ST,7,1,0,0,2,4,0,0,25,0,0,0,0,0,4,1,16
,2024-022396,39.78046956,-104.9914502,1/28/2024 21:08,21:08,12,0,1,I-70 & I-25,1,3,0,0,1,4,0,0,55,0,0,0,0,1,1,2,14
,2024-022420,39.72558298,-104.9712495,1/17/2024 7:07,7:07,5,0,0,E 6TH AVE & N MARION ST,10,1,0,0,3,9,0,0,15,0,0,0,0,0,4,1,14
,2024-022425,39.73386774,-104.9935153,2/6/2024 21:55,21:55,3,0,0,W 11TH AVE & N SPEER BLVD,1,3,0,0,1,1,0,0,25,0,0,0,0,0,4,2,2
,2024-022433,39.74167745,-104.9810892,1/29/2024 7:44,7:44,3,0,0,E 16TH AVE & N PENNSYLVANIA ST,1,1,0,0,1,1,0,0,25,0,0,0,0,0,4,2,16
,2024-022443,39.78345579,-105.0341504,2/7/2024 9:11,9:11,5,0,0,I-70 & N LOWELL BLVD,1,1,1,0,3,4,0,0,55,0,0,0,0,0,1,1,16
,2024-022445,39.76001478,-104.8905208,2/8/2024 0:54,0:54,3,0,3, CENTRAL PARK BLVD & E MLK JR BLVD,1,3,0,0,1,1,0,0,35,0,0,0,0,2,4,2,11
,2024-022447,39.75847185,-105.0520508,1/30/2024 18:45,18:45,5,0,1,W 29TH AVE & N ZENOBIA ST,1,2,0,0,3,3,0,0,30,0,0,0,0,1,4,1,16
,2024-022459,39.63117872,-104.8924131,2/8/2024 15:33,15:33,1,0,1,DTC BLVD & E UNION AVE,1,1,0,0,1,1,0,0,40,0,0,0,0,2,4,2,11
,2024-022471,39.75470435,-104.9211245,2/3/2024 10:01,10:01,5,0,0,E 26TH AVE & N IVANHOE ST,9,1,3,0,3,1,0,0,,0,0,0,0,0,4,1,13
,2024-022476,39.77332662,-104.9029295,2/10/2024 15:48,15:48,5,0,1, QUEBEC ST & E 40TH AVE,4,3,0,2,6,4,0,0,35,0,0,0,0,2,4,1,8
,2024-022477,39.70430064,-105.0532576,2/10/2024 18:34,18:34,5,0,1, SHERIDAN BLVD & W GILL PL,4,3,1,2,3,4,0,0,40,0,0,0,0,2,2,1,7
,2024-022483,39.78922514,-104.9783016,2/8/2024 8:30,8:30,5,0,0,E 51ST AVE & N WASHINGTON ST,1,1,0,0,3,1,0,0,25,0,0,0,0,0,4,1,16
,2024-022484,39.77702506,-104.8828649,2/10/2024 17:39,17:39,5,0,0,I-270 & N CENTRAL PARK BLVD,12,3,1,2,2,4,0,0,55,0,0,0,0,0,2,1,13
,2024-022488,39.67327332,-105.0250549,2/10/2024 19:46,19:46,5,0,0, FEDERAL BLVD & W HARVARD AVE,10,3,0,2,3,1,0,0,35,0,0,0,0,0,2,1,14
,2024-022489,39.65308119,-104.8924096,2/9/2024 19:00,19:00,16,0,0,8405 E HAMPDEN AVE,9,3,0,2,5,7,0,0,,0,0,0,0,0,3,1,16
,2024-022491,39.78946395,-104.9782825,2/3/2024 13:19,13:19,5,0,1, WASHINGTON ST & W 51ST AVE,7,1,0,0,2,4,0,0,30,0,0,0,0,1,4,1,1
,2024-022493,39.7912529,-105.0251029,2/10/2024 4:40,4:40,5,0,0, FEDERAL BLVD & W 52ND AVE,4,3,0,2,6,4,0,0,45,0,0,0,0,0,2,1,16
,2024-022512,39.75104448,-104.9383443,1/30/2024 11:46,11:46,2,0,1, ASH ST & E 23RD AVE,1,1,0,0,1,1,0,0,0,1,0,0,0,3,4,1,16