id,drcog_id,latitude,longitude,crashtime,time,crashtype,numbkilled,numbinjurd,drcoglocat,rdconditin,lightngcon,roadcntgrd,weatherco,location,roaddescrp,schoolzone,constrzone,splimit,bikeinv,pedinv,sctrinv,motoinv,svrty,rdsystem,ttlvehcls,hcf
,2024-022520,39.7234924,-105.0250231,2/7/2024 21:21,21:21,1,0,2,FEDERAL BLVD & W 5TH AVE,1,3,0,0,1,4,0,0,40,0,0,0,0,3,2,4,13
,2024-022522,39.67841864,-104.9641645,2/11/2024 14:14,14:14,5,0,0,E EVANS AVE & S HIGH ST,5,1,3,0,6,4,0,0,30,0,0,0,0,0,4,1,7
,2024-022528,39.71120559,-104.9079882,2/10/2024 22:06,22:06,5,0,0,6825 E ALAMEDA AVE & S NEWPORT WY,5,3,0,3,3,4,1,0,,0,0,0,0,0,4,1,16
,2024-022531,39.6677826,-104.9875821,2/11/2024 7:32,7:32,5,0,0, BROADWAY ST & E YALE AVE,4,1,0,0,3,4,0,0,30,0,0,0,0,0,4,1,3
,2024-022537,39.72424856,-105.0324798,2/11/2024 6:08,6:08,6,0,0, KNOX CT & W 5TH AVE,4,2,1,0,1,4,0,0,30,0,0,0,0,0,4,2,1
,2024-022545,39.78015565,-104.9857839,2/12/2024 8:34,8:34,5,0,1,W 46TH AVE & N LINCOLN ST,4,1,1,0,2,3,0,0,20,0,0,0,0,1,4,1,11
,2024-022547,39.65964167,-105.053227,2/12/2024 7:54,7:54,3,0,0,W CORNELL AVE & S SHERIDAN BLVD,1,1,0,0,1,1,0,0,25,0,0,0,0,0,2,2,11
,2024-022548,39.70742997,-104.8659804,1/1/2024 1:09,1:09,12,0,5, HAVANA ST & E VIRGINIA AVE,1,3,0,0,1,1,0,0,,0,0,0,0,2,2,2,1
,2024-022563,39.70027614,-104.9272611,2/12/2024 15:35,15:35,5,0,1,E CHERRY CREEK  DR & E KENTUCKY AVE,1,1,0,0,3,1,0,0,30,0,0,0,0,1,4,1,2
,2024-022570,39.69967462,-104.9874689,2/10/2024 6:50,6:50,5,0,0, BROADWAY & KENTUCKY AVE,4,1,0,2,3,4,0,0,35,0,0,0,0,0,4,1,16
,2024-022572,39.72726606,-104.9791394,1/28/2024 2:14,2:14,5,0,3,E 7TH AVE & N WASHINGTON ST,1,3,1,0,3,4,0,0,25,0,0,0,0,3,4,3,10
,2024-022573,39.77668622,-105.0299415,2/4/2024 16:00,16:00,11,0,1,W 44TH AVE & IRVING ST,1,1,0,0,1,1,0,0,20,0,0,1,0,3,4,1,11
,2024-022598,39.72597637,-104.9975503,2/14/2024 0:23,0:23,5,0,0, INCA & W 6TH AVE,1,3,0,0,3,9,0,0,15,0,0,0,0,0,4,1,16
,2024-022603,39.74809765,-105.0252199,2/14/2024 1:29,1:29,5,0,0, FEDERAL BLVD & W 20TH AVE,1,3,0,0,6,4,0,1,35,0,0,0,0,0,2,2,16
,2024-022606,39.67959901,-104.9355922,2/14/2024 23:21,23:21,5,0,1,E COLORADO CENTER DR & S BIRCH ST,1,3,0,7,2,4,0,0,20,0,0,0,0,1,4,1,8
,2024-022607,39.75451216,-105.0100972,2/14/2024 22:30,22:30,5,0,0,PLATTE ST & N SPEER BLVD,1,3,0,0,3,4,0,0,30,0,0,0,0,0,4,1,8
,2024-022619,39.66887666,-105.0250874,2/16/2024 1:25,1:25,9,0,1, FEDERAL BLVD & W COLLEGE AVE,11,3,3,2,1,4,0,0,40,0,0,0,0,2,2,1,16
,2024-022620,39.74165027,-104.9696816,2/16/2024 18:32,18:32,3,0,0,E 16TH AVE & N HUMBOLDT ST,4,3,0,2,1,1,0,0,20,0,0,0,0,0,4,2,14
,2024-022632,39.78371838,-105.0527387,2/16/2024 21:57,21:57,5,0,0,I-70 & N SHERIDAN BLVD,10,3,0,2,2,4,0,0,55,0,0,0,0,0,1,1,16
,2024-022639,39.82915646,-104.6929922,2/16/2024 18:20,18:20,5,0,0, JACKSON GAP & E 74TH AVE,4,3,0,3,3,4,0,0,45,0,0,0,0,0,4,1,14
,2024-022671,39.76809607,-104.8902793,2/19/2024 16:07,16:07,5,0,0,3800  CENTRAL PARK BLVD & E 36TH AVE,1,1,1,0,3,4,0,0,35,0,0,0,0,0,4,1,3
,2024-022679,39.79842582,-104.7343438,1/23/2024 2:35,2:35,5,0,0,E 56TH AVE & N PICADILLY RD,1,3,0,0,2,3,0,0,45,0,0,0,0,0,4,1,9
,2024-022690,39.65302609,-104.9129217,2/20/2024 11:09,11:09,3,0,2,E HAMPDEN AVE & S MONACO ST,1,1,0,0,1,1,0,0,35,0,0,0,0,2,2,3,10
,2024-022691,39.70027604,-104.9082185,2/20/2024 10:17,10:17,1,0,2,LEETSDALE DR & S ONEIDA ST,1,1,0,0,1,1,0,0,40,0,0,0,0,2,2,2,11
,2024-022697,39.67838099,-104.9478272,2/8/2024 15:10,15:10,5,0,0,E EVANS AVE & S COOK ST,1,1,0,0,2,4,0,0,35,0,0,0,0,0,4,1,16
,2024-022701,39.79281463,-104.7790501,2/11/2024 15:35,15:35,5,0,0,E 53RD AVE & N VENTURA ST,4,3,0,7,2,4,0,0,,0,0,0,0,0,4,1,16
,2024-022705,39.7286865,-105.0145879,2/21/2024 13:41,13:41,12,0,0,I-25 & W 8TH AVE,1,1,0,0,1,4,0,0,,0,0,0,0,0,1,3,16
,2024-022710,39.75433662,-104.9942728,2/20/2024 17:00,17:00,12,0,0,20TH ST & BLAKE ST,1,1,0,0,1,1,0,0,30,0,0,0,0,0,4,2,3
,2024-022716,39.78047358,-104.9631595,2/21/2024 7:45,7:45,12,0,2,I-70 & N BRIGHTON BLVD,1,1,0,0,1,4,0,0,,0,0,0,0,1,1,3,16
,2024-022719,39.79027841,-104.872167,2/21/2024 16:35,16:35,14,0,1,E 51ST AVE & N FLORENCE ST,1,1,0,0,1,1,0,0,25,0,0,0,0,2,4,2,10
,2024-022724,39.74202492,-104.9535992,2/19/2024 17:29,17:29,6,0,0, FILLMORE ST & 1620,1,2,0,0,1,3,0,0,,0,0,0,0,0,4,2,14
,2024-022726,39.71184005,-104.9995371,2/20/2024 23:29,23:29,9,0,0,I-25 & W ALAMEDA AVE,1,3,0,0,1,4,0,0,60,0,0,0,0,0,1,1,14
,2024-022728,39.76145901,-105.0053663,2/4/2024 2:54,2:54,15,0,1,20TH ST & I-25 NB RAMPS,10,3,0,2,1,4,0,0,,0,0,0,0,1,4,3,16
,2024-022730,39.7618039,-104.9405117,2/20/2024 21:27,21:27,1,0,0,E MLK BLVD & N COLORADO BLVD,1,3,0,0,1,1,0,0,35,0,0,0,0,0,2,3,11
,2024-022731,39.67535191,-104.9312603,2/21/2024 14:33,14:33,12,0,0,I-25 & E EVANS AVE,1,1,0,0,1,4,0,0,65,0,0,0,0,0,1,2,13
,2024-022736,39.79389416,-104.8292225,2/21/2024 8:05,8:05,6,0,0,E MAXWELL PL & E YOST CT,1,1,0,0,1,4,0,0,30,0,0,0,0,0,4,2,11
,2024-022737,39.69134545,-104.9687132,2/21/2024 11:57,11:57,15,0,0, FRANKLIN ST & E ARKANSAS AVE,1,1,0,0,1,4,0,0,25,0,0,0,0,0,4,3,11
,2024-022738,39.74586151,-104.9948092,2/20/2024 12:10,12:10,10,0,0,CHAMPA ST & 15TH ST,1,1,0,0,1,2,0,0,30,0,0,0,0,0,4,2,13
,2024-022747,39.78438575,-104.8962727,2/20/2024 16:38,16:38,15,0,1, TRENTON ST & N SPRUCE WY,1,1,0,0,1,1,0,0,25,0,0,0,0,1,4,2,1
,2024-022749,39.72945113,-105.0251549,2/21/2024 12:11,12:11,12,0,0, FEDERAL BLVD & W 8TH AVE,1,1,0,0,1,4,0,0,35,0,0,0,0,0,2,2,16
,2024-022750,39.78532759,-104.8995785,2/20/2024 14:45,14:45,12,0,0,QUEBEC ST & E NORTHFIELD AVE,1,1,1,0,1,4,0,1,35,0,0,0,0,0,2,2,3
,2024-022752,39.76183769,-104.916411,2/10/2024 0:58,0:58,5,0,0, KRAMERIA ST & E MLK BLVD,11,3,0,2,3,1,0,0,35,0,0,0,0,0,4,1,16
,2024-022756,39.66051245,-105.0251647,2/20/2024 19:40,19:40,12,0,0, FEDERAL BLVD & W DARTMOUTH AVE,1,3,0,0,1,3,0,0,35,0,0,0,0,0,2,2,16
,2024-022759,39.63340691,-104.8931856,2/20/2024 10:00,10:00,15,0,0,DTC BLVD & E TUFTS AVE,1,1,0,0,1,1,0,0,25,0,0,0,0,0,4,2,3
,2024-022762,39.62966879,-104.9048191,2/16/2024 16:12,16:12,12,0,0,I-25 & NB OFF RAMP EXT TO I-225,4,3,0,2,1,4,0,0,55,0,0,0,0,0,1,3,16
,2024-022763,39.7463827,-104.9889023,2/21/2024 6:30,6:30,3,0,0,18TH ST & WELTON ST,1,1,0,0,1,1,0,0,25,0,0,0,0,0,4,2,13
,2024-022764,39.77048585,-104.806344,2/18/2024 23:15,23:15,15,0,0,I-70 WB ON RAMP FROM PENA BLVD & WB ON RAMP MERGE PT,1,3,0,0,1,8,0,0,55,0,0,0,0,0,1,2,16
,2024-022772,39.71953006,-104.9594387,2/8/2024 17:20,17:20,12,0,0,UNIVERSITY BLVD & E 2ND AVE,1,2,0,0,1,3,0,0,30,0,0,0,0,0,4,2,16
,2024-022773,39.76425442,-104.9733945,2/21/2024 12:12,12:12,15,0,0,34TH ST & N DOWNING ST,1,1,0,0,1,4,0,0,20,0,0,0,0,0,4,2,16
,2024-022774,39.65302189,-104.9137726,2/20/2024 13:58,13:58,12,0,0,E HAMPDEN AVE & S MONACO ST PKWY,1,1,0,0,1,4,0,0,40,0,0,0,0,0,2,2,3
,2024-022782,39.83999365,-104.6718552,2/21/2024 8:50,8:50,15,0,0,PENA BLVD & N SHADY GROVE ST,1,1,0,0,1,4,0,0,45,0,0,0,0,0,4,2,8
,2024-022784,39.78050075,-104.9593481,2/20/2024 14:11,14:11,12,0,0,I-70 & N YORK ST,1,1,0,0,1,4,0,0,55,0,0,0,0,0,1,2,10
,2024-022786,39.63421143,-105.0347449,2/2/2024 12:00,12:00,16,0,0,4601  LOWELL BLVD & S LOWELL BLVD,14,5,0,7,5,7,0,0,,0,0,0,0,0,3,2,16
,2024-022787,39.77868779,-104.8657547,2/20/2024 9:45,9:45,3,0,1, HAVANA ST & E 45TH AVE,1,1,0,0,1,1,0,0,35,0,0,0,0,1,4,2,16
,2024-022794,39.72569806,-105.0004491,2/12/2024 13:05,13:05,5,0,0,W 6TH AVE & N KALAMATH ST,1,3,0,0,6,4,0,0,35,0,0,0,0,0,4,2,10
,2024-022808,39.72526834,-105.0129073,2/20/2024 18:52,18:52,12,0,1,I-25 & W 6TH AVE,1,4,0,0,1,4,0,0,55,0,0,0,0,3,1,3,3
,2024-022813,39.77505065,-104.8098981,2/20/2024 18:27,18:27,1,0,0, CHAMBERS RD & E ANDREWS DR,1,3,0,0,1,1,0,0,35,0,0,0,0,0,4,2,1
,2024-022815,39.76567021,-104.9948631,2/10/2024 19:00,19:00,12,0,0,PARK AVE W & GLOBEVILLE RD,9,3,0,2,1,1,0,0,35,0,0,0,0,0,4,2,16
,2024-022818,39.70749937,-104.9687054,2/20/2024 11:00,11:00,3,0,0, FRANKLIN ST & E VIRGINIA AVE,1,1,0,0,1,1,0,0,25,0,0,0,0,0,4,2,3
,2024-022819,39.73643476,-104.99294,2/21/2024 8:27,8:27,5,0,1, DELAWARE ST & 1261,1,1,0,0,3,4,0,0,25,0,0,0,0,1,4,1,10
,2024-022820,39.69296134,-104.9581225,2/20/2024 12:10,12:10,3,0,0,E LOUISIANA AVE & S JOSEPHINE ST,1,1,0,0,1,1,0,0,25,0,0,0,0,0,4,2,3
,2024-022821,39.78178608,-104.7744699,2/20/2024 16:25,16:25,3,0,1,E 47TH AVE  & N YAMPA ST,1,1,0,0,1,1,0,0,20,0,0,0,0,2,4,2,11
,2024-022822,39.69674956,-105.0250716,2/20/2024 23:26,23:26,15,0,0, FEDERAL BLVD & W MISSISSIPPI AVE,1,3,0,0,1,4,0,0,35,0,0,0,0,0,2,2,16
,2024-022828,39.7336536,-104.9132163,2/15/2024 12:40,12:40,6,0,0,E 11TH AVE & N LOCUST ST,1,1,0,0,1,2,0,0,25,0,0,0,0,0,4,2,13
,2024-022881,39.66767591,-104.9913305,2/21/2024 17:09,17:09,6,0,1,W YALE AVE & S CHEROKEE ST,1,3,0,0,1,4,0,0,25,0,0,0,0,2,4,2,10
,2024-022885,39.65307192,-104.9176974,2/21/2024 21:25,21:25,5,0,0,E HAMPDEN AVE & I-25 NB RAMPS,1,3,0,0,3,1,0,0,35,0,0,0,0,0,2,1,13
,2024-022899,39.78389648,-105.0252059,2/15/2024 18:42,18:42,1,0,2, FEDERAL BLVD & I-70 EB RAMPS,1,3,0,0,1,1,0,0,35,0,0,0,0,3,2,2,16
,2024-022901,39.83394938,-104.7592369,2/23/2024 14:56,14:56,5,0,0,EB ON RAMP TO E-470,1,1,3,0,3,8,0,1,50,0,0,0,0,0,2,1,2
,2024-022902,39.833466,-104.6946938,2/24/2024 0:10,0:10,5,0,0,PENA BLVD & JACKSON GAP RD,1,3,0,0,3,4,0,0,65,0,0,0,0,0,4,1,13
,2024-022918,39.68427255,-104.9598698,2/23/2024 22:00,22:00,5,0,0,I-25 SB OFF RAMP & S UNIVERSITY BLVD,1,3,0,0,6,8,0,0,25,0,0,0,0,0,4,1,3
,2024-022940,39.74380215,-104.9571996,2/25/2024 7:49,7:49,9,0,0,E 17TH AVE & N ESPLANADE PKWY,1,1,0,7,1,4,0,0,30,0,0,0,0,0,4,1,14
,2024-022946,39.73372375,-104.9688826,2/25/2024 12:08,12:08,5,0,1,E 11TH AVE & N HUMBOLDT ST,1,1,0,0,4,4,0,0,20,0,0,0,0,1,4,1,1
,2024-022948,39.70700564,-104.8706217,2/4/2024 17:28,17:28,5,0,0, FULTON ST & E VIRGINIA AVE,4,3,1,0,3,4,0,0,25,0,0,0,0,0,4,1,16
,2024-022952,39.80749173,-104.7721186,2/23/2024 14:50,14:50,5,0,0, TOWER RD & E 61ST AVE,1,1,1,0,3,3,0,0,35,0,0,0,0,0,4,1,16
,2024-022953,39.78150527,-104.9497407,2/19/2024 1:08,1:08,5,0,1, VASQUEZ BLVD & E 46TH AVE,1,3,1,0,3,4,0,0,35,0,0,0,0,3,2,1,9
,2024-022959,39.83316957,-104.7201416,2/27/2024 10:03,10:03,5,0,0,PENA BLVD IB & N GUN CLUB RD,7,1,0,2,2,4,0,0,65,0,0,0,0,0,4,1,1
,2024-022961,39.77652278,-104.9708205,2/27/2024 9:14,9:14,5,0,0, BRIGHTON BLVD & 43RD ST,4,1,0,2,3,2,0,0,30,0,0,0,0,0,4,1,4
,2024-022967,39.72027572,-105.0532758,2/28/2024 9:00,9:00,5,0,0, SHERIDAN BLVD & W 2ND AVE,1,1,0,0,3,4,0,0,35,0,0,0,0,0,2,1,16
,2024-022970,39.7180431,-104.9558591,2/27/2024 13:00,13:00,5,0,0,E 1ST AVE & N CLAYTON LN,1,1,0,0,6,1,0,0,30,0,0,0,0,0,4,1,1
,2024-022972,39.79100474,-104.8172264,2/17/2024 1:00,1:00,5,0,0,E 53RD AVE & N DURHAM CT,4,4,0,0,3,3,0,0,25,0,0,0,0,0,4,2,13
,2024-022973,39.72565771,-105.0134493,2/4/2024 15:19,15:19,5,0,0,I-25 SB OFF RAMP TO EB W 6TH AVE,11,1,2,7,2,8,0,0,25,0,0,0,0,0,1,1,16
,2024-022974,39.75282378,-105.0155437,2/18/2024 0:09,0:09,5,0,0,I-25 & NB ON RAMP FROM W 23RD AVE MERGE PT,1,3,0,0,3,8,0,0,55,0,0,0,0,0,1,1,1
,2024-022981,39.71674452,-105.0028419,2/29/2024 1:54,1:54,5,0,0,I-25 & W CEDAR AVE,1,3,0,0,3,4,0,0,55,0,0,0,0,0,1,1,14
,2024-022987,39.76185133,-104.9271659,1/23/2024 21:07,21:07,5,0,0,E MLK BLVD & N FOREST ST,1,3,0,0,3,4,0,0,35,0,0,0,0,0,4,1,16
,2024-022990,39.7384168,-104.9776126,2/17/2024 13:43,13:43,10,0,0,E 14TH AVE & N CLARKSON ST,1,1,0,0,1,1,0,0,30,0,0,0,0,0,4,2,16
,2024-023000,39.76671103,-105.0005919,3/2/2024 14:40,14:40,16,0,0, KALAMATH ST & W 36TH AVE,1,1,0,0,5,7,0,0,20,0,0,0,0,0,3,1,13
,2024-023001,39.75764683,-104.998449,3/1/2024 1:38,1:38,5,0,1,20TH ST & CHESTNUT PL,1,3,0,7,6,4,0,0,35,0,0,0,0,1,4,1,14
,2024-023002,39.74328145,-104.9861155,3/2/2024 1:29,1:29,3,0,1,E 17TH AVE & N LINCOLN ST,1,3,3,7,1,1,0,0,35,0,0,0,0,2,4,2,16
,2024-023006,39.77419597,-104.7713614,3/1/2024 1:20,1:20,5,0,0,E 42ND PL & N ANDES ST,1,3,0,0,2,4,0,0,10,0,0,0,0,0,4,1,11
,2024-023009,39.72561672,-104.9588536,2/25/2024 2:11,2:11,5,0,2,E 6TH AVE & N JOSEPHINE ST,1,3,0,0,2,1,0,0,35,0,0,0,0,2,4,1,16
,2024-023010,39.67838563,-104.9343977,2/29/2024 6:46,6:46,2,0,1,E EVANS AVE & I-25 SB RAMPS,1,1,0,0,1,1,0,0,0,1,0,0,0,3,4,1,16
,2024-023019,39.74752799,-104.9861058,2/22/2024 15:48,15:48,11,0,1,E 20TH AVE & N LINCOLN ST,1,1,0,0,1,1,0,0,0,0,1,0,0,3,4,1,16
,2024-023023,39.71209495,-104.9996855,2/21/2024 0:05,0:05,15,0,0,I-25 & W ALAMEDA AVE,1,3,0,0,1,8,0,0,55,0,0,0,0,0,1,2,13
,2024-023034,39.83393038,-104.7572361,3/4/2024 1:45,1:45,5,0,0,E-470 EB ON RAMO FROM PENA BVLD & EB OFF RAMP GORE PT,1,3,0,0,2,8,0,1,55,0,0,0,0,0,4,1,8
,2024-023035,39.70738115,-104.9224548,2/11/2024 13:25,13:25,1,0,0,5575 LEETSDALE DR & HOLLY ST,1,1,0,0,1,2,0,0,35,0,0,0,0,0,2,2,16
,2024-023047,39.72452247,-105.0324791,3/4/2024 8:41,8:41,15,0,0, KNOX CT & W 5TH AVE,1,1,0,0,1,1,0,0,30,0,0,0,0,0,4,3,11
,2024-023051,39.79749786,-104.8289629,3/3/2024 11:36,11:36,6,0,0, XAPARY WY & E. RANDOLPH PL,1,1,0,0,1,4,0,0,,0,0,0,0,0,4,2,16
,2024-023054,39.65305579,-104.8847851,3/5/2024 12:29,12:29,11,0,1, YOSEMITE ST & E HAMPDEN AVE,1,1,0,0,1,1,0,0,40,0,0,1,0,1,2,1,11
,2024-023059,39.74001168,-104.989976,3/5/2024 21:52,21:52,5,0,0,W COLFAX AVE & N BANNOCK ST,1,3,0,0,3,4,0,0,30,0,0,0,0,0,2,1,14
,2024-023061,39.68949238,-105.0250606,3/6/2024 13:57,13:57,12,0,1, FEDERAL BLVD & W FLORIDA AVE,1,1,0,0,1,3,0,0,40,0,0,0,0,3,2,3,1
,2024-023065,39.69689038,-105.0532425,2/25/2024 1:55,1:55,3,0,1, SHERIDAN BLVD & W MISSISSIPPI AVE,1,3,0,0,1,1,0,0,35,0,0,0,0,2,2,4,9
,2024-023070,39.7432413,-104.9726887,1/24/2024 4:36,4:36,3,1,1,E 17TH AVE & PARK AVE,1,3,0,0,1,1,0,0,30,0,0,0,0,4,4,2,1
,2024-023079,39.74828861,-104.9986409,2/3/2024 3:10,3:10,5,0,0,15TH ST & LARIMER ST,11,3,0,1,2,1,0,0,25,0,0,0,0,0,4,1,1
,2024-023080,39.72559024,-105.0200091,3/8/2024 11:03,11:03,5,0,1,W 6TH AVE WB COLLECTOR RAMP & WB OFF RAMP TO FEDERAL BLVD GORE PT,11,1,0,0,3,8,0,0,55,0,0,0,0,1,2,1,13
,2024-023083,39.78372887,-105.0068071,3/5/2024 12:14,12:14,5,0,0, PECOS ST & I-70 WB RAMPS,1,1,0,0,3,6,0,0,20,0,0,0,0,0,4,1,13
,2024-023091,39.74668635,-105.0008057,3/8/2024 0:42,0:42,5,0,1, SPEER BLVD & LARIMER ST,11,3,0,0,2,1,0,0,35,0,0,0,0,1,4,1,16
,2024-023125,39.74850642,-105.0030813,3/7/2024 5:55,5:55,2,0,1, SPEER BLVD & BLAKE ST,1,2,0,0,1,1,0,0,0,1,0,0,0,3,4,1,16
,2024-023128,39.70059656,-105.0478699,2/29/2024 18:25,18:25,11,0,2,4775 MORRISON RD & W KENTUCKY AVE,1,3,0,0,3,2,0,0,35,0,1,0,0,3,4,1,3
,2024-023131,39.70210739,-104.9804275,2/29/2024 14:40,14:40,11,0,1, PEARL & E OHIO ST,1,1,0,0,1,9,0,0,,0,1,0,0,3,4,1,3
,2024-023135,39.75942078,-104.8658614,3/11/2024 5:02,5:02,5,0,1, HAVANA ST & E 29TH AVE,1,3,0,0,3,4,0,0,30,0,0,0,0,2,4,1,2
,2024-023140,39.79087663,-104.7885757,3/11/2024 7:54,7:54,15,0,0,PENA BLVD & E 56TH AVE,1,1,0,0,1,4,0,0,65,0,0,0,0,0,4,2,12
,2024-023141,39.72412521,-104.9975514,3/1/2024 9:10,9:10,3,0,2,W 5TH AVE & INCA ST,1,1,0,0,1,1,0,0,25,0,0,0,0,2,4,2,1
,2024-023142,39.70386755,-104.9663321,3/9/2024 10:12,10:12,2,0,0, WILLIAMS ST & E EXPOSITION AVE,1,1,0,0,1,1,0,0,0,1,0,0,0,0,4,1,16
,2024-023146,39.73841028,-104.9691291,3/10/2024 11:54,11:54,5,0,0,E 14TH AVE & N HUMBOLDT ST,1,1,0,0,3,4,0,0,30,0,0,0,0,0,4,2,16
,2024-023149,39.83346423,-104.6929139,3/9/2024 21:50,21:50,5,0,0,JACKSON GAP ST,1,3,0,0,3,4,0,0,55,0,0,0,0,0,4,1,3
,2024-023151,39.71516667,-105.0396985,2/29/2024 23:51,23:51,6,0,0,75  PERRY ST & W BAYAUD AVE,1,3,0,0,3,4,0,0,25,0,0,0,0,0,4,3,16
,2024-023153,39.69227473,-104.9769508,3/11/2024 21:41,21:41,12,0,1,I-25 & S EMERSON ST,1,3,0,0,1,4,0,0,60,0,0,0,0,2,1,2,13
,2024-023154,39.74396705,-105.0422367,3/9/2024 0:53,0:53,5,0,0,W 17TH AVE & N RALEIGH ST,1,3,0,0,3,4,0,0,35,0,0,0,0,0,4,1,16
,2024-023155,39.78363906,-104.7899242,3/12/2024 7:17,7:17,12,0,1,E GREEN VALLEY RANCH BLVD & PENA BLVD,1,1,0,0,1,4,0,0,45,0,0,0,0,1,4,2,3
,2024-023161,39.67099018,-105.0193988,3/12/2024 11:32,11:32,3,0,0, CLAY ST & W HILLSIDE AVE,1,1,0,0,1,1,0,0,20,0,0,0,0,0,4,2,16
,2024-023164,39.71866242,-104.9730688,3/11/2024 22:02,22:02,5,0,1,E SPEER BLVD & N DOWNING ST,1,3,0,0,2,4,0,0,,0,0,0,0,2,4,1,13
,2024-023167,39.73369088,-104.9782824,3/12/2024 10:19,10:19,2,0,1,E 11TH AVE & N CLARKSON ST,1,1,0,0,1,9,0,0,,1,0,0,0,2,4,1,16
,2024-023170,39.70570555,-104.9827919,3/12/2024 16:49,16:49,3,0,0,E CENTER AVE & S LOGAN ST,1,1,0,0,1,1,0,0,30,0,0,0,0,0,4,2,11
,2024-023171,39.69101976,-104.9687126,3/1/2024 9:30,9:30,5,0,1, FRANKLIN ST & E ARKANAS AVE,1,1,0,0,3,4,0,0,25,0,0,0,0,2,4,1,16
,2024-023172,39.74006316,-104.9293124,3/12/2024 7:13,7:13,5,0,0,E COLFAX AVE & N ELM ST,1,1,0,0,3,4,0,0,35,0,0,0,0,0,2,1,16
,2024-023174,39.70220349,-105.0250601,3/10/2024 18:32,18:32,5,0,0,W OHIO AVE & S FEDERAL BLVD,1,1,0,0,3,3,0,0,,0,0,0,0,0,2,1,16
,2024-023178,39.77094463,-104.9728104,3/14/2024 1:00,1:00,5,0,0,38TH ST & BLAKE ST,9,3,1,2,2,4,0,0,30,0,0,0,0,0,4,1,16
,2024-023179,39.63426534,-105.1099017,3/13/2024 14:37,14:37,1,0,0, KIPLING ST & W STANFORD AVE,1,1,0,0,1,1,0,0,40,0,0,0,0,0,4,2,13
,2024-023180,39.73848291,-105.0438774,3/14/2024 11:05,11:05,5,0,0,W 14TH AVE & N TENNYSON ST,7,1,0,2,2,4,0,0,25,0,0,0,0,0,4,1,4
,2024-023205,39.69859572,-104.9035551,2/10/2024 2:45,2:45,5,0,0,LEETSDALE DR & S QUEBEC ST,4,3,1,2,3,1,0,0,35,0,0,0,0,0,2,1,16
,2024-023206,39.7111102,-104.9733931,3/17/2024 1:11,1:11,3,0,0,E ALAMEDA AVE & S DOWNING ST,1,3,0,0,1,1,0,0,35,0,0,0,0,0,4,2,13
,2024-023208,39.76567953,-104.9406633,3/15/2024 11:40,11:40,5,0,0,E 35TH AVE & N COLORADO BLVD,1,1,0,0,3,3,0,0,35,0,0,0,0,0,2,1,9
,2024-023211,39.70356002,-104.9322235,3/16/2024 11:20,11:20,3,0,2,E CHERRY CREEK  DR & S DEXTER ST,11,1,0,7,1,2,0,0,35,0,0,0,0,2,4,4,1
,2024-023221,39.75336363,-104.8936436,3/16/2024 0:03,0:03,5,0,0, UINTA ST & SPRUCE WAY,2,3,0,0,3,4,0,0,,0,0,0,0,0,4,1,16
,2024-023229,39.77657891,-105.0532514,3/18/2024 14:43,14:43,1,0,2, SHERIDAN BLVD & W 44TH AVE,1,1,0,0,1,1,0,0,35,0,0,0,0,3,2,2,13
,2024-023232,39.74824287,-104.9864691,3/17/2024 20:57,20:57,3,0,0,20TH ST & WELTON ST,1,3,0,0,1,1,0,0,30,0,0,0,0,0,4,3,3
,2024-023239,39.74379558,-104.8963847,3/19/2024 12:29,12:29,3,0,2, TRENTON ST & E 17TH AVE,1,1,0,0,1,1,0,0,25,0,0,0,0,1,4,2,13
,2024-023246,39.78383098,-105.0100644,3/19/2024 17:57,17:57,5,0,0,W 48TH AVE & N TEJON ST,1,1,0,0,3,4,0,0,20,0,0,0,0,0,4,1,7
,2024-023259,39.75482998,-105.0299439,3/20/2024 7:21,7:21,3,0,1,W 26TH AVE & N IRVING ST,1,1,0,0,1,1,0,0,30,0,0,0,0,1,4,2,11
,2024-023264,39.76960324,-104.9948186,3/20/2024 1:14,1:14,5,0,1,I-25 SB LOOP RAMP ON & W 38TH AVE,1,3,0,0,3,8,0,0,35,0,0,0,0,1,1,1,14
,2024-023266,39.79200918,-104.8097418,3/18/2024 2:34,2:34,5,0,0, CHAMBERS RD & E 53RD AVE,1,3,0,0,3,4,0,0,40,0,0,0,0,0,4,1,16
,2024-023274,39.66452526,-104.9232997,3/21/2024 4:24,4:24,5,0,1,I-25 NB OFF RAMP & E YALE AVE,1,3,1,0,3,8,0,0,65,0,0,0,0,1,1,1,2
,2024-023281,39.76185226,-104.9269328,3/21/2024 10:27,10:27,5,0,0,E MLK BLVD & N FOREST ST,1,1,0,0,2,9,0,0,,0,0,0,0,0,4,1,16
,2024-023293,39.67498148,-105.0414007,3/22/2024 7:50,7:50,5,0,0,W ILIFF AVE & S RALEIGH ST,1,1,0,0,1,4,1,0,20,0,0,0,0,0,4,1,11
,2024-023300,39.77798318,-104.922293,3/19/2024 16:40,16:40,2,0,1,E 44TH AVE & N HOLLY ST,1,1,0,0,1,1,0,0,40,1,0,0,0,2,4,1,11
,2024-023305,39.72352287,-105.0112951,3/23/2024 4:00,4:00,5,0,0,I-25 & W 6TH AVE,1,3,1,0,3,4,0,0,45,0,0,0,0,0,1,1,3