id,drcog_id,latitude,longitude,crashtime,time,crashtype,numbkilled,numbinjurd,drcoglocat,rdconditin,lightngcon,roadcntgrd,weatherco,location,roaddescrp,schoolzone,constrzone,splimit,bikeinv,pedinv,sctrinv,motoinv,svrty,rdsystem,ttlvehcls,hcf
,2024-023320,39.68934317,-104.9316972,3/24/2024 17:41,17:41,1,0,4,E FLORIDA AVE & S DAHLIA ST,11,2,0,2,1,1,0,0,35,0,0,0,0,2,4,2,13
,2024-023324,39.72559116,-104.9862612,3/12/2024 22:08,22:08,12,0,1, LINCOLN ST & E SPEER BLVD,1,3,3,0,1,1,0,0,30,0,0,0,0,1,4,3,16
,2024-023329,39.7953505,-104.7649249,3/24/2024 1:17,1:17,5,0,1,E MAXWELL PL & N CEYLON ST,1,3,0,0,3,1,0,0,25,0,0,0,0,2,4,1,16
,2024-023338,39.72134534,-105.0252907,3/23/2024 22:57,22:57,6,0,0, FEDERAL BLVD & W 3RD AVE,1,3,0,0,3,2,0,0,35,0,0,0,0,0,2,3,16
,2024-023342,39.71133314,-105.053258,3/25/2024 7:12,7:12,5,0,0,5130 W ALAMEDA AVE & S SHERIDAN BLVD,4,1,0,2,3,4,0,0,35,0,0,0,0,0,2,1,16
,2024-023343,39.79826847,-104.8191626,3/25/2024 8:39,8:39,5,0,0,E 56TH AVE & N CROWN BLVD,5,1,0,2,6,4,0,0,40,0,0,0,0,0,4,1,16
,2024-023344,39.75759131,-104.997076,3/25/2024 0:02,0:02,11,0,1,DELGANY ST & 21ST ST,9,3,0,2,1,1,0,0,20,0,1,0,0,2,4,1,16
,2024-023360,39.65310722,-104.9264066,3/16/2024 7:08,7:08,5,0,0,E HAMPDEN AVE & S GLENCOE ST,4,2,1,0,3,4,0,0,45,0,0,0,0,0,2,1,14
,2024-023362,39.76001609,-104.890774,3/25/2024 13:47,13:47,3,0,1,E MLK BLVD & N CENTRAL PARK BLVD,1,1,0,0,1,1,0,0,35,0,0,0,0,1,4,3,4
,2024-023368,39.74287496,-104.8928591,3/25/2024 11:00,11:00,5,0,0, UINTA ST & 1695,11,1,0,0,2,4,0,0,20,0,0,0,0,0,4,1,14
,2024-023369,39.82943861,-104.7806084,3/25/2024 4:25,4:25,5,0,0,EB OFF RAMP TO TOWER RD GORE PT,5,3,0,2,3,8,0,0,65,0,0,0,0,0,4,1,14
,2024-023370,39.66027596,-104.864053,3/26/2024 6:59,6:59,5,0,0,E DARTMOUTH AVE & E BETHANY DR,5,1,1,0,3,4,0,0,35,0,0,0,0,0,4,1,7
,2024-023372,39.7030856,-105.0385643,3/24/2024 9:34,9:34,6,0,0,3907 W WALSH PL & S PATTON CT,1,1,0,0,1,4,0,0,20,0,0,0,0,0,4,2,16
,2024-023374,39.77732081,-104.8242894,3/24/2024 4:19,4:19,6,0,0,E 44TH AVE & E ANDREWS DR,1,4,0,7,1,4,0,0,25,0,0,0,0,0,4,2,16
,2024-023375,39.73612552,-104.9586018,3/26/2024 6:35,6:35,5,0,0, JOSEPHINE ST & E 13TH AVE,1,4,1,0,1,4,0,0,30,0,0,0,0,0,4,2,10
,2024-023376,39.75134091,-104.9929286,3/22/2024 14:10,14:10,11,0,1,LAWRENCE ST & 19TH ST,1,1,0,0,1,1,0,1,0,0,0,1,0,2,4,1,16
,2024-023382,39.70756468,-104.99158,3/27/2024 7:18,7:18,5,0,0,W VIRGINIA AVE & S CHEROKEE ST,1,1,0,0,1,4,0,0,30,0,0,0,0,0,4,1,11
,2024-023393,39.85052,-104.67964,3/27/2024 10:28,10:28,16,0,0,PENA BLVD & E 83RD AVE,1,1,0,0,5,4,0,0,10,0,0,0,0,0,3,1,8
,2024-023396,39.79806414,-104.8307039,3/26/2024 8:50,8:50,5,0,1,E 56TH AVE & N WORCHESTER ST,1,1,0,0,2,1,0,0,40,0,0,0,0,2,4,1,1
,2024-023400,39.78364042,-105.0202589,3/27/2024 11:59,11:59,5,0,1,I-70 & N PECOS ST,1,1,1,0,3,4,0,0,55,0,0,0,0,3,1,1,16
,2024-023412,39.69801216,-104.8917224,3/29/2024 16:48,16:48,1,0,0, VALENTIA ST & E MISSISSIPPI AVE,1,1,0,0,1,2,0,0,,0,0,0,0,0,4,2,16
,2024-023416,39.74205731,-104.9787369,3/21/2024 20:15,20:15,16,0,0,1566  WASHINGTON ST & E 16TH AVE,1,3,0,0,5,7,0,0,,0,0,0,0,0,3,1,11
,2024-023418,39.6649179,-104.9236985,3/28/2024 23:34,23:34,5,0,0,I-25 & E YALE AVE,1,3,0,0,2,4,0,0,65,0,0,0,0,0,1,1,16
,2024-023427,39.73644492,-104.9023213,3/25/2024 17:00,17:00,5,0,0, QUINCE ST- ROSLYN ST ALLEY & E 12TH AVE,6,1,1,0,3,9,0,0,20,0,0,0,0,0,4,1,13
,2024-023433,39.76130173,-104.9394087,3/24/2024 9:00,9:00,5,0,1, ALBION ST & MLK BLVD,1,1,0,0,5,4,0,0,15,0,0,0,0,2,3,1,16
,2024-023437,39.79825578,-104.7910528,3/31/2024 4:02,4:02,5,0,0,E 56TH AVE & N BUCKLEY RD,1,3,0,0,6,4,0,0,40,0,0,0,0,0,4,1,11
,2024-023443,39.72563184,-104.9836192,3/31/2024 2:38,2:38,3,0,5, GRANT ST & E 6TH AVE,1,3,0,0,1,1,0,0,35,0,0,0,0,3,4,2,1
,2024-023446,39.66293962,-104.9025286,3/29/2024 19:35,19:35,5,0,0, QUEBEC ST & E CORNELL AVE,1,3,0,0,3,3,0,0,30,0,0,0,0,0,4,1,16
,2024-023447,39.76184531,-104.9293908,3/30/2024 22:09,22:09,12,0,0,E MLK JR BLVD & N ELM ST,1,3,0,0,1,1,0,0,35,0,0,0,0,0,4,3,1
,2024-023453,39.759596,-105.0440109,3/2/2024 15:53,15:53,16,0,0,2950  TENNYSON ST,1,1,0,0,5,7,0,0,10,0,0,0,0,0,3,1,11
,2024-023458,39.65045694,-104.9167691,3/31/2024 3:26,3:26,5,0,1,I-25 & NB OFF RAMP TO E HAMPDEN AVE GORE PT,1,3,0,0,3,8,0,0,65,0,0,0,0,3,1,1,2
,2024-023459,39.7234924,-105.0250231,3/13/2024 19:29,19:29,5,0,0, FEDERAL BLVD & W 5TH AVE,11,3,0,1,3,1,0,0,40,0,0,0,0,0,2,3,1
,2024-023463,39.77303164,-104.9896523,3/21/2024 3:32,3:32,5,0,0,I-25 & MM 213.220,1,3,0,0,2,4,0,0,55,0,0,0,0,0,1,1,16
,2024-023468,39.68009619,-104.9408884,3/9/2024 8:27,8:27,5,0,0, COLORADO BLVD & E BUCHTEL BLVD,1,3,0,0,2,4,0,0,25,0,0,0,0,0,4,1,16
,2024-023470,39.78096158,-104.888,3/31/2024 11:30,11:30,3,0,2,E 46TH AVE & N WILLOW ST,1,1,0,0,1,1,0,0,20,0,0,0,0,1,4,2,13
,2024-023473,39.67328326,-105.0531537,3/25/2024 11:06,11:06,6,0,0,W VASSAR AVE & S SHERIDAN BLVD,7,1,0,2,1,3,0,0,40,0,0,0,0,0,4,2,14
,2024-023480,39.77357241,-104.9035122,3/31/2024 4:19,4:19,5,0,3, QUEBEC ST & E 40TH AVE,1,3,0,0,6,4,0,0,35,0,0,0,0,1,4,1,10
,2024-023484,39.72448545,-104.9406302,3/24/2024 2:26,2:26,5,0,1, COLORADO BLVD & E 5TH AVE,1,3,0,0,3,4,0,0,30,0,0,0,0,1,2,1,1
,2024-023486,39.83192664,-104.7764254,3/27/2024 19:43,19:43,5,0,0,PENA BLVD & E 80TH AVE,1,3,0,0,3,4,0,0,45,0,0,0,0,0,4,1,16
,2024-023510,39.70583464,-105.0250859,4/2/2024 16:31,16:31,12,0,2, FEDERAL BLVD & W CENTER AVE,1,1,0,0,1,3,0,0,35,0,0,0,0,3,2,4,3
,2024-023540,39.72550874,-105.0513223,4/2/2024 22:52,22:52,5,0,0,W 6TH AVE EB ON RAMP & N SHERIDAN BLVD,1,3,0,0,3,8,0,0,35,0,0,0,0,0,2,1,16
,2024-023546,39.72558264,-105.0134133,4/6/2024 21:46,21:46,5,0,0,I-25 & W 6TH AVE,1,3,1,6,1,4,0,0,55,0,0,0,0,0,1,1,13
,2024-023553,39.68387363,-104.9082069,4/5/2024 6:02,6:02,2,0,1, ONEIDA ST & E COLORADO AVE,1,3,1,0,1,1,0,0,25,1,0,0,0,2,4,1,16
,2024-023561,39.80292718,-104.8818216,4/5/2024 13:05,13:05,2,0,1, BEELER CT & E 58TH DR,1,1,0,0,1,1,0,0,0,1,0,0,0,1,4,1,16
,2024-023566,39.7779708,-104.7673149,4/2/2024 17:41,17:41,3,0,0, BISCAY ST & E 45TH AVE,1,2,0,0,1,1,0,0,,0,0,0,0,0,4,2,16
,2024-023589,39.62555672,-104.9057774,3/28/2024 14:00,14:00,16,0,0,6950 E CHENANGO AVE,1,1,0,0,5,7,0,0,,0,0,0,0,0,3,1,16
,2024-023592,39.71782231,-104.9460533,3/19/2024 10:45,10:45,5,0,1,E 1ST AVE & N MADISON ST,1,1,0,0,3,3,0,0,25,0,0,0,0,1,4,1,16
,2024-023593,39.69310621,-105.0281097,3/30/2024 3:35,3:35,6,0,0,W LOUISIANA AVE & S HOOKER ST,1,3,0,0,1,4,0,0,,0,0,0,0,0,4,3,16
,2024-023597,39.83345988,-104.6834981,3/25/2024 1:04,1:04,5,0,0,PENA BLVD & JACKSON GAP ST,7,3,0,2,2,4,0,0,65,0,0,0,0,0,4,1,1
,2024-023599,39.75171003,-104.9958155,4/6/2024 0:00,0:00,12,0,0,18TH ST & MARKET ST,14,3,3,7,1,1,0,0,35,0,0,0,0,0,4,2,16
,2024-023604,39.70839426,-105.0324417,4/11/2024 7:06,7:06,5,0,0, KNOX CT & W ALASKA PL,1,1,0,0,1,4,0,0,20,0,0,0,0,0,4,1,3
,2024-023614,39.70040645,-105.0250848,4/13/2024 1:36,1:36,3,0,0,W KENTUCKY AVE & S FEDERAL BLVD,1,3,0,0,1,1,0,0,,0,0,0,0,0,2,2,16
,2024-023615,39.78051658,-104.951263,4/12/2024 18:53,18:53,5,0,1,I-70 & MM 276,1,1,0,0,2,13,0,0,55,0,0,0,0,1,2,1,2
,2024-023617,39.66417766,-104.9232173,3/21/2024 7:43,7:43,5,0,0,I-25 & NB OFF RAMP TO E YALE AVE GORE PT,1,1,1,0,3,8,0,0,55,0,0,0,0,0,1,1,16
,2024-023619,39.74622024,-104.9908424,2/21/2024 21:28,21:28,5,0,0,CALIFORNIA ST & 17TH ST,1,3,0,0,2,4,0,0,,0,0,0,0,0,4,1,16
,2024-023622,39.77726678,-104.9895764,4/10/2024 11:30,11:30,5,0,0,I-25 & I-70,1,1,0,0,3,4,0,0,55,0,0,0,0,0,1,1,16
,2024-023633,39.84095447,-104.669848,4/14/2024 11:59,11:59,5,0,0,E 80TH AVE & N SHADY GROVE ST,1,1,1,0,3,4,0,0,25,0,0,0,0,0,4,1,8
,2024-023637,39.74372821,-104.9286759,4/11/2024 15:14,15:14,5,0,1,E 17TH AVE & N ELM ST,1,1,0,0,3,4,0,0,30,0,0,0,0,1,4,1,16
,2024-023638,39.78026131,-105.0251402,4/15/2024 9:20,9:20,3,0,0, FEDERAL BLVD & W 46TH AVE,1,1,0,0,1,1,0,0,35,0,0,0,0,0,2,2,16
,2024-023642,39.69310621,-105.0281097,3/30/2024 3:35,3:35,6,0,0,W LOUISIANA AVE & S HOOKER ST,1,3,0,0,1,4,0,0,,0,0,0,0,0,4,3,16
,2024-023643,39.68229516,-105.0206254,4/14/2024 6:36,6:36,5,0,0,W JEWELL AVE & S CLAY ST,1,1,0,0,2,4,0,0,30,0,0,0,0,0,4,1,2
,2024-023652,39.77289029,-104.9447402,4/14/2024 8:20,8:20,5,0,0,E 40TH AVE & N MONROE ST,1,1,0,0,3,2,0,0,30,0,0,0,0,0,4,1,16
,2024-023661,39.76800319,-104.8474105,4/16/2024 7:55,7:55,5,0,0,PEORIA ST & E 37TH AVE,11,1,0,1,4,1,0,0,25,0,0,0,0,0,4,1,10
,2024-023662,39.75881295,-105.0346157,3/29/2024 20:00,20:00,5,0,0, LOWELL BLVD & W 29TH AVE,1,3,0,0,2,4,0,0,25,0,0,0,0,0,4,1,16
,2024-023676,39.68872426,-105.0532775,4/8/2024 5:37,5:37,5,0,0, SHERIDAN BLVD & W FLORIDA AVE,1,3,0,0,3,4,0,0,35,0,0,0,0,0,2,1,16
,2024-023677,39.77749507,-104.8782147,4/16/2024 20:25,20:25,9,0,1,I-70 WB OFF RAMP & CENTRAL PARK,1,3,1,0,2,8,0,0,55,0,0,0,0,1,1,1,1
,2024-023678,39.73999854,-104.965992,4/18/2024 13:19,13:19,3,0,1,E COLFAX AVE & N WILLIAMS ST,1,1,0,0,1,1,0,0,30,0,0,0,0,2,2,2,8
,2024-023685,39.71818816,-104.9593202,4/16/2024 0:48,0:48,5,0,0, UNIVERSITY BLVD & E 1ST AVE,1,4,0,0,6,1,0,0,,0,0,0,0,0,4,1,16
,2024-023687,39.79428513,-104.7600782,4/17/2024 14:25,14:25,5,0,0, ESPANA ST & E 55TH AVE,1,1,0,0,3,4,0,0,25,0,0,0,0,0,4,1,14
,2024-023696,39.74379197,-104.8928586,4/21/2024 18:26,18:26,3,0,2,E 17TH AVE & N UINTA ST,1,1,3,7,1,1,0,0,30,0,0,0,0,2,4,2,13
,2024-023700,39.72911404,-104.9432493,4/18/2024 1:39,1:39,5,0,0,E 8TH AVE & N JACKSON ST,11,3,0,0,2,4,0,0,30,0,0,0,0,0,4,2,16
,2024-023702,39.72563383,-105.0081302,4/18/2024 19:32,19:32,5,0,1,W 6TH AVE & N OSAGE ST,11,3,1,1,6,8,0,0,55,0,0,0,0,1,4,1,3
,2024-023703,39.74028227,-105.0124557,3/7/2024 1:26,1:26,12,0,0,W COLFAX AVE & I-25 SB OFF RAMP,1,3,0,0,1,3,0,0,40,0,0,0,0,0,2,2,16
,2024-023706,39.65042484,-104.9229266,4/23/2024 23:00,23:00,5,0,1, HOLLY ST & E JEFFERSON AVE,1,3,1,0,2,4,0,0,25,0,0,0,0,1,4,1,6
,2024-023707,39.76926085,-105.0252317,4/19/2024 23:39,23:39,5,0,0, FEDERAL BLVD & W 38TH AVE,7,3,3,2,3,3,0,0,35,0,0,0,0,0,2,1,14
,2024-023712,39.6532132,-104.8693753,4/18/2024 2:05,2:05,5,0,0,E HAMPDEN AVE & S GALENA ST,1,3,0,0,3,4,0,0,45,0,0,0,0,0,2,1,16
,2024-023714,39.72040968,-105.0521779,4/19/2024 1:44,1:44,5,0,0,W 2ND AVE & N ZENOBIA ST,11,3,0,1,3,4,0,0,20,0,0,0,0,0,4,1,16
,2024-023716,39.72909005,-104.9706219,4/19/2024 17:41,17:41,3,0,0,E 8TH AVE & N LAFAYETTE ST,11,1,0,2,1,1,0,0,25,0,0,0,0,0,4,2,11
,2024-023721,39.76507255,-105.0252988,4/19/2024 6:59,6:59,5,0,0, FEDERAL BLVD & W 35TH AVE,1,1,0,0,6,4,0,0,35,0,0,0,0,0,2,1,2
,2024-023723,39.75710612,-104.9964876,4/20/2024 12:10,12:10,5,0,0,21ST ST & WEWATTA ST,1,1,1,0,6,3,0,0,30,0,0,0,0,0,4,1,1
,2024-023724,39.75665184,-104.9972531,4/20/2024 9:29,9:29,5,0,0,WEWATTA ST & 20TH ST,11,1,1,0,6,4,0,0,30,0,0,0,0,0,4,1,8
,2024-023726,39.67825867,-105.0287672,4/16/2024 19:00,19:00,5,0,0,W EVANS AVE & S HOOKER WAY,1,1,0,0,3,4,0,0,30,0,0,0,0,0,4,1,16
,2024-023728,39.65308139,-104.8918693,4/20/2024 2:18,2:18,5,0,0,E HAMPDEN AVE & S VERBENA ST,11,3,0,2,3,3,0,0,45,0,0,0,0,0,2,1,14
,2024-023731,39.77578913,-104.9382462,4/16/2024 14:20,14:20,5,0,1, ALBION ST & SMITH RD,1,1,1,0,3,4,0,0,25,0,0,0,0,2,4,1,16
,2024-023732,39.72608329,-105.0519908,3/8/2024 10:37,10:37,5,0,0,W 6TH AVE WB OFF RAMP & N SHERIDAN BLVD,11,1,0,0,3,8,0,0,,0,0,0,0,0,2,2,16
,2024-023738,39.74022399,-104.890536,4/15/2024 18:47,18:47,3,0,2, VERBENA ST & E COLFAX AVE,1,1,0,0,1,1,0,0,30,0,0,0,0,2,2,2,14
,2024-023761,39.75357555,-105.0220819,4/26/2024 20:17,20:17,5,0,0, DECATUR ST & W 25TH AVE,11,3,0,1,3,1,0,0,20,0,0,0,0,0,4,2,16
,2024-023763,39.78080421,-104.9667499,4/7/2024 16:57,16:57,1,0,5, BRIGHTON BLVD & E 46TH AVE,1,1,0,0,1,1,0,0,30,0,0,0,0,1,2,2,1
,2024-023764,39.77889829,-104.9791192,4/19/2024 7:40,7:40,5,0,0, WASHINGTON ST & I-70 EB RAMPS,1,1,0,0,3,3,0,0,30,0,0,0,0,0,1,1,16
,2024-023766,39.74014227,-104.9450754,4/25/2024 7:45,7:45,11,0,0,E COLFAX AVE & N MONROE ST,1,1,0,0,1,1,0,0,30,0,0,1,0,0,2,1,16
,2024-023774,39.74694589,-104.9634581,4/21/2024 20:49,20:49,5,0,1, RACE ST & E 20TH AVE,1,4,0,0,2,4,0,0,30,0,0,0,0,1,4,1,14
,2024-023775,39.73845525,-104.9953011,4/20/2024 20:02,20:02,3,0,0, FOX ST & W 14TH AVE,1,1,3,0,1,1,0,0,25,0,0,0,0,0,4,2,13
,2024-023777,39.69674631,-105.0297402,4/15/2024 15:06,15:06,6,1,0,W MISSISSIPPI AVE & S IRVING ST,1,1,0,1,2,3,0,0,20,0,1,0,0,4,4,2,1
,2024-023778,39.7032031,-104.9909822,4/19/2024 20:30,20:30,5,0,0,I-25 & SB OFF RAMP TO S BROADWAY ST GORE PT,11,3,0,2,3,8,0,0,55,0,0,0,0,0,1,1,16
,2024-023780,39.74379577,-104.8975667,4/21/2024 19:26,19:26,3,0,0, SPRUCE ST & E 17TH AVE,1,2,0,0,1,1,0,0,20,0,0,0,0,0,4,2,16
,2024-023782,39.70846438,-105.0105811,4/18/2024 11:53,11:53,6,0,0,W ALASKA PL & S TEJON ST,11,1,0,1,1,4,0,0,20,0,0,0,0,0,4,2,16
,2024-023783,39.78026073,-104.9465901,4/11/2024 19:10,19:10,5,0,1,I-70 & MM 276,1,1,0,0,3,8,0,0,55,0,0,0,0,2,1,1,10
,2024-023786,39.7719569,-104.9741118,4/24/2024 12:55,12:55,5,0,0,38TH ST & BLAKE ST,1,1,1,0,1,4,0,0,30,0,0,0,0,0,4,1,8
,2024-023791,39.74020416,-104.9989093,4/5/2024 17:39,17:39,15,0,0, SPEER BLVD & E COLFAX AVE,1,1,0,0,1,3,0,0,,0,0,0,0,0,2,2,16
,2024-023798,39.78413587,-105.0233152,4/28/2024 17:12,17:12,5,0,0,I-70 & N FEDERAL BLVD,1,1,0,0,3,4,0,0,55,0,0,0,0,0,1,1,3
,2024-023799,39.77728577,-105.0330376,4/6/2024 0:38,0:38,6,0,0, KING ST & W 44TH AVE,1,4,0,0,1,4,0,0,25,0,0,0,0,0,4,3,16
,2024-023803,39.72342465,-104.9837946,4/9/2024 8:40,8:40,3,0,0,E SPEER BLVD & N GRANT ST,1,1,0,0,1,1,0,0,,0,0,0,0,0,4,2,16
,2024-023804,39.77505423,-104.8091522,4/18/2024 22:20,22:20,5,0,1,E ANDREWS DR & CHAMBERS RD,11,3,0,1,3,4,0,0,25,0,0,0,0,1,4,1,14
,2024-023805,39.71157253,-104.9413494,4/27/2024 7:48,7:48,5,0,0, HARRISON ST & E ALAMEDA AVE,14,5,3,7,2,3,0,0,20,0,0,0,0,0,4,1,16
,2024-023807,39.73999074,-105.0218541,4/27/2024 15:53,15:53,5,0,0,W COLFAX AVE & N ELIOT ST,11,1,0,1,3,8,0,0,45,0,0,0,0,0,2,2,16
,2024-023816,39.70751559,-105.0227042,4/27/2024 18:04,18:04,3,0,2,W VIRGINIA AVE & S DECATUR ST,1,1,0,1,1,1,0,0,30,0,0,0,0,3,4,2,11
,2024-023817,39.72529484,-105.0131006,4/7/2024 0:52,0:52,5,0,0,I-25 NB ON RAMP FROM EB W 6TH AVE & I-25 UNDERPASS,1,3,1,0,3,8,0,0,40,0,0,0,0,0,1,1,16
,2024-023821,39.77714437,-104.7593704,4/28/2024 6:45,6:45,5,0,0,19446 E 45TH AVE & FLANDERS ST,11,1,0,1,2,4,0,0,25,0,0,0,0,0,4,1,14
,2024-023830,39.83345908,-104.6833901,3/25/2024 1:09,1:09,12,0,4,PENA BLVD & JACKSON GAP ST,7,3,0,2,1,4,0,0,65,0,0,0,0,2,4,3,1
,2024-023831,39.73677732,-104.9483783,4/30/2024 8:05,8:05,3,0,1,E 13TH AVE & N ADAMS ST,1,1,0,0,1,1,0,0,20,0,0,0,0,2,4,3,7
,2024-023833,39.71741472,-105.0001835,4/20/2024 1:15,1:15,6,0,0, KALAMATH ST & W ELLSWORTH AVE,9,3,0,2,1,4,0,0,35,0,0,0,0,0,4,3,4
,2024-023834,39.74203389,-104.9874133,4/13/2024 23:43,23:43,5,0,4, BROADWAY ST & 1670,1,3,0,0,2,4,0,0,35,0,0,0,0,3,4,1,1
,2024-023836,39.74772828,-104.9609983,4/18/2024 10:11,10:11,5,0,0, GAYLORD ST & E 21ST AVE,11,1,0,1,1,4,0,0,20,0,0,0,0,0,4,1,14
,2024-023838,39.64198685,-104.8803181,4/29/2024 23:47,23:47,5,0,1,I-225 & SB OFF RAMP TO S YOSEMITE ST GORE PT,1,3,0,0,3,8,0,0,65,0,0,0,0,3,1,1,16
,2024-023851,39.72543186,-105.0353746,4/20/2024 2:33,2:33,5,0,0,W 6TH AVE & N LOWELL BLVD,9,3,0,2,6,3,0,0,20,0,0,0,0,0,2,1,13
,2024-023859,39.7387058,-104.8893825,1/4/2024 11:42,11:42,3,0,1,E 14TH AVE & N WABASH ST,1,1,0,0,1,1,0,0,20,0,0,0,0,1,4,2,16
,2024-023865,39.76384685,-104.9802299,4/26/2024 1:36,1:36,5,0,0,WALNUT ST & 31ST ST,1,3,0,0,3,4,0,1,30,0,0,0,0,0,4,1,1
,2024-023870,39.77656929,-104.827376,5/1/2024 21:55,21:55,6,0,0, DENMARK CT & E 44TH AVE,1,3,0,0,1,4,0,0,,0,0,0,0,0,4,2,16
,2024-023878,39.74379558,-104.8963847,5/2/2024 8:02,8:02,3,0,0, TRENTON ST & E 17TH AVE,1,1,0,0,1,1,0,0,,0,0,0,0,0,4,2,16
,2024-023879,39.73366,-104.9162201,5/1/2024 21:22,21:22,6,0,1,E 11TH AVE & N KRAMERIA ST,1,3,0,0,1,4,0,0,25,0,0,0,0,2,4,4,9
,2024-023889,39.71120452,-104.9995102,5/3/2024 18:12,18:12,5,0,0,I-25 SB OFF RAMP & W ALAMEDA AVE,1,1,0,0,3,1,0,1,35,0,0,0,0,0,2,1,7
,2024-023894,39.73374883,-104.994184,5/3/2024 18:55,18:55,12,0,1, SPEER BLVD & W 11TH AVE,1,1,0,0,1,4,0,0,25,0,0,0,0,1,4,2,1
,2024-023895,39.73514677,-104.9764369,5/3/2024 20:00,20:00,3,0,1,E 12TH AVE & N EMERSON ST,1,3,0,0,1,1,0,0,25,0,0,0,0,2,4,2,10
,2024-023906,39.65045636,-104.9167703,5/4/2024 23:52,23:52,5,0,0,I-25 & NB OFF RAMP TO E HAMPDEN AVE GORE PT,1,3,0,0,3,8,0,0,65,0,0,0,0,0,1,1,16
,2024-023908,39.72986091,-104.8987713,5/1/2024 2:38,2:38,5,0,0, SYRACUSE ST & E 8TH AVE,1,3,0,0,4,1,0,0,,0,0,0,0,0,4,1,16
,2024-023915,39.67844532,-105.0278527,4/16/2024 22:00,22:00,5,0,0, HAZEL WAY & 2101,1,3,0,0,3,4,0,0,,0,0,0,0,0,4,1,16
,2024-023926,39.77105707,-104.7616542,5/7/2024 2:00,2:00,5,0,0,E 40TH AVE & N ENSENADA ST,1,4,0,0,2,4,0,0,25,0,0,0,0,0,4,1,1
,2024-023929,39.7320633,-104.9407731,5/5/2024 15:21,15:21,5,0,5, COLORADO BLVD & E 10TH AVE,1,1,0,0,6,3,0,0,35,0,0,0,0,2,2,2,1
,2024-023932,39.76212617,-105.0369594,5/6/2024 14:41,14:41,5,0,0,W 32ND AVE & N NEWTON ST,1,1,0,0,3,1,0,0,30,0,0,0,0,0,4,1,16
,2024-023933,39.78357931,-105.0095254,5/7/2024 11:21,11:21,5,0,0,I-70 & WB ON RAMP FROM N PECOS ST MERGE PT,1,1,0,0,3,4,0,0,45,0,0,0,0,0,1,1,16
,2024-023934,39.78289787,-104.9783735,5/7/2024 15:42,15:42,5,0,0, WASHINGTON ST & E ELK PL,1,1,0,0,3,3,0,0,25,0,0,0,0,0,4,1,16
,2024-023935,39.71111904,-104.9698599,5/6/2024 13:15,13:15,1,0,1,E ALAMEDA AVE & S HUMBOLDT ST,1,1,0,0,1,1,0,0,30,0,0,0,0,1,4,2,11
,2024-023936,39.74061153,-105.0168975,5/5/2024 11:37,11:37,11,0,1,WB ON RAMP FROM AURARIA PKWY & W COLFAX AVE,1,1,0,0,1,8,0,0,35,0,0,1,0,3,2,1,13
,2024-023937,39.72098209,-104.958438,5/6/2024 17:00,17:00,6,0,1,E 3RD AVE & N JOSEPHINE ST,1,2,0,0,1,4,0,0,25,0,0,0,0,1,4,2,16
,2024-023959,39.74003281,-105.0022878,5/9/2024 7:48,7:48,15,0,0,W COLFAX AVE & N MARIPOSA ST,1,1,0,0,1,4,0,0,30,0,0,0,0,0,2,2,16
,2024-023965,39.7980858,-104.8289643,4/29/2024 0:58,0:58,5,0,0,E 56TH AVE & N WORCHESTER ST,1,3,0,0,3,4,0,0,45,0,0,0,0,0,4,1,16
,2024-023968,39.70223511,-105.0298056,5/8/2024 5:56,5:56,3,0,0,W OHIO AVE & S IRVING ST,1,1,0,0,1,1,0,0,25,0,0,0,0,0,4,2,16
,2024-023970,39.78893579,-104.9316083,5/5/2024 16:49,16:49,5,0,0,E 51ST AVE & N DAHLIA ST,1,1,0,0,2,1,0,0,25,0,0,0,0,0,4,1,16
,2024-023972,39.72908019,-104.9729356,5/10/2024 6:47,6:47,3,0,0,E 8TH AVE & N DOWNING ST,1,1,0,0,1,1,0,0,30,0,0,0,0,0,4,2,13
,2024-023976,39.71525137,-105.0227489,4/21/2024 2:00,2:00,6,0,0, DECATUR ST & W BAYAUD AVE,1,3,0,0,1,4,0,0,25,0,0,0,0,0,4,2,16
,2024-023978,39.83955599,-104.6760953,5/10/2024 4:53,4:53,5,0,0,PENA BLVD & E 80TH AVE,1,3,0,0,3,4,0,0,45,0,0,0,0,0,4,1,1
,2024-023985,39.68208931,-104.9027518,1/1/2024 1:30,1:30,5,0,0,7301 E JEWELL AVE & S QUEBEC ST,1,3,0,0,2,2,0,0,35,0,0,0,0,0,4,1,16
,2024-023987,39.78002588,-104.9593234,1/1/2024 14:14,14:14,3,0,0, YORK ST & E 46TH AVE,1,1,0,0,1,1,0,0,35,0,0,0,0,0,4,2,14
,2024-023989,39.63854377,-105.0408161,5/11/2024 23:36,23:36,5,0,1,W QUINCY AVE & S QUITMAN ST,11,3,0,1,3,4,0,0,40,0,0,0,1,3,4,1,13
,2024-023992,39.77625887,-104.9892122,5/12/2024 7:01,7:01,5,0,0,I-25 NB & I-70 EB,11,1,1,1,3,4,0,0,55,0,0,0,0,0,1,1,1
,2024-024001,39.72453331,-105.0439587,5/10/2024 20:17,20:17,5,0,1,531  TENNYSON ST & W 5TH AVE,1,3,0,0,4,1,0,0,20,0,0,0,0,3,4,1,16
,2024-024015,39.65307901,-104.8987255,4/26/2024 17:08,17:08,3,0,1,E HAMPDEN AVE & S TAMARAC DR,1,1,0,0,1,1,0,0,45,0,1,0,0,3,2,3,16