id,drcog_id,latitude,longitude,crashtime,time,crashtype,numbkilled,numbinjurd,drcoglocat,rdconditin,lightngcon,roadcntgrd,weatherco,location,roaddescrp,schoolzone,constrzone,splimit,bikeinv,pedinv,sctrinv,motoinv,svrty,rdsystem,ttlvehcls,hcf
,2024-024022,39.74007689,-104.9161643,5/12/2024 21:30,21:30,5,0,0,E COLFAX AVE & N KRAMERIA ST,11,3,0,0,3,1,0,0,35,0,0,0,0,0,2,1,16
,2024-024037,39.74897137,-104.9801701,5/10/2024 3:41,3:41,5,0,1,PARK AVE W & COURT PL,1,3,0,0,2,3,0,0,20,0,0,0,0,2,4,1,14
,2024-024041,39.72488492,-104.9874589,5/15/2024 11:55,11:55,2,0,1,550  BROADWAY ST & E 6TH AVE,1,1,3,0,1,2,0,0,30,1,0,0,0,2,4,1,11
,2024-024044,39.67503609,-104.9875746,5/14/2024 22:34,22:34,5,0,0,BROADWAY ST & E ILIFF AVE,1,3,0,0,3,4,0,0,35,0,0,0,0,0,4,1,16
,2024-024046,39.68221302,-105.0371766,5/14/2024 23:17,23:17,5,0,0,W JEWELL AVE & S NEWTON ST,1,3,0,0,2,3,0,0,30,0,0,0,0,0,4,1,2
,2024-024051,39.82189752,-104.7719489,5/15/2024 21:44,21:44,1,0,2, TOWER RD & E 69TH AVE,11,3,0,1,1,1,0,0,45,0,0,0,0,2,4,3,8
,2024-024058,39.71100705,-104.9482903,5/12/2024 5:59,5:59,5,0,0,E ALAMEDA AVE & E CHERRY CREEK S DR,11,2,0,1,3,1,0,0,30,0,0,0,0,0,4,1,16
,2024-024063,39.72600602,-104.9590219,5/8/2024 16:35,16:35,5,0,1, JOSEPHINE ST & E 6TH AVE,1,1,0,0,2,4,0,0,35,0,0,0,0,3,4,1,14
,2024-024066,39.66011381,-105.002806,5/17/2024 17:52,17:52,15,0,1, PLATTE RIVER DR & W DARTMOUTH AVE,1,1,0,0,1,4,0,1,35,0,0,0,0,1,4,2,13
,2024-024068,39.75445816,-104.9562477,5/18/2024 1:46,1:46,5,0,1,E 26TH AVE & N ELIZABETH ST,1,3,0,0,2,3,0,0,25,0,0,0,0,2,4,1,14
,2024-024074,39.76199517,-104.9659556,5/18/2024 17:02,17:02,3,0,2,WILLIAMS ST & E MLK JR BLVD,1,1,0,0,1,1,0,0,30,0,0,0,0,2,4,3,16
,2024-024088,39.70516755,-104.921928,5/25/2024 8:07,8:07,5,0,2, HOLLY ST & E CUSTER PL,1,1,0,0,2,4,0,0,30,0,0,0,0,2,4,1,16
,2024-024095,39.8308939,-104.7041235,5/23/2024 17:02,17:02,5,0,0,24300 E 75TH AVE,1,1,0,0,5,7,0,0,25,0,0,0,0,0,3,1,16
,2024-024105,39.71111872,-104.9665092,5/10/2024 20:42,20:42,3,0,0,E ALAMEDA AVE & S WILLIAMS ST,1,3,0,0,1,9,0,0,35,0,0,0,0,0,4,2,16
,2024-024106,39.6968002,-105.0203602,5/21/2024 16:35,16:35,5,0,0, CLAY ST & W MISSISSIPPI AVE,1,1,0,0,3,1,0,0,,0,0,0,0,0,4,2,16
,2024-024115,39.75679986,-104.9806439,5/28/2024 8:00,8:00,2,0,1,CHAMPA ST & 27TH ST,1,1,0,0,1,1,0,0,30,1,0,0,0,1,2,1,13
,2024-024118,39.70042019,-105.0481214,5/28/2024 8:04,8:04,2,0,1,W KENTUCKY AVE & MORRISON RD,1,1,0,0,1,1,0,0,35,1,0,0,0,2,4,1,16
,2024-024124,39.77296178,-104.8299622,5/26/2024 2:41,2:41,5,0,0,I-70 WB ON RAMP & I-225 NB FLYOVER,1,3,1,0,3,8,0,0,,0,0,0,0,0,1,1,16
,2024-024127,39.75230237,-105.0038706,5/29/2024 15:30,15:30,5,0,0,DELGANY ST & 15TH ST,1,1,0,0,3,1,0,0,25,0,0,0,0,0,4,1,3
,2024-024133,39.78446697,-105.0515015,5/13/2024 18:35,18:35,5,0,1,I-70 & N SHERIDAN BLVD,1,1,0,0,3,4,0,0,55,0,0,0,0,1,1,2,1
,2024-024136,39.77581915,-104.9787251,5/25/2024 1:15,1:15,5,0,0, WASHINGTON ST & RINGSBY CT,1,3,0,0,6,1,0,0,35,0,0,0,0,0,4,1,16
,2024-024137,39.71814895,-105.0397023,5/12/2024 23:50,23:50,3,0,1,PERRY ST & W 1ST AVE,1,3,0,0,1,1,0,0,30,0,0,0,0,2,4,3,16
,2024-024147,39.72552585,-104.9035681,5/31/2024 12:39,12:39,1,0,3,E 6TH & N QUEBEC ST,1,1,0,0,1,1,0,0,35,0,0,0,0,1,4,2,10
,2024-024154,39.70995629,-104.8709904,6/1/2024 9:55,9:55,5,0,1,E ALAMEDA AVE & S GALENA WY,1,1,0,0,6,4,0,0,40,0,0,0,0,3,4,1,16
,2024-024156,39.71111096,-104.9732096,5/30/2024 22:18,22:18,3,0,0,E ALAMEDA AVE & S DOWNING ST,1,3,0,0,1,2,0,0,30,0,0,0,0,0,4,2,16
,2024-024157,39.75960599,-104.9770279,5/31/2024 8:06,8:06,2,0,1,CHAMPA ST & 30TH ST,1,1,3,7,1,1,0,0,30,1,0,0,0,2,4,1,11
,2024-024173,39.67784001,-104.9334274,5/31/2024 15:23,15:23,12,0,0,I-25 & E EVANS AVE,1,1,0,0,1,4,0,0,55,0,0,0,0,0,1,2,13
,2024-024174,39.72404885,-104.9582561,6/1/2024 14:45,14:45,6,0,0, JOSEPHINE ST & E 5TH AVE,1,1,0,0,1,4,0,0,30,0,0,0,0,0,4,2,16
,2024-024175,39.72931408,-105.0148139,6/3/2024 11:04,11:04,12,0,0,I-25 & W 8TH AVE,1,1,0,0,1,4,0,0,55,0,0,0,0,0,1,4,10
,2024-024176,39.77966053,-104.9725001,5/18/2024 20:05,20:05,15,0,0,I-70 & EB OFF RAMP EXT TO N BRIGHTON BLVD,1,2,0,0,1,4,0,0,55,0,0,0,0,0,2,2,3
,2024-024179,39.71794815,-104.9513916,6/1/2024 11:55,11:55,15,0,0,E 1ST AVE & N ST PAUL ST,1,1,0,0,1,3,0,0,35,0,0,0,0,0,4,2,13
,2024-024180,39.72496654,-105.016087,4/29/2024 22:57,22:57,5,1,0,W 6TH AVE EB OFF RAMP & I-25,1,3,0,0,2,8,0,0,45,0,0,0,1,4,2,1,7
,2024-024182,39.76835848,-104.9948763,5/30/2024 7:02,7:02,15,0,0,I-25 & W 38TH AVE,1,1,1,0,1,4,0,0,55,0,0,0,0,0,1,2,13
,2024-024184,39.75802248,-104.9033928,6/2/2024 16:49,16:49,11,0,1, QUEBEC ST & E 29TH AVE,1,1,0,0,1,1,0,0,0,0,1,0,0,2,4,1,16
,2024-024185,39.73979242,-104.9034593,5/17/2024 7:30,7:30,12,0,0, QUEBEC ST & E COLFAX AVE,1,1,0,0,1,3,0,0,30,0,0,0,0,0,4,2,16
,2024-024186,39.77651091,-104.9895697,5/29/2024 9:00,9:00,12,0,0,I-25 & W 44TH AVE,1,1,1,0,1,4,0,0,55,0,0,0,0,0,1,3,3
,2024-024187,39.77647752,-104.8756217,5/10/2024 8:00,8:00,15,0,0,I-70 & EB ON RAMP ENT FROM N CENTRAL PARK BLVD,1,1,0,0,1,8,0,0,55,0,0,0,0,0,1,2,1
,2024-024189,39.75836405,-105.0381378,5/11/2024 13:30,13:30,6,0,0, OSCEOLA ST & W 29TH AVE,11,1,1,1,1,4,0,0,,0,0,0,0,0,4,2,16
,2024-024192,39.63675602,-104.890841,6/1/2024 0:29,0:29,12,0,0,I-225 & MM 1,1,3,0,0,1,4,0,0,,0,0,0,0,0,1,2,16
,2024-024198,39.72932452,-105.0161049,6/2/2024 1:57,1:57,9,0,1, ZUNI ST SLIP & W 8TH AVE,1,3,0,0,1,3,0,0,15,0,0,0,0,1,4,1,16
,2024-024199,39.74379835,-104.9518121,6/2/2024 14:35,14:35,3,0,0,E 17TH AVE & N MILWALKEE ST,1,1,0,0,1,9,0,0,15,0,0,0,0,0,4,2,11
,2024-024202,39.68153017,-104.9373296,4/27/2024 13:08,13:08,5,0,1,I-25 & SB OFF RAMP TO S EVANS AVE GORE PT,11,1,1,0,6,8,0,0,65,0,0,0,0,1,1,1,16
,2024-024205,39.69960984,-104.9931303,5/31/2024 11:53,11:53,15,0,0, PLATTE RIVER DR & W TENNESSEE AVE,1,1,0,0,1,4,0,0,45,0,0,0,0,0,2,2,8
,2024-024207,39.72003966,-105.0071042,6/3/2024 10:41,10:41,15,0,0,I-25 & W 6TH AVE,1,1,0,0,1,4,0,0,55,0,0,0,0,0,1,2,13
,2024-024208,39.667734,-105.0814214,5/30/2024 21:40,21:40,3,0,6, WADSWORTH BLVD & W YALE AVE,1,3,0,0,1,1,0,0,,0,0,0,0,2,2,2,16
,2024-024209,39.77999189,-104.9385924,5/29/2024 15:11,15:11,12,0,1,I-70 & N COLORADO BLVD,1,1,0,0,1,4,0,0,55,0,0,0,1,2,1,2,14
,2024-024213,39.63815612,-104.8947522,5/28/2024 15:49,15:49,11,0,1, TAMARAC PKWY & E QUINCY AVE,1,1,0,0,1,2,0,0,0,0,0,1,0,2,4,1,16
,2024-024214,39.77580141,-104.867789,5/31/2024 11:58,11:58,12,0,1,I-70 & N HAVANA ST,1,1,0,0,1,4,0,0,55,0,0,0,0,1,1,3,13
,2024-024216,39.78256855,-104.8762539,5/31/2024 14:40,14:40,1,0,0,E NORTHFIELD BLVD & N DALLAS ST,1,1,0,0,1,1,0,0,30,0,0,0,0,0,4,2,7
,2024-024218,39.72646538,-104.9775569,5/5/2024 23:41,23:41,5,0,1, CLARKSON ST & E 6TH AVE,1,3,0,0,2,4,0,0,30,0,0,0,0,2,4,1,11
,2024-024221,39.78348275,-105.0114349,6/1/2024 22:00,22:00,12,0,0,I-70 & N PECOS ST,1,3,0,0,1,4,0,0,55,0,0,0,0,0,1,2,13
,2024-024225,39.76798727,-104.9949244,6/3/2024 8:58,8:58,15,0,0,I-25 & PARK AVE W,1,1,0,0,1,8,0,0,55,0,0,0,0,0,1,2,13
,2024-024228,39.70963756,-104.9964021,6/1/2024 17:50,17:50,15,0,2, SANTA FE DR & W ALAMEDA AVE,1,1,0,0,1,2,0,0,35,0,0,0,0,1,2,3,13
,2024-024229,39.6783618,-104.9710937,5/11/2024 17:48,17:48,6,0,0, LAFAYETTE ST & E EVANS AVE,1,1,0,0,1,1,0,0,30,0,0,0,0,0,4,2,3
,2024-024231,39.79837857,-104.7719321,5/17/2024 22:32,22:32,12,0,0,E 56TH AVE & N TOWER RD,1,3,0,0,1,3,0,0,45,0,0,0,0,0,4,3,16
,2024-024232,39.7254384,-105.0532419,6/3/2024 7:44,7:44,3,0,1, SHERIDAN BLVD & W 6TH AVE EB RAMPS,1,1,0,0,1,1,0,0,35,0,0,0,0,1,2,2,16
,2024-024233,39.74378523,-104.9116637,5/18/2024 4:41,4:41,5,0,0,E 17TH AVE & N MAGNOLIA ST,1,3,0,0,3,1,0,0,30,0,0,0,0,0,4,1,16
,2024-024234,39.77860074,-104.9222539,6/3/2024 7:57,7:57,12,0,0,I-70 & N HOLLY ST,1,1,0,0,1,4,0,0,55,0,0,0,0,0,1,2,3
,2024-024238,39.65308975,-104.9182388,5/30/2024 7:51,7:51,15,0,0,I-25 & E HAMPDEN AVE,1,1,1,0,1,4,0,0,55,0,0,0,0,0,1,2,1
,2024-024240,39.77995494,-104.929756,5/30/2024 15:50,15:50,12,0,0,I-70 & N DAHLIA ST,1,1,1,0,1,4,0,0,55,0,0,0,0,0,1,2,13
,2024-024245,39.77758529,-104.9031751,5/30/2024 14:06,14:06,2,0,1,I-70 EB ON RAMP & N NORTHFIELD QUEBEC ST,1,1,0,0,1,8,0,0,55,1,0,0,0,2,1,1,11
,2024-024248,39.75175194,-104.9958688,6/2/2024 10:03,10:03,3,0,2,18TH ST & MARKET ST,1,1,0,0,1,1,0,0,25,0,0,0,0,2,4,2,13
,2024-024250,39.7729621,-104.9903411,5/31/2024 8:16,8:16,12,0,1,I-25 SB ON RAMP FROM -70 & I-70,1,1,1,0,1,8,0,0,55,0,0,0,0,1,1,2,14
,2024-024255,39.68551183,-104.9594458,6/1/2024 5:20,5:20,5,0,0,I-25 NB OFF RAMP SLIP & S UNIVERSITY BLVD,1,1,0,0,6,1,0,0,,0,0,0,0,0,4,1,14
,2024-024258,39.74022296,-104.8928661,6/2/2024 1:00,1:00,11,0,1,E COLFAX AVE & N UINTA ST,1,3,0,0,1,1,0,0,,0,1,0,0,3,2,1,16
,2024-024261,39.8334178,-104.7718786,5/31/2024 11:15,11:15,1,0,0, TOWER RD & PENA BLVD,1,1,0,0,1,1,0,0,45,0,0,0,0,0,4,2,16
,2024-024267,39.70295734,-104.9128706,6/2/2024 3:11,3:11,12,0,2,LEETSDALE DR & S MONACO ST,1,3,0,0,1,3,0,0,35,0,0,0,0,1,2,2,2
,2024-024268,39.67863361,-105.0265139,6/2/2024 17:04,17:04,10,0,0,W EVANS AVE & S FEDERAL BLVD,1,1,0,0,6,2,0,0,30,0,0,0,0,0,4,2,16
,2024-024272,39.72546563,-105.0139298,5/31/2024 10:11,10:11,12,0,2,W 6TH AVE & I-25,1,1,0,0,1,4,0,0,55,0,0,0,0,1,2,2,13
,2024-024274,39.78095162,-104.8828234,5/31/2024 7:36,7:36,3,0,0, CENTRAL PARK BLVD & E 46TH PL,1,1,0,0,1,1,0,0,35,0,0,0,0,0,4,2,11
,2024-024276,39.74021789,-104.9034571,5/22/2024 20:09,20:09,1,0,4,E COLFAX AVE & N QUEBEC ST,1,2,0,0,1,1,0,0,35,0,0,0,1,3,2,3,10
,2024-024277,39.74328145,-104.9861155,6/1/2024 13:38,13:38,11,0,0,E 17TH AVE & N LINCOLN ST,1,1,0,0,1,1,0,0,0,0,1,0,0,0,4,1,16
,2024-024278,39.77285926,-104.8336766,6/2/2024 15:59,15:59,12,0,0,I-70 & EB OFF RAMP EXT TO I-225,1,1,0,0,1,4,0,0,55,0,0,0,0,0,1,2,14
,2024-024279,39.77850097,-104.9203811,5/30/2024 17:12,17:12,12,0,0,I-70 & N HOLLY ST,1,1,0,0,1,4,0,0,55,0,0,0,0,0,1,2,3
,2024-024280,39.66312228,-105.0532328,6/2/2024 22:01,22:01,5,0,0, SHERIDAN BLVD & W BATES AVE,1,3,1,0,3,4,0,0,40,0,0,0,0,0,2,1,6
,2024-024281,39.77953002,-104.9827253,5/29/2024 17:44,17:44,12,0,0,I-70 EB ON RAMP & N WASHINGTON ST,1,1,0,0,1,8,0,0,45,0,0,0,0,0,4,3,13
,2024-024282,39.76199186,-104.9536469,4/30/2024 18:00,18:00,6,0,1, FILLMORE ST & MLK BLVD,1,1,0,0,1,4,0,0,20,0,1,0,0,2,4,2,2
,2024-024293,39.75690974,-104.9927809,6/1/2024 9:39,9:39,12,0,0,22ND ST & WAZEE ST,1,1,0,0,1,4,0,0,35,0,0,0,0,0,4,2,11
,2024-024295,39.72424641,-105.012068,6/2/2024 0:06,0:06,12,0,1,I-25 & W 6TH AVE,1,3,1,0,1,4,0,0,55,0,0,0,0,2,1,2,16
,2024-024297,39.78000277,-104.9789813,5/29/2024 15:21,15:21,3,0,1, WASHINGTON ST & I-70 WB RAMPS,1,1,1,0,1,1,0,0,30,0,0,0,0,1,4,3,14
,2024-024300,39.72424641,-105.012068,5/30/2024 9:55,9:55,12,0,0,I-25 & W 6TH AVE,1,1,0,0,1,4,0,0,45,0,0,0,0,0,1,2,13
,2024-024301,39.67845554,-104.933633,6/2/2024 19:33,19:33,5,0,1,4697 E EVANS AVE & I-25,1,1,3,0,2,4,0,0,35,0,0,0,0,1,4,1,16
,2024-024302,39.77339627,-104.8474654,6/3/2024 0:10,0:10,15,0,0,I-70 EB OFF RAMP & N PEORIA ST,1,3,1,0,1,8,0,0,35,0,0,0,0,0,1,2,16
,2024-024303,39.67179703,-105.015717,5/31/2024 12:43,12:43,10,0,0,W HARVARD AVE & S ZUNI ST,1,1,0,0,1,1,0,0,30,0,0,0,0,0,4,2,1
,2024-024304,39.76598017,-105.0252995,6/3/2024 7:13,7:13,12,0,0, FEDERAL BLVD & W 35TH AVE,1,1,0,0,1,4,0,0,35,0,0,0,0,0,2,3,1
,2024-024305,39.83854442,-104.6718813,6/2/2024 19:05,19:05,5,0,0,PENA BLVD & E 78TH AVE,1,1,1,0,1,4,0,0,10,0,0,0,0,0,4,2,14
,2024-024314,39.77834555,-104.987609,5/14/2024 23:35,23:35,8,0,1,W 44TH AVE & E 45TH AVE,1,3,1,0,1,4,0,0,30,0,0,0,1,3,4,2,8
,2024-024317,39.65368994,-105.0345919,6/2/2024 20:40,20:40,9,0,1,W HAMPDEN AVE & S SHERIDAN BLVD,1,3,0,0,1,4,0,0,55,0,0,0,1,3,2,1,13
,2024-024318,39.7111758,-104.8927364,5/31/2024 10:36,10:36,12,0,0,E ALAMEDA AVE & E FAIRMOUNT DR,1,1,0,0,1,3,0,0,35,0,0,0,0,0,4,2,13
,2024-024322,39.82940508,-104.7718674,5/31/2024 16:01,16:01,15,0,0, TOWER RD & PENA BLVD,1,1,1,0,1,4,0,0,,0,0,0,0,0,4,2,16
,2024-024323,39.77441753,-105.001752,6/3/2024 5:11,5:11,6,0,0, LIPAN ST & W 42ND AVE,1,1,0,0,1,4,0,0,30,0,0,0,0,0,4,2,16
,2024-024326,39.70184549,-104.9878972,5/30/2024 13:41,13:41,12,0,0,I-25 & S BROADWAY ST,1,1,0,0,1,4,0,0,55,0,0,0,0,0,1,2,10
,2024-024327,39.71129106,-105.0384858,6/1/2024 10:30,10:30,15,0,0,W ALAMEDA AVE & S OCEOLA ST,1,1,0,0,1,4,0,0,35,0,0,0,0,0,2,2,11
,2024-024328,39.74000995,-104.9684619,5/31/2024 14:20,14:20,3,0,0,E COLFAX AVE & N FRANKLIN ST,1,1,0,0,1,1,0,0,30,0,0,0,0,0,2,2,13
,2024-024331,39.68868477,-104.9718608,5/29/2024 12:47,12:47,12,0,1,I-25 SB ON RAMP & S DOWNING ST,1,1,0,0,1,8,0,0,45,0,0,0,0,1,1,2,13
,2024-024332,39.74006182,-105.0048281,5/21/2024 17:08,17:08,11,0,1,W COLFAX AVE & N OSAGE ST,11,1,0,1,1,2,0,0,,0,0,1,0,1,2,1,16
,2024-024333,39.74984997,-104.9983526,5/15/2024 9:49,9:49,3,0,0,MARKET ST & 16TH ST,1,1,0,0,1,2,0,0,,0,0,0,0,0,4,2,16
,2024-024337,39.65857209,-104.9253953,5/28/2024 13:34,13:34,6,0,0, GLENCOE ST & E EASTMAN AVE,1,1,0,0,1,4,0,0,20,0,0,0,0,0,4,2,16
,2024-024338,39.73061142,-105.0152718,5/30/2024 17:36,17:36,15,0,0,I-25 & NB ON RAMP FROM 6TH AVE MREGE PT,1,1,1,0,1,8,0,0,35,0,0,0,0,0,4,2,16
,2024-024339,39.71170933,-104.9994631,6/2/2024 10:00,10:00,15,0,0,I-25 & W ALAMEDA AVE,1,1,0,0,1,4,0,0,,0,0,0,0,0,1,2,16
,2024-024340,39.77989377,-104.9670419,6/3/2024 15:54,15:54,12,0,0,I-70 & N BRIGHTON BLVD,1,1,0,0,1,4,0,0,55,0,0,0,0,0,1,2,1
,2024-024342,39.65464109,-104.9192189,5/28/2024 15:51,15:51,15,0,1,I-25 & E HAMPDEN AVE,1,1,0,0,1,4,0,0,,0,0,0,1,1,1,3,16
,2024-024343,39.66224548,-105.0532297,5/31/2024 12:44,12:44,15,0,0, SHERIDAN BLVD & W BATES AVE,1,1,0,0,1,4,0,0,40,0,0,0,0,0,2,2,14
,2024-024344,39.6578395,-104.87082,6/3/2024 2:27,2:27,6,0,0, FULTON CT & S DAYTON ST,1,3,0,0,1,4,0,0,,0,0,0,0,0,4,2,16
,2024-024346,39.7748537,-104.8471614,6/1/2024 12:40,12:40,15,0,0,I-70 & N PEORIA ST,1,1,1,0,1,1,0,0,25,0,0,0,0,0,1,2,14
,2024-024353,39.73527472,-104.9973441,5/27/2024 19:00,19:00,6,0,0,W 12TH AVE & N INCA ST,1,3,0,0,1,4,0,0,20,0,0,0,0,0,4,2,13
,2024-024355,39.77095199,-105.0429417,5/13/2024 11:30,11:30,6,0,0,W 39TH AVE & STUART ST,1,1,0,0,1,3,0,0,20,0,0,0,0,0,4,2,12
,2024-024357,39.73282933,-105.0251685,5/5/2024 2:54,2:54,5,0,1,995  FEDERAL BLVD & W 10TH AVE,1,3,0,0,3,4,0,0,35,0,0,0,0,1,2,2,16
,2024-024358,39.74001835,-105.005234,6/2/2024 8:24,8:24,3,0,0,7TH ST & N OSAGE ST,1,1,0,0,1,1,0,0,30,0,0,0,0,0,2,2,11
,2024-024400,39.6822722,-105.0250198,6/3/2024 21:21,21:21,1,0,2, FEDERAL BLVD & W JEWELL AVE,1,3,0,0,1,1,0,0,35,0,0,0,0,2,2,2,14
,2024-024403,39.76116435,-105.0047667,6/4/2024 8:05,8:05,15,0,4,I-25 & 20TH ST,1,1,1,0,1,4,0,0,55,0,0,0,0,1,1,4,1
,2024-024425,39.75468504,-104.9900083,6/3/2024 8:05,8:05,12,0,0,22ND ST & LARIMER ST,1,1,0,0,1,3,0,0,30,0,0,0,0,0,4,2,3
,2024-024433,39.72097938,-104.9545131,6/4/2024 12:00,12:00,6,0,0,E 3RD AVE & N DETROIT ST,1,1,0,0,1,4,0,0,25,0,0,0,0,0,4,2,3
,2024-024435,39.74226,-104.9907648,6/3/2024 16:15,16:15,15,0,0,TREMONT PL & 15TH ST,1,1,0,0,1,3,0,0,25,0,0,0,0,0,4,2,14
,2024-024436,39.77328415,-104.8386346,6/3/2024 12:48,12:48,12,0,0,I-70 & I-225 SB ON RAMP ENT,1,3,1,0,1,4,0,0,55,0,0,0,0,0,1,2,14
,2024-024439,39.71118464,-105.0085721,6/4/2024 10:30,10:30,12,0,0,W ALAMEDA AVE & S RARITAN ST,1,1,0,0,1,1,0,0,,0,0,0,0,0,2,2,16
,2024-024440,39.76450868,-104.9721011,6/4/2024 16:39,16:39,3,0,1, MARION ST & E BRUCE RANDOLPH AVE,1,1,0,0,1,1,0,0,20,0,0,0,0,1,4,2,11
,2024-024442,39.68888308,-104.9734197,5/7/2024 18:03,18:03,1,0,1,E BUCHTEL BLVD & S DOWNING ST,1,1,0,0,1,1,0,0,,0,0,0,0,1,4,2,13
,2024-024445,39.77893229,-104.954136,6/3/2024 16:10,16:10,6,0,1,E 45TH AVE & N CLAYTON ST,1,1,0,0,1,4,0,0,,0,0,0,0,1,4,5,10
,2024-024446,39.77296519,-104.8349125,6/4/2024 18:14,18:14,12,0,0,I-70  & I-225 ON RAMP ENT,1,1,0,0,1,4,0,0,65,0,0,0,0,0,1,2,13
,2024-024448,39.75072146,-104.9698442,6/2/2024 11:22,11:22,6,0,0,E 23RD AVE & N HUMBOLDT ST,1,1,0,0,1,4,0,0,35,0,0,0,0,0,4,4,14
,2024-024449,39.74891384,-104.9873973,6/4/2024 17:32,17:32,12,0,0, BROADWAY ST & 20TH ST,1,1,0,0,1,1,0,0,,0,0,0,0,0,4,3,10
,2024-024450,39.76563723,-104.938069,6/3/2024 9:13,9:13,12,0,1,E 35TH AVE & N ASH ST,1,1,0,0,1,3,0,0,25,0,0,0,0,1,4,2,16
,2024-024452,39.74004275,-104.9835797,6/2/2024 6:10,6:10,3,0,0,E COLFAX AVE & N GRANT ST,1,1,0,0,1,1,0,0,30,0,0,0,0,0,2,2,16
,2024-024455,39.73101958,-105.0532247,6/2/2024 2:09,2:09,3,0,0, SHERIDAN BLVD & W 9TH AVE,1,4,0,0,1,2,0,0,30,0,0,0,0,0,2,2,16
,2024-024456,39.7321009,-105.0015797,6/4/2024 11:56,11:56,3,0,0,W 10TH AVE & N LIPAN ST,1,1,0,0,1,1,0,0,30,0,0,0,0,0,4,2,13
,2024-024457,39.74339487,-104.9275439,6/4/2024 10:04,10:04,3,0,0,E 17TH AVE & N FILBERT CT,1,1,0,0,1,1,0,0,20,0,0,0,0,0,4,2,13
,2024-024459,39.68297524,-104.939958,5/31/2024 9:30,9:30,15,0,0,I-25 & S COLORADO BLVD,1,1,0,0,1,4,0,0,,0,0,0,0,0,1,4,16
,2024-024461,39.79450668,-104.9034045,5/30/2024 15:56,15:56,12,0,0, QUEBEC ST & E 53RD AVE,1,1,0,0,1,4,0,0,40,0,0,0,0,0,4,3,13
,2024-024462,39.6602907,-104.9404235,6/3/2024 14:00,14:00,12,0,0,E DARTMOUTH AVE & S COLORADO BLVD,1,1,0,0,1,3,0,0,25,0,0,0,0,0,4,2,11
,2024-024463,39.74515925,-105.026892,5/30/2024 8:10,8:10,6,0,0,W 18TH AVE & N GROVE ST,1,1,0,0,1,4,0,0,30,0,0,0,0,0,4,2,13
,2024-024465,39.65307735,-104.9185257,6/4/2024 9:00,9:00,15,0,0,I-25 & E HAMPDEN AVE,1,1,0,0,1,4,0,0,,0,0,0,0,0,1,2,16
,2024-024466,39.78030828,-104.9656949,6/4/2024 13:31,13:31,12,0,0,I-70 & N BRIGHTON BLVD,1,1,0,0,1,4,0,0,,0,0,0,0,0,1,2,16
,2024-024468,39.75071743,-104.9677511,6/4/2024 19:11,19:11,14,0,0,E 23RD AVE & N FRANKLIN ST,1,1,0,0,6,4,0,0,,0,0,0,0,0,4,2,16
,2024-024469,39.78192846,-104.985802,6/4/2024 15:46,15:46,3,0,0,E 47TH AVE & N LINCOLN ST,1,3,0,0,1,1,0,0,25,0,0,0,0,0,4,2,11
,2024-024472,39.73469196,-104.9406188,6/4/2024 14:47,14:47,12,0,0, COLORADO BLVD & E 12TH AVE,1,1,0,0,1,3,0,0,35,0,0,0,0,0,2,2,13
,2024-024474,39.72542361,-105.0297372,6/3/2024 8:46,8:46,15,0,0,W 6TH AVE & EB OFF RAMP TO N FEDERAL BLVD MERGE PT,1,1,0,0,1,8,0,0,55,0,0,0,0,0,2,2,11
,2024-024475,39.72028892,-104.9582504,6/3/2024 18:55,18:55,3,0,0, JOSEPHINE ST & E 3RD AVE,1,1,0,0,1,2,0,0,20,0,0,0,0,0,4,2,11
,2024-024476,39.75071442,-105.017064,6/4/2024 11:29,11:29,15,0,0,I-25 & W 23RD AVE,1,1,0,0,1,4,0,0,,0,0,0,0,0,1,2,16
,2024-024480,39.67846336,-104.9126301,6/4/2024 11:07,11:07,10,0,0,E EVANS AVE & N MONACO ST PKWY,1,1,0,0,1,2,0,0,35,0,0,0,0,0,4,2,14
,2024-024481,39.78388932,-105.0311776,6/4/2024 8:00,8:00,5,0,0,W 48TH AVE & N JULIAN ST,1,1,0,0,2,4,0,0,20,0,0,0,0,0,4,1,13
,2024-024484,39.76559308,-104.9293736,6/2/2024 12:32,12:32,3,0,0,E 35TH AVE & N ELM ST,1,1,0,0,1,1,0,0,30,0,0,0,0,0,4,2,11
,2024-024485,39.79830305,-104.7696743,5/31/2024 14:15,14:15,12,0,0,E 56TH AVE & N ARGONNE ST,1,1,0,0,1,3,0,1,25,0,0,0,0,0,4,2,13
,2024-024491,39.68768653,-105.0250411,6/4/2024 10:25,10:25,12,0,0, FEDERAL BLVD & W IOWA AVE,1,1,0,0,1,4,0,0,35,0,0,0,0,0,2,2,13
,2024-024493,39.71119133,-104.9129187,6/1/2024 18:15,18:15,15,0,0, MONACO PKWY & E ALAMEDA AVE,1,1,0,0,1,3,0,0,,0,0,0,0,0,4,2,16
,2024-024495,39.62936141,-104.9046503,6/3/2024 16:56,16:56,12,0,0,I-25 & NB OFF RAMP EXT TO I-225,1,1,0,0,1,4,0,0,,0,0,0,0,0,1,3,16
,2024-024505,39.70312678,-104.913192,6/2/2024 13:34,13:34,3,0,0,LEETSDALE DR &  S MONACO ST,1,1,1,0,1,1,0,0,35,0,0,0,0,0,2,2,16
,2024-024509,39.69674631,-105.0297402,6/4/2024 13:23,13:23,3,0,1,W MISSISSIPPI AVE & S IRVING ST,1,1,0,0,1,1,0,0,20,0,0,0,0,1,4,2,13