id,drcog_id,latitude,longitude,crashtime,time,crashtype,numbkilled,numbinjurd,drcoglocat,rdconditin,lightngcon,roadcntgrd,weatherco,location,roaddescrp,schoolzone,constrzone,splimit,bikeinv,pedinv,sctrinv,motoinv,svrty,rdsystem,ttlvehcls,hcf
,2024-024510,39.72133245,-105.0397161,6/4/2024 12:38,12:38,2,0,1,W 3RD AVE & S PERRY ST,1,1,0,0,1,1,0,0,0,1,0,0,0,2,4,1,16
,2024-024512,39.77428024,-104.8470352,6/3/2024 15:13,15:13,15,0,0,I-70 & N PEORIA ST,1,1,0,0,1,4,0,0,55,0,0,0,0,0,1,2,13
,2024-024519,39.69215426,-104.9924072,6/4/2024 9:57,9:57,15,0,0, SANTA FE DR & W LOUISIANA AVE,1,1,0,0,1,2,0,0,45,0,0,0,0,0,2,2,11
,2024-024520,39.73967526,-105.0138881,6/4/2024 14:44,14:44,12,0,0,I-25 & W COLFAX AVE,1,1,0,0,1,4,0,0,55,0,0,0,0,0,1,3,13
,2024-024538,39.63489447,-104.8932649,6/4/2024 17:03,17:03,12,0,1, DTC BLVD & I-225 NB RAMPS,1,1,1,0,1,1,0,0,30,0,0,0,0,2,4,3,11
,2024-024543,39.73042496,-104.8953635,6/4/2024 6:08,6:08,3,0,0,E 9TH AVE & N TRENTON ST,1,1,0,0,1,1,0,0,20,0,0,0,0,0,4,2,3
,2024-024547,39.74862456,-104.9121402,6/4/2024 16:45,16:45,15,0,0,E. 21ST AVE & N MONACO PRKWY,1,1,0,0,1,4,0,0,20,0,0,0,0,0,4,2,13
,2024-024548,39.7273426,-104.9394621,6/3/2024 11:30,11:30,1,0,0, ALBION ST & E 7TH AVE,1,1,0,0,1,9,0,0,25,0,0,0,0,0,4,2,3
,2024-024551,39.6477488,-104.8849437,6/4/2024 12:27,12:27,3,0,0,E LEHIGH AVE & S YOSEMITE ST,1,1,0,0,1,1,0,0,35,0,0,0,0,0,4,2,11
,2024-024552,39.77068477,-105.011209,6/4/2024 12:05,12:05,3,0,0, TEJON ST & 3900,1,1,0,0,1,2,0,0,,0,0,0,0,0,4,2,16
,2024-024553,39.75947789,-104.9597536,6/4/2024 15:34,15:34,3,0,0,E 30TH AVE & N YORK ST,1,1,0,0,1,1,0,0,35,0,0,0,0,0,4,2,11
,2024-024556,39.71119458,-104.8929101,6/3/2024 16:18,16:18,1,0,0,E ALAMEDA AVE & E FAIRMOUNT DR,1,1,0,0,1,1,0,0,40,0,0,0,0,0,4,2,13
,2024-024557,39.77430406,-104.9771807,6/3/2024 21:56,21:56,12,0,0,38TH ST  & CHESTNUT PL,1,3,0,0,1,1,0,0,,0,0,0,0,0,4,2,13
,2024-024558,39.738288,-104.9406146,6/3/2024 17:20,17:20,12,0,0, COLORADO BLVD & E 14TH AVE,1,1,0,0,1,1,0,0,30,0,0,0,0,0,2,2,13
,2024-024561,39.70213546,-104.9875282,6/4/2024 15:30,15:30,12,0,0, BROADWAY & E OHIO AVE,1,1,0,0,1,1,0,0,30,0,0,0,0,0,4,2,3
,2024-024565,39.70040651,-105.0250848,6/4/2024 10:13,10:13,3,0,0, FEDERAL BLVD & W KENTUCKY AVE,1,1,0,0,1,1,0,0,40,0,0,0,0,0,2,2,16
,2024-024569,39.74378869,-104.9081629,6/3/2024 11:55,11:55,3,0,1, ONEIDA ST & E 17TH AVE,1,1,0,0,1,1,0,0,25,0,0,0,0,1,4,2,11
,2024-024571,39.75715369,-104.9005302,6/3/2024 20:46,20:46,6,0,1, ROSLYN ST & 29TH AVE,1,3,0,0,1,4,0,0,35,0,0,0,0,2,4,3,16
,2024-024573,39.75121689,-105.0283908,6/4/2024 7:50,7:50,2,0,1, HOOKER ST & W 23RD AVE,1,1,0,0,1,1,0,0,20,1,0,0,0,1,4,1,3
,2024-024574,39.72373024,-104.8842426,5/29/2024 17:54,17:54,11,0,1,E LOWRY BLVD & N YOSEMITE ST,1,1,0,0,1,3,0,0,0,0,1,0,0,3,4,1,16
,2024-024577,39.72894784,-105.014682,6/5/2024 11:26,11:26,12,0,0,I-25 & W 8TH AVE,1,1,0,0,1,4,0,0,55,0,0,0,0,0,1,2,13
,2024-024578,39.67516049,-104.9863468,5/27/2024 10:20,10:20,14,0,0, LINCOLN ST & E ILIFF AVE,1,1,0,0,1,4,0,0,20,0,0,0,0,0,4,2,14
,2024-024579,39.67670743,-104.9878733,5/10/2024 17:30,17:30,6,0,0,W WARREN AVE & S BROADWAY ST,1,1,0,0,1,4,0,0,,0,0,0,0,0,4,2,13
,2024-024586,39.75101337,-104.9105077,5/14/2024 18:13,18:13,11,0,1, NIAGARA ST & E 23RD AVE,1,1,0,0,1,1,0,0,0,0,0,1,0,3,4,1,16
,2024-024588,39.76203783,-105.0082009,6/5/2024 18:47,18:47,15,0,1,W 32ND AVE & N QUIVAS ST,1,2,1,0,1,4,0,0,20,0,0,0,0,1,4,3,11
,2024-024601,39.73289647,-104.903459,6/5/2024 15:36,15:36,3,0,0, QUEBEC ST & E 11TH AVE,1,1,0,0,1,1,0,0,35,0,0,0,0,0,4,2,13
,2024-024606,39.77603362,-104.8704784,5/30/2024 15:35,15:35,15,0,0,I-70 & N HAVANA ST,1,1,0,0,1,4,0,0,55,0,0,0,0,0,1,2,16
,2024-024610,39.69137228,-105.0297173,5/17/2024 18:23,18:23,6,0,0, IRVING ST & W ARKANSAS AVE,1,3,0,0,1,4,0,0,25,0,0,0,0,0,4,3,10
,2024-024612,39.77893682,-104.9582365,6/5/2024 9:17,9:17,3,0,0,E 45TH AVE & N JOSEPHINE ST,1,1,0,0,1,1,0,0,25,0,0,0,0,0,4,2,13
,2024-024627,39.7486737,-105.0020585,6/4/2024 12:45,12:45,10,0,0,BLAKE ST & 14TH ST,1,1,0,0,1,1,0,0,30,0,0,0,0,0,4,2,8
,2024-024631,39.740223,-104.8928661,6/5/2024 16:32,16:32,3,0,0, UINTA ST & E COLFAX AVE,1,1,0,0,1,1,0,0,,0,0,0,0,0,2,2,16
,2024-024632,39.7432595,-104.9761523,6/4/2024 14:50,14:50,3,0,0,E 17TH AVE & N EMERSON ST,1,1,0,0,1,1,0,0,20,0,0,0,0,0,4,2,11
,2024-024633,39.77290122,-105.0251804,6/5/2024 1:03,1:03,5,0,1, FEDERAL BLVD & W 41ST AVE,1,3,0,0,3,1,0,0,35,0,0,0,0,2,2,1,14
,2024-024641,39.73371071,-104.972979,6/4/2024 13:07,13:07,1,0,0, DOWNING ST & E 11TH AVE,1,1,0,0,1,1,0,0,20,0,0,0,0,0,4,4,16
,2024-024648,39.74827006,-104.9986168,5/22/2024 22:16,22:16,5,0,0,15TH ST & LARIMER ST,1,3,0,0,4,4,0,0,25,0,0,0,0,0,4,1,13
,2024-024652,39.6901705,-104.9736641,5/28/2024 16:30,16:30,12,0,0,I-25 & S DOWNING ST,1,1,0,0,1,4,0,0,60,0,0,0,0,0,1,2,16
,2024-024658,39.7400418,-104.9834735,6/5/2024 17:28,17:28,12,0,0,E COLFAX AVE & N GRANT ST,1,1,0,0,1,4,0,0,35,0,0,0,0,0,2,2,11
,2024-024663,39.74023045,-105.0060247,6/5/2024 17:43,17:43,12,0,0,W COLFAX AVE & N OSAGE ST,1,1,1,0,1,4,0,0,35,0,0,0,0,0,2,2,3
,2024-024664,39.65316606,-104.9132671,6/5/2024 7:53,7:53,15,0,0,E HAMPDEN AVE & S MONACO ST PKWY,1,1,3,0,1,4,0,0,40,0,0,0,0,0,2,2,13
,2024-024668,39.66516,-105.2062,5/24/2024 22:57,22:57,16,0,0,18300 W ALAMEDA PKWY,1,3,0,0,5,7,0,0,,0,0,0,0,0,3,2,13
,2024-024669,39.7794854,-104.9796964,6/5/2024 15:22,15:22,12,0,0,I-70 & N WASHINGTON ST,1,1,0,0,1,4,0,0,45,0,0,0,0,0,1,2,13
,2024-024670,39.74487782,-104.9733898,6/5/2024 15:15,15:15,3,0,0, DOWNING ST & E 18TH AVE,1,1,0,0,1,2,0,0,25,0,0,0,0,0,4,2,11
,2024-024673,39.73669521,-104.9494912,5/26/2024 21:00,21:00,6,0,0, STEELE ST & E 13TH AVE,1,1,0,0,1,4,0,0,,0,0,0,0,0,4,2,16
,2024-024675,39.71782922,-104.9473786,6/5/2024 16:04,16:04,3,0,0,E 1ST AVE & N COOK ST,1,1,0,0,1,1,0,0,30,0,0,0,0,0,4,2,16
,2024-024679,39.75531853,-105.012847,6/5/2024 9:33,9:33,15,0,0,I-25 & SPEER BLVD,1,1,0,0,1,8,0,0,55,0,0,0,0,0,1,2,13
,2024-024681,39.74000302,-104.9764762,5/12/2024 1:15,1:15,6,0,0, EMERSON ST & E COLFAX AVE,1,3,0,7,1,3,0,0,20,0,0,0,0,0,2,2,16
,2024-024685,39.7312322,-105.0157034,6/5/2024 13:23,13:23,12,0,0,I-25 & W 8TH AVE,1,1,0,0,1,4,0,0,55,0,0,0,0,0,1,2,13
,2024-024686,39.76933561,-105.0531367,6/5/2024 10:13,10:13,15,0,0,W 38TH AVE & N SHERIDAN BLVD,1,1,0,0,1,4,0,0,35,0,0,0,0,0,4,2,13
,2024-024687,39.74636686,-105.0252285,6/5/2024 16:55,16:55,15,0,0,W 19TH AVE & N FEDERAL BLVD,1,1,0,0,1,1,0,0,25,0,0,0,0,0,2,2,16
,2024-024689,39.65306376,-104.948032,6/5/2024 11:02,11:02,15,0,0,E HAMPDEN AVE & S COLORADO BLVD,1,1,0,0,1,4,0,0,40,0,0,0,0,0,2,2,11
,2024-024695,39.78313099,-105.0064255,6/5/2024 6:59,6:59,15,0,0,I-70 & N PECOS ST,1,1,0,1,1,4,0,0,55,0,0,0,0,0,1,3,1
,2024-024701,39.77668744,-105.0300497,6/4/2024 23:18,23:18,5,0,0,W 44TH AVE & N IRVING ST,1,3,0,0,3,4,0,0,30,0,0,0,0,0,4,1,16
,2024-024702,39.77392607,-104.8460959,6/4/2024 15:43,15:43,12,0,1,I-70 & N PEORIA ST,1,1,0,0,1,4,0,0,55,0,0,0,0,1,1,2,13
,2024-024705,39.75286824,-104.8995702,6/5/2024 6:09,6:09,5,0,0, ROSLYN ST & E 24TH AVE,14,1,0,0,3,4,0,0,20,0,0,0,0,0,4,1,16
,2024-024711,39.71108465,-105.0251686,5/25/2024 20:10,20:10,12,0,0,W ALAMEDA AVE & S FEDERAL BLVD,11,3,0,1,1,3,0,0,35,0,0,0,0,0,2,2,16
,2024-024725,39.77872128,-104.9222935,6/5/2024 7:25,7:25,3,0,1, HOLLY ST & E 45TH AVE,1,1,0,0,1,1,0,0,30,0,0,0,0,2,4,2,13
,2024-024726,39.77803963,-104.8493325,6/5/2024 11:04,11:04,16,0,0,12025 E 45TH AVE,1,1,0,0,5,7,0,0,,0,0,0,0,0,3,2,11
,2024-024727,39.69467616,-104.9924683,6/5/2024 8:33,8:33,15,0,0, SANTA FE DR & W ARIZONA AVE,1,1,0,0,1,4,0,0,45,0,0,0,0,0,2,2,11
,2024-024728,39.76001609,-104.890774,6/5/2024 0:06,0:06,3,0,0,E MLK JR BLVD & N CENTRAL PARK BLVD,1,3,0,0,1,1,0,0,35,0,0,0,0,0,4,2,13
,2024-024729,39.74231514,-104.9993361,6/5/2024 17:07,17:07,15,0,0, SPEER BLVD & CHAMPA ST,1,1,0,0,1,1,0,0,30,0,0,0,0,0,4,2,11
,2024-024730,39.70815748,-104.9269733,6/5/2024 7:00,7:00,3,0,0,LEETSDALE DR & S FOREST ST,1,1,0,0,1,1,0,0,35,0,0,0,0,0,2,2,3
,2024-024732,39.69852077,-104.9529935,5/14/2024 22:14,22:14,6,0,0, CLAYTON WAY & S BONNIE BRAE BLVD,1,3,0,0,1,3,0,0,20,0,0,0,0,0,4,2,16
,2024-024734,39.65024047,-104.916668,5/17/2024 9:30,9:30,15,0,0,I-25 & NB ON RAMP ENT TO E HAMPDEN AVE,1,1,0,7,1,4,0,0,60,0,0,0,0,0,1,2,13
,2024-024736,39.76970449,-104.8886853,6/1/2024 16:35,16:35,15,0,1, CENTRAL PARK BLVD & SMITH RD,1,1,0,0,1,4,0,0,,0,0,0,0,2,4,2,16
,2024-024744,39.74375986,-104.9407837,6/4/2024 9:08,9:08,10,0,0, COLORADO BLVD & E 17TH AVE,1,1,0,0,1,3,0,0,35,0,0,0,0,0,2,2,16
,2024-024752,39.75679985,-104.9806439,6/5/2024 18:03,18:03,11,0,1,27TH ST & CHAMPA ST,1,1,0,0,1,3,0,0,25,0,1,0,0,2,4,1,14
,2024-024753,39.66736184,-104.9504051,6/5/2024 14:50,14:50,2,0,1, ST PAUL ST & E YALE AVE,1,1,1,0,1,1,0,0,0,1,0,0,0,2,4,1,16
,2024-024755,39.67199469,-104.9093162,6/5/2024 17:17,17:17,6,0,0, NEWBERRY CT & E BAKER PL,1,1,0,0,1,4,0,0,20,0,0,0,0,0,4,2,16
,2024-024768,39.74091987,-104.9697118,6/5/2024 8:33,8:33,3,0,0,PARK AVE & N HUMBOLDT ST,1,1,0,0,1,1,0,0,20,0,0,0,0,0,4,2,16
,2024-024777,39.72630755,-104.8864097,5/19/2024 2:18,2:18,15,0,0, YOSEMITE ST & E 10TH DR,1,3,0,0,1,4,0,0,,0,0,0,0,0,4,2,16
,2024-024778,39.72166827,-105.0088679,6/6/2024 10:48,10:48,12,0,0,I-25 & NB OFF RAMP EXT TO W 6TH AVE,1,1,0,0,1,4,0,0,55,0,0,0,0,0,1,3,13
,2024-024782,39.75325023,-105.0027127,6/6/2024 12:00,12:00,12,0,0,WEWATTA ST & 16TH ST,1,1,0,0,1,1,0,0,35,0,0,0,0,0,4,2,4
,2024-024783,39.73284878,-104.8846902,5/27/2024 0:15,0:15,15,0,1,E 11TH AVE & N UINTA ST,1,3,0,0,1,1,0,0,30,0,0,0,0,1,4,2,1
,2024-024787,39.6791603,-105.0532681,6/4/2024 13:24,13:24,8,0,0, SHERIDAN BLVD & W EVANS AVE,1,1,0,0,1,3,0,0,40,0,0,0,0,0,2,2,3
,2024-024788,39.75158218,-104.987384,6/5/2024 8:30,8:30,15,0,0, BROADWAY ST & CHAMPA ST,1,1,0,0,1,1,0,0,30,0,0,0,0,0,4,2,3
,2024-024789,39.78020202,-104.9506144,6/5/2024 16:08,16:08,12,0,2,I-70 & N VASQUEZ BLVD,1,1,0,0,1,4,0,0,55,0,0,0,0,1,1,2,13
,2024-024790,39.74167998,-104.9861166,6/5/2024 11:30,11:30,15,0,0, LINCOLN ST & E 16TH AVE,1,1,0,0,1,1,0,0,30,0,0,0,0,0,4,2,3
,2024-024791,39.72570938,-105.0001487,5/18/2024 17:40,17:40,15,0,0, KALAMATH ST & W 6TH AVE,1,1,0,0,1,1,0,0,35,0,0,0,0,0,4,2,16
,2024-024792,39.78379171,-105.0529345,6/6/2024 12:21,12:21,12,0,1,I-70 & N SHERIDAN BLVD,1,1,0,0,1,13,0,0,55,0,0,0,0,1,1,2,16
,2024-024794,39.72668972,-104.9874715,6/6/2024 11:00,11:00,10,0,0, SPEER BLVD & S BROADWAY,1,1,0,0,1,3,0,0,35,0,0,0,0,0,4,2,16
,2024-024795,39.68468415,-104.9496887,6/5/2024 21:40,21:40,15,0,0,I-25 & S COLORADO BLVD,1,3,0,0,1,4,0,0,60,0,0,0,0,0,1,2,13
,2024-024799,39.74031918,-105.0142368,6/5/2024 22:11,22:11,12,0,0,W COLFAX AVE & I-25,1,3,0,0,1,4,0,0,35,0,0,0,0,0,2,3,3
,2024-024800,39.67852072,-104.9875673,5/28/2024 15:15,15:15,12,0,0, BROADWAY ST & E EVANS AVE,1,1,0,0,1,1,0,0,,0,0,0,0,0,4,2,16
,2024-024803,39.78573028,-104.883067,6/6/2024 16:35,16:35,15,0,0,E NORTHFIELD BLVD & N CENTRAL PARK BLVD,1,1,0,0,1,1,0,0,35,0,0,0,0,0,4,2,11
,2024-024804,39.75022502,-105.0047788,6/5/2024 10:51,10:51,15,0,0, SPEER BLVD & WEWATTA ST,1,1,0,0,1,1,0,0,35,0,0,0,0,0,4,2,16
,2024-024805,39.70451154,-105.0097872,5/24/2024 17:00,17:00,6,0,0, SHOSHONE ST & W EXPOSITION AVE,1,1,0,0,1,4,0,0,25,0,0,0,0,0,4,2,13
,2024-024807,39.70022224,-104.9580393,6/5/2024 13:30,13:30,6,0,0,E KENTUCKY AVE & S JOSEPHINE ST,1,1,0,0,1,4,0,0,25,0,0,0,0,0,4,2,14
,2024-024809,39.75368957,-104.9983657,5/31/2024 13:10,13:10,6,0,0,18TH ST & WYNKOOP ST,1,1,0,0,1,4,0,0,25,0,0,0,0,0,4,2,13
,2024-024813,39.6747599,-104.8708045,6/6/2024 13:00,13:00,12,0,0, PARKER RD & E ILIFF AVE,1,1,0,0,1,1,0,0,35,0,0,0,0,0,2,2,3
,2024-024816,39.76161274,-104.9772108,6/6/2024 1:45,1:45,6,0,0,31ST ST & ARAPAHOE ST,1,3,0,0,1,4,0,0,25,0,0,0,0,0,4,2,16
,2024-024817,39.72413233,-104.9985771,6/6/2024 18:00,18:00,3,0,0,W 5TH AVE & N SANTA FE DR,1,1,0,0,1,1,0,0,30,0,0,0,0,0,4,2,13
,2024-024821,39.75107275,-104.9222837,6/5/2024 18:13,18:13,3,0,0,E 23RD AVE & N HOLLY ST,1,1,0,0,1,1,0,0,30,0,0,0,0,0,4,2,13
,2024-024823,39.76911727,-104.9952968,6/6/2024 11:39,11:39,12,0,1, FOX ST & W 38TH AVE,1,1,0,0,1,1,0,0,30,0,0,0,0,1,4,2,13
,2024-024824,39.71115707,-105.0226607,6/6/2024 9:11,9:11,3,0,1, DECATUR AVE & W ALAMEDA AVE,1,1,0,0,1,1,0,0,25,0,0,0,0,2,2,2,11
,2024-024830,39.73725631,-104.9836131,6/6/2024 16:25,16:25,12,0,0, GRANT ST & E 13TH AVE,1,1,0,0,1,3,0,0,30,0,0,0,0,0,4,2,13
,2024-024834,39.70766242,-105.0275389,6/5/2024 14:10,14:10,3,0,3,W VIRGINIA AVE & S HAZEL CT,1,1,0,0,1,1,0,0,25,0,0,0,0,1,4,2,11
,2024-024843,39.75446881,-104.9597584,6/5/2024 13:45,13:45,12,0,0,E 26TH AVE & N YORK ST,1,1,0,0,1,1,0,0,35,0,0,0,0,0,4,2,13
,2024-024846,39.73630155,-104.9971164,6/5/2024 13:25,13:25,6,0,0, GALAPAGO ST & W 13TH AVE,1,1,0,0,1,4,0,0,25,0,0,0,0,0,4,2,16
,2024-024847,39.66751599,-104.8661331,6/6/2024 18:33,18:33,1,0,1, HAVANA ST & E YALE AVE,1,1,0,0,1,1,0,0,45,0,0,0,0,2,2,2,7
,2024-024848,39.71116069,-104.9863693,6/5/2024 21:35,21:35,1,0,0,E ALAMEDA AVE & S LINCOLN ST,1,3,0,0,1,1,0,0,,0,0,0,0,0,4,2,16
,2024-024850,39.73289642,-104.903459,6/5/2024 19:00,19:00,12,0,0,E 11TH AVE & N QUEBEC ST,1,1,1,0,1,1,0,0,30,0,0,0,0,0,4,2,13
,2024-024851,39.75778377,-105.0110046,6/6/2024 16:24,16:24,1,0,1,15TH ST & CENTRAL ST,1,1,1,0,1,4,0,0,35,0,0,0,1,2,4,2,1
,2024-024854,39.76149292,-105.004428,6/7/2024 8:12,8:12,12,0,0,I-25 & W 20TH ST,1,1,0,0,1,4,0,0,55,0,0,0,0,0,1,2,13
,2024-024855,39.74014476,-105.005235,6/7/2024 15:56,15:56,3,0,0,W COLFAX AVE & N OSAGE ST,1,1,1,0,1,1,0,0,35,0,0,0,0,0,2,2,16
,2024-024857,39.6387441,-105.0722546,6/6/2024 14:59,14:59,15,0,0, PIERCE ST & W QUINCY AVE,1,1,1,0,1,4,0,0,20,0,0,0,0,0,4,2,13
,2024-024858,39.77405736,-104.8820152,5/31/2024 21:00,21:00,16,0,0,9111 E 40TH AVE,1,3,0,0,5,7,0,0,20,0,0,0,0,0,3,2,16
,2024-024862,39.76574704,-104.9597471,6/6/2024 20:15,20:15,3,0,0, YORK ST & E 35TH AVE,1,1,0,7,1,1,0,0,35,0,0,0,0,0,4,2,16
,2024-024864,39.67846616,-104.9304107,6/6/2024 10:24,10:24,16,0,0,4990 E EVANS AVE,1,1,0,0,5,7,0,0,10,0,0,0,0,0,3,2,16
,2024-024867,39.6917739,-104.9940291,5/31/2024 0:13,0:13,5,0,0, SANTA FE DR & S PLATTE RIVER DR E,1,4,0,0,2,4,0,0,,0,0,0,0,0,2,1,16
,2024-024868,39.71133314,-105.053258,6/5/2024 21:37,21:37,1,0,4,W ALAMEDA AVE & S SHERIDAN BLVD,1,3,0,0,1,1,0,0,40,0,0,0,0,2,2,3,16
,2024-024872,39.75269495,-104.9876788,6/7/2024 12:35,12:35,12,0,0,CURTIS ST & 22ND ST,1,1,0,0,1,4,0,0,35,0,0,0,0,0,4,2,16
,2024-024873,39.83084405,-104.7718798,6/7/2024 9:55,9:55,12,0,0, TOWER RD & PENA BLVD IB RAMPS,1,1,1,0,1,3,0,0,40,0,0,0,0,0,4,2,14
,2024-024874,39.74167749,-104.9810892,6/5/2024 17:26,17:26,3,0,0,PENNSYLVANIA ST & E 16TH AVE,1,1,0,0,1,1,0,0,20,0,0,0,0,0,4,2,13
,2024-024877,39.74058747,-105.0235704,6/7/2024 9:32,9:32,3,0,0,W COLFAX AVE & N ELIOT ST,1,1,0,0,1,1,0,0,40,0,0,0,0,0,2,2,13
,2024-024882,39.69566485,-104.9041854,6/6/2024 4:00,4:00,6,0,0,E MISSISSIPPI AVE & S QUEBEC ST,1,4,0,0,1,4,0,0,,0,0,0,0,0,4,3,16
,2024-024883,39.77317856,-104.8079312,6/5/2024 16:27,16:27,3,0,1,E ANDREWS DR & E 40TH AVE,1,1,0,0,1,1,0,0,40,0,0,0,0,1,4,2,16
,2024-024884,39.71158425,-104.999398,6/6/2024 10:51,10:51,12,0,0,I-25 & W ALAMEDA AVE,1,1,0,0,1,4,0,0,55,0,0,0,0,0,1,2,13
,2024-024890,39.78022813,-105.0439541,6/5/2024 21:21,21:21,1,0,1,W 46TH AVE & TENNYSON ST,1,3,0,0,1,1,0,0,25,0,0,0,0,2,4,2,16
,2024-024892,39.71118425,-105.0110001,6/5/2024 17:41,17:41,15,0,0,W ALAMEDA AVE & S TEJON ST,1,1,0,0,1,1,0,0,35,0,0,0,0,0,2,2,13
,2024-024893,39.77537004,-104.8606706,6/6/2024 7:06,7:06,15,0,0,I-70 & N HAVANA ST,1,1,0,0,1,4,0,0,55,0,0,0,0,0,1,2,16
,2024-024897,39.68223928,-105.0442641,6/7/2024 15:10,15:10,8,0,0,1866  TENNYSON ST & W JEWELL AVE,1,1,0,0,1,4,0,0,25,0,0,0,0,0,4,2,13
,2024-024899,39.76009442,-104.898978,5/26/2024 17:55,17:55,3,0,2,E MLK JR BLVD & N SYRACUSE ST,1,1,0,0,1,1,0,0,35,0,0,0,0,1,4,2,13
,2024-024900,39.71128311,-104.9360675,5/28/2024 7:27,7:27,12,0,0,E ALAMEDA AVE & LEETSDALE DR,1,1,1,0,1,4,0,0,35,0,0,0,0,0,4,2,13
,2024-024901,39.78383482,-105.0064369,6/7/2024 12:21,12:21,3,0,0,I-70 WB OFF RAMP & N PECOS ST,1,1,0,0,1,6,0,0,20,0,0,0,0,0,1,2,11
,2024-024903,39.72932546,-105.0158895,6/6/2024 17:45,17:45,12,0,0,W 8TH AVE & N ZUNI ST,1,1,0,0,1,4,0,0,30,0,0,0,0,0,4,2,11
,2024-024905,39.7822753,-104.8655622,6/7/2024 6:40,6:40,3,0,0,E 47TH AVE & N HAVANA ST,1,1,0,0,1,2,0,0,30,0,0,0,0,0,4,2,16
,2024-024907,39.79185198,-104.8813917,6/2/2024 23:45,23:45,6,0,0, BEELER ST & E 51ST DR,1,3,0,0,1,4,0,0,25,0,0,0,0,0,4,2,3
,2024-024912,39.69566304,-104.9035085,6/7/2024 7:41,7:41,3,0,2, QUEBEC ST & E MISSISSIPPI AVE,1,1,0,0,1,1,0,0,35,0,0,0,0,1,4,2,10
,2024-024925,39.69848614,-104.9939671,6/7/2024 7:04,7:04,1,0,0,W TENNESSEE AVE & S PLATTE RIVER DR,1,1,0,0,1,2,0,0,25,0,0,0,0,0,4,2,13
,2024-024926,39.75122156,-105.0173858,6/7/2024 19:03,19:03,1,0,0,W 23RD AVE & I-25 SB RAMPS,1,1,0,0,1,1,0,0,30,0,0,0,0,0,4,2,13
,2024-024927,39.83343503,-104.7299401,6/7/2024 14:13,14:13,5,0,1,N GUN CLUB RD,1,1,0,0,3,4,0,0,65,0,0,0,0,1,4,1,7
,2024-024929,39.66189131,-104.9316637,6/7/2024 8:12,8:12,6,0,1, DAHLIA ST & S CHERRY WAY,1,1,3,0,1,4,0,0,30,0,0,0,0,2,4,2,3
,2024-024933,39.70395082,-105.0250877,6/5/2024 21:45,21:45,1,0,0, FEDERAL BLVD & W EXPOSITION AVE,1,3,0,0,1,1,0,0,40,0,0,0,0,0,2,2,16
,2024-024936,39.72904635,-104.9899352,6/5/2024 9:30,9:30,10,0,0, SPEER BLVD & W 8TH AVE,1,1,0,0,1,1,0,0,30,0,0,0,0,0,4,2,3
,2024-024946,39.7605998,-105.0048998,6/6/2024 17:30,17:30,12,0,1,I-25 & 20TH ST,1,1,0,0,1,4,0,0,55,0,0,0,1,2,1,2,13
,2024-024948,39.65307855,-104.8987254,6/7/2024 14:00,14:00,1,0,2,E HAMPDEN AVE & S TAMARRAC ST,1,1,1,0,1,1,0,0,35,0,0,0,0,1,2,2,13
,2024-024949,39.68497908,-105.0250115,6/7/2024 6:39,6:39,12,0,0, FEDERAL BLVD & W COLORADO AVE,1,1,1,0,1,3,0,0,40,0,0,0,0,0,2,2,16
,2024-024951,39.75401875,-104.9964126,6/4/2024 8:52,8:52,3,0,1,19TH ST & WAZEE ST,1,1,0,0,1,1,0,0,20,0,0,0,0,2,4,2,13
,2024-024955,39.67567481,-105.0532645,6/5/2024 23:00,23:00,5,0,0,W WARREN AVE & S SHERIDAN BLVD,1,3,0,0,3,1,0,0,,0,0,0,0,0,2,1,16
,2024-024959,39.77719902,-104.8819124,6/6/2024 9:03,9:03,12,0,0,I-70 & N CENTRAL PARK BLVD,1,1,0,0,1,4,0,0,55,0,0,0,0,0,1,4,13
,2024-024961,39.76214029,-105.0346081,6/6/2024 19:14,19:14,1,0,0, LOWELL BLVD & W 32ND AVE,1,1,0,0,1,1,0,0,35,0,0,0,0,0,4,2,1
,2024-024963,39.74653648,-105.0076223,6/6/2024 16:27,16:27,1,0,1,AURARIA PKWY & 9TH ST,1,1,0,0,1,1,0,0,25,0,0,0,0,1,4,2,16
,2024-024966,39.74539958,-104.9954042,6/6/2024 14:40,14:40,15,0,0,CHAMPA ST & 15TH ST,1,1,0,0,1,4,0,0,35,0,0,0,0,0,4,2,11
,2024-024969,39.68358288,-104.9405152,6/6/2024 0:15,0:15,1,0,0,COLORADO BLVD & I-25 WB RAMPS,1,3,0,0,1,1,0,0,,0,0,0,0,0,2,2,16
,2024-024970,39.7444293,-104.9861173,6/6/2024 8:29,8:29,15,0,0, LINCOLN ST & E 18TH AVE,1,1,0,0,1,4,0,0,25,0,0,0,0,0,4,2,16
,2024-024974,39.83528808,-104.7468329,6/6/2024 16:00,16:00,12,0,0,E-470 & PENA BLVD,1,1,0,0,1,4,0,1,,0,0,0,0,0,2,3,16
,2024-024975,39.72025881,-105.0186233,6/6/2024 15:50,15:50,12,0,1,W 2ND AVE & N BRYANT ST,1,1,0,0,1,3,0,0,30,0,0,0,0,1,4,2,13
,2024-024986,39.71121394,-104.9128836,6/8/2024 6:15,6:15,12,0,0,E ALAMEDA AVE & S MONACO ST,1,1,0,7,1,3,0,0,35,0,0,0,0,0,4,3,3