id,drcog_id,latitude,longitude,crashtime,time,crashtype,numbkilled,numbinjurd,drcoglocat,rdconditin,lightngcon,roadcntgrd,weatherco,location,roaddescrp,schoolzone,constrzone,splimit,bikeinv,pedinv,sctrinv,motoinv,svrty,rdsystem,ttlvehcls,hcf
,2024-024993,39.73845204,-104.993044,6/5/2024 10:40,10:40,6,0,0,W 14TH AVE & N DELAWARE ST,1,1,0,0,1,4,0,0,25,0,0,0,0,0,4,2,3
,2024-024995,39.76212669,-105.0323582,5/16/2024 17:47,17:47,6,0,0,W 32ND AVE & N JULIAN ST,1,1,0,0,1,3,0,0,25,0,0,0,0,0,4,4,16
,2024-025002,39.74000898,-104.9730141,5/25/2024 15:00,15:00,12,0,0,E COLFAX AVE & N DOWNING ST,1,1,0,0,1,1,0,0,35,0,0,0,0,0,2,2,16
,2024-025003,39.77790416,-104.9858549,5/28/2024 15:30,15:30,6,0,0, LINCOLN ST & E 45TH AVE,1,1,0,0,1,4,0,0,35,0,0,0,0,0,4,2,16
,2024-025004,39.72412579,-104.995073,6/7/2024 22:00,22:00,8,0,0,W 5TH AVE & N FOX ST,1,4,0,0,1,4,0,0,,0,0,0,0,0,4,3,16
,2024-025005,39.74825432,-104.9934676,5/22/2024 10:12,10:12,6,0,0,CURTIS ST & 17TH ST,1,1,0,0,1,4,0,0,20,0,0,0,0,0,4,3,13
,2024-025007,39.62412484,-104.8897674,5/26/2024 22:48,22:48,1,0,0,E BELLEVIEW AVE & DENVER TECH CENTER BLVD,1,3,0,0,1,1,0,0,45,0,0,0,0,0,4,2,1
,2024-025009,39.78095157,-104.8828234,6/8/2024 14:36,14:36,15,0,0,E 46TH PL & N CENTRAL PARK BLVD,1,1,3,0,1,1,0,0,35,0,0,0,0,0,4,2,11
,2024-025010,39.77415292,-104.8465604,6/7/2024 16:28,16:28,15,0,0,I-70 & N PEORIA ST,1,1,0,1,1,4,0,0,55,0,0,0,0,0,1,2,7
,2024-025013,39.75294684,-104.9925978,6/8/2024 2:40,2:40,5,0,0,LARIMER ST & 20TH ST,1,3,0,0,3,1,0,0,20,0,0,0,0,0,4,1,11
,2024-025015,39.79323547,-104.8977373,6/8/2024 13:56,13:56,5,0,1,E 53RD AVE & N SPRUCE ST,1,1,0,0,3,4,0,0,35,0,0,0,0,1,4,1,3
,2024-025018,39.71844893,-105.0250238,6/8/2024 14:00,14:00,10,0,0, FEDERAL BLVD & W 1ST AVE,1,1,0,0,1,1,0,0,25,0,0,0,0,0,2,2,11
,2024-025019,39.71492118,-105.0011867,6/8/2024 16:24,16:24,12,0,1,I-25 & W ALAMEDA AVE,1,1,0,0,1,8,0,0,60,0,0,0,0,2,1,3,3
,2024-025026,39.70933773,-104.9875983,6/8/2024 16:51,16:51,3,0,1, BROADWAY ST & E DAKOTA AVE,1,1,0,0,1,1,0,0,25,0,0,0,0,1,4,2,16
,2024-025027,39.71149037,-104.9437686,6/1/2024 10:12,10:12,14,0,0,E ALAMEDA AVE & S GARFIELD ST,1,1,0,0,1,1,0,0,30,0,0,0,0,0,4,2,13
,2024-025028,39.7110847,-105.0251687,6/5/2024 9:23,9:23,15,0,0, FEDERAL BLVD & W ALAMEDA AVE,1,1,1,0,1,3,0,0,40,0,0,0,0,0,2,2,11
,2024-025029,39.74021261,-104.9127933,6/5/2024 23:00,23:00,3,0,0,E COLFAX AVE & N MONACO ST PKWY,1,3,0,0,1,9,0,0,35,0,0,0,0,0,2,2,16
,2024-025031,39.78051094,-104.9581586,6/8/2024 15:35,15:35,12,0,0,I-70 & N JOSEPHINE ST,1,1,0,0,1,4,0,0,55,0,0,0,0,0,1,3,13
,2024-025035,39.71659151,-104.9908549,6/4/2024 3:00,3:00,6,0,0, BANNOCK ST & W ELLSWORTH AVE,1,3,0,0,4,1,0,0,20,0,0,0,0,0,4,3,9
,2024-025036,39.74003815,-105.0015628,5/21/2024 15:57,15:57,12,0,0,W COLFAX AVE & N LIPAN ST,1,1,0,0,1,1,0,0,35,0,0,0,0,0,2,2,13
,2024-025037,39.67418376,-104.9945914,5/23/2024 6:27,6:27,15,0,0,2145  SANTA FE DR & W EVANS AVE,1,1,0,0,1,4,0,0,50,0,0,0,0,0,2,2,16
,2024-025040,39.68082581,-104.9362124,5/22/2024 7:11,7:11,15,0,0,I-25 & E EVANS AVE,1,1,0,0,1,8,0,0,60,0,0,0,0,0,1,2,11
,2024-025042,39.75312419,-104.9976714,6/7/2024 19:16,19:16,15,0,1,18TH ST & WAZEE ST,1,1,0,0,1,4,0,0,15,0,0,0,0,2,4,2,11
,2024-025047,39.71497884,-105.028397,5/19/2024 22:52,22:52,5,0,0,W BAYAUD AVE & S HOOKER ST,1,3,0,0,2,4,0,0,25,0,0,0,0,0,4,1,16
,2024-025051,39.76695811,-104.962404,5/27/2024 1:43,1:43,6,0,0,E 36TH AVE & N VINE ST,1,3,0,0,1,4,0,0,30,0,0,0,0,0,4,2,16
,2024-025059,39.75630505,-105.0158358,6/6/2024 9:16,9:16,3,0,1, ZUNI ST & N SPEER BLVD,1,1,0,0,1,1,0,0,30,0,0,0,0,1,4,2,16
,2024-025060,39.74002887,-105.0028216,6/6/2024 18:45,18:45,11,0,1,W COLFAX AVE & N MARIPOSA ST,1,2,0,0,1,1,0,0,35,0,1,0,0,2,2,1,16
,2024-025062,39.75308644,-104.997625,6/3/2024 8:00,8:00,2,0,0,18TH ST & WAZEE ST,1,1,0,0,1,1,0,0,20,1,0,0,0,0,4,1,11
,2024-025063,39.73369026,-105.0001586,6/7/2024 19:00,19:00,12,0,1, KALAMATH ST & W 11TH AVE,1,1,0,0,1,1,0,0,25,0,0,0,0,2,4,2,7
,2024-025067,39.72909606,-104.9874042,6/5/2024 12:15,12:15,11,0,1,E 8TH AVE & N BROADWAY ST,1,1,0,0,1,1,0,0,30,0,1,0,0,1,4,1,3
,2024-025070,39.74891383,-104.9873972,6/6/2024 15:45,15:45,11,0,1,CALIFORNIA ST & 20TH ST,1,1,0,0,1,1,0,0,0,0,0,1,0,1,4,1,16
,2024-025071,39.65177409,-105.0531987,5/10/2024 14:07,14:07,11,0,1,W HAMPDEN  FRTG & S SHERIDAN BLVD,1,1,0,0,1,1,0,0,35,0,0,1,0,2,2,1,11
,2024-025073,39.73385786,-104.9874157,6/7/2024 1:35,1:35,3,0,0, BROADWAY ST & E 11TH AVE,1,3,0,0,1,1,0,0,30,0,0,0,0,0,4,3,16
,2024-025075,39.71706085,-104.9037058,6/6/2024 16:22,16:22,11,0,0,E LOWRY BLVD & N QUEBEC ST,1,1,0,0,1,1,0,0,35,0,1,0,0,0,4,1,16
,2024-025078,39.71953311,-104.9763943,5/18/2024 1:35,1:35,11,0,1,E SPEER BLVD & N EMERSON ST,1,3,0,0,1,1,0,0,0,0,1,0,0,3,4,1,16
,2024-025090,39.73676621,-104.9161597,6/4/2024 14:00,14:00,15,0,0, KRAMERIA ST & E 13TH AVE,1,1,0,0,1,1,0,0,30,0,0,0,0,0,4,2,16
,2024-025092,39.74652703,-104.996372,6/7/2024 23:43,23:43,11,0,1,15TH ST & CURTIS ST,1,3,0,0,1,4,0,0,0,0,1,0,0,2,4,1,16
,2024-025101,39.76188765,-105.0040179,5/24/2024 11:45,11:45,12,0,0,I-25 & 20TH ST,1,1,0,0,1,4,0,0,,0,0,0,0,0,1,2,16
,2024-025103,39.7693357,-105.053248,6/7/2024 19:35,19:35,15,0,0, SHERIDAN BLVD & W 38TH AVE,1,2,0,0,1,1,0,0,35,0,0,0,0,0,2,2,11
,2024-025108,39.71920323,-105.0062059,6/8/2024 9:48,9:48,12,0,2,I-25 & NB OFF RAMP EXT TO W 6TH AVE,1,1,0,0,1,8,0,0,55,0,0,0,0,1,1,2,1
,2024-025111,39.72578471,-105.039454,6/1/2024 3:12,3:12,3,0,0,W 6TH AVE & N PERRY ST,1,3,0,0,1,1,0,0,25,0,0,0,0,0,4,2,16
,2024-025113,39.70871607,-105.0362124,5/29/2024 17:00,17:00,12,0,1, MEADE ST & MORRISON RD,1,1,1,0,1,4,0,0,25,0,0,0,0,1,4,2,1
,2024-025165,39.72157276,-104.979871,6/8/2024 22:20,22:20,15,0,1,E SPEER BLVD & N PEARL ST,1,3,0,0,1,3,0,0,25,0,0,0,0,2,4,2,16
,2024-025169,39.67188877,-104.8726096,2/14/2024 7:20,7:20,3,0,0,E HARVARD AVE & S DAYTON WAY,1,1,0,0,1,2,0,0,30,0,0,0,0,0,4,2,16
,2024-025170,39.72908723,-104.977588,6/2/2024 2:46,2:46,6,0,0,CLARKSON ST & E 8TH AVE,1,3,0,0,1,3,0,0,20,0,0,0,0,0,4,2,16
,2024-025181,39.68889521,-104.9707114,6/9/2024 14:13,14:13,5,0,4,I-25 NB OFF RAMP & NB OFF RAMP TO S DOWNING ST GORE PT,1,1,1,0,6,8,0,0,60,0,0,0,0,2,1,1,2
,2024-025184,39.71818816,-104.9593202,6/9/2024 6:22,6:22,3,0,0, UNIVERSITY BLVD & E 1ST AVE,1,1,0,0,1,1,0,0,30,0,0,0,0,0,4,2,8
,2024-025186,39.77145875,-104.8474368,5/13/2024 14:40,14:40,12,0,0,E 39TH AVE & N PEORIA ST,1,1,0,0,1,4,0,0,35,0,0,0,0,0,4,2,13
,2024-025189,39.72314017,-104.9823817,6/9/2024 20:16,20:16,3,0,0,E SPEER BLVD & N LOGAN ST,1,3,0,0,1,1,0,0,35,0,0,0,0,0,4,2,16
,2024-025195,39.73510357,-104.9586096,6/8/2024 18:27,18:27,10,0,0,E 12TH AVE & N JOSEPHINE ST,1,1,0,0,1,1,0,0,35,0,0,0,0,0,4,2,13
,2024-025208,39.76001976,-104.8883805,6/8/2024 18:10,18:10,14,0,4,8504 E MLK BLVD & N WILLOW ST,1,1,0,0,6,4,0,0,35,0,0,0,0,2,4,3,16
,2024-025215,39.74021187,-104.9406124,5/26/2024 18:14,18:14,12,0,0, COLORADO BLVD & E COLFAX AVE,1,1,0,0,1,3,0,0,35,0,0,0,0,0,2,2,16
,2024-025221,39.71975139,-105.0252774,6/1/2024 2:52,2:52,5,0,0, FEDERAL BLVD & W 2ND AVE,1,3,0,0,3,4,0,0,,0,0,0,0,0,2,1,16
,2024-025224,39.73861635,-105.0273376,6/9/2024 17:39,17:39,16,0,0,3240 W 14TH AVE & W HOWARD PL,1,1,0,0,5,2,0,0,25,0,0,0,0,0,3,1,13
,2024-025226,39.77401617,-104.8470344,6/8/2024 17:42,17:42,12,0,0,I-70 & N PEORIA ST,1,1,0,0,1,4,0,0,55,0,0,0,0,0,1,2,13
,2024-025229,39.7737768,-104.839232,6/7/2024 19:56,19:56,12,0,0,I-70 WB OFF RAMP & N PEORIA ST,1,1,0,0,1,8,0,0,,0,0,0,0,0,1,2,16
,2024-025235,39.77152716,-104.9908143,6/8/2024 17:53,17:53,15,0,0,I-25 & SB ON RAMP ENT FROM I-70,1,1,0,0,1,8,0,0,55,0,0,0,0,0,1,2,13
,2024-025239,39.73298365,-105.0251694,6/9/2024 13:18,13:18,10,0,1,W 10TH AVE & N FEDERAL BLVD,1,1,0,0,1,1,0,0,30,0,0,0,0,1,2,2,8
,2024-025251,39.7474229,-104.9187915,6/9/2024 1:29,1:29,12,0,0,E MONTVIEW BLVD & N JASMINE ST,1,3,0,0,1,1,0,0,30,0,0,0,0,0,4,2,1
,2024-025255,39.79838817,-104.785803,6/8/2024 20:00,20:00,5,0,0,PENA BLVD & E 56TH AVE,1,3,0,0,3,4,0,0,65,0,0,0,0,0,4,1,12
,2024-025256,39.73058906,-104.9861334,6/9/2024 0:10,0:10,8,0,0,LINCOLN ST & E 9TH ST,1,3,1,0,1,4,0,0,35,0,0,0,0,0,4,2,14
,2024-025259,39.75452582,-104.9940337,5/9/2024 21:47,21:47,12,0,0,BLAKE ST & 20TH ST,1,3,0,0,1,4,0,0,25,0,0,0,0,0,4,2,14
,2024-025260,39.77658215,-104.8733959,6/8/2024 0:22,0:22,9,0,1,I-70 & WB OFF RAMP EXT TO N CENTRAL PARK BLVD,1,3,0,0,1,4,0,0,65,0,0,0,1,3,1,1,16
,2024-025279,39.74894011,-104.9994898,6/8/2024 22:50,22:50,15,0,0,MARKET ST & 15TH ST,1,3,0,0,1,1,0,0,25,0,0,0,0,0,4,2,11
,2024-025284,39.67846678,-104.9298284,6/9/2024 11:10,11:10,5,0,1,E EVANS AVE & S DAHILA ST,1,1,0,0,2,4,0,0,35,0,0,0,1,1,4,1,16
,2024-025285,39.74711077,-104.903451,6/8/2024 17:17,17:17,12,0,0,QUEBEC ST & MONTVIEW  BLVD,1,1,0,0,1,1,0,0,35,0,0,0,0,0,4,2,13
,2024-025287,39.75149398,-105.0164654,6/8/2024 21:37,21:37,15,0,0,I-25 & W 23RD AVE,1,3,0,0,1,4,0,0,,0,0,0,0,0,1,2,16
,2024-025299,39.6915239,-105.0194512,6/9/2024 8:48,8:48,6,0,0, CANOSA CT & W ARKANSAS AVE,1,4,0,0,1,4,0,0,25,0,0,0,0,0,4,2,1
,2024-025305,39.63454025,-104.9069749,5/10/2024 16:00,16:00,15,0,0,I-25 & I-225 UNDERPASS,1,1,0,0,1,4,0,0,60,0,0,0,0,0,1,2,16
,2024-025312,39.75770162,-104.9003811,5/19/2024 10:00,10:00,6,0,0,E 29TH AVE & N ROSLYN ST,1,1,0,0,1,4,0,0,30,0,0,0,0,0,4,2,14
,2024-025314,39.73285989,-104.894455,6/9/2024 13:31,13:31,8,0,2,E 11TH AVE & N ULSTER ST,1,1,0,7,6,4,0,0,30,0,0,0,0,3,4,2,10
,2024-025315,39.70930252,-104.9593277,6/8/2024 10:00,10:00,12,0,2, UNIVERSITY BLVD & E DAKOTA AVE,1,1,2,0,1,3,0,0,30,0,0,0,0,1,4,3,10
,2024-025321,39.67663258,-104.9593916,6/7/2024 19:04,19:04,3,0,2, UNIVERSITY BLVD & E WARREN AVE,1,1,0,0,1,1,0,0,30,0,0,0,0,2,4,2,16
,2024-025324,39.74020276,-104.9275267,6/8/2024 15:54,15:54,12,0,0,E COLFAX AVE & N FILBERT CT,1,1,0,0,1,1,0,0,20,0,0,0,0,0,2,2,3
,2024-025331,39.67852068,-104.9875673,5/26/2024 22:22,22:22,1,0,0,E EVANS AVE & S BROADWAY ST,1,3,0,0,1,1,0,0,,0,0,0,0,0,4,2,16
,2024-025338,39.73562553,-104.895243,6/8/2024 16:18,16:18,6,0,1,E 12TH AVE & N TAMARAC ST,1,1,0,0,1,4,0,0,25,0,0,0,0,1,4,2,2
,2024-025339,39.75232856,-104.9966295,6/9/2024 1:10,1:10,11,0,1,18TH ST & BLAKE ST,1,3,0,0,1,9,0,0,0,0,0,1,0,1,4,1,16
,2024-025347,39.74060204,-105.01426,6/2/2024 2:08,2:08,15,0,0,I-25 & W COLFAX AVE,1,3,0,0,1,4,0,0,55,0,0,0,0,0,1,2,16
,2024-025350,39.69666127,-104.9918826,6/8/2024 22:42,22:42,1,0,0,W MISSISSIPPI AVE & S SANTA FE DR,1,3,0,0,1,1,0,0,35,0,0,0,0,0,2,2,13
,2024-025360,39.7859824,-104.9635525,6/8/2024 23:20,23:20,8,0,0,RACE CT & N RACE ST,1,3,1,0,1,1,0,0,25,0,0,0,0,0,4,2,16
,2024-025366,39.77499515,-104.9497995,6/8/2024 21:43,21:43,6,0,0, STEELE ST & E 42ND AVE,1,3,0,0,1,4,0,0,30,0,0,0,0,0,4,2,16
,2024-025371,39.75347158,-104.9936559,6/9/2024 0:30,0:30,2,0,1,MARKET ST & 20TH ST,1,3,0,0,1,4,0,0,25,1,0,0,0,1,4,1,16
,2024-025373,39.78026609,-104.9402588,4/30/2024 17:30,17:30,12,0,0,I-70 & N COLORADO BLVD,1,1,0,0,1,4,0,0,55,0,0,0,0,0,1,2,14
,2024-025380,39.76323353,-105.0143722,6/10/2024 10:25,10:25,3,0,1, WYANDOT ST & W 33RD AVE,1,1,0,0,1,1,0,0,25,0,0,0,0,1,4,2,13
,2024-025382,39.78378625,-104.9444936,6/10/2024 8:59,8:59,16,0,0,3600 E 48TH AVE,1,1,0,0,5,7,0,0,,0,0,0,0,0,3,2,16
,2024-025384,39.74197976,-104.8858147,6/5/2024 18:08,18:08,3,0,0, XENIA ST & E 16TH AVE,1,1,3,0,1,1,0,0,30,0,0,0,0,0,4,2,11
,2024-025385,39.74013988,-104.9440422,6/10/2024 15:16,15:16,12,0,0,E COLFAX AVE & N GARFIELD ST,1,1,0,0,1,4,0,0,,0,0,0,0,0,2,2,16
,2024-025386,39.73650031,-104.9234312,6/10/2024 8:40,8:40,3,0,0, HUDSON ST & E 13TH AVE,1,1,1,0,1,1,0,0,20,0,0,0,0,0,4,2,11
,2024-025388,39.76918317,-104.9952449,6/9/2024 23:10,23:10,5,0,1, FOX ST & W 38TH AVE,1,3,0,0,3,4,0,0,35,0,0,0,0,2,4,1,16
,2024-025390,39.77913874,-104.9792209,5/28/2024 17:54,17:54,3,0,1,I-70 EB OFF RAMP & N WASHINGTON ST,1,1,0,0,1,1,0,0,30,0,0,0,0,1,4,2,8
,2024-025392,39.76325107,-104.9714559,5/31/2024 13:58,13:58,6,0,0,E 33RD AVE & N LAFAYETTE ST,1,1,0,0,1,9,0,0,20,0,0,0,0,0,4,2,1
,2024-025393,39.78376104,-104.9622116,6/10/2024 10:36,10:36,6,0,0,E 48TH AVE & N VINE ST,1,2,0,0,1,4,0,0,,0,0,0,0,0,4,2,16
,2024-025397,39.69858335,-104.9035233,5/31/2024 17:50,17:50,12,0,0,LEETSDALE DR & S QUEBEC ST,1,1,0,0,1,3,0,0,,0,0,0,0,0,2,2,16
,2024-025401,39.71112494,-105.0324553,6/9/2024 14:40,14:40,12,0,0,W ALAMEDA AVE & S KNOX CT,1,1,0,0,1,3,0,0,30,0,0,0,0,0,2,2,11
,2024-025402,39.7896146,-104.8308628,6/10/2024 9:17,9:17,11,0,0, XANADU ST & E 51ST AVE,1,1,0,0,1,1,0,0,20,0,1,0,0,0,4,1,11
,2024-025406,39.68627325,-105.052096,6/6/2024 18:32,18:32,6,0,0,5060 W OREGON PL & S ZENOBIA ST,1,1,0,0,1,3,0,0,25,0,0,0,0,0,4,2,1
,2024-025409,39.74033858,-105.0393188,6/9/2024 16:07,16:07,1,0,0,W COLFAX AVE & N PERRY ST,1,1,0,0,1,1,0,0,,0,0,0,0,0,2,2,16
,2024-025410,39.732933,-104.9406208,6/8/2024 12:30,12:30,12,0,1, COLORADO BLVD & E 11TH AVE,1,1,0,0,1,3,0,0,35,0,0,0,0,1,2,2,13
,2024-025413,39.77376596,-104.882803,6/7/2024 15:23,15:23,12,0,0, CENTRAL PARK BLVD & E 40TH AVE,1,1,0,0,1,4,0,0,,0,0,0,0,0,4,2,16
,2024-025414,39.71664606,-105.0249873,6/10/2024 8:00,8:00,1,0,1, FEDERAL BLVD & W ELLSWORTH AVE,1,1,0,0,1,1,0,0,35,0,0,0,0,1,2,2,3
,2024-025415,39.79355176,-104.9034361,6/7/2024 15:59,15:59,12,0,0, QUEBEC ST & E 53RD AVE,1,1,0,0,1,4,0,0,35,0,0,0,0,0,2,3,11
,2024-025417,39.74760107,-105.0205094,6/8/2024 12:11,12:11,3,0,0,MILE HIGH STADIUM CIR & N CLAY ST,1,1,0,0,1,1,0,0,25,0,0,0,0,0,4,2,11
,2024-025418,39.70386506,-104.9593075,6/7/2024 15:55,15:55,15,0,0,E EXPOSITION AVE & S UNIVERSITY BLVD,1,1,0,0,1,3,0,0,25,0,0,0,0,0,4,2,13
,2024-025420,39.83466574,-104.6929253,5/14/2024 16:10,16:10,15,0,0, JACKSON GAP ST & PENA BLVD RAMPS,1,1,0,0,1,1,0,0,15,0,0,0,0,0,4,2,13
,2024-025422,39.78051118,-104.951833,6/10/2024 6:59,6:59,12,0,0,I-70 & N VASQUEZ BLVD,1,1,0,0,1,4,0,0,55,0,0,0,0,0,1,2,16
,2024-025423,39.78030617,-104.9408944,6/10/2024 8:27,8:27,12,0,1,I-70 & N COLORADO BLVD,1,1,1,0,1,13,0,0,55,0,0,0,0,1,1,2,16
,2024-025427,39.77779531,-105.0186944,6/8/2024 7:49,7:49,6,0,0,W 45TH AVE & N BRYANT ST,1,1,0,0,1,4,0,0,20,0,0,0,0,0,4,2,16
,2024-025430,39.7308489,-105.053225,6/10/2024 0:37,0:37,14,0,0, SHERIDAN BLVD & W 9TH AVE,1,3,0,0,1,4,0,0,35,0,0,0,0,0,2,2,14
,2024-025431,39.74166804,-104.9775573,6/9/2024 10:50,10:50,10,0,0, CLARKSON ST & E 16TH AVE,1,1,0,0,1,1,0,0,30,0,0,0,0,0,4,2,8
,2024-025432,39.74033339,-105.0455336,6/3/2024 14:50,14:50,15,0,0,W COLFAX AVE & N UTICA ST,1,1,0,0,1,4,0,0,30,0,0,0,0,0,2,2,11
,2024-025433,39.74358738,-104.99743,6/9/2024 18:50,18:50,5,0,1,STOUT ST & 13TH ST,1,1,0,0,2,4,0,0,25,0,0,0,1,3,4,1,14
,2024-025434,39.69294349,-104.940549,6/8/2024 15:10,15:10,1,0,0, COLORADO BLVD & E LOUISIANA AVE,1,1,0,0,1,1,0,0,35,0,0,0,0,0,2,3,13
,2024-025435,39.73103088,-104.9402748,6/7/2024 11:03,11:03,15,0,0,E 9TH AVE & N COLORADO BLVD,1,1,0,0,1,4,0,0,20,0,0,0,0,0,4,2,11
,2024-025437,39.7321009,-105.0015797,6/6/2024 20:31,20:31,11,0,1,W 10TH AVE & N LIPAN ST,1,3,0,0,1,1,0,0,0,0,0,1,0,3,4,1,16
,2024-025441,39.72008935,-104.890743,6/1/2024 17:37,17:37,12,0,0,E LOWRY BLVD & N UINTA WY,1,1,0,0,1,6,0,0,,0,0,0,0,0,4,2,16
,2024-025442,39.71121425,-104.9129184,6/10/2024 17:32,17:32,15,0,0,E ALAMEDA AVE & S MONACO ST PKWY,1,1,0,0,1,1,0,0,35,0,0,0,0,0,4,2,11
,2024-025443,39.69597286,-105.0137655,6/8/2024 4:38,4:38,6,0,0,W MOSIER PL & S UMATILLA ST,1,3,0,0,1,4,0,0,25,0,0,0,0,0,4,2,16
,2024-025447,39.7846328,-105.0251954,6/10/2024 14:50,14:50,3,0,1, FEDERAL BLVD & I-70 WB RAMPS,1,1,0,0,1,1,0,0,35,0,0,0,0,2,2,3,8
,2024-025450,39.68297344,-104.9399519,6/7/2024 14:42,14:42,15,0,0,I-25 & S COLORADO BLVD,1,1,0,0,1,4,0,0,55,0,0,0,0,0,1,2,13
,2024-025455,39.74273612,-105.0257171,6/9/2024 10:00,10:00,6,0,0,E 16TH AVE & N FEDERAL BLVD,1,1,0,0,1,4,0,0,,0,0,0,0,0,4,2,16
,2024-025460,39.79838701,-104.7864124,6/10/2024 15:45,15:45,12,0,0,E 56TH AVE & PENA BLVD INBOUND,1,1,0,0,1,4,0,0,40,0,0,0,0,0,4,2,13
,2024-025461,39.77838066,-104.9684209,6/10/2024 18:32,18:32,12,0,0, BRIGHTON BLVD & 44TH ST,1,1,0,0,1,1,0,0,35,0,0,0,0,0,4,2,11
,2024-025462,39.7827487,-105.0066743,6/10/2024 13:33,13:33,3,0,0,I-70 EB RAMP & N PECOS ST,1,1,0,0,1,6,0,0,20,0,0,0,0,0,1,2,13
,2024-025464,39.78365157,-104.7648972,6/9/2024 4:34,4:34,3,0,1,E GREEN VALLEY RANCH BLVD & N ARGONNE ST,1,3,0,0,1,1,0,0,35,0,0,0,0,1,4,2,3
,2024-025465,39.77975972,-104.9407724,6/6/2024 21:06,21:06,15,0,0, COLORADO BLVD & I-70 EB ON RAMP,1,3,0,0,1,1,0,0,35,0,0,0,0,0,2,2,16
,2024-025469,39.69113564,-104.9405476,6/6/2024 15:45,15:45,12,0,0, COLORADO BLVD & E ARKANSAS AVE,1,1,0,0,1,1,0,0,35,0,0,0,0,0,2,2,3
,2024-025474,39.73363107,-104.9940975,6/2/2024 15:34,15:34,3,0,0,W 11TH AVE & N SPEER BLVD,1,1,0,0,1,1,0,0,30,0,0,0,0,0,4,3,1
,2024-025475,39.74042186,-105.0531745,6/9/2024 20:58,20:58,5,0,0,W COLFAX AVE & N SHERIDAN BLVD,1,3,0,0,3,1,0,0,35,0,0,0,0,0,2,1,13
,2024-025478,39.72413923,-104.9871827,6/9/2024 10:18,10:18,6,0,0,E 5TH AVE & S BROADWAY ST,1,1,0,0,1,4,0,0,20,0,0,0,0,0,4,2,16
,2024-025481,39.72327374,-104.903523,6/9/2024 15:00,15:00,2,0,0,E 5TH PKWY & N QUEBEC ST,1,1,0,0,1,1,0,0,20,1,0,0,0,0,4,1,13
,2024-025482,39.66213082,-105.0157993,5/31/2024 18:25,18:25,6,0,1,W CORNELL AVE & S ZUNI ST,1,1,0,0,1,3,0,0,35,0,0,0,0,1,4,2,14
,2024-025485,39.75215761,-104.9849156,6/8/2024 22:20,22:20,6,0,0,STOUT ST & PARK AVE W,1,3,0,0,1,4,0,0,25,0,0,0,0,0,4,2,16
,2024-025486,39.76384269,-104.9124613,6/8/2024 15:30,15:30,12,0,0,E 33RD AVE & N MONACO ST PKWY,1,1,0,0,1,1,0,0,35,0,0,0,0,0,4,2,16
,2024-025487,39.70569892,-105.0234205,6/8/2024 9:53,9:53,5,0,0,W CENTER AVE & S ELIOT ST,1,1,0,0,1,4,0,0,20,0,0,0,0,0,4,1,16
,2024-025490,39.75792418,-104.9917669,6/10/2024 11:35,11:35,10,0,0,PARK AVE W & WAZEE ST,1,1,1,0,1,1,0,0,35,0,0,0,0,0,4,2,13
,2024-025493,39.66763513,-104.9117707,6/10/2024 19:52,19:52,12,0,0,E YALE AVE & S MONACO ST PKWY,1,1,0,0,1,4,0,0,35,0,0,0,0,0,4,4,7
,2024-025495,39.78941439,-105.0579985,6/6/2024 5:45,5:45,5,0,0,W 51ST PL & N DEPEW CT,1,2,1,0,3,3,0,0,30,0,0,0,0,0,4,1,13
,2024-025506,39.75186375,-104.9887744,6/9/2024 12:30,12:30,3,0,2,21ST ST & CURTIS ST,1,1,0,0,1,1,0,0,20,0,0,0,0,2,4,2,13
,2024-025508,39.69674956,-105.0250716,6/3/2024 15:51,15:51,15,0,0, FEDERAL BLVD & W MISSISSIPPI AVE,1,1,0,0,1,2,0,0,35,0,0,0,0,0,2,2,1
,2024-025509,39.6386078,-104.9033507,6/9/2024 9:55,9:55,6,0,0,E QUINCY AVE & S QUEBEC ST,1,2,0,0,1,4,0,0,,0,0,0,0,0,4,3,16
,2024-025511,39.78170281,-104.9895454,6/6/2024 16:00,16:00,12,0,0,I-25 & I-70,1,1,0,0,1,4,0,0,55,0,0,0,0,0,1,2,13
,2024-025513,39.75760447,-104.9744348,6/10/2024 8:00,8:00,3,0,1,30TH ST & WELTON ST,1,1,0,0,1,1,0,0,25,0,0,0,0,1,4,2,7
,2024-025514,39.70853369,-105.02508,6/9/2024 22:30,22:30,5,0,1, FEDERAL BLVD & W ALASKA PL,14,5,3,7,3,4,0,0,45,0,0,0,1,3,4,1,11
,2024-025520,39.71518803,-104.9593064,6/8/2024 17:15,17:15,12,0,0, UNIVERSITY BLVD & CHERRY CREEK S DR,1,2,0,0,1,3,0,0,35,0,0,0,0,0,4,2,13
,2024-025564,39.75990248,-104.9870928,6/7/2024 11:45,11:45,2,0,1,BLAKE ST & 26TH ST,1,1,0,0,1,1,0,0,20,1,0,0,0,1,4,1,16
,2024-025566,39.71572455,-105.0250013,6/11/2024 6:38,6:38,12,0,0, FEDERAL BLVD & W ARCHER PL,1,1,1,0,1,3,0,0,35,0,0,0,0,0,2,2,13
,2024-025598,39.76180082,-105.0028188,6/7/2024 14:35,14:35,12,0,0,I-25 NB ON RAMP FROM 20TH ST & RAMP METER LIGHT,1,1,1,0,1,8,0,0,35,0,0,0,0,0,1,2,13