id,drcog_id,latitude,longitude,crashtime,time,crashtype,numbkilled,numbinjurd,drcoglocat,rdconditin,lightngcon,roadcntgrd,weatherco,location,roaddescrp,schoolzone,constrzone,splimit,bikeinv,pedinv,sctrinv,motoinv,svrty,rdsystem,ttlvehcls,hcf
,2024-025602,39.76382488,-105.0158516,6/11/2024 16:23,16:23,6,0,0,3300  ZUNI ST,1,1,0,0,1,4,0,0,35,0,0,0,0,0,4,2,10
,2024-025604,39.72560131,-104.940872,6/10/2024 9:41,9:41,12,0,0,E 6TH AVE SLIP & N COLORADO BLVD,1,1,0,0,1,3,0,0,30,0,0,0,0,0,4,2,13
,2024-025605,39.72413832,-104.9908463,6/10/2024 15:10,15:10,3,0,1, BANNOCK ST & W 5TH AVE,1,1,0,0,1,1,0,0,25,0,0,0,0,2,4,2,11
,2024-025606,39.6784271,-104.9593934,6/10/2024 15:00,15:00,12,0,0, UNIVERSITY BLVD & E EVANS AVE,1,1,0,0,1,1,0,0,30,0,0,0,0,0,4,2,3
,2024-025608,39.77476562,-105.0439842,6/5/2024 8:24,8:24,12,0,0,W TENNYSON ST & W 43RD AVE,1,1,0,0,1,3,0,0,,0,0,0,0,0,4,2,16
,2024-025609,39.74016038,-104.9529885,6/11/2024 7:09,7:09,3,0,1, FILLMORE ST & E COLFAX AVE,1,1,0,0,1,1,0,0,20,0,0,0,0,2,2,2,16
,2024-025610,39.73842396,-104.9741313,6/10/2024 9:15,9:15,3,0,0,E 14TH AVE & N CORONA ST,1,1,0,0,1,1,0,0,30,0,0,0,0,0,4,2,3
,2024-025611,39.71110223,-104.9782629,6/10/2024 19:14,19:14,12,0,0,E ALAMEDA AVE & S CLARKSON ST,1,1,1,0,1,3,0,0,35,0,0,0,0,0,4,3,11
,2024-025612,39.76991391,-104.8472892,6/11/2024 10:10,10:10,15,0,0, PEORIA ST & E 38TH AVE,1,1,0,0,1,4,0,0,35,0,0,0,0,0,4,2,13
,2024-025615,39.77822427,-104.8827052,6/11/2024 10:27,10:27,12,0,0,I-70 WB OFF RAMP & N CENTRAL PARK BLVD,1,1,0,0,1,1,0,0,35,0,0,0,0,0,4,2,13
,2024-025616,39.7256747,-105.0132102,6/11/2024 12:56,12:56,15,0,1,I-25 & W 6TH AVE,1,1,1,0,1,4,0,0,55,0,0,0,0,1,1,2,13
,2024-025623,39.78838209,-104.8862049,6/10/2024 21:45,21:45,6,0,0,8809 E STOLL PL & E 50TH AVE,1,3,0,0,1,4,0,0,20,0,0,0,0,0,4,2,8
,2024-025624,39.78915147,-104.763316,6/11/2024 14:15,14:15,6,0,0, CEYLON ST & E 51ST AVE,1,1,0,0,1,3,0,0,20,0,0,0,0,0,4,2,13
,2024-025628,39.69215535,-105.0424008,6/11/2024 9:27,9:27,6,0,0, RALEIGH ST & S STUART WY,1,1,0,0,1,4,0,0,20,0,0,0,0,0,4,2,3
,2024-025633,39.67164554,-104.9593891,6/11/2024 11:09,11:09,15,0,0, UNIVERSITY BLVD & E HARVARD AVE,1,1,0,0,1,2,0,0,30,0,0,0,0,0,4,2,11
,2024-025634,39.63866407,-104.9040084,6/10/2024 9:58,9:58,5,0,0, EASTMOOR DR & E QUINCY AVE,14,5,0,7,3,4,0,0,35,0,0,0,0,0,4,1,16
,2024-025635,39.77972354,-104.940771,6/11/2024 14:00,14:00,1,0,0, COLORADO BLVD & I-70 EB RAMPS,1,1,0,0,1,1,0,0,35,0,0,0,0,0,2,2,8
,2024-025640,39.6965682,-104.9418816,6/11/2024 10:01,10:01,1,0,4,E MISSISSIPPI AVE & S HARRISON ST,1,1,0,0,1,1,0,0,30,0,0,0,0,2,4,2,11
,2024-025641,39.72253355,-104.9942229,6/11/2024 11:01,11:01,6,0,0,W 4TH AVE & N ELATI ST,1,1,0,0,1,4,0,0,20,0,0,0,0,0,4,2,11
,2024-025643,39.75521517,-105.012605,6/11/2024 8:07,8:07,15,0,0,I-25 & N SPEER BLVD,1,1,0,0,1,4,0,0,55,0,0,0,0,0,1,2,16
,2024-025645,39.78023158,-104.9893719,6/11/2024 7:25,7:25,15,0,0,I-70 & I-25,1,1,1,0,1,4,0,0,55,0,0,0,0,0,1,2,14
,2024-025646,39.72907843,-104.9787683,6/10/2024 18:48,18:48,3,0,1, WASHINGTON ST & E 8TH AVE,1,1,3,7,1,1,0,0,30,0,0,0,0,2,4,3,10
,2024-025648,39.73741534,-105.0253247,5/28/2024 9:00,9:00,15,0,0,1300  FEDERAL BLVD,1,1,0,0,1,4,0,0,35,0,0,0,0,0,2,2,14
,2024-025651,39.72931759,-105.0148151,6/10/2024 13:14,13:14,12,0,0,I-25 & W 8TH AVE,1,1,0,0,1,4,0,0,55,0,0,0,0,0,1,2,13
,2024-025653,39.71653791,-104.9731462,6/11/2024 12:03,12:03,3,0,1,E ELLSWORTH AVE & S DOWNING ST,1,1,0,0,1,1,0,0,25,0,0,0,0,2,4,2,11
,2024-025657,39.80023834,-104.7628325,6/10/2024 18:54,18:54,15,0,1, DUNKIRK ST & E 57TH AVE,14,1,0,0,1,1,0,0,35,0,0,0,1,1,4,2,1
,2024-025663,39.7617955,-104.9046238,6/10/2024 11:20,11:20,10,0,0, POPLAR ST & E MLK BLVD,1,1,0,0,1,9,0,0,35,0,0,0,0,0,4,2,8
,2024-025669,39.77995018,-104.9452418,6/11/2024 11:10,11:10,10,0,0,E 46TH  AVE & N MONROE ST,1,1,1,0,1,1,0,0,30,0,0,0,0,0,4,2,8
,2024-025670,39.66746882,-104.9362176,6/11/2024 11:07,11:07,1,0,1, CLERMONT DR & E YALE AVE,1,1,0,0,1,1,0,0,25,0,0,0,0,2,4,2,11
,2024-025671,39.67846384,-104.9135136,6/11/2024 16:50,16:50,3,0,0,6477 E EVANS AVE & S MONACO ST PKWY,1,1,0,0,1,2,0,0,35,0,0,0,0,0,4,2,11
,2024-025672,39.7693813,-104.9016998,6/11/2024 11:55,11:55,10,0,0,E 38TH AVE & N QUEBEC ST,1,1,0,0,1,2,0,0,20,0,0,0,0,0,4,2,1
,2024-025673,39.73854276,-104.8846583,6/11/2024 9:21,9:21,3,0,0,1415  YOSEMITE ST & E 14TH AVE,1,1,0,0,1,2,0,0,,0,0,0,0,0,4,2,11
,2024-025677,39.72931284,-105.0251485,6/11/2024 15:50,15:50,1,0,3,W 8TH AVE & N FEDERAL BLVD,1,1,0,0,1,1,0,0,30,0,0,0,0,2,4,2,11
,2024-025681,39.68215048,-104.9875687,6/11/2024 8:43,8:43,15,0,0, BROADWAY ST & E JEWELL AVE,1,1,0,0,1,1,0,0,35,0,0,0,0,0,4,2,11
,2024-025682,39.78543113,-104.9782998,6/11/2024 10:37,10:37,15,0,0, WASHINGTON ST & E 47TH AVE,1,1,0,0,1,4,0,0,30,0,0,0,0,0,4,2,13
,2024-025683,39.77657404,-105.049778,6/11/2024 10:15,10:15,3,0,0, XAVIER ST & W 44TH AVE,1,1,0,0,1,1,0,0,20,0,0,0,0,0,4,2,1
,2024-025685,39.74003815,-105.0015628,6/11/2024 12:55,12:55,15,0,0,W COLFAX AVE & N LIPAN ST,1,1,0,0,1,1,0,0,30,0,0,0,0,0,2,2,11
,2024-025689,39.67847028,-104.9396955,6/11/2024 17:20,17:20,3,0,0,4055 E EVANS AVE & S COLORADO BLVD,1,1,0,0,1,2,0,0,35,0,0,0,0,0,4,2,11
,2024-025691,39.76434771,-104.9406531,6/10/2024 20:00,20:00,16,0,0,3375  COLORADO BLVD & E BRUCE RANDOLPH AVE,1,1,0,0,5,7,0,0,,0,0,0,0,0,3,2,16
,2024-025692,39.75457035,-104.940542,6/10/2024 10:30,10:30,12,0,0, COLORADO BLVD & E 26TH AVE,1,1,0,0,1,1,0,0,35,0,0,0,0,0,2,3,3
,2024-025693,39.75034106,-104.8878291,6/10/2024 7:05,7:05,6,0,1, CENTRAL PARK BLVD & N XANTHIA WY,1,1,0,0,1,4,0,0,30,0,0,0,0,2,4,2,16
,2024-025694,39.74020234,-104.9999501,6/11/2024 7:26,7:26,3,0,0,W COLFAX AVE & N KALAMATH ST,1,1,0,0,1,1,0,0,30,0,0,0,0,0,2,2,11
,2024-025695,39.73681278,-104.959785,6/10/2024 12:10,12:10,3,0,1, YORK ST & E 13TH AVE,1,1,0,0,1,1,0,0,30,0,0,0,0,2,4,3,11
,2024-025697,39.73800518,-105.0259606,6/11/2024 13:30,13:30,14,0,0,W 14TH AVE & W AVONDALE DR,1,1,1,0,1,4,0,0,30,0,0,0,0,0,4,2,3
,2024-025698,39.72253047,-105.000182,6/11/2024 11:40,11:40,10,0,0, KALAMATH ST & W 4TH AVE,1,1,0,0,1,1,0,0,35,0,0,0,0,0,4,2,8
,2024-025700,39.73045162,-104.9752639,6/10/2024 17:05,17:05,3,0,0, OGDEN ST & E 9TH AVE,1,1,0,0,1,1,0,0,20,0,0,0,0,0,4,2,11
,2024-025703,39.74776567,-104.9508296,6/10/2024 23:40,23:40,5,0,2,CITY PARK RD 9 & CITY PARK RD 21,1,3,0,0,2,4,0,0,20,0,0,0,0,2,4,1,1
,2024-025704,39.73947117,-105.0509398,6/11/2024 16:41,16:41,15,0,0, YATES ST & W 13TH AVE,1,1,0,0,1,4,0,0,20,0,0,0,0,0,4,2,11
,2024-025706,39.71779632,-104.9406263,5/22/2024 14:15,14:15,3,0,0,E 1ST AVE & N COLORADO BLVD,1,1,0,0,1,1,0,0,,0,0,0,0,0,4,2,16
,2024-025710,39.75075992,-104.9696502,6/7/2024 8:30,8:30,12,0,0, HUMBOLDT ST & E 23RD AVE,1,1,0,0,1,3,0,0,,0,0,0,0,0,4,2,16
,2024-025711,39.64957029,-104.8981411,6/11/2024 8:31,8:31,12,0,0, TAMARAC DR & E ROSEMARY WY,1,1,0,0,1,4,0,0,30,0,0,0,0,0,4,2,3
,2024-025715,39.74599036,-104.9980475,5/26/2024 17:45,17:45,11,0,1,1111 14TH ST & ARAPAHOE ST,1,1,0,0,1,4,0,0,20,0,1,0,0,1,4,1,14
,2024-025722,39.70581326,-105.053235,6/4/2024 21:15,21:15,15,0,0, SHERIDAN BLVD & W CUSTER PL,1,3,0,0,1,4,0,0,25,0,0,0,0,0,2,2,16
,2024-025723,39.75493957,-104.9830576,6/11/2024 9:15,9:15,2,0,2,25TH ST & CHAMPA ST,1,1,0,0,1,1,0,0,20,1,0,0,0,1,4,1,16
,2024-025724,39.69674818,-105.0125751,6/10/2024 21:35,21:35,3,0,1,W MISSISSIPPI AVE & S TEJON ST,1,3,0,0,1,2,0,0,35,0,0,0,1,3,4,2,16
,2024-025725,39.6712158,-104.9593903,6/11/2024 9:46,9:46,11,0,1,E HARVARD AVE & S UNIVERSITY BLVD,1,1,0,0,1,1,0,0,25,1,1,0,0,2,4,1,11
,2024-025812,39.83812786,-104.7154712,6/8/2024 4:00,4:00,5,0,0,GUN CLUB RD & 78TH AVE,1,3,0,0,4,1,0,0,45,0,0,0,0,0,4,1,16
,2024-025813,39.71388114,-104.9856189,5/31/2024 21:08,21:08,6,0,1,E MAPLE AVE & S LINCOLN ST,1,4,0,0,1,3,0,0,20,0,0,0,1,2,4,2,1
,2024-025815,39.68125093,-104.9260462,6/12/2024 12:20,12:20,6,0,0,5265 E ATLANTIC PL & S FAIRFAX ST,1,1,0,0,1,4,0,0,20,0,0,0,0,0,4,2,11
,2024-025821,39.6530787,-104.8986189,6/11/2024 19:30,19:30,12,0,0,E HAMPDEN AVE & S TAMARAC DR,1,1,0,0,1,4,0,0,40,0,0,0,0,0,2,4,11
,2024-025822,39.79826347,-104.8200383,6/10/2024 20:35,20:35,5,0,0, CROWN BLVD & E 56TH AVE,1,1,0,0,4,1,0,0,45,0,0,0,0,0,4,1,9
,2024-025823,39.68345424,-104.9400382,5/8/2024 12:29,12:29,12,0,2,I-25 NB OFF RAMP & S COLORADO BLVD,1,1,1,0,1,8,0,0,,0,0,0,0,1,4,3,14
,2024-025831,39.76209578,-105.0111859,6/1/2024 2:44,2:44,6,0,1, TEJON ST & W 32ND AVE,1,3,0,0,1,3,0,0,30,0,0,0,0,1,4,2,16
,2024-025839,39.71824185,-104.9128398,6/12/2024 13:02,13:02,15,0,0, MONACO ST & E 1ST AVE,1,1,0,0,1,4,0,0,35,0,0,0,0,0,4,2,11
,2024-025840,39.73998458,-104.9597854,6/11/2024 15:00,15:00,3,0,0, YORK ST & E COLFAX AVE,1,1,0,0,1,1,0,0,35,0,0,0,0,0,2,3,11
,2024-025841,39.74007826,-104.9023193,6/12/2024 8:40,8:40,1,0,0,E COLFAX AVE & N QUINCE ST,1,1,0,0,1,1,0,0,30,0,0,0,0,0,2,2,11
,2024-025842,39.77966964,-104.9667207,6/8/2024 11:24,11:24,15,0,0,I-70 EB ON RAMP SLIP & N BRIGHTON BLVD,1,1,0,0,1,8,0,0,30,0,0,0,0,0,1,2,11
,2024-025843,39.76595801,-105.0252995,6/12/2024 8:10,8:10,15,0,0, FEDERAL BLVD & W 35TH AVE,1,1,1,0,1,3,0,0,35,0,0,0,0,0,2,2,11
,2024-025844,39.70028945,-104.9874766,5/29/2024 9:30,9:30,15,0,0, BROADWAY ST & E KENTUCKY AVE,1,1,0,0,1,3,0,1,35,0,0,0,0,0,4,2,16
,2024-025851,39.72188968,-104.974063,6/12/2024 16:50,16:50,6,0,1, CORONA ST & E 4TH AVE,1,1,0,0,1,4,0,0,30,0,0,0,0,1,4,6,10
,2024-025853,39.69959487,-104.9931197,5/26/2024 22:00,22:00,15,0,0, PLATTE RIVER DR & W TENNESSEE AVE,1,3,0,0,1,4,0,0,45,0,0,0,0,0,2,2,16
,2024-025855,39.77275541,-104.8334335,6/12/2024 9:05,9:05,15,0,0,I-225 ON RAMP & I-225 SB ON RAMP FROM EB I-70,1,1,1,0,1,8,0,0,55,0,0,0,0,0,1,2,13
,2024-025856,39.69116171,-104.9934895,6/12/2024 12:22,12:22,15,0,0, SANTA FE DR & S PLATTE RIVER DR E,1,1,0,0,1,4,0,0,35,0,0,0,0,0,2,2,11
,2024-025861,39.6821789,-105.0018279,6/12/2024 19:10,19:10,3,0,0, PLATTE RIVER DR & W JEWELL AVE,1,1,0,0,1,1,0,0,30,0,0,0,0,0,4,2,13
,2024-025864,39.69656078,-104.865931,6/2/2024 6:52,6:52,12,0,0, HAVANA ST & E MISSISSIPPI AVE,1,1,0,0,1,4,0,0,35,0,0,0,0,0,2,2,16
,2024-025879,39.7802057,-104.9570957,6/12/2024 14:47,14:47,12,0,0,I-70 & N COLUMBINE ST,1,1,0,0,1,4,0,0,55,0,0,0,0,0,1,2,13
,2024-025880,39.6985657,-105.0250782,6/12/2024 5:40,5:40,3,0,0,W TENNESSEE AVE & S FEDERAL BLVD,1,2,0,0,1,1,0,0,35,0,0,0,0,0,2,2,16
,2024-025905,39.71531424,-104.9593071,6/12/2024 11:03,11:03,14,0,0, UNIVERSITY BLVD & E CHERRY CREEK N DR,1,1,0,0,1,3,0,0,30,0,0,0,0,0,4,2,14
,2024-025906,39.76164585,-104.9406689,6/8/2024 12:43,12:43,3,0,0, COLORADO BLVD & E MLK BLVD,1,1,0,0,1,1,0,0,,0,0,0,0,0,2,2,16
,2024-025907,39.74154159,-104.9861179,6/11/2024 15:35,15:35,15,0,0, LINCOLN ST & E 16TH AVE,1,1,0,0,1,4,0,0,35,0,0,0,0,0,4,2,1
,2024-025912,39.67856596,-104.9828857,6/11/2024 17:00,17:00,12,0,0,E EVANS AVE & S LOGAN ST,1,1,0,0,1,1,0,0,35,0,0,0,0,0,4,3,3
,2024-025914,39.76184531,-104.9293908,6/11/2024 17:37,17:37,3,0,0,E MLK BLVD & N ELM ST,1,1,0,0,1,1,0,0,25,0,0,0,0,0,4,3,7
,2024-025920,39.76199544,-104.9634496,6/7/2024 15:52,15:52,3,0,0, RACE ST & E MLK BLVD,1,1,0,0,1,1,0,0,30,0,0,0,0,0,4,2,13
,2024-025922,39.76271216,-105.0357765,6/1/2024 13:20,13:20,6,0,0, MEADE ST & 32ND AVE,1,1,0,0,1,4,0,0,25,0,0,0,0,0,4,2,11
,2024-025923,39.69894976,-104.9045119,6/11/2024 18:16,18:16,11,0,1,LEETSDALE DR & S QUEBEC ST,1,2,0,1,1,4,0,0,0,0,1,0,0,2,2,1,16
,2024-025924,39.78235646,-104.8470107,6/11/2024 8:50,8:50,15,0,0, PEORIA ST & E 47TH AVE,1,3,0,0,1,3,0,0,40,0,0,0,0,0,4,2,14
,2024-025925,39.65681572,-105.0240165,6/12/2024 14:59,14:59,3,0,0, ELIOT ST & E FLOYD AVE,1,1,0,0,1,2,0,0,20,0,0,0,0,0,4,2,3
,2024-025932,39.69859579,-104.9035551,6/9/2024 21:10,21:10,11,0,0, QUEBEC ST & LEETSDALE DR,1,3,0,0,1,1,0,0,0,0,1,0,0,0,2,2,16
,2024-025933,39.75840979,-105.0118144,5/26/2024 20:00,20:00,12,0,0,BOULDER ST & 15TH ST,1,3,0,0,1,4,0,0,35,0,0,0,0,0,4,2,16
,2024-025941,39.78378116,-104.7955908,6/11/2024 16:36,16:36,12,0,1,E GREEN VALLEY RANCH BLVD & N AIRPORT WY,1,1,0,0,1,3,0,0,35,0,0,0,0,1,4,2,14
,2024-025942,39.72360524,-105.0113903,6/12/2024 12:09,12:09,12,0,0,I-25 & W 6TH AVE,1,1,1,0,1,4,0,0,55,0,0,0,0,0,1,2,1
,2024-025944,39.72400784,-105.0532656,6/12/2024 6:38,6:38,12,0,0, SHERIDAN BLVD & W 5TH AVE,1,1,0,0,1,3,0,0,35,0,0,0,0,0,2,2,13
,2024-025945,39.77963662,-104.9790316,6/12/2024 6:31,6:31,12,0,0,I-70 & N WASHINGTON ST,1,1,1,0,1,4,0,0,55,0,0,0,0,0,1,2,11
,2024-025946,39.7437808,-104.9733835,6/12/2024 21:33,21:33,1,0,1, DOWNING ST & PARK AVE,1,3,0,0,1,1,0,0,35,0,0,0,0,2,4,2,16
,2024-025949,39.63117872,-104.8924131,6/12/2024 15:01,15:01,8,0,0, DTC BLVD & E UNION AVE,1,1,0,0,1,1,0,0,40,0,0,0,0,0,4,2,3
,2024-025951,39.74327313,-104.9835889,6/4/2024 1:51,1:51,11,1,0,E 17TH AVE & N GRANT ST,1,3,0,0,1,1,0,0,0,0,1,0,0,4,4,1,16
,2024-025998,39.7037846,-104.91444,1/28/2024 2:00,2:00,15,0,0,LEETSDALE DR & E EXPOSITION AVE,1,3,0,0,1,4,0,0,35,0,0,0,0,0,2,2,16
,2024-025999,39.74054934,-105.0178978,2/4/2024 17:05,17:05,12,0,0,W COLFAX AVE & AURARIA PKWY,1,1,0,0,1,3,0,0,25,0,0,0,0,0,2,2,16
,2024-026000,39.76862845,-104.9930755,5/10/2024 23:01,23:01,12,0,0,I-25 EB OFF RAMP TO -70 & PARK AVE W,1,3,1,0,1,8,0,0,55,0,0,0,0,0,4,2,16
,2024-026001,39.7091667,-104.9315543,5/27/2024 12:30,12:30,3,0,0, DAHLIA ST & LEETSDALE DR,1,1,0,0,1,1,0,0,25,0,0,0,0,0,2,2,3
,2024-026003,39.75159555,-104.9787095,6/11/2024 11:07,11:07,3,0,1,25TH ST & TREMONT PL,1,1,0,0,1,1,0,0,20,0,0,0,0,1,4,2,16
,2024-026004,39.67873322,-104.9593926,6/12/2024 14:00,14:00,3,0,0, UNIVERSITY BLVD & E EVANS AVE,1,1,0,0,1,9,0,0,,0,0,0,0,0,4,2,3
,2024-026005,39.67845405,-104.9366939,6/13/2024 16:53,16:53,1,0,2,E EVANS AVE & S BIRCH ST,1,1,0,7,1,1,0,0,40,0,0,0,0,1,4,4,11
,2024-026009,39.66748316,-104.9272674,6/13/2024 14:30,14:30,12,0,0,E YALE AVE & S GLENCOE ST,1,1,0,0,1,1,0,0,30,0,0,0,0,0,4,2,3
,2024-026010,39.71772785,-104.9497656,6/12/2024 19:30,19:30,15,0,0, STEELE ST & E 1ST AVE,1,1,0,0,1,3,0,0,30,0,0,0,0,0,4,2,8
,2024-026012,39.7748763,-104.8473559,6/12/2024 12:00,12:00,15,0,0,I-70 WB ON RAMP & N PEORIA ST,1,1,0,1,1,8,0,0,45,0,0,0,0,0,1,2,16
,2024-026013,39.74002481,-104.9980148,6/13/2024 9:59,9:59,15,0,0,W COLFAX AVE & N SPEER BLVD,1,1,0,0,1,1,0,0,35,0,0,0,0,0,2,2,13
,2024-026022,39.73050965,-104.9591971,6/13/2024 10:52,10:52,3,0,2,E 9TH AVE & N JOSEPHINE ST,1,1,0,0,1,1,0,0,30,0,0,0,0,2,4,2,16
,2024-026023,39.72147008,-105.0086491,6/13/2024 12:59,12:59,12,0,0,I-25 & NB OFF RAMP EXT TO W 6TH AVE,1,1,0,0,1,4,0,0,55,0,0,0,0,0,1,2,13
,2024-026024,39.74007826,-104.9023193,6/13/2024 7:24,7:24,1,0,0,E COLFAX AVE & N QUINCE ST,1,1,0,0,1,1,0,0,35,0,0,0,0,0,2,2,16
,2024-026025,39.70160559,-104.9593325,6/13/2024 11:16,11:16,12,0,1, UNIVERSITY BLVD & E OHIO AVE,1,1,0,0,1,4,0,0,30,0,0,0,0,2,4,4,3
,2024-026026,39.69299653,-104.9786042,6/11/2024 15:45,15:45,15,0,0,E BUCHTEL BLVD & E LOUISIANA AVE,1,1,0,0,1,1,0,0,30,0,0,0,0,0,4,2,3
,2024-026027,39.7265843,-104.9861729,6/13/2024 10:45,10:45,15,0,0, LINCOLN ST & E SPEER BLVD,1,1,0,0,1,1,0,0,30,0,0,0,0,0,4,2,3
,2024-026028,39.76078051,-105.0158351,6/13/2024 19:28,19:28,1,0,1, ZUNI ST & W 31ST AVE,1,2,1,0,1,1,0,0,30,0,0,0,0,1,4,3,11
,2024-026029,39.7234924,-105.0250231,6/13/2024 12:08,12:08,12,0,1, FEDERAL BLVD & W 5TH AVE,1,1,3,0,1,4,0,0,35,0,0,0,0,2,2,2,13
,2024-026030,39.725708,-104.9985601,6/12/2024 15:25,15:25,3,0,0,W 6TH AVE & N SANTA FE DR,1,1,0,0,1,1,0,0,30,0,0,0,0,0,4,3,13
,2024-026031,39.77823597,-104.8975671,6/13/2024 15:11,15:11,12,0,0,I-70 & N NORTHFIELD QUEBEC ST,1,1,0,0,1,4,0,0,,0,0,0,0,0,1,2,16
,2024-026032,39.7178225,-104.9461672,6/13/2024 12:33,12:33,3,0,1, MADISON ST & E 1ST AVE,1,1,0,0,1,1,0,0,20,0,0,0,0,2,4,2,16
,2024-026033,39.76927806,-105.0245398,6/12/2024 14:08,14:08,12,0,0,W 38TH AVE & N FEDERAL BLVD,1,1,0,0,1,4,0,0,35,0,0,0,0,0,4,2,7
,2024-026034,39.70860428,-105.0086315,6/6/2024 14:58,14:58,6,0,1, RARITAN ST & W ALASKA PL,1,1,1,0,1,4,0,0,20,0,0,0,0,1,4,2,14
,2024-026035,39.78050367,-104.9581643,6/13/2024 6:34,6:34,12,0,0,I-70 & N JOSEPHINE ST,1,1,0,0,1,4,0,0,55,0,0,0,0,0,1,3,1
,2024-026036,39.74197789,-104.8974719,6/12/2024 21:45,21:45,6,0,0,E 16TH AVE & N SPRUCE ST,14,5,3,7,1,4,0,0,20,0,0,0,0,0,4,2,10
,2024-026041,39.72571779,-105.0250919,6/13/2024 9:15,9:15,3,0,0, FEDERAL BLVD & W 6TH AVE WB RAMPS,1,1,0,0,1,1,0,0,35,0,0,0,0,0,2,3,13
,2024-026042,39.78051079,-104.9602109,6/13/2024 11:07,11:07,12,0,1,I-70 & N BRIGHTON BLVD,1,1,0,0,1,4,0,0,55,0,0,0,0,1,1,2,13
,2024-026043,39.75801689,-104.903394,6/13/2024 13:11,13:11,1,0,2, QUEBEC ST & E 29TH AVE,1,1,0,0,1,1,0,0,30,0,0,0,0,1,4,2,8
,2024-026044,39.62521299,-104.9022222,6/13/2024 9:29,9:29,12,0,0,I-25 & E BELLEVIEW AVE,1,1,0,0,1,4,0,0,55,0,0,0,0,0,1,2,13
,2024-026045,39.7546295,-104.9769504,6/13/2024 11:27,11:27,12,0,0, CLARKSON ST & E 26TH AVE,1,1,0,0,1,1,0,0,20,0,0,0,0,0,4,2,16
,2024-026046,39.72564821,-104.9862615,6/12/2024 13:00,13:00,15,0,0, LINCOLN ST & E 6TH AVE,1,1,0,0,1,1,0,0,30,0,0,0,0,0,4,2,3
,2024-026047,39.65304434,-104.8720005,6/12/2024 17:20,17:20,12,0,0,E HAMPDEN AVE & S FLORENCE ST,1,1,0,1,1,1,0,0,30,0,0,0,0,0,2,2,3
,2024-026048,39.69299507,-104.9769318,6/12/2024 12:00,12:00,3,0,0, EMERSON ST & E LOUISIANA AVE,1,1,0,0,1,1,0,0,25,0,0,0,0,0,4,2,3
,2024-026049,39.69650685,-104.8753089,6/12/2024 11:00,11:00,1,0,0,E MISSISSIPPI AVE & S DAYTON ST,1,1,0,0,1,1,0,0,30,0,0,0,0,0,4,2,3
,2024-026052,39.73848486,-105.0532131,6/13/2024 15:37,15:37,12,0,0,W 14TH AVE & N SHERIDAN BLVD,1,1,0,0,1,1,0,0,,0,0,0,0,0,2,2,16
,2024-026053,39.75101801,-104.9034279,6/13/2024 16:08,16:08,15,0,0, QUEBEC ST & E 23RD AVE,1,1,0,0,1,1,0,0,30,0,0,0,0,0,4,2,7
,2024-026054,39.7290961,-104.9874042,6/13/2024 6:43,6:43,3,0,0, BROADWAY ST & E 8TH AVE,1,1,0,0,1,1,0,0,30,0,0,0,0,0,4,3,4
,2024-026055,39.77073293,-104.9597422,6/12/2024 10:44,10:44,1,0,0, YORK ST & E 39TH AVE,1,1,0,0,1,2,0,0,30,0,0,0,0,0,4,2,16
,2024-026056,39.74358378,-104.9925206,6/12/2024 23:42,23:42,3,0,3,WELTON ST & 15TH ST,1,3,0,0,1,1,0,0,30,0,0,0,0,2,4,2,1
,2024-026057,39.71133513,-104.93648,6/3/2024 16:23,16:23,12,0,0,LEETSDALE DR & E ALAMEDA AVE,1,1,0,0,1,3,0,0,,0,0,0,0,0,2,2,16
,2024-026061,39.71276995,-104.9222812,6/9/2024 2:30,2:30,6,0,0, HOLLY ST & E CEDAR AVE,1,4,0,0,1,4,0,0,20,0,0,0,0,0,4,3,2
,2024-026062,39.63635922,-104.8938816,6/10/2024 13:30,13:30,3,0,1,I-225 WB OFF RAMP & S TAMARAC ST,1,1,0,0,1,1,0,0,40,0,0,0,0,1,4,2,3
,2024-026063,39.71115557,-104.9851946,6/13/2024 13:00,13:00,12,0,0,E ALAMEDA AVE & S SHERMAN ST,1,1,0,0,1,1,0,0,30,0,0,0,0,0,4,2,3
,2024-026064,39.71303894,-105.0048524,4/12/2024 22:31,22:31,5,0,0,W CEDAR AVE & S PECOS ST,1,3,0,0,2,4,0,0,20,0,0,0,0,0,4,1,13
,2024-026065,39.72584767,-104.9729187,6/8/2024 23:13,23:13,6,0,1, DOWNING ST & E 6TH AVE,1,3,1,0,1,4,0,0,25,0,0,0,0,2,4,3,16
,2024-026066,39.63968118,-104.8872622,6/13/2024 14:30,14:30,5,0,0,E QUINCY AVE & E OXFORD DR,1,1,0,0,3,1,0,0,25,0,0,0,0,0,4,1,1
,2024-026067,39.76179587,-104.940668,6/13/2024 17:31,17:31,1,0,1,E MLK BLVD & N COLORADO BLVD,1,1,0,0,1,1,0,0,35,0,0,0,0,1,2,4,14
,2024-026069,39.70386293,-104.9145887,6/11/2024 13:30,13:30,12,0,0,LEETSDALE DR & E EXPOSITION AVE,1,1,0,0,1,1,0,0,35,0,0,0,0,0,2,2,3
,2024-026070,39.74198067,-104.8905118,6/12/2024 21:16,21:16,3,0,0,E 16TH AVE & N VERBENA ST,1,3,0,0,1,1,0,0,35,0,0,0,0,0,4,2,13