id,drcog_id,latitude,longitude,crashtime,time,crashtype,numbkilled,numbinjurd,drcoglocat,rdconditin,lightngcon,roadcntgrd,weatherco,location,roaddescrp,schoolzone,constrzone,splimit,bikeinv,pedinv,sctrinv,motoinv,svrty,rdsystem,ttlvehcls,hcf
,2024-026076,39.72322632,-105.0109391,6/13/2024 8:38,8:38,12,0,2,I-25 & W 6TH AVE,1,1,0,0,1,4,0,0,55,0,0,0,0,1,1,2,13
,2024-026077,39.67663492,-104.9361908,6/11/2024 19:40,19:40,3,0,0,E WARREN AVE & S BIRCH ST,1,2,0,0,1,2,0,0,25,0,0,0,0,0,4,2,13
,2024-026080,39.76480462,-105.0252986,6/13/2024 17:50,17:50,12,0,1, FEDERAL BLVD & W 34TH AVE,1,1,0,0,1,3,0,0,35,0,0,0,0,2,2,2,3
,2024-026085,39.75706577,-104.9733626,6/14/2024 16:53,16:53,6,0,1, DOWNING ST & E 28TH AVE,1,1,0,0,1,4,0,0,30,0,0,0,0,2,4,3,10
,2024-026086,39.72992343,-105.0150333,6/4/2024 21:45,21:45,15,0,0,I-25 & W 8TH AVE,1,3,0,0,1,4,0,0,55,0,0,0,0,0,1,3,1
,2024-026090,39.76833018,-105.0322252,6/6/2024 5:00,5:00,6,0,0,W CLYDE PL & N JULIAN ST,1,2,1,0,1,4,0,0,,0,0,0,1,0,4,2,13
,2024-026092,39.78363961,-104.7904783,6/14/2024 8:35,8:35,1,0,1,E GREEN VALLEY RANCH BLVD & PENA BLVD,1,1,0,0,1,1,0,0,35,0,0,0,0,2,4,2,11
,2024-026093,39.7153499,-104.9557446,6/14/2024 14:00,14:00,12,0,0,E CHERRY CREEK  DR & S UNIVERSITY BLVD,1,1,0,0,1,4,0,0,35,0,0,0,0,0,4,2,13
,2024-026099,39.63057665,-104.9050793,6/14/2024 9:12,9:12,5,0,1,I-225 NB ON RAMP FROM NB -25 & I-225 ON RAMP GORE PT,1,1,0,0,2,8,0,0,60,0,0,0,0,2,1,1,8
,2024-026101,39.69674529,-105.0263952,4/18/2024 17:14,17:14,6,0,0,1090  GROVE ST & E MISSISSIPPI AVE,1,1,0,0,1,4,0,0,30,0,0,0,0,0,4,2,16
,2024-026102,39.75610131,-105.0191968,6/14/2024 14:43,14:43,6,0,0, BRYANT ST & N SPEER BLVD,1,1,1,0,1,4,0,0,25,0,0,0,0,0,4,2,8
,2024-026103,39.68745447,-104.8988043,6/14/2024 9:24,9:24,15,0,0, SYRACUSE ST & E IOWA AVE,1,1,0,0,1,4,0,0,20,0,0,0,0,0,4,2,11
,2024-026104,39.83201664,-104.7155396,6/13/2024 9:09,9:09,15,0,0,E 75TH AVE & N GUN CLUB RD,1,1,3,0,1,1,0,0,35,0,0,0,0,0,4,2,13
,2024-026106,39.65302297,-104.9135546,6/14/2024 7:55,7:55,12,0,0,E HAMPDEN AVE & S MONACO ST,1,1,0,1,1,4,0,0,40,0,0,0,0,0,2,2,14
,2024-026109,39.78910297,-104.7344217,6/13/2024 17:43,17:43,8,0,3, PICADILLY RD & E 51ST PL,1,1,0,0,6,4,0,0,,0,0,0,0,3,4,2,16
,2024-026110,39.84230295,-104.6738939,6/13/2024 13:47,13:47,15,0,0,E 80TH AVE,1,1,1,0,1,4,0,0,35,0,0,0,0,0,4,2,8
,2024-026111,39.71922346,-104.9862367,6/14/2024 6:34,6:34,12,0,1, LINCOLN ST & E 2ND AVE,1,1,0,0,1,4,0,0,30,0,0,0,0,1,4,2,16
,2024-026112,39.63979876,-105.0567803,6/14/2024 1:16,1:16,5,0,0,W QUINCY AVE & S SHERIDAN BLVD,1,3,0,0,3,4,0,0,35,0,0,0,0,0,4,1,14
,2024-026113,39.74349203,-105.0117174,6/14/2024 1:22,1:22,5,0,0,AURARIA PKWY & 5TH ST,1,3,1,0,2,4,0,0,35,0,0,0,0,0,4,1,16
,2024-026114,39.66794278,-104.9261168,6/13/2024 14:23,14:23,12,0,0,I-25 & S YALE AVE,1,1,0,0,1,4,0,0,55,0,0,0,0,0,1,2,13
,2024-026115,39.71758139,-105.0044148,6/13/2024 15:35,15:35,12,0,0,I-25 & W ALAMEDA AVE,1,1,1,0,1,4,0,0,55,0,0,0,0,0,1,2,13
,2024-026119,39.76897804,-104.9708579,6/2/2024 12:57,12:57,6,0,0, LAFAYETTE ST & E 37TH AVE,1,1,0,0,1,4,0,0,,0,0,0,0,0,4,2,16
,2024-026120,39.78238977,-104.8470106,6/9/2024 12:00,12:00,3,0,0,E ALBROOK DR & E 46TH AVE,1,1,0,0,1,2,0,0,30,0,0,0,0,0,4,2,7
,2024-026121,39.72574681,-105.0249806,5/31/2024 18:12,18:12,15,0,0,W 6TH AVE WB OFF RAMP & FEDERAL BLVD,1,1,0,0,1,1,0,0,,0,0,0,0,0,2,2,16
,2024-026122,39.71466003,-104.9407886,6/14/2024 16:28,16:28,1,0,2,E BAYAUD AVE & S COLORADO BLVD,1,1,0,0,1,1,0,0,40,0,0,0,0,2,2,2,10
,2024-026123,39.78015414,-105.006447,6/14/2024 15:35,15:35,1,0,0,W 46TH AVE & N PECOS ST,1,1,0,0,1,1,0,0,35,0,0,0,0,0,4,2,10
,2024-026124,39.72563335,-104.9845549,6/11/2024 19:30,19:30,15,0,0,E 6TH AVE & N SHERMAN ST,1,1,0,0,1,4,0,0,30,0,0,0,0,0,4,2,16
,2024-026125,39.75132204,-105.0173278,5/22/2024 20:09,20:09,15,0,0,I-25 SB OFF RAMP & W 23RD AVE,1,3,1,0,1,8,0,0,45,0,0,0,0,0,1,2,16
,2024-026126,39.7750371,-104.809898,6/13/2024 17:29,17:29,15,0,0, CHAMBERS RD & E ANDREWS DR,1,3,0,0,1,3,0,0,40,0,0,0,0,0,4,2,13
,2024-026127,39.72597381,-104.9775558,6/11/2024 19:40,19:40,6,0,0, CLARKSON ST & E 6TH AVE,1,1,0,0,1,4,0,0,20,0,0,0,0,0,4,2,16
,2024-026128,39.76565154,-104.9124676,6/14/2024 4:50,4:50,5,0,0,E 35TH AVE & N MONACO ST PKWY,1,2,0,0,2,1,0,0,35,0,0,0,0,0,4,1,16
,2024-026129,39.73650031,-104.9234312,6/13/2024 18:11,18:11,3,0,0, HUDSON ST & E 13TH AVE,1,1,0,0,1,1,0,0,25,0,0,0,0,0,4,2,11
,2024-026130,39.73475966,-105.0251707,4/17/2024 21:45,21:45,5,0,0, FEDERAL BLVD & W 12TH AVE,1,3,0,0,3,1,0,0,25,0,0,0,0,0,2,1,16
,2024-026131,39.76319902,-105.025232,6/14/2024 13:00,13:00,12,0,0, FEDERAL BLVD & W HIGHLAND PP,1,1,0,0,1,3,0,0,35,0,0,0,0,0,2,3,13
,2024-026132,39.77582514,-104.8657426,6/14/2024 9:01,9:01,15,0,2,I-70 & N HAVANA ST,1,1,0,0,1,4,0,0,55,0,0,0,0,1,1,3,13
,2024-026134,39.77436495,-104.865804,6/6/2024 9:37,9:37,1,0,0, HAVANA ST & I-70 EB ON RAMP,1,1,0,0,1,1,0,0,30,0,0,0,0,0,4,2,16
,2024-026135,39.75391291,-105.0147051,6/14/2024 10:00,10:00,12,0,0,I-25 & N SPEER BLVD,1,1,1,7,1,4,0,0,45,0,0,0,0,0,1,2,3
,2024-026136,39.74322578,-104.964756,6/14/2024 12:41,12:41,3,0,0, HIGH ST & E 17TH AVE,1,1,0,0,1,1,0,0,25,0,0,0,0,0,4,3,8
,2024-026137,39.75239467,-104.9846119,6/13/2024 19:10,19:10,12,0,0,STOUT ST & PARK AVE W,1,3,0,0,1,1,0,0,30,0,0,0,0,0,4,2,16
,2024-026138,39.74301217,-104.9810853,6/14/2024 11:14,11:14,15,0,0, PENNSYLVANIA ST & E 17TH AVE,1,1,0,0,1,4,0,0,20,0,0,0,0,0,4,2,11
,2024-026140,39.75140469,-105.0251365,5/30/2024 19:00,19:00,12,0,2,W 23RD AVE,1,1,0,0,1,4,0,0,,0,0,0,0,1,4,2,16
,2024-026141,39.72587543,-105.0343604,5/31/2024 22:26,22:26,12,0,0,W 6TH AVE & 6TH AVE WB OFF RAMPLOWELL,1,3,0,0,1,8,0,0,25,0,0,0,0,0,2,2,4
,2024-026143,39.77287454,-104.9034984,6/14/2024 9:54,9:54,15,0,0, QUEBEC ST & E 40TH AVE,1,1,0,0,1,4,0,0,35,0,0,0,0,0,4,2,16
,2024-026149,39.724894,-105.0158483,6/14/2024 12:02,12:02,12,0,1,W 6TH AVE EB OFF RAMP & I-25 NB,1,1,0,0,1,8,0,0,45,0,0,0,0,1,2,2,13
,2024-026153,39.73834873,-104.9695317,6/8/2024 19:20,19:20,6,0,0, HUMBOLDT ST & E 14TH AVE,1,4,0,0,1,4,0,0,25,0,0,0,0,0,4,2,14
,2024-026154,39.72541515,-104.9985737,6/14/2024 11:31,11:31,15,0,2, SANTA FE DR & W 6TH AVE,1,1,0,0,1,4,0,0,30,0,0,0,0,2,4,5,14
,2024-026155,39.7673813,-104.9025339,6/14/2024 12:26,12:26,3,0,1, QUEBEC ST & E 36TH AVE,1,3,0,0,1,1,0,0,35,0,0,0,0,1,4,3,7
,2024-026156,39.74139229,-104.940611,6/14/2024 15:29,15:29,1,0,1, COLORADO BLVD & E 16TH AVE,1,1,0,0,1,1,0,0,35,0,0,0,0,2,2,2,11
,2024-026157,39.78184899,-104.9786402,6/14/2024 17:37,17:37,1,0,1, WASHINGTON ST & E 47TH AVE,1,1,0,0,1,1,0,0,35,0,0,0,0,2,4,2,13
,2024-026158,39.72567487,-105.0346802,5/10/2024 8:16,8:16,12,0,0,W 6TH AVE & S FEDERAL BLVD,1,1,0,0,1,4,0,0,55,0,0,0,0,0,2,2,16
,2024-026159,39.72561677,-104.9588846,6/15/2024 15:46,15:46,3,0,0,E 6TH AVE & N JOSEPHINE ST,1,1,0,0,1,1,0,0,35,0,0,0,0,0,4,2,8
,2024-026160,39.76864668,-104.9809822,6/15/2024 2:25,2:25,6,0,1, BRIGHTON BLVD & 31ST ST,1,3,0,0,1,4,0,0,30,0,0,0,0,1,4,6,16
,2024-026161,39.75756176,-105.0192968,6/15/2024 0:03,0:03,12,0,0, SPEER BLVD & N BRYANT ST,1,3,0,0,1,3,0,0,35,0,0,0,0,0,4,2,3
,2024-026162,39.75847558,-105.025287,6/14/2024 23:45,23:45,1,0,0, FEDERAL BLVD & W 29TH AVE,1,3,0,0,1,1,0,0,35,0,0,0,0,0,2,2,16
,2024-026163,39.68943291,-105.0015947,6/14/2024 22:59,22:59,1,0,0,W FLORIDA AVE & S LIPAN ST,1,3,0,0,1,1,0,0,25,0,0,0,0,0,4,2,16
,2024-026167,39.7181858,-104.9618145,6/15/2024 15:07,15:07,15,0,0,E 1ST AVE & N VINE ST,1,1,0,0,1,3,0,0,30,0,0,0,0,0,4,2,11
,2024-026168,39.75531536,-104.9955716,6/15/2024 0:42,0:42,16,0,0,20TH ST & MARKET ST,1,3,0,0,5,7,0,0,10,0,0,0,0,0,3,2,3
,2024-026169,39.7694645,-105.038156,6/15/2024 0:40,0:40,3,0,2, OSCEOLA & W 38TH AVE,1,3,0,0,1,1,0,0,40,0,0,0,0,1,4,2,14
,2024-026170,39.74018136,-104.9574281,6/8/2024 18:46,18:46,3,0,1,E COLFAX AVE & N COLUMBINE ST,1,1,0,0,1,1,0,0,30,0,0,0,0,2,2,2,14
,2024-026173,39.69613256,-104.9921049,6/13/2024 10:53,10:53,12,0,1, SANTA FE DR & W MISSISSIPPI AVE,1,1,0,0,1,3,0,0,35,0,0,0,0,1,2,2,13
,2024-026174,39.74612055,-104.9909669,6/8/2024 17:58,17:58,15,0,0,17TH ST & CALIFORNIA ST,1,1,0,0,1,4,0,0,25,0,0,0,0,0,4,2,1
,2024-026176,39.75995299,-104.874249,6/12/2024 17:30,17:30,3,0,0, EMPORIA ST & E MLK BLVD,1,1,0,0,1,1,0,0,,0,0,0,0,0,4,2,16
,2024-026178,39.834977,-104.769669,6/15/2024 6:35,6:35,6,0,0, OFF RAMP & N TOWER RD,1,1,1,0,3,8,0,0,45,0,0,0,0,0,4,2,3
,2024-026179,39.74000922,-104.9728722,6/15/2024 12:25,12:25,12,0,0,E COLFAX AVE & N DOWNING ST,1,1,0,0,1,4,0,0,30,0,0,0,0,0,2,2,2
,2024-026180,39.68374221,-104.9406894,6/15/2024 17:25,17:25,15,0,0, COLORADO BLVD & I-25 NB RAMPS,1,1,0,0,1,4,0,0,35,0,0,0,0,0,2,2,11
,2024-026181,39.74973214,-104.9932355,6/14/2024 22:22,22:22,10,0,0,18TH ST & ARAPAHOE ST,1,3,0,0,1,1,0,0,30,0,0,0,0,0,4,2,16
,2024-026182,39.7736283,-104.8425583,6/15/2024 3:09,3:09,15,0,0,I-70 & EB ON RAMP ENT FROM N PEORIA ST,1,3,0,0,1,4,0,0,55,0,0,0,0,0,1,2,13
,2024-026183,39.69309549,-105.0343899,6/15/2024 7:30,7:30,1,0,2,W LOUSIANA AVE & S LOWELL BLVD,1,1,0,0,1,1,0,0,25,0,0,0,1,1,4,2,13
,2024-026184,39.71118526,-105.0038984,6/14/2024 16:53,16:53,1,0,0,1333 W ALAMEDA AVE & S NAVAJO ST,1,1,0,0,1,2,0,0,35,0,0,0,0,0,2,2,11
,2024-026186,39.69728152,-104.9927633,6/13/2024 17:00,17:00,12,0,0,1000  PLATTE RIVER DR,1,1,0,0,1,4,0,0,40,0,0,0,0,0,2,2,16
,2024-026187,39.7361456,-104.9406171,6/15/2024 14:52,14:52,12,0,0, COLORADO BLVD & E 13TH AVE,1,1,0,0,1,4,0,0,30,0,0,0,0,0,2,2,8
,2024-026188,39.72788345,-104.9590253,5/23/2024 19:32,19:32,11,0,1, JOSEPHINE ST & E 7TH AVE,1,1,0,0,1,4,0,0,20,0,1,0,0,2,4,1,11
,2024-026193,39.76926121,-105.0253004,6/13/2024 21:27,21:27,12,0,0,W 38TH AVE & N FEDERAL BLVD,1,3,0,0,1,3,0,0,35,0,0,0,0,0,2,2,16
,2024-026194,39.7673813,-104.9025339,6/14/2024 11:53,11:53,2,0,1, QUEBEC ST & E 36TH AVE,1,1,0,0,1,1,0,0,35,1,0,0,0,2,4,1,13
,2024-026195,39.72530277,-105.023927,6/12/2024 22:39,22:39,5,0,0,W 6TH AVE EB OFF RAMP & N FEDERAL BLVD,1,3,0,0,3,8,0,0,55,0,0,0,0,0,2,1,16
,2024-026199,39.66691344,-105.0814258,6/13/2024 17:06,17:06,12,0,6, WADSWORTH BLVD & W YALE AVE,1,1,0,0,1,4,0,0,45,0,0,0,0,2,2,4,16
,2024-026201,39.75448644,-104.9697311,6/12/2024 22:57,22:57,6,0,1,E 26TH AVE & N HUMBOLDT ST,1,3,0,0,1,4,0,0,30,0,0,0,0,1,4,2,16
,2024-026202,39.75994945,-104.8905214,6/14/2024 15:30,15:30,12,0,0, CENTRAL PARK BLVD & E MLK BLVD,1,1,0,0,1,4,0,0,35,0,0,0,0,0,4,3,16
,2024-026206,39.65410419,-105.0413372,6/13/2024 20:35,20:35,6,0,0,3551  RALEIGH ST & W HAMPDEN AVE,1,3,0,0,5,7,0,0,15,0,0,0,0,0,3,2,16
,2024-026207,39.69675962,-105.0169289,6/13/2024 5:35,5:35,5,0,0,E MISSISSIPPI AVE & S ALCOTT ST,1,1,0,0,3,4,0,0,30,0,0,0,0,0,4,1,16
,2024-026210,39.703878,-105.0298065,6/14/2024 18:26,18:26,8,0,1, IRVING ST & W EXPOSITION AVE,1,1,0,0,6,4,0,0,25,0,0,0,0,2,4,2,16
,2024-026211,39.74358377,-104.9925206,6/13/2024 21:30,21:30,11,0,1,15TH ST & WELTON ST,1,3,0,7,1,1,0,0,25,0,0,1,0,1,4,1,16
,2024-026212,39.72528215,-105.0235806,6/12/2024 22:45,22:45,15,0,1,W 6TH AVE EB OFF RAMP TO -25 & N FEDERAL BLVD,1,4,0,0,1,8,0,0,55,0,0,0,0,2,2,3,16
,2024-026263,39.74018379,-105.0358126,1/27/2024 22:27,22:27,11,0,1, MEADE ST & W COLFAX AVE (NON FARS),1,3,0,0,1,4,0,0,25,0,1,0,0,3,4,1,3
,2024-026265,39.6935951,-104.9362177,3/12/2024 8:24,8:24,6,0,0, BIRCH ST & E LOUISIANA AVE,1,1,1,0,1,4,0,0,30,0,0,0,0,0,4,2,16
,2024-026276,39.74495611,-104.9405313,6/16/2024 2:25,2:25,6,0,0,E 18TH AVE & N COLORADO BLVD,1,4,0,0,1,4,0,0,20,0,0,0,0,0,4,2,14
,2024-026277,39.76449075,-104.9597604,6/15/2024 18:25,18:25,3,0,3,E BRUCE RANDOLPH AVE & N YORK ST,1,1,0,0,1,1,0,0,30,0,0,0,0,2,4,2,13
,2024-026285,39.7532301,-104.9745671,6/16/2024 16:51,16:51,15,0,0,E 25TH AVE & N OGDEN ST,1,1,0,0,1,4,0,0,25,0,0,0,0,0,4,3,14
,2024-026289,39.83300504,-104.6929455,6/15/2024 5:13,5:13,12,0,0, OFF RAMP & E 75TH AVE,1,1,0,0,1,8,0,0,,0,0,0,0,0,4,2,7
,2024-026290,39.6846939,-104.9594557,6/15/2024 22:01,22:01,15,0,1,I-25 & S UNIVERSITY BLVD,1,3,1,0,1,4,0,0,,0,0,0,1,2,1,3,16
,2024-026292,39.66457253,-104.9233269,6/15/2024 19:21,19:21,15,0,1,I-25 & NB OFF RAMP EXT TO E YALE AVE,1,1,0,0,1,4,0,0,55,0,0,0,0,3,2,2,1
,2024-026298,39.6822722,-105.0250198,5/31/2024 16:30,16:30,12,0,0, FEDERAL BLVD & W JEWELL AVE,1,1,0,0,1,4,0,0,,0,0,0,0,0,2,2,16
,2024-026299,39.65616523,-105.0532235,6/15/2024 20:21,20:21,1,0,0, SHERIDAN BLVD & W DARTMOUTH AVE,1,1,0,0,1,1,0,0,,0,0,0,0,0,2,2,16
,2024-026302,39.74358377,-104.9925206,6/16/2024 0:15,0:15,1,0,0,15TH ST & WELTON ST,1,3,0,0,1,1,0,0,25,0,0,0,0,0,4,2,13
,2024-026303,39.69210796,-104.9942498,6/16/2024 12:47,12:47,3,0,0, PLATTE RIVER DR & S SANTA FE DR,1,1,0,0,1,1,0,0,45,0,0,0,0,0,4,2,11
,2024-026304,39.78363925,-104.7846558,6/15/2024 22:20,22:20,12,0,1,E GREEN VALLEY RANCH BLVD & N SALIDA ST,1,3,0,0,1,3,0,0,35,0,0,0,0,2,4,2,11
,2024-026305,39.7480104,-104.884882,6/14/2024 14:38,14:38,12,0,1, CENTRAL PARK BLVD & E MONTVIEW BLVD,1,1,0,0,1,3,0,0,,0,0,0,0,2,4,2,16
,2024-026309,39.74378205,-104.9672139,6/15/2024 21:38,21:38,6,0,0, GILPIN ST & E 17TH AVE,1,4,0,0,1,3,0,0,25,0,0,0,0,0,4,2,3
,2024-026315,39.77938253,-104.9795329,6/1/2024 12:15,12:15,15,0,0,I-70 EB ON RAMP FROM -25 & N WASHINGTON ST,1,1,1,0,1,8,0,0,,0,0,0,0,0,1,2,16
,2024-026316,39.74020309,-104.9270803,5/24/2024 23:00,23:00,15,0,0,E COLFAX AVE & N FOREST ST,1,3,0,0,1,3,0,0,35,0,0,0,0,0,2,2,16
,2024-026320,39.67864969,-105.0236393,5/26/2024 12:20,12:20,11,0,1,W EVANS AVE & S FEDERAL BLVD,1,1,1,0,1,2,0,0,40,0,0,1,0,1,4,1,14
,2024-026321,39.70112095,-105.043228,6/8/2024 0:38,0:38,6,0,1,W ADA PL & S STUART ST,1,3,0,0,1,3,0,0,25,0,0,0,0,1,4,2,16
,2024-026325,39.71934545,-104.9814401,6/16/2024 10:40,10:40,3,0,0,E 2ND AVE & N PENNSYLVANIA ST,1,1,0,0,1,1,0,0,20,0,0,0,0,0,4,2,11
,2024-026326,39.74439744,-105.0252134,6/15/2024 23:45,23:45,11,0,0,1720  FEDERAL BLVD & W 17TH AVE,1,3,0,0,1,2,0,0,0,0,0,1,0,0,2,1,16
,2024-026328,39.7219019,-105.0090878,6/16/2024 17:25,17:25,12,0,0,I-25 & NB OFF RAMP EXT TO W 6TH AVE,1,1,0,0,1,4,0,0,55,0,0,0,0,0,1,3,16
,2024-026335,39.76182258,-104.949915,5/26/2024 21:15,21:15,15,0,0, STEELE ST & E MLK BLVD,1,3,0,0,1,1,0,0,35,0,0,0,0,0,4,2,14
,2024-026337,39.74030417,-105.0135122,6/15/2024 23:48,23:48,12,0,1,W COLFAX AVE & I-25,1,3,0,0,1,4,0,0,35,0,0,0,0,2,2,2,16
,2024-026338,39.71623751,-104.9482789,6/16/2024 2:47,2:47,5,0,0,E ELLSWORTH AVE & S ADAMS ST,1,3,0,7,3,4,0,0,30,0,0,0,0,0,4,1,16
,2024-026339,39.69143127,-104.9128893,6/16/2024 17:20,17:20,2,0,0,CHERRY CREEK  DR & S MONACO ST PKWY,1,1,0,0,1,1,0,0,35,1,0,0,0,0,4,1,13
,2024-026343,39.74927606,-104.9955756,6/15/2024 16:14,16:14,10,0,1,LAWRENCE ST & 17TH ST,1,1,0,0,1,2,0,0,30,0,0,0,0,2,4,2,16
,2024-026350,39.67846359,-104.9128117,6/16/2024 13:37,13:37,12,0,0,E EVANS AVE & S MONACO ST PKWY,1,1,0,0,1,1,0,0,35,0,0,0,0,0,4,2,13
,2024-026351,39.7400056,-104.9749667,6/15/2024 13:49,13:49,11,0,1,E COLFAX AVE & N OGDEN ST,1,1,0,0,1,4,0,0,0,0,1,0,0,3,2,1,16
,2024-026353,39.66771915,-105.0251113,6/16/2024 13:21,13:21,1,0,0, FEDERAL BLVD & W YALE AVE,1,1,0,0,1,1,0,0,40,0,0,0,0,0,2,2,16
,2024-026354,39.78262905,-105.0064317,6/16/2024 2:55,2:55,5,0,2, PECOS ST & I-70 EB RAMPS,1,3,0,0,6,6,0,0,30,0,0,0,0,1,4,1,16
,2024-026355,39.72728584,-104.983623,6/16/2024 0:48,0:48,2,0,1,E 7TH AVE & N GRANT ST,1,3,0,0,1,1,0,0,0,1,0,0,0,2,4,1,16
,2024-026357,39.68751674,-104.9687277,6/15/2024 22:32,22:32,12,0,0,I-25 & S FRANKLIN ST,1,3,0,0,1,4,0,0,65,0,0,0,0,0,1,2,7
,2024-026424,39.69663547,-104.9874309,6/5/2024 15:17,15:17,12,0,0,E MISSISSIPPI AVE & S BROADWAY ST,1,1,0,0,1,3,0,0,45,0,0,0,0,0,4,2,16
,2024-026427,39.75365591,-104.9934187,6/17/2024 18:30,18:30,11,0,0,20TH ST & MARKET ST,1,1,0,0,1,1,0,0,0,0,0,1,0,0,4,1,16
,2024-026447,39.69838064,-104.9837722,6/18/2024 12:30,12:30,12,0,0,I-25 & S LOGAN ST,1,1,1,0,1,4,0,0,60,0,0,0,0,0,1,2,13
,2024-026448,39.71657696,-104.9875019,6/18/2024 21:33,21:33,15,0,1,W ELLSWORTH AVE & N BROADWAY ST,1,3,0,0,1,1,0,0,30,0,0,0,1,1,4,2,7
,2024-026454,39.76928852,-105.0005888,6/18/2024 17:27,17:27,3,0,0, KALAMATH ST & W 38TH AVE,1,1,0,0,1,1,0,0,30,0,0,0,0,0,4,2,11
,2024-026455,39.67848719,-104.9675699,6/1/2024 21:34,21:34,3,0,1, GILPIN ST & E EVANS AVE,1,3,0,0,1,1,0,0,35,0,0,0,0,2,4,2,11
,2024-026460,39.72856553,-105.0451318,6/19/2024 9:28,9:28,12,0,0, UTICA ST & W 7TH AVE,1,1,0,0,1,9,0,0,,0,0,0,0,0,4,2,13
,2024-026461,39.69311534,-105.0250363,6/19/2024 7:27,7:27,3,0,3, FEDERAL BLVD & W LOUISIANA AVE,1,1,0,0,1,1,0,0,40,0,0,0,0,2,2,2,1
,2024-026462,39.74197976,-104.8858147,6/19/2024 18:11,18:11,3,0,1, XENIA ST & E 16TH AVE,1,1,0,0,1,1,0,0,25,0,0,0,0,2,4,2,13
,2024-026463,39.78388118,-105.0219347,6/18/2024 13:12,13:12,12,0,0,I-70 & EB ON RAMP MERGE PT FROM FEDERAL BLVD,1,1,0,0,1,8,0,0,55,0,0,0,0,0,1,3,13
,2024-026464,39.70782169,-105.0203889,6/15/2024 15:19,15:19,6,0,0,460  CLAY ST & W VIRGINIA AVE,1,1,0,0,1,4,0,0,25,0,0,0,0,0,4,2,16
,2024-026465,39.78289272,-104.7494259,6/19/2024 17:15,17:15,6,0,0,20370 E 48TH PL & N JEBEL ST,1,1,0,0,1,4,0,0,25,0,0,0,0,0,4,2,10
,2024-026468,39.70714482,-104.9863122,6/19/2024 14:00,14:00,6,0,0,500  LINCOLN ST,1,1,0,0,1,4,0,0,30,0,0,0,0,0,4,2,3
,2024-026469,39.79355176,-104.9034361,6/18/2024 16:31,16:31,12,0,1, QUEBEC ST & E 53RD PL,1,1,0,0,1,3,0,0,45,0,0,0,0,1,2,3,1
,2024-026470,39.74020483,-104.9246461,6/18/2024 20:31,20:31,3,0,1,E COLFAX AVE & N GRAPE ST,1,3,0,0,1,1,0,0,40,0,0,0,0,2,2,2,13
,2024-026471,39.65299085,-104.9217395,6/18/2024 11:00,11:00,12,0,0,E HAMPDEN AVE & S IVANHOE ST,1,1,0,0,1,1,0,0,30,0,0,0,0,0,2,2,2
,2024-026472,39.69114941,-104.9593443,6/18/2024 16:45,16:45,1,0,0, UNIVERSITY BLVD & E ARKANSAS AVE,1,1,0,0,1,1,0,0,30,0,0,0,0,0,4,2,3
,2024-026483,39.81276638,-104.7721169,6/10/2024 7:57,7:57,1,0,0, TOWER RD & E 64TH AVE,1,1,0,0,1,1,0,0,45,0,0,0,0,0,4,2,11
,2024-026487,39.78016578,-104.9582393,6/19/2024 16:27,16:27,3,0,1,E 46TH AVE & N JOSEPHINE ST,1,1,0,0,1,1,0,0,30,0,0,0,0,2,4,2,16
,2024-026488,39.77338316,-104.847028,6/19/2024 4:57,4:57,15,0,0, PEORIA ST & I-70 EB ON RAMP,1,1,0,0,1,1,0,0,35,0,0,0,0,0,4,2,7
,2024-026489,39.70844544,-104.8772894,6/19/2024 10:41,10:41,3,0,2,E ALAMEDA AVE & S CLINTON ST,1,1,0,0,1,2,0,0,40,0,0,0,0,2,4,2,11
,2024-026490,39.72933123,-105.0251493,6/19/2024 11:01,11:01,12,0,0, FEDERAL BLVD & W 6TH AVE,1,1,0,0,1,4,0,0,35,0,0,0,0,0,2,2,13
,2024-026492,39.65305386,-104.9362965,6/19/2024 12:00,12:00,12,0,0,E HAMPDEN AVE & S BIRCH ST,1,1,0,0,1,1,0,0,35,0,0,0,0,0,2,2,3
,2024-026494,39.78004789,-104.9836782,6/18/2024 16:05,16:05,12,0,0,I-70 WB OFF RAMP & I-25 NB,1,1,0,0,1,8,0,0,,0,0,0,0,0,4,2,13
,2024-026495,39.77841984,-104.9895787,6/18/2024 14:43,14:43,12,0,0,I-25 SB & I-70,1,1,1,0,1,4,0,0,55,0,0,0,0,0,1,2,13
,2024-026501,39.67179067,-105.022751,6/19/2024 16:10,16:10,1,0,0,W HARVARD AVE & S DECATUR ST,1,1,0,0,1,1,0,0,25,0,0,0,0,0,4,2,13
,2024-026502,39.73296321,-104.8846971,6/18/2024 13:08,13:08,3,0,2, YOSEMITE ST & E 11TH AVE,1,1,0,0,1,2,0,0,30,0,0,0,0,1,4,2,3
,2024-026503,39.78027255,-104.9322455,6/18/2024 20:23,20:23,5,0,1,I-70 & MM 277,1,2,0,0,2,4,0,0,55,0,0,0,0,3,1,1,14
,2024-026504,39.78238982,-104.8470106,6/19/2024 17:44,17:44,3,0,0,4650  PEORIA ST & E ALBROOK DR,1,1,0,0,1,2,0,0,35,0,0,0,0,0,4,2,11