id,drcog_id,latitude,longitude,crashtime,time,crashtype,numbkilled,numbinjurd,drcoglocat,rdconditin,lightngcon,roadcntgrd,weatherco,location,roaddescrp,schoolzone,constrzone,splimit,bikeinv,pedinv,sctrinv,motoinv,svrty,rdsystem,ttlvehcls,hcf
,2024-026505,39.78049916,-104.953923,6/18/2024 16:40,16:40,12,0,3,I-70 & WB OFF RAMP EXT TO N BRIGHTON BLVD,1,1,0,0,1,4,0,0,55,0,0,0,0,1,1,3,11
,2024-026508,39.7579242,-104.9917668,6/18/2024 21:30,21:30,15,0,0,WAZEE ST & PARK AVE W,1,3,0,0,1,1,0,0,,0,0,0,0,0,4,2,16
,2024-026509,39.69657716,-104.9408254,6/19/2024 15:07,15:07,3,0,0,E MISSISSIPPI AVE & S COLORADO BLVD,1,1,0,7,1,2,0,0,35,0,0,0,0,0,2,2,11
,2024-026513,39.77803433,-104.847206,6/18/2024 21:24,21:24,15,0,0,E 45TH AVE & N PEORIA ST,1,3,0,0,1,4,0,0,25,0,0,0,0,0,4,2,11
,2024-026516,39.67848175,-104.9665119,6/19/2024 14:18,14:18,15,0,0,E EVANS AVE & S WILLIAMS ST,1,1,0,0,1,4,0,0,30,0,0,0,0,0,4,2,3
,2024-026519,39.68227438,-105.0572651,6/18/2024 18:53,18:53,3,0,1,W JEWELL AVE & S DEPEW ST,1,1,0,0,1,1,0,0,30,0,0,0,0,1,4,2,16
,2024-026520,39.68321575,-104.9409726,6/19/2024 10:20,10:20,15,0,0,I-25 & S COLORADO BLVD,1,1,0,0,1,4,0,0,60,0,0,0,0,0,1,2,13
,2024-026524,39.73469196,-104.9406188,6/19/2024 7:57,7:57,1,0,1, COLORADO BLVD & E 12TH AVE,1,1,0,0,1,1,0,0,35,0,0,0,0,2,2,2,10
,2024-026527,39.7798159,-104.9895645,6/18/2024 18:06,18:06,15,0,1,I-25 & I-70,1,3,0,0,1,4,0,0,55,0,0,0,0,2,1,2,1
,2024-026528,39.76005433,-104.9405187,6/19/2024 7:55,7:55,15,0,0, COLORADO BLVD & E 30TH AVE,1,1,0,0,1,4,0,0,35,0,0,0,0,0,2,2,11
,2024-026529,39.72911064,-104.9601928,6/19/2024 6:42,6:42,3,0,1,E 8TH AVE & N YORK ST,1,1,0,0,1,1,0,0,35,0,0,0,0,1,4,2,16
,2024-026530,39.74011847,-105.0001495,6/19/2024 15:28,15:28,1,0,0,W COLFAX AVE & N KALAMATH ST,1,1,0,0,1,1,0,0,35,0,0,0,0,0,2,2,13
,2024-026531,39.73562797,-104.9034585,6/19/2024 9:52,9:52,3,0,0,E 12TH AVE & N QUEBEC ST,1,1,0,0,1,1,0,0,20,0,0,0,0,0,4,2,16
,2024-026532,39.75144121,-105.0027602,6/19/2024 13:30,13:30,15,0,0,15TH ST & WAWATTA ST,1,1,0,0,1,4,0,0,35,0,0,0,0,0,4,2,11
,2024-026543,39.679804,-104.9345393,6/19/2024 7:11,7:11,12,0,1,I-25 NB ON RAMP & E EVANS AVE,1,1,0,0,1,8,0,0,45,0,0,0,0,1,4,2,3
,2024-026544,39.7611988,-104.9027528,6/18/2024 22:23,22:23,3,0,0, QUEBEC ST & E MLK JR BLVD,1,3,0,0,1,1,0,0,35,0,0,0,0,0,4,2,16
,2024-026545,39.77657885,-105.0532513,6/19/2024 16:00,16:00,3,0,0,W 44TH AVE & N SHERIDAN BLVD,1,1,0,0,1,1,0,0,30,0,0,0,0,0,2,2,16
,2024-026547,39.72908154,-104.9717792,6/19/2024 12:02,12:02,15,0,0,E 8TH AVE & N MARION ST,1,1,0,0,1,3,0,0,30,0,0,0,0,0,4,2,16
,2024-026549,39.72455975,-105.0152509,6/17/2024 9:54,9:54,15,0,0,I-25 SB ON RAMP FROM EB W 6TH AVE & I-25 NB,1,1,1,0,1,8,0,0,45,0,0,0,0,0,4,2,13
,2024-026552,39.7818687,-104.9908655,6/17/2024 14:44,14:44,15,0,0,I-25 SB OFF RAMP & I-70 WB,1,1,0,0,1,8,0,0,55,0,0,0,0,0,1,2,1
,2024-026619,39.68627322,-105.0520701,6/6/2024 18:32,18:32,6,0,0, ZENOBIA ST & W OREGON PL,1,1,0,0,1,1,0,0,25,0,0,0,0,0,4,2,1
,2024-026621,39.68944895,-105.0029331,6/1/2024 1:45,1:45,12,0,0,W FLORIDA AVE & S MARIPOSA ST,1,3,1,0,1,4,0,0,,0,0,0,0,0,4,2,16
,2024-026622,39.73382577,-104.9834135,5/23/2024 13:45,13:45,6,0,0,E 11TH AVE & N GRANT ST,1,1,0,0,1,4,0,0,,0,0,0,0,0,4,2,16
,2024-026623,39.77318081,-104.8374285,6/5/2024 17:30,17:30,12,0,0,I-70 & N PEORIA ST,1,1,0,0,1,4,0,0,55,0,0,0,0,0,1,2,16
,2024-026624,39.78050093,-104.9593631,6/15/2024 22:41,22:41,15,0,0,I-70 & N YORK ST,1,3,0,0,1,8,0,0,60,0,0,0,0,0,1,3,13
,2024-026625,39.62410956,-104.8946424,6/5/2024 12:53,12:53,1,1,0,E BELLEVIEW AVE & S ULSTER ST,1,1,0,0,1,1,0,0,35,0,0,0,1,4,4,2,8
,2024-026626,39.71121425,-104.9129184,6/9/2024 3:55,3:55,12,0,0,E ALAMEDA AVE & S MONACO ST,1,3,0,0,1,1,0,0,35,0,0,0,0,0,4,2,16
,2024-026627,39.67846029,-104.9177197,5/28/2024 12:16,12:16,15,0,0,E EVANS AVE & S JASMINE ST,1,1,0,0,1,4,0,0,45,0,0,0,0,0,4,2,16
,2024-026653,39.73416946,-104.9384014,6/20/2024 7:22,7:22,3,0,1, ASH ST & E HALE PKWY,1,1,0,0,1,1,0,0,20,0,0,0,0,1,4,2,16
,2024-026666,39.75854357,-105.025287,6/20/2024 9:08,9:08,12,0,0, FEDERAL BLVD & W 29TH AVE,1,1,0,0,1,3,0,0,35,0,0,0,0,0,2,2,13
,2024-026669,39.78364357,-104.7673834,6/20/2024 7:38,7:38,12,0,0,E GREEN VALLEY RANCH BLVD & N ANDES CT,1,1,0,0,1,3,0,0,35,0,0,0,0,0,4,2,13
,2024-026670,39.73686633,-104.9916358,6/20/2024 12:15,12:15,10,0,0,W 13TH AVE & N CHEROKEE ST,1,1,0,0,1,1,0,0,30,0,0,0,0,0,4,2,13
,2024-026673,39.7162117,-104.9106486,6/20/2024 9:02,9:02,12,0,0,E LOWRY BLVD & N NIAGARA ST,1,1,0,0,1,3,0,0,20,0,0,0,0,0,4,2,3
,2024-026676,39.73804297,-104.9953029,6/18/2024 7:00,7:00,6,0,0, FOX ST & W 14TH AVE,1,1,0,0,3,4,0,0,25,0,0,0,0,0,4,3,1
,2024-026677,39.7248009,-105.0156896,6/20/2024 3:20,3:20,5,0,1,I-25 SB ON RAMP FROM EB W 6TH AVE & I-25 NB,1,3,1,0,2,8,0,0,35,0,0,0,0,2,1,1,13
,2024-026682,39.74608191,-104.9981708,6/19/2024 20:12,20:12,5,0,0,14TH ST & ARAPAHOE ST,1,1,0,0,3,4,0,0,35,0,0,0,0,0,4,1,3
,2024-026685,39.66758985,-104.9262693,6/19/2024 12:52,12:52,15,0,0,I-25 SB OFF RAMP & E YALE AVE,1,1,0,0,1,1,0,0,30,0,0,0,0,0,4,2,16
,2024-026693,39.72581292,-105.0067781,6/20/2024 11:00,11:00,5,0,0,W 6TH AVE & N OSAGE ST,1,1,1,0,2,8,0,0,20,0,0,0,0,0,4,1,3
,2024-026694,39.71706086,-104.9037058,6/18/2024 15:30,15:30,1,0,0, QUEBEC ST & E LOWRY BLVD,1,1,0,0,1,1,0,0,30,0,0,0,0,0,4,2,3
,2024-026699,39.71110094,-104.9780824,6/20/2024 16:40,16:40,3,0,1, CLARKSON ST & E ALAMEDA AVE,11,1,1,1,1,1,0,0,20,0,0,0,0,1,4,2,11
,2024-026700,39.74260375,-104.903459,6/20/2024 11:43,11:43,12,0,1, QUEBEC ST & E BATAVIA PL,1,1,0,0,1,1,0,0,30,0,0,0,0,1,4,2,16
,2024-026701,39.73105484,-104.9986375,6/20/2024 14:45,14:45,6,0,0, SANTA FE DR & W 9TH AVE,1,1,0,0,1,4,0,0,35,0,0,0,0,0,4,2,16
,2024-026702,39.73870712,-104.8987692,6/20/2024 15:18,15:18,1,0,0, TOWER RD & E 56TH AVE,1,1,0,0,1,1,0,0,45,0,0,0,0,0,4,2,11
,2024-026703,39.64599963,-104.922649,6/18/2024 14:30,14:30,3,0,0, HOLLY ST & E HAPPY CANYON RD,1,1,0,0,1,1,0,0,25,0,0,0,0,0,4,2,3
,2024-026704,39.74750203,-104.978178,6/19/2024 22:29,22:29,1,0,0,PARK AVE & E 20TH AVE,1,3,0,0,1,1,0,0,35,0,0,0,0,0,4,2,10
,2024-026707,39.73113326,-105.0263578,6/14/2024 19:43,19:43,10,0,1,W 9TH AVE & N GROVE ST,1,1,0,0,1,1,0,0,25,0,0,0,0,3,4,2,16
,2024-026708,39.78095162,-104.8828234,6/19/2024 19:38,19:38,3,0,0, CENTRAL PARK BLVD & E 46TH PL,1,1,0,0,1,1,0,0,35,0,0,0,0,0,4,2,7
,2024-026709,39.72736332,-104.9823648,6/19/2024 17:35,17:35,15,0,0, LOGAN ST & E 7TH AVE,1,1,1,0,1,3,0,0,,0,0,0,0,0,4,3,16
,2024-026712,39.72933166,-105.0255441,6/20/2024 15:30,15:30,12,0,0,W 8TH AVE & N FEDERAL BLVD,11,1,1,0,1,4,0,0,25,0,0,0,0,0,4,2,1
,2024-026714,39.68025423,-104.9593886,6/18/2024 17:30,17:30,10,0,0, UNIVERSITY BLVD & E ASBURY AVE,1,1,0,0,1,1,0,0,30,0,0,0,0,0,4,2,3
,2024-026719,39.73870713,-104.8987481,6/20/2024 17:20,17:20,10,0,0,E 14TH AVE & N SYRACUSE ST,1,1,0,0,1,1,0,0,35,0,0,0,0,0,4,2,8
,2024-026722,39.65307901,-104.8987255,6/20/2024 18:34,18:34,1,0,0,E HAMPDEN AVE & S TAMARAC ST,11,1,0,1,1,1,0,0,45,0,0,0,0,0,2,2,3
,2024-026724,39.70349947,-105.0423786,6/19/2024 12:38,12:38,6,0,0, RALEIGH ST & W WALSH PL,1,1,0,0,3,1,0,0,30,0,0,0,0,0,4,4,1
,2024-026727,39.72094429,-104.9879791,6/20/2024 14:47,14:47,16,0,0,303  BROADWAY ST,1,1,0,0,5,7,0,0,,0,0,0,0,0,3,2,3
,2024-026729,39.72563955,-104.9874357,6/20/2024 11:36,11:36,15,0,0,E 6TH AVE & N BROADWAY ST,1,1,0,0,1,3,0,0,30,0,0,0,0,0,4,2,8
,2024-026730,39.78364343,-104.767453,6/20/2024 17:22,17:22,3,0,2,18655 E GREEN VALLEY RANCH BLVD & N ANDES CT,11,1,3,0,1,2,0,0,,0,0,0,0,2,4,2,3
,2024-026732,39.73568378,-105.025147,6/20/2024 7:54,7:54,3,0,2, FEDERAL BLVD & W HOLDEN PL,1,1,0,0,1,1,0,0,,0,0,0,0,1,2,2,16
,2024-026733,39.73490467,-104.9586096,6/19/2024 21:19,21:19,6,0,0, JOSEPHINE ST & E 12TH AVE,1,3,1,0,1,4,0,0,30,0,0,0,0,0,4,3,16
,2024-026737,39.68570579,-104.9513319,6/21/2024 17:30,17:30,15,0,0,E MEXICO AVE & S ST PAUL ST,1,1,0,0,1,4,0,0,30,0,0,0,0,0,4,2,11
,2024-026741,39.72953625,-105.053227,6/21/2024 6:50,6:50,10,0,0,W 8TH AVE & N SHERIDAN BLVD,1,1,1,0,1,1,0,0,35,0,0,0,0,0,2,2,16
,2024-026750,39.74016785,-104.9562706,6/21/2024 17:44,17:44,3,0,0, ELIZABETH ST & E COLFAX AVE,1,1,0,0,1,1,0,0,,0,0,0,0,0,2,2,16
,2024-026751,39.63977039,-105.0532726,6/20/2024 22:08,22:08,1,0,0,W QUINCY AVE & S SHERIDAN BLVD,1,3,0,0,1,1,0,0,40,0,0,0,0,0,4,2,13
,2024-026756,39.76143995,-105.005212,6/20/2024 15:59,15:59,3,0,0,20TH ST & I-25 SB OFF RAMP,11,1,1,0,1,1,0,0,35,0,0,0,0,0,4,2,13
,2024-026759,39.76006964,-105.0057551,6/20/2024 14:16,14:16,15,0,0,I-25 & 20TH ST,1,1,1,0,1,4,0,0,55,0,0,0,0,0,1,2,13
,2024-026760,39.65617577,-105.0536394,6/21/2024 8:41,8:41,3,0,0,W DARTMOUTH AVE & S SHERIDAN BLVD,1,1,0,0,1,2,0,0,,0,0,0,0,0,4,2,13
,2024-026761,39.78281282,-104.9895341,6/19/2024 16:41,16:41,12,0,0,I-25 & I-70,1,1,1,0,1,4,0,0,55,0,0,0,0,0,1,2,13
,2024-026766,39.76005658,-104.8658556,6/21/2024 6:46,6:46,3,0,1, HAVANA ST & E MLK JR BLVD,14,1,0,0,1,1,0,0,35,0,0,0,0,1,4,2,13
,2024-026775,39.69657266,-104.9441889,6/20/2024 16:40,16:40,3,0,0, GARFIELD ST & E MISSISSIPPI AVE,11,1,0,1,1,1,0,0,30,0,0,0,0,0,4,2,13
,2024-026777,39.78314129,-105.006874,6/21/2024 16:10,16:10,12,0,0,I-70 & N PECOS ST,1,1,1,0,1,4,0,0,55,0,0,0,0,0,1,2,10
,2024-026779,39.71024318,-105.0062623,6/21/2024 13:46,13:46,11,0,1, PECOS ST & W NEVADA PL,1,1,0,0,1,1,0,0,0,0,0,1,0,3,4,1,16
,2024-026781,39.61827823,-105.091109,6/20/2024 15:10,15:10,12,0,1, WADSWORTH BLVD & W CRESTLINE AVE,1,1,0,1,1,3,0,0,45,0,0,0,0,1,2,2,3
,2024-026783,39.71120573,-104.9983913,6/21/2024 6:35,6:35,1,0,0, KALAMATH ST & W ALAMEDA AVE,1,1,0,0,1,1,0,0,35,0,0,0,0,0,2,2,14
,2024-026785,39.8334635,-104.6921812,6/21/2024 12:30,12:30,15,0,0, ON RAMP & N JACKSON GAP ST,1,1,1,0,1,8,0,0,65,0,0,0,0,0,2,2,11
,2024-026791,39.69398654,-104.9787473,6/20/2024 19:16,19:16,12,0,2,I-25 & NB OFF RAMP EXT TO S BROADWAY ST,1,1,0,0,1,4,0,0,65,0,0,0,0,1,1,5,2
,2024-026795,39.74085404,-104.9873841,6/20/2024 14:21,14:21,10,0,0, BROADWAY ST & CHEYENNE PL,1,1,3,0,1,1,0,0,30,0,0,0,0,0,4,2,11
,2024-026797,39.7737309,-104.8781212,6/21/2024 9:37,9:37,15,0,0,E 40TH AVE & N CENTRAL PARK BLVD,1,1,0,0,1,2,0,0,35,0,0,0,0,0,4,2,14
,2024-026811,39.74387995,-104.912435,6/21/2024 15:35,15:35,12,0,1, MONACO ST PKWY & E 17TH AVE,1,1,0,0,1,4,0,0,30,0,0,0,0,1,4,4,3
,2024-026812,39.72553251,-105.0464732,6/20/2024 10:57,10:57,15,0,0,E 6TH AVE & N PERRY ST,1,1,0,0,1,4,0,0,55,0,0,0,0,0,2,2,13
,2024-026818,39.74028116,-105.0124023,6/21/2024 12:42,12:42,12,0,3,W COLFAX AVE & I-25 NB OFF RAMP,1,1,0,0,1,1,0,0,40,0,0,0,0,1,2,2,2
,2024-026819,39.83475935,-104.749217,6/20/2024 22:40,22:40,12,0,0,E-470,1,4,0,0,1,4,0,0,65,0,0,0,0,0,4,3,13
,2024-026823,39.77853903,-104.9213238,6/20/2024 21:59,21:59,12,0,0,I-70 & N COLORADO BLVD,1,3,0,0,1,4,0,0,50,0,0,0,0,0,1,3,1
,2024-026825,39.73376547,-104.9706572,6/21/2024 17:44,17:44,15,0,0, LAFAYETTE ST & E 11TH AVE,1,1,0,0,1,4,0,0,25,0,0,0,0,0,4,2,11
,2024-026826,39.77906801,-104.989383,6/20/2024 19:18,19:18,5,0,0,EB -70 ON RAMP FROM SB -25 & I-25 UNDERPASS,1,1,0,0,2,8,0,0,45,0,0,0,0,0,1,1,7
,2024-026827,39.7656837,-104.9948635,6/19/2024 16:39,16:39,3,0,0,PARK AVE W & N GLOBEVILLE RD,1,1,0,0,1,1,0,0,35,0,0,0,0,0,4,2,16
,2024-026828,39.75668112,-104.9877736,6/20/2024 16:50,16:50,3,0,0,24TH ST & LARIMER ST,11,1,0,1,1,1,0,0,25,0,0,0,0,0,4,2,8
,2024-026829,39.75226581,-104.9844477,6/21/2024 8:40,8:40,12,0,1,PARK AVE W & STOUT ST,1,1,0,0,1,4,0,0,30,0,0,0,0,3,4,2,3
,2024-026833,39.77581683,-104.8658553,6/22/2024 9:21,9:21,15,0,0,I-70 & N HAVANA ST,1,1,0,0,1,4,0,0,,0,0,0,0,0,1,2,16
,2024-026836,39.73976688,-104.9183654,6/21/2024 16:08,16:08,6,0,1,1460  JASMINE ST & E COLFAX AVE,1,1,0,0,3,4,0,0,25,0,0,0,0,1,4,2,1
,2024-026837,39.76457596,-105.0080272,6/22/2024 16:02,16:02,3,0,0, QUIVAS ST & W 34TH AVE,1,1,0,0,1,9,0,0,15,0,0,0,0,0,4,2,13
,2024-026838,39.72895804,-105.0031448,6/19/2024 18:39,18:39,12,0,0,W 8TH AVE & N MARIPOSA ST,1,3,0,0,1,4,0,0,30,0,0,0,0,0,4,2,16
,2024-026849,39.77535018,-105.0135162,6/16/2024 12:48,12:48,6,0,0,W 43RD AVE & N VALLEJO ST,1,1,0,0,3,1,0,0,35,0,0,0,0,0,4,3,16
,2024-026850,39.70962157,-105.2949315,6/22/2024 15:35,15:35,5,0,1,E COLFAX AVE & N MARION ST,1,1,0,0,2,4,0,0,35,0,0,0,0,2,2,1,3
,2024-026853,39.68888313,-104.9734197,6/16/2024 11:00,11:00,2,0,1, DOWNING ST & E BUCHTEL BLVD,1,1,0,0,1,1,0,0,30,1,0,0,0,1,4,1,16
,2024-026854,39.7544679,-104.959628,6/15/2024 16:20,16:20,15,0,0,E 26TH AVE & N YORK ST,1,1,0,0,1,3,0,0,30,0,0,0,0,0,4,3,16
,2024-026858,39.77287201,-104.8338253,6/22/2024 12:25,12:25,15,0,0,I-70 & I-225 SB RAMP EXT,1,1,0,0,1,8,0,0,55,0,0,0,0,0,1,2,11
,2024-026859,39.72168481,-105.0088862,6/21/2024 10:39,10:39,12,0,4,I-25 & NB OFF RAMP EXT TO W 6TH AVE,1,1,0,0,1,4,0,0,55,0,0,0,0,1,1,3,13
,2024-026860,39.74322249,-104.962159,6/21/2024 20:00,20:00,15,0,0,E 17TH ST & N VINE ST,1,3,0,0,1,4,0,0,30,0,0,0,0,0,4,2,11
,2024-026861,39.69666133,-104.9918826,6/22/2024 10:00,10:00,15,0,0, SANTA FE DR & W MISSISSIPPI AVE,1,1,3,0,1,1,0,0,35,0,0,0,0,0,2,2,10
,2024-026863,39.76614308,-104.9733336,6/22/2024 17:52,17:52,15,0,0, DOWNING ST & E 35TH AVE,1,1,0,0,6,4,0,0,35,0,0,0,0,0,4,2,1
,2024-026865,39.75120902,-105.0299566,3/29/2024 21:42,21:42,11,0,1,W 23RD AVE & N IRVING ST,1,3,0,0,1,1,0,0,30,1,0,0,0,2,4,1,16
,2024-026867,39.76239009,-104.9647201,6/15/2024 12:35,12:35,6,0,0, HIGH ST & E MLK JR BLVD,1,1,0,0,1,4,0,0,25,0,0,0,0,0,4,2,16
,2024-026872,39.71119521,-104.997141,6/21/2024 22:00,22:00,1,0,0,W ALAMEDA AVE & S SANTA FE DR,1,3,0,0,1,1,0,0,35,0,0,0,0,0,2,2,13
,2024-026873,39.73997565,-104.9610695,6/22/2024 13:20,13:20,3,0,1,E COLFAX AVE & N GAYLORD ST,1,1,0,0,1,1,0,0,35,0,0,0,1,3,2,2,11
,2024-026877,39.7401929,-104.94007,6/12/2024 12:35,12:35,12,0,0,E COLFAX AVE & N COLORADO BLVD,1,1,3,0,1,3,0,0,35,0,0,0,0,0,2,2,13
,2024-026878,39.76182864,-104.9124088,5/29/2024 7:58,7:58,3,0,0,E MLK JR BLVD & N MONACO ST PKWY,1,1,0,0,1,1,0,0,35,0,0,0,0,0,4,2,16
,2024-026879,39.71814594,-105.0532817,6/16/2024 10:08,10:08,12,0,0, SHERIDAN BLVD & W 1ST AVE,1,1,0,0,1,3,0,0,35,0,0,0,0,0,2,2,16
,2024-026882,39.75583874,-104.9987506,1/15/2024 15:45,15:45,12,0,0,WEWATTA ST & 19TH ST,4,1,1,0,1,3,0,0,,0,0,0,0,0,4,2,16
,2024-026883,39.73205206,-104.9718048,6/17/2024 17:00,17:00,11,0,1,E 10TH AVE & N MARION ST,1,1,0,0,1,1,0,0,25,0,1,0,0,1,4,1,3
,2024-026890,39.73840855,-104.9706929,6/8/2024 3:11,3:11,3,0,1,E 14TH AVE & N LAFAYETTE ST,1,4,0,0,1,1,0,0,30,0,0,0,0,2,4,2,16
,2024-026891,39.6822603,-105.0267385,6/4/2024 15:35,15:35,16,0,0,3150 W JEWELL AVE,1,1,0,7,5,7,0,0,,0,0,0,0,0,3,1,16
,2024-026892,39.71818724,-104.9592851,6/20/2024 15:30,15:30,5,0,0,E 1ST AVE & N UNIVERSITY BLVD,1,1,0,0,6,3,0,0,35,0,1,0,0,0,4,2,16
,2024-026900,39.69634649,-104.8973153,6/14/2024 15:50,15:50,5,0,0,E MISSISSIPPI AVE & S PARKER RD,1,1,0,0,3,1,0,0,35,0,0,0,0,0,2,1,16
,2024-026902,39.74328695,-104.9810845,6/21/2024 17:48,17:48,11,0,1, PENNSYLVANIA ST & E 17TH AVE,1,1,0,0,1,1,0,0,0,0,0,1,0,2,4,1,16
,2024-026909,39.80741122,-104.779397,6/21/2024 10:48,10:48,2,0,1,E 61ST AVE & N TELLURIDE WY,1,1,0,0,1,4,0,0,0,1,0,0,0,3,4,1,16
,2024-026953,39.72430623,-104.8977305,6/12/2024 20:13,20:13,5,0,0,E 4TH AVE & N SYRACUSE ST,1,3,0,0,3,4,0,0,20,0,0,0,0,0,4,1,1
,2024-026954,39.77568093,-104.8663939,6/7/2024 16:19,16:19,12,0,0,I-70 & N HAVANA ST,1,1,0,0,1,4,0,0,55,0,0,0,0,0,1,3,11
,2024-026955,39.67833534,-104.9343472,6/12/2024 0:45,0:45,5,0,0,I-25 SB OFF RAMP & E EVANS AVE,1,3,2,0,2,1,0,0,30,0,0,0,0,0,1,1,16
,2024-026956,39.71109297,-105.0327989,6/6/2024 22:08,22:08,12,0,0,MORRISON RD & W ALAMEDA AVE,1,3,0,0,1,3,0,0,30,0,0,0,0,0,2,2,16
,2024-026957,39.76732098,-104.8904572,6/4/2024 16:44,16:44,15,0,0, CENTRAL PARK BLVD & E 36TH AVE,1,1,0,0,1,3,0,0,,0,0,0,0,0,4,2,16
,2024-026958,39.77087605,-104.9683994,6/11/2024 15:56,15:56,6,0,0, FRANKLIN ST & N LAFAYETTE ST,1,1,0,0,1,4,0,0,25,0,0,0,0,0,4,2,16
,2024-026960,39.77529859,-104.8598416,6/22/2024 18:44,18:44,12,0,2,I-70 & WB OFF RAMP EXT TO N HAVANA ST,1,1,0,0,1,4,0,0,55,0,0,0,0,2,1,4,16
,2024-026961,39.7740064,-104.8470241,6/23/2024 17:07,17:07,12,0,0,I-70 & N PEORIA ST,1,1,0,0,1,4,0,0,55,0,0,0,0,0,1,2,13
,2024-026964,39.74325986,-104.9775454,6/22/2024 18:26,18:26,15,0,0,E 17TH AVE & N CLARKSON ST,1,1,0,0,1,1,0,0,35,0,0,0,0,0,4,2,11
,2024-026969,39.74828862,-104.9986409,6/21/2024 2:14,2:14,5,0,1,LARIMER ST & 15TH ST,1,3,0,0,4,1,0,0,30,0,0,0,0,2,4,1,14
,2024-026970,39.80797499,-104.8750195,6/19/2024 15:00,15:00,6,0,0, DAYTON ST & E 61ST AVE,1,1,0,0,1,4,0,0,20,0,0,0,0,0,4,2,16
,2024-026978,39.78375122,-104.9540579,6/22/2024 0:01,0:01,8,0,0,E 48TH AVE & N CLAYTON ST,1,3,0,0,1,4,0,0,,0,0,0,0,0,4,4,16
,2024-026979,39.67847923,-104.9985133,6/21/2024 16:22,16:22,1,0,1,W EVANS AVE & S PLATTE RIVER DR,11,1,0,1,1,1,0,0,35,0,0,0,1,2,4,2,13
,2024-026983,39.78751004,-104.8323096,6/21/2024 16:17,16:17,3,0,0, XANADU ST & E 50TH AVE,1,1,0,0,1,1,0,0,25,0,0,0,0,0,4,2,13
,2024-026984,39.74544831,-104.9900951,6/23/2024 9:30,9:30,15,0,0,17TH ST & WELTON ST,1,1,0,0,1,1,0,0,30,0,0,0,0,0,4,2,13
,2024-026987,39.78481367,-104.761145,6/23/2024 2:06,2:06,6,0,0, FLANDERS WY & E 48TH PL,1,3,0,0,1,4,0,0,35,0,0,0,0,0,4,2,6
,2024-026988,39.71820013,-105.0495694,6/20/2024 14:14,14:14,11,0,1,W 1ST AVE & N XAVIER ST,1,1,0,0,1,4,0,0,0,0,1,0,0,1,4,1,16
,2024-026991,39.76111191,-105.0105098,6/21/2024 18:10,18:10,3,0,0,17TH ST & ERIE ST,1,1,1,0,1,1,0,0,25,0,0,0,0,0,4,2,13
,2024-026992,39.6822722,-105.0250198,6/20/2024 19:27,19:27,3,0,1, FEDERAL BLVD & W JEWELL AVE,1,1,0,0,1,1,0,0,35,0,0,0,0,2,2,2,16
,2024-026994,39.72561244,-105.0131474,6/23/2024 1:10,1:10,12,0,1,I-25 & W 6TH AVE,1,3,1,0,1,4,0,0,55,0,0,0,0,2,1,3,14
,2024-026996,39.72909606,-104.9874042,6/22/2024 21:05,21:05,3,0,0,E 8TH AVE & N BROADWAY ST,1,3,0,0,1,1,0,0,,0,0,0,0,0,4,2,16
,2024-026997,39.69115518,-104.9765617,6/23/2024 0:51,0:51,5,0,1,I-25 SB ON RAMP ENT & BUCHTEL BLVD,1,3,1,0,6,8,0,0,65,0,0,0,0,1,1,1,10
,2024-026998,39.71108422,-105.0249415,6/23/2024 2:15,2:15,12,0,2, FEDERAL BLVD & W ALAMEDA AVE,1,3,1,0,1,3,0,0,40,0,0,0,0,2,2,2,13
,2024-027001,39.72555585,-104.8965259,6/21/2024 15:22,15:22,3,0,0,E 6TH AVE & N TRENTON ST,1,1,0,0,1,1,0,0,30,0,0,0,0,0,4,2,16
,2024-027002,39.75933287,-104.9935976,6/23/2024 18:36,18:36,12,0,0,PARK AVE W & DELGANY ST,1,1,1,0,1,1,0,0,35,0,0,0,0,0,4,2,11
,2024-027004,39.76209631,-105.0532422,6/23/2024 15:29,15:29,1,0,0, SHERIDAN BLVD & W 32ND AVE,1,1,0,0,1,1,0,0,35,0,0,0,0,0,2,3,13
,2024-027005,39.68554003,-105.0531873,6/22/2024 20:28,20:28,12,0,2, SHERIDAN BLVD & W ZENOBIA WY,1,1,0,0,1,3,0,0,40,0,0,0,0,1,2,2,14
,2024-027010,39.72904632,-104.9899352,6/23/2024 2:11,2:11,15,0,0,W 8TH AVE & N SPEER BLVD,1,3,0,0,1,4,0,0,35,0,0,0,0,0,4,2,11
,2024-027017,39.79850119,-104.8754665,6/23/2024 12:44,12:44,3,0,4,E 56TH AVE & N DALLAS ST,1,1,0,0,1,1,0,0,40,0,0,0,0,3,4,2,1
,2024-027018,39.74891382,-104.9873973,6/2/2024 2:50,2:50,10,0,0,20TH ST & N BROADWAY ST,1,3,0,0,1,1,0,0,30,0,0,0,0,0,4,2,10
,2024-027019,39.7741825,-104.8490594,6/23/2024 2:23,2:23,12,0,2,I-70 & N PEORIA ST,1,3,0,0,1,4,0,0,55,0,0,0,0,2,1,2,16
,2024-027025,39.67499156,-105.0250422,6/22/2024 19:10,19:10,1,0,0, FEDERAL BLVD & W ILIFF AVE,1,1,2,0,1,1,0,0,40,0,0,0,0,0,2,2,13