id,drcog_id,latitude,longitude,crashtime,time,crashtype,numbkilled,numbinjurd,drcoglocat,rdconditin,lightngcon,roadcntgrd,weatherco,location,roaddescrp,schoolzone,constrzone,splimit,bikeinv,pedinv,sctrinv,motoinv,svrty,rdsystem,ttlvehcls,hcf
,2024-027026,39.71819789,-104.9732324,6/23/2024 16:25,16:25,2,0,1, DOWNING ST & E SPEED BLVD,1,1,0,0,1,1,0,0,0,1,0,0,0,2,4,1,16
,2024-027029,39.65323338,-104.9129095,6/21/2024 8:00,8:00,3,0,0, MONACO ST & E HAMPDEN AVE,1,1,0,0,1,2,0,0,35,0,0,0,0,0,4,2,13
,2024-027034,39.75121013,-105.0251374,6/23/2024 6:50,6:50,3,0,0,W 23RD AVE & N FEDERAL BLVD,1,1,0,0,1,1,0,0,30,0,0,0,0,0,2,2,13
,2024-027035,39.74353264,-104.9761516,6/23/2024 1:20,1:20,3,0,0, EMERSON ST & E 17TH AVE,1,3,0,0,1,1,0,0,25,0,0,0,0,0,4,2,11
,2024-027039,39.72559785,-105.0131372,6/21/2024 8:45,8:45,12,0,0,I-25 & W 6TH AVE,1,1,1,0,1,4,0,0,55,0,0,0,0,0,1,3,13
,2024-027041,39.75948829,-104.9771794,6/22/2024 11:01,11:01,15,0,0,CHAMPA ST & 30TH ST,1,1,0,0,1,4,0,0,30,0,0,0,0,0,4,2,13
,2024-027042,39.73839061,-104.9598276,6/20/2024 13:46,13:46,12,0,0,E 14TH AVE & N YORK ST,1,1,0,0,1,3,0,0,30,0,0,0,0,0,4,2,16
,2024-027043,39.73551131,-104.9947443,6/23/2024 0:38,0:38,12,0,1, SPEER BLVD & W 12TH AVE,1,3,0,0,1,4,0,0,35,0,0,0,1,3,4,2,1
,2024-027044,39.77901398,-104.9409103,5/28/2024 18:00,18:00,5,0,0,I-70 EB OFF RAMP & N COLORADO BLVD,1,1,0,0,1,1,0,0,40,0,0,0,0,0,2,2,13
,2024-027045,39.7744096,-104.8516846,6/23/2024 1:55,1:55,5,0,1,I-70 & WB OFF RAMP EXT TO N PEORIA ST,1,3,1,0,2,4,0,0,55,0,0,0,0,1,1,1,16
,2024-027048,39.76936412,-105.0440132,6/22/2024 22:54,22:54,2,0,1, TENNYSON ST & W 38TH AVE,1,3,0,0,1,1,0,0,30,1,0,0,0,2,4,1,13
,2024-027052,39.7656837,-104.9948635,6/23/2024 11:47,11:47,12,0,1,PARK AVE W & N GLOBEVILLE RD,1,1,0,0,1,1,0,0,35,0,0,0,0,1,4,2,16
,2024-027053,39.69859572,-104.9035551,6/23/2024 15:16,15:16,3,0,1,LEETSDALE DR & S QUEBEC ST,1,1,0,0,1,1,0,0,40,0,0,0,0,2,2,2,2
,2024-027055,39.77861892,-104.9895766,6/21/2024 16:30,16:30,5,0,0,I-25 & I-70,1,1,0,0,3,4,0,0,55,0,0,0,0,0,1,1,16
,2024-027056,39.70202231,-104.9792703,6/20/2024 16:43,16:43,11,0,0,E OHIO AVE & S WASHINGTON ST,11,1,1,1,1,1,0,0,0,0,0,1,0,0,4,1,16
,2024-027069,39.64959041,-104.8848713,6/23/2024 16:48,16:48,11,0,0, YOSEMITE ST & E KENYON AVE,1,1,0,0,1,1,0,0,35,0,0,1,0,0,4,1,11
,2024-027071,39.74167712,-104.98359,6/22/2024 1:14,1:14,11,0,1,E 16TH AVE & N GRANT ST,1,3,0,0,1,1,0,0,0,0,0,1,0,2,4,1,16
,2024-027073,39.71332362,-105.0532836,6/23/2024 13:10,13:10,3,0,0, SHERIDAN BLVD & W CEDAR AVE,1,1,0,0,1,1,0,0,35,0,0,0,0,0,2,2,16
,2024-027075,39.74167708,-104.9823321,6/23/2024 8:30,8:30,2,0,1,E 16TH AVE & N LOGAN ST,1,1,0,0,1,1,0,0,20,1,0,0,0,2,4,1,11
,2024-027080,39.74007565,-104.9406125,6/19/2024 19:28,19:28,11,0,1,E COLFAX AVE & N COLORADO BLVD,1,1,0,0,1,1,0,0,35,0,0,1,0,3,2,1,11
,2024-027081,39.77698284,-104.99482,6/23/2024 3:29,3:29,5,0,1,W 45TH AVE & N FOX ST,1,4,0,0,2,3,0,1,30,0,0,0,0,1,4,1,16
,2024-027141,39.74486912,-104.9831758,4/16/2024 13:32,13:32,15,0,0,E 18TH AVE & N LOGAN ST,1,1,3,0,1,4,0,0,35,0,0,0,0,0,4,2,13
,2024-027143,39.65298595,-104.9190073,5/14/2024 11:30,11:30,15,0,0,E HAMPDEN AVE & I-25 SB RAMPS,1,1,0,0,1,1,0,0,40,0,0,0,0,0,2,2,13
,2024-027144,39.78080269,-104.9410711,5/15/2024 8:29,8:29,12,0,0, COLORADO BLVD & E 46TH AVE N,1,1,0,0,1,3,0,0,30,0,0,0,0,0,2,2,13
,2024-027145,39.66756975,-104.9245124,5/18/2024 1:04,1:04,5,0,0,E YALE AVE & I-25 NB RAMPS,1,3,1,0,6,3,0,0,30,0,0,0,0,0,4,1,16
,2024-027146,39.77824898,-104.921745,6/6/2024 15:00,15:00,15,0,0,I-70 & N HOLLY ST,1,1,0,0,1,4,0,0,,0,0,0,0,0,1,3,16
,2024-027147,39.74020806,-104.9199464,5/13/2024 8:39,8:39,12,0,0,E COLFAX AVE & N IVY ST,1,1,0,0,1,1,0,0,35,0,0,0,0,0,2,3,16
,2024-027148,39.73683242,-104.9810778,6/13/2024 2:03,2:03,6,0,0, PENNSYLVANIA ST & E 13TH AVE,1,3,0,0,1,3,0,0,20,0,0,0,0,0,4,2,16
,2024-027157,39.76697282,-104.971636,6/24/2024 8:17,8:17,6,0,0,E 36TH AVE & N MARION ST,1,1,0,0,1,4,0,0,20,0,0,0,0,0,4,2,16
,2024-027167,39.80010744,-104.7721166,6/24/2024 15:41,15:41,12,0,0,E 57TH AVE & N TOWER RD,1,1,0,0,1,1,0,0,45,0,0,0,0,0,4,3,11
,2024-027168,39.75797809,-104.9733525,6/24/2024 18:02,18:02,12,0,0, DOWNING ST & E 29TH AVE,1,1,0,0,1,3,0,0,30,0,0,0,0,0,4,2,16
,2024-027169,39.73687371,-105.0028187,6/23/2024 19:05,19:05,3,0,0, MARIPOSA ST & W 13TH AVE,1,1,0,0,1,1,0,0,25,0,0,0,0,0,4,2,14
,2024-027171,39.73844936,-104.9923462,6/17/2024 10:16,10:16,15,0,0,W 14TH AVE & CHEROKEE ST,1,1,0,0,1,4,0,0,25,0,0,0,0,0,4,3,16
,2024-027172,39.67490807,-104.9305882,6/23/2024 22:09,22:09,5,0,0,I-25 & NB OFF RAMP EXT TO E EVANS AVE,1,3,0,0,3,8,0,0,65,0,0,0,0,0,1,1,14
,2024-027174,39.7693357,-105.053248,6/24/2024 1:15,1:15,12,0,1, SHERIDAN BLVD & W 38TH AVE,1,3,0,0,1,3,0,0,35,0,0,0,0,2,2,2,16
,2024-027175,39.74014485,-104.9461683,6/18/2024 21:32,21:32,3,0,0, MADISON ST & E COLFAX AVE,1,3,0,0,1,1,0,0,25,0,0,0,0,0,2,2,13
,2024-027176,39.78363892,-104.7902936,6/23/2024 19:56,19:56,12,0,1,E GREEN VALLEY RANCH BLVD & PENA BLVD,1,1,0,0,1,4,0,0,40,0,0,0,0,2,4,3,16
,2024-027179,39.62989737,-104.9049054,6/24/2024 4:10,4:10,15,0,0,I-25 & I-225 COLLECTOR RAMP EXT,1,3,0,0,1,4,0,0,,0,0,0,0,0,1,2,16
,2024-027180,39.67128912,-104.9875841,6/24/2024 14:43,14:43,3,0,1,E HARVARD AVE & S BROADWAY ST,1,1,0,0,1,1,0,0,20,0,0,0,0,2,4,2,11
,2024-027181,39.7525749,-104.9965421,5/31/2024 6:00,6:00,6,0,0,BLAKE ST & 18TH ST,1,1,0,0,1,4,0,0,25,0,0,0,0,0,4,2,16
,2024-027183,39.7368806,-104.979698,6/22/2024 11:00,11:00,15,0,0,E 13TH AVE & N PEARL ST,1,1,0,0,1,4,0,0,30,0,0,0,0,0,4,2,13
,2024-027185,39.7372719,-104.9081944,6/23/2024 14:35,14:35,6,0,0,E 13TH AVE & N ONEIDA ST,1,1,0,0,1,4,0,0,35,0,0,0,0,0,4,2,1
,2024-027186,39.77290996,-104.8517193,6/18/2024 16:05,16:05,6,0,0,E 40TH AVE & N NOME ST,1,1,0,0,1,1,0,0,,0,0,0,0,0,4,2,16
,2024-027188,39.73685861,-104.992939,6/23/2024 8:40,8:40,2,0,0,W 13TH AVE & DELAWARE ST,1,1,1,0,1,1,0,0,30,1,0,0,0,0,4,1,8
,2024-027189,39.66051245,-105.0251647,5/21/2024 19:00,19:00,3,0,0, FEDERAL BLVD & W DARTMOUTH AVE,1,1,0,0,1,1,0,0,35,0,0,0,0,0,2,2,16
,2024-027190,39.7408359,-104.9908608,6/17/2024 9:45,9:45,6,0,0,COURT PL & 14TH ST,1,1,0,0,1,4,0,0,,0,0,0,0,0,4,2,1
,2024-027194,39.70202231,-104.9792703,6/21/2024 14:00,14:00,3,0,0,E OHIO AVE & S WASHINGTON ST,1,1,0,0,1,1,0,0,25,0,0,0,0,0,4,2,13
,2024-027200,39.73999862,-104.9660098,6/24/2024 1:44,1:44,6,0,0,E COLFAX AVE & N WILLIAMS ST,1,3,0,0,1,3,0,0,35,0,0,0,0,0,2,2,16
,2024-027203,39.75456485,-104.940543,6/23/2024 18:03,18:03,12,0,0, COLORADO BLVD & E 26TH AVE,1,1,0,0,1,3,0,0,35,0,0,0,0,0,2,2,16
,2024-027204,39.77469934,-104.9731754,6/23/2024 8:55,8:55,12,0,0, BRIGHTON BLVD & 40TH ST,1,1,0,0,1,3,0,0,35,0,0,0,0,0,4,2,3
,2024-027205,39.75109851,-104.9407643,6/21/2024 11:40,11:40,12,0,0, COLORADO BLVD & E 23RD AVE,1,1,0,0,1,3,0,0,35,0,0,0,0,0,2,2,13
,2024-027206,39.75787957,-105.0092893,6/17/2024 8:55,8:55,12,0,0,I-25 & N SPEER BLVD,1,1,0,0,1,4,0,0,55,0,0,0,0,0,1,3,1
,2024-027211,39.77370081,-104.8433814,6/12/2024 16:44,16:44,12,0,0,I-70 & N PEORIA ST,1,1,0,0,1,4,0,0,55,0,0,0,0,0,1,2,1
,2024-027214,39.82527671,-104.7464378,6/23/2024 15:26,15:26,9,0,0,E-470 & MM 27.25,1,1,0,0,2,4,0,0,75,0,0,0,0,0,2,2,13
,2024-027224,39.75700844,-104.9873604,6/23/2024 17:15,17:15,14,0,2, BROADWAY ST & LARIMER ST,1,1,0,0,1,1,0,0,35,0,0,0,0,2,4,3,1
,2024-027225,39.71736531,-104.9862433,6/21/2024 16:43,16:43,15,0,0, LINCOLN ST & E 1ST AVE,1,1,0,0,1,4,0,0,30,0,0,0,0,0,4,2,13
,2024-027226,39.69669449,-104.9991497,6/23/2024 12:30,12:30,3,0,2,W MISSISSIPPI AVE & S JASON ST,1,1,0,0,1,1,0,0,35,0,0,0,0,1,4,2,13
,2024-027227,39.69664325,-104.9817696,6/24/2024 2:23,2:23,15,0,1,I-25 & E MISSISSIPPI AVE,1,3,1,0,1,4,0,0,65,0,0,0,0,1,1,2,16
,2024-027230,39.73681055,-104.956646,6/23/2024 19:45,19:45,15,0,0,E 13TH AVE & N ELIZABETH ST,1,3,0,0,1,3,0,0,30,0,0,0,0,0,4,2,16
,2024-027231,39.75235946,-105.0075498,5/30/2024 12:45,12:45,15,0,0, SPEER BLVD & ELITCH CIR,1,1,0,0,1,4,0,0,35,0,0,0,0,0,4,2,16
,2024-027232,39.77105747,-104.922314,6/24/2024 6:52,6:52,16,0,0, HOLLY ST & E 39TH AVE,1,1,0,0,5,4,0,0,,0,0,0,0,0,3,1,11
,2024-027233,39.73469196,-104.9406188,6/21/2024 12:30,12:30,1,0,0, COLORADO BLVD & E 12TH AVE,1,1,0,0,1,1,0,0,35,0,0,0,0,0,2,2,11
,2024-027234,39.74999302,-105.0205348,6/20/2024 23:10,23:10,6,0,0, CLAY ST & W 22ND AVE,11,3,0,0,1,1,0,0,25,0,0,0,0,0,4,2,14
,2024-027236,39.77331388,-104.8461482,6/19/2024 17:18,17:18,12,0,0,I-70 EB ON RAMP & N PEORIA ST,1,1,1,0,1,8,0,0,,0,0,0,0,0,4,2,16
,2024-027237,39.72911643,-104.9578648,6/24/2024 15:28,15:28,3,0,0,COLUMBINE ST & E 8TH AVE,1,1,0,0,1,1,0,0,30,0,0,0,0,0,4,2,16
,2024-027238,39.72933123,-105.0251493,6/24/2024 14:44,14:44,12,0,1, FEDERAL BLVD & W 6TH AVE,1,1,0,0,1,4,0,0,35,0,0,0,0,1,2,3,16
,2024-027239,39.74379486,-104.9566002,6/14/2024 13:10,13:10,15,0,0,E 17TH AVE & ESPLANADE PKWY,1,1,0,0,1,3,0,0,30,0,0,0,0,0,4,2,3
,2024-027245,39.73828965,-104.9350056,6/21/2024 3:15,3:15,5,0,1,E 14TH AVE & N CLERMONT ST,1,3,0,0,2,1,0,0,30,0,0,0,0,1,4,1,16
,2024-027256,39.74425062,-104.9934128,4/19/2024 7:04,7:04,11,0,0,CALIFORNIA ST & 15TH ST,11,1,0,7,1,1,0,0,25,0,1,0,0,0,4,1,16
,2024-027263,39.7867485,-104.8657763,6/24/2024 17:54,17:54,3,0,1,E 49TH AVE & N HAVANA ST,1,1,0,0,1,1,0,0,40,0,0,0,0,2,4,2,16
,2024-027266,39.70171793,-104.8771352,6/23/2024 18:29,18:29,15,0,0, ALTON WY & S CLINTON ST,1,1,0,0,1,2,0,0,25,0,0,0,0,0,4,2,13
,2024-027268,39.76814437,-105.0041298,6/20/2024 13:51,13:51,11,0,0, NAVAJO ST & W 37TH AVE,1,1,0,0,1,2,0,0,0,0,1,0,0,0,4,1,16
,2024-027269,39.68931479,-104.950041,6/22/2024 7:04,7:04,2,0,1,E FLORIDA AVE & S STEELE ST,1,1,0,0,1,1,0,0,25,1,0,0,0,2,4,1,11
,2024-027272,39.78364086,-104.7897464,6/17/2024 14:36,14:36,15,0,0,E GREEN VALLEY RANCH BLVD & N PENA BLVD,1,1,0,0,1,4,0,0,35,0,0,0,0,0,4,3,1
,2024-027273,39.77664963,-105.0252832,6/23/2024 16:33,16:33,15,0,0, FEDERAL BLVD & W 44TH AVE,1,1,0,0,1,1,0,0,35,0,0,0,0,0,2,2,11
,2024-027275,39.70038636,-105.0423467,6/16/2024 23:46,23:46,5,0,0,4315 W KENTUCKY AVE & S RALEIGH ST,1,3,0,0,2,4,0,0,25,0,0,0,0,0,4,1,16
,2024-027280,39.62712439,-104.8852803,6/14/2024 17:13,17:13,3,0,1,4910  YOSEMITE ST & E CHANANGO AVE,1,1,0,0,1,2,0,0,35,0,0,0,1,2,4,2,16
,2024-027282,39.77952891,-104.8613182,6/23/2024 9:00,9:00,6,0,0, JOLIET ST & E 45TH AVE,1,1,0,0,1,4,0,0,,0,0,0,0,0,4,2,16
,2024-027360,39.74002584,-104.9816924,6/4/2024 1:07,1:07,15,0,1,400 E COLFAX AVE,1,3,0,0,1,4,0,0,35,0,0,0,0,2,2,2,16
,2024-027361,39.77230307,-104.9745506,5/31/2024 19:49,19:49,12,0,0,E 38TH AVE & WYNKOOP ST,1,1,0,0,1,1,0,0,35,0,0,0,0,0,4,2,13
,2024-027362,39.72070671,-104.9522047,6/7/2024 12:05,12:05,6,0,0, MILWAUKEE ST & E 3RD AVE,1,1,0,0,1,4,0,0,30,0,0,0,0,0,4,2,16
,2024-027363,39.66050836,-105.0245303,6/9/2024 1:06,1:06,6,0,0,W DARTMOUTH AVE & S FEDERAL BLVD,1,3,0,0,1,4,0,0,30,0,0,0,0,0,4,2,16
,2024-027364,39.72906831,-104.9861529,5/26/2024 1:43,1:43,15,0,0,E 8TH AVE & N LINCOLN ST,1,5,0,7,1,5,0,0,30,0,0,0,0,0,4,2,16
,2024-027365,39.77106783,-104.8470352,6/13/2024 15:00,15:00,12,0,0, PEORIA ST & E 39TH AVE,1,1,0,0,1,3,0,0,35,0,0,0,0,0,4,2,16
,2024-027391,39.73845525,-104.9953011,6/24/2024 13:36,13:36,3,0,0, FOX ST & W 14TH AVE,1,1,0,0,1,1,0,0,20,0,0,0,0,0,4,3,1
,2024-027392,39.67843062,-104.9579328,6/24/2024 15:00,15:00,15,0,0,E EVANS AVE & S JOSEPHINE ST,1,1,0,0,1,3,0,0,30,0,0,0,0,0,4,2,3
,2024-027395,39.7703111,-104.8281892,6/24/2024 19:31,19:31,9,0,0,I-225 SB RAMP FROM EB -70 & I-70,1,1,1,0,2,8,0,0,55,0,0,0,0,0,1,1,16
,2024-027397,39.74592004,-104.9861196,6/22/2024 21:40,21:40,15,0,0, LINCOLN ST & E 19TH AVE,1,3,0,0,1,4,0,0,,0,0,0,1,0,4,2,16
,2024-027398,39.70401888,-105.0298069,6/25/2024 10:11,10:11,3,0,0,W EXPOSITION AVE & S IRVING ST,1,1,0,0,1,1,0,0,20,0,0,0,0,0,4,2,13
,2024-027401,39.72047556,-104.9791281,6/24/2024 11:10,11:10,15,0,0,E SPEER BLVD & N WASHINGTON ST,1,1,0,0,1,1,0,0,35,0,0,0,0,0,4,2,3
,2024-027402,39.74592004,-104.9861196,6/25/2024 15:50,15:50,12,0,0, LINCOLN ST & E 19TH AVE,1,1,0,0,1,4,0,0,30,0,0,0,0,0,4,2,13
,2024-027405,39.71625225,-104.9499392,6/24/2024 16:00,16:00,3,0,0, STEELE ST & E ELLSWORTH AVE,1,1,0,0,1,1,0,0,30,0,0,0,0,0,4,3,3
,2024-027406,39.77971296,-105.0064476,6/25/2024 9:10,9:10,5,0,0, PECOS ST & W 46TH AVE,1,1,0,0,1,2,0,0,30,0,0,0,0,0,4,1,13
,2024-027411,39.7680565,-105.0042742,6/25/2024 9:05,9:05,6,0,0,W 37TH AVE & N NAVAJO ST,1,1,1,0,1,4,0,0,25,0,0,0,0,0,4,2,3
,2024-027414,39.83797617,-104.6926938,6/24/2024 5:59,5:59,12,0,1,E 78TH AVE & N JACKSON GAP ST,1,1,0,0,1,3,0,0,45,0,0,0,0,2,4,2,16
,2024-027415,39.65299637,-104.9313477,6/25/2024 7:57,7:57,12,0,0,E HAMPDEN AVE & S DAHLIA ST,1,1,0,0,1,4,0,0,40,0,0,0,0,0,2,2,3
,2024-027416,39.73844916,-104.9906429,6/24/2024 16:40,16:40,6,0,0,W 14TH AVE & N BANNOCK ST,1,1,0,0,1,4,0,0,25,0,0,0,0,0,4,2,13
,2024-027417,39.73838006,-104.9543359,6/25/2024 1:33,1:33,6,0,0,E 14TH AVE & N DETROIT ST,1,3,0,0,1,4,0,0,30,0,0,0,0,0,4,3,3
,2024-027419,39.73233102,-104.9752604,6/25/2024 10:42,10:42,6,0,1, OGDEN ST & E 10TH AVE,1,1,0,0,1,4,0,0,25,0,0,0,0,3,4,3,3
,2024-027420,39.71157248,-104.9413494,6/25/2024 13:19,13:19,10,0,0,E ALAMEDA AVE & S HARRISON ST,1,1,0,0,1,1,0,0,30,0,0,0,0,0,4,2,7
,2024-027421,39.68787601,-104.9690865,6/25/2024 7:25,7:25,12,0,0,I-25 & S FRANKLIN ST,1,1,0,0,1,4,0,0,65,0,0,0,0,0,2,2,3
,2024-027423,39.72541686,-105.0254092,6/21/2024 11:10,11:10,12,0,0,W 6TH AVE & N FEDERAL BLVD,1,1,0,0,1,4,0,0,55,0,0,0,0,0,2,2,14
,2024-027425,39.7401448,-104.9461683,6/25/2024 21:02,21:02,1,0,1,E COLFAX AVE & N MADISON ST,1,3,0,0,1,1,0,0,35,0,0,0,0,3,2,2,11
,2024-027427,39.79835907,-104.7818246,6/24/2024 17:20,17:20,12,0,0,E 56TH AVE & N TOWER RD,1,1,0,0,1,4,0,0,35,0,0,0,0,0,4,2,2
,2024-027428,39.77965322,-104.967131,6/24/2024 7:55,7:55,3,0,0, BRIGHTON BLVD & I-70 EB RAMPS,1,1,0,0,1,1,0,0,25,0,0,0,0,0,2,2,14
,2024-027430,39.69297279,-104.9734141,6/25/2024 7:48,7:48,1,0,1,E LOUISIANA AVE & S DOWNING ST,1,1,0,0,1,1,0,0,30,0,0,0,0,2,4,2,14
,2024-027432,39.77659406,-105.0251602,6/25/2024 18:59,18:59,12,0,0, FEDERAL BLVD & W 44TH AVE,1,2,0,0,1,3,0,0,35,0,0,0,0,0,2,2,13
,2024-027433,39.75459796,-104.9405403,6/24/2024 9:40,9:40,5,0,0, COLORADO BLVD & E 26TH AVE,1,1,1,0,6,3,0,0,35,0,0,0,0,0,2,1,14
,2024-027434,39.77803349,-104.8470317,6/25/2024 6:50,6:50,1,0,0, PEORIA ST & E 45TH AVE,1,1,0,0,1,1,0,0,35,0,0,0,0,0,4,3,16
,2024-027435,39.83785184,-104.6711593,6/24/2024 13:38,13:38,3,0,0,SHADY GROVE ST & E 80TH AVE,1,1,0,7,1,2,0,0,35,0,0,0,0,0,4,2,11
,2024-027438,39.73843312,-104.9874134,6/24/2024 13:45,13:45,3,0,0,W 14TH AVE & N BROADWAY ST,1,1,0,0,1,1,0,0,30,0,0,0,0,0,4,2,8
,2024-027444,39.70691916,-104.8854483,6/24/2024 10:00,10:00,6,0,0, XENIA ST & E ALAMEDA AVE,1,1,0,0,1,4,0,0,25,0,0,0,0,0,4,2,3
,2024-027447,39.68569561,-104.9500525,6/24/2024 12:30,12:30,15,0,0,E MEXICO AVE & S STEELE ST,1,1,0,0,1,1,0,0,25,0,0,0,0,0,4,2,3
,2024-027448,39.77531687,-104.8098993,6/25/2024 11:15,11:15,12,0,0, CHAMBERS RD & E ANDREWS DR,1,1,0,0,1,4,0,0,35,0,0,0,0,0,4,2,13
,2024-027449,39.76928403,-105.0158689,6/25/2024 10:57,10:57,3,0,0, ZUNI ST & W 38TH AVE,1,1,0,0,1,1,0,0,30,0,0,0,0,0,4,2,13
,2024-027450,39.68050148,-104.9875712,6/25/2024 13:52,13:52,3,0,0,1995  BROADWAY ST & E ASBURY AVE,1,1,0,0,1,2,0,0,35,0,0,0,0,0,4,2,11
,2024-027452,39.73505055,-104.9586097,6/25/2024 8:05,8:05,12,0,1, JOSEPHINE ST & E 12TH AVE,1,1,1,0,1,3,0,0,25,0,0,0,0,1,4,3,7
,2024-027455,39.83166513,-104.77701,6/25/2024 7:25,7:25,12,0,0,PENA BLVD & S TOWER RD,1,1,0,0,1,4,0,0,65,0,0,0,0,0,4,2,3
,2024-027457,39.77309979,-104.9756035,6/6/2024 17:24,17:24,11,0,2,38TH ST & BRIGHTON BLVD,1,1,0,0,1,9,0,0,,0,0,1,0,2,4,1,16
,2024-027458,39.78705275,-104.8123617,6/16/2024 19:30,19:30,6,0,0,5181  FONTANA CT & N ENID WY,1,1,0,0,1,4,0,0,20,0,0,0,0,0,4,2,16
,2024-027461,39.6822722,-105.0250198,6/20/2024 19:40,19:40,12,0,0, FEDERAL BLVD & W JEWELL AVE,1,2,0,0,1,3,0,0,35,0,0,0,0,0,2,2,16
,2024-027466,39.66751599,-104.8661331,6/19/2024 12:40,12:40,3,0,1, HAVANA ST & E YALE AVE,1,1,0,0,1,1,0,0,40,0,0,0,0,1,2,2,16
,2024-027469,39.77989517,-104.9670125,6/25/2024 17:18,17:18,12,0,0,I-70 & N BRIGHTON BLVD,1,1,0,0,1,4,0,0,55,0,0,0,0,0,2,3,16
,2024-027473,39.79034862,-104.9889851,6/24/2024 10:31,10:31,12,0,0,I-25 SB & I-70 EB,1,1,1,0,1,4,0,0,55,0,0,0,0,0,1,3,13
,2024-027477,39.63638093,-104.8937864,6/25/2024 10:10,10:10,10,0,0, TAMARAC ST & I-225 SB RAMPS,1,1,0,0,1,1,0,0,30,0,0,0,0,0,4,2,3
,2024-027482,39.74013791,-105.0346072,6/21/2024 11:34,11:34,15,0,0, LOWELL BLVD & W COLFAX AVE,1,1,0,0,1,4,0,0,25,0,0,0,0,0,4,2,16
,2024-027493,39.71114157,-105.0191964,6/20/2024 18:40,18:40,11,0,0,W ALAMEDA AVE & S CANOSA CT,1,1,0,0,1,1,0,0,0,0,0,1,0,0,2,1,16
,2024-027494,39.74057658,-104.9721441,6/24/2024 12:56,12:56,11,0,1, MARION ST & E COLFAX AVE,1,1,0,0,1,4,0,0,0,0,1,0,0,2,4,1,16
,2024-027496,39.779282,-104.903399,6/15/2024 10:25,10:25,15,0,0,I-70 WB OFF RAMP & N QUEBEC ST,1,1,0,0,1,1,0,0,25,0,0,0,0,0,2,2,3
,2024-027500,39.71118526,-105.0039189,3/4/2024 14:36,14:36,15,0,0,UNKNOWN & S NAVAJO ST,1,1,0,0,1,1,0,0,35,0,0,0,0,0,4,2,16
,2024-027568,39.72907061,-104.985564,4/11/2024 14:29,14:29,3,0,2,E 8TH AVE & N SHERMAN ST,1,1,0,0,1,2,0,0,20,0,0,0,0,2,4,2,16
,2024-027570,39.76954914,-105.0346434,5/29/2024 0:15,0:15,3,0,0, LOWELL BLVD & W 38TH AVE,1,3,0,0,1,1,0,0,35,0,0,0,0,0,4,2,13
,2024-027571,39.72206216,-105.0227822,6/10/2024 14:45,14:45,2,0,0, DECATUR ST & W 4TH AVE,1,1,0,0,1,1,0,0,25,1,0,0,0,0,4,1,16
,2024-027572,39.7402228,-104.893223,6/8/2024 21:47,21:47,8,0,2,E COLFAX AVE & N UINTA ST,1,3,0,0,1,4,0,0,35,0,0,0,0,1,2,2,16
,2024-027573,39.72548752,-105.0372891,6/15/2024 15:46,15:46,6,0,0, NEWTON ST & W 6TH AVE,1,1,0,0,1,3,0,0,,0,0,0,0,0,4,2,8
,2024-027574,39.69863489,-104.9874559,5/3/2024 13:27,13:27,12,0,1, BROADWAY ST & E TENNESSEE AVE,1,1,0,0,1,3,0,0,30,0,0,0,0,1,4,2,13
,2024-027575,39.74034806,-104.9747888,6/7/2024 16:30,16:30,12,0,0, OGDEN ST & E COLFAX AVE,1,1,0,0,1,4,0,0,35,0,0,0,0,0,4,2,1
,2024-027576,39.74004534,-105.0005853,5/10/2024 21:06,21:06,12,0,0,W COLFAX AVE & N SANTA FE DR,1,3,0,0,1,4,0,0,35,0,0,0,0,0,2,3,13
,2024-027577,39.7120587,-105.017986,6/13/2024 15:37,15:37,6,0,0, BRYANT ST & W ALAMEDA AVE,1,1,0,0,1,4,0,0,,0,0,0,0,0,4,2,16
,2024-027578,39.70301062,-104.9129016,4/17/2024 8:00,8:00,15,0,0, MONACO ST & LEETSDALE DR,1,1,0,0,1,3,0,0,,0,0,0,0,0,2,2,16
,2024-027579,39.65302614,-104.8728138,5/28/2024 8:32,8:32,12,0,0,E HAMPDEN AVE & S FLORENCE ST,1,1,0,0,1,4,0,0,,0,0,0,0,0,2,2,16
,2024-027580,39.74097778,-104.9848547,4/25/2024 11:00,11:00,6,0,0, SHERMAN ST & E COLFAX AVE,1,1,0,0,1,4,0,0,20,0,0,0,0,0,4,2,14
,2024-027582,39.71977252,-105.0068181,6/26/2024 6:44,6:44,15,0,0,I-25 & W 6TH AVE,1,1,0,1,1,4,0,0,65,0,0,0,0,0,2,2,16
,2024-027583,39.76445738,-104.9406524,6/21/2024 11:49,11:49,3,0,0,E BRUCE RANDOLPH AVE & N COLORADO BLVD,1,1,0,0,1,1,0,0,30,0,0,0,0,0,2,2,4
,2024-027584,39.75566425,-105.0123729,6/26/2024 7:00,7:00,12,0,0,I-25 & N SPEER BLVD,1,1,1,0,1,4,0,0,55,0,0,0,0,0,1,3,14
,2024-027585,39.83301725,-104.6929452,6/22/2024 15:25,15:25,15,0,0, RAMPS & N JACKSON GAP ST,1,1,0,0,1,1,0,0,45,0,0,0,0,0,4,2,8
,2024-027589,39.7658749,-105.0252994,6/26/2024 9:18,9:18,15,0,0, FEDERAL BLVD & W 35TH AVE,1,1,0,0,1,4,0,0,35,0,0,0,0,0,2,2,13