id,drcog_id,latitude,longitude,crashtime,time,crashtype,numbkilled,numbinjurd,drcoglocat,rdconditin,lightngcon,roadcntgrd,weatherco,location,roaddescrp,schoolzone,constrzone,splimit,bikeinv,pedinv,sctrinv,motoinv,svrty,rdsystem,ttlvehcls,hcf
,2024-027592,39.74020402,-104.9257864,6/23/2024 14:02,14:02,3,0,2,E COLFAX AVE & N GLENCOE ST,1,1,0,0,1,1,0,0,35,0,0,0,0,1,2,3,1
,2024-027593,39.75235946,-105.0075498,6/25/2024 8:02,8:02,11,0,1, SPEER BLVD & ELITCH CIR,1,1,0,0,1,1,0,0,0,0,0,1,0,1,4,1,16
,2024-027594,39.83468078,-104.6929256,6/25/2024 10:51,10:51,1,0,0,JACKSON GAP RD & PENA BLVD RAMPS,1,3,0,0,1,1,0,0,35,0,0,0,0,0,4,2,11
,2024-027607,39.7673813,-104.9025339,6/26/2024 9:20,9:20,3,0,2, QUEBEC ST & E 36TH AVE,1,1,0,0,1,1,0,0,35,0,0,0,0,1,4,2,7
,2024-027611,39.75303274,-105.017796,6/26/2024 10:59,10:59,8,0,1,W BYRON PL & N ALCOTT ST,1,1,1,0,1,4,0,0,25,0,0,0,0,1,4,2,16
,2024-027613,39.71260807,-104.949823,6/25/2024 13:30,13:30,1,0,0,E CHERRY CREEK  DR & S STEELE ST,1,1,0,0,1,1,0,0,30,0,0,0,0,0,4,2,3
,2024-027614,39.67848732,-104.9676257,6/26/2024 8:25,8:25,15,0,0,E EVANS AVE & S GILPIN ST,1,1,0,0,1,3,0,0,35,0,0,0,0,0,4,2,11
,2024-027632,39.66762107,-104.9624307,6/26/2024 17:06,17:06,12,0,0, GAYLORD ST & E YALE AVE,1,1,0,0,1,1,0,0,35,0,0,0,0,0,4,2,11
,2024-027633,39.76522123,-104.901455,6/21/2024 15:14,15:14,3,0,0,E 35TH AVE & N QUEBEC ST,1,1,0,0,1,2,0,0,,0,0,0,0,0,4,2,11
,2024-027634,39.74745634,-104.8950169,6/26/2024 11:50,11:50,3,0,2, TAMARAC ST & E MONTVIEW BLVD,1,1,0,0,1,1,0,0,30,0,0,0,0,2,4,2,13
,2024-027635,39.63549728,-104.9049328,6/25/2024 16:36,16:36,12,0,0,I-225 SB OFF RAMP & I-25,1,1,0,0,1,8,0,0,65,0,0,0,0,0,1,2,11
,2024-027636,39.74489218,-104.9597901,6/21/2024 16:06,16:06,12,0,0, YORK ST & E 18TH AVE,1,1,0,0,1,4,0,0,,0,0,0,0,0,4,2,16
,2024-027637,39.77281582,-104.7922156,6/26/2024 13:36,13:36,3,0,1,E 40TH AVE & PENA BLVD SB ON RAMP,1,1,0,0,1,1,0,0,40,0,0,0,0,2,4,2,11
,2024-027638,39.7251527,-105.0252128,6/20/2024 6:24,6:24,10,0,0,W 6TH AVE EB OFF RAMP & N FEDERAL BLVD,1,1,0,0,1,1,0,0,35,0,0,0,0,0,2,2,13
,2024-027639,39.69674221,-104.9874322,6/10/2024 22:15,22:15,12,0,2, BROADWAY ST & E MISSISSIPPI AVE,11,3,0,1,1,3,0,0,35,0,0,0,0,1,4,2,13
,2024-027641,39.79712988,-104.8844612,6/23/2024 3:23,3:23,5,0,0, CENTRAL PARK BLVD & E 55TH AVE,1,3,0,0,3,4,0,0,35,0,0,0,0,0,4,1,16
,2024-027646,39.73211379,-105.0028285,6/25/2024 22:04,22:04,15,0,0, MARIPOSA ST & W 10TH AVE,1,3,0,0,1,3,0,0,25,0,0,0,0,0,4,2,11
,2024-027647,39.71930695,-104.9825766,6/26/2024 7:35,7:35,12,0,2, LOGAN ST & E 2ND AVE,1,1,0,0,1,3,0,0,30,0,0,0,0,1,4,2,14
,2024-027648,39.78747714,-104.9894659,6/25/2024 16:51,16:51,15,0,0,I-25 & SB OFF RAMP EXT TO I-70,1,1,0,0,1,8,0,0,55,0,0,0,0,0,1,2,1
,2024-027649,39.75720918,-105.0102578,6/25/2024 14:23,14:23,12,0,0,I-25 & 15TH ST,1,1,0,0,1,4,0,0,55,0,0,0,0,0,1,2,13
,2024-027663,39.78052087,-104.9891591,6/24/2024 9:13,9:13,9,0,1,I-25 & I-70,1,1,1,0,2,4,0,0,55,0,0,0,0,1,1,1,14
,2024-027665,39.71814953,-104.9589304,6/26/2024 7:53,7:53,12,0,1,E 1ST AVE & N UNIVERSITY BLVD,1,1,0,0,1,3,0,0,30,0,0,0,0,1,4,2,14
,2024-027669,39.78078606,-104.9885907,6/26/2024 6:20,6:20,15,0,2,I-70 WB OFF RAMP TO -25 & I-25 SB RAMP SPLIT,1,1,1,0,1,8,0,0,55,0,0,0,0,1,1,2,8
,2024-027670,39.67841482,-104.9508284,6/26/2024 7:29,7:29,3,0,2,E EVANS AVE & S ST PAUL ST,1,1,0,0,1,1,0,0,30,0,0,0,0,2,4,2,16
,2024-027671,39.7402166,-104.9058659,6/26/2024 10:44,10:44,3,0,1,E COLFAX AVE & N PONTIAC ST,1,1,0,0,1,1,0,0,30,0,0,0,0,2,2,2,13
,2024-027672,39.76185221,-104.925767,6/25/2024 10:45,10:45,3,0,0, GLENCOE ST & E MLK JR BLVD,1,1,0,0,1,1,0,0,25,0,0,0,0,0,4,2,3
,2024-027673,39.68939216,-104.9920577,6/25/2024 9:00,9:00,15,0,0, SANTA FE DR & W FLORIDA AVE,1,1,0,0,1,1,0,0,45,0,0,0,0,0,2,2,3
,2024-027675,39.71116524,-104.998707,6/25/2024 14:01,14:01,15,0,0,I-25 NB ON RAMP & W ALAMEDA AVE,1,1,1,0,1,8,0,0,55,0,0,0,0,0,1,2,11
,2024-027676,39.77393076,-104.8186498,6/25/2024 20:44,20:44,3,0,0, FREEPORT WY & E ANDREWS DR,1,2,0,0,1,1,0,0,25,0,0,0,0,0,4,2,16
,2024-027677,39.76141866,-104.9034354,6/26/2024 18:30,18:30,10,0,0,E MLK JR BLVD & N QUEBEC ST,1,1,0,0,1,1,0,0,,0,0,0,0,0,4,2,16
,2024-027678,39.72434971,-104.9836279,6/26/2024 9:46,9:46,15,0,0, GRANT ST & E SPEER BLVD,1,1,0,0,1,4,0,1,30,0,0,0,0,0,4,2,14
,2024-027679,39.79826246,-104.8202175,6/26/2024 15:14,15:14,1,0,0,E 56TH AVE & N CROWN BLVD,1,1,0,0,6,3,0,0,40,0,0,0,0,0,4,2,16
,2024-027680,39.74010291,-104.9587923,6/26/2024 14:14,14:14,10,0,0,JOSEPHINE ST & E COLFAX AVE,1,1,0,0,1,1,0,0,30,0,0,0,0,0,2,2,13
,2024-027682,39.75714147,-104.9907645,6/26/2024 10:28,10:28,3,0,1,PARK AVE W & BLAKE ST,1,1,0,0,1,1,0,0,30,0,0,0,0,1,4,2,3
,2024-027683,39.74874969,-105.0176581,6/26/2024 14:25,14:25,9,0,1,I-25 & 23RD AVE,1,1,1,0,1,4,0,0,55,0,0,0,1,2,1,1,16
,2024-027694,39.7775557,-104.958238,6/26/2024 13:10,13:10,15,0,0, JOSEPHINE ST & E 44TH AVE,1,1,0,0,1,4,0,0,30,0,0,0,0,0,4,2,11
,2024-027695,39.7193622,-105.0250424,6/26/2024 16:55,16:55,5,0,1,FEDERAL BLVD & W PARK PL,11,1,0,1,3,4,0,0,40,0,0,0,0,2,2,1,16
,2024-027697,39.7466629,-105.0315115,6/20/2024 10:17,10:17,6,0,0, JULIAN ST & W 19TH AVE,1,1,0,0,1,4,0,0,25,0,0,0,0,0,4,2,16
,2024-027699,39.67501599,-105.0156893,6/11/2024 19:55,19:55,3,0,1, ZUNI ST & W ILIFF AVE,1,1,0,0,1,1,0,0,30,0,0,0,1,3,4,2,16
,2024-027700,39.72921334,-104.9928633,6/24/2024 13:58,13:58,6,0,0, DELAWARE ST & W 8TH AVE,1,1,0,0,1,4,0,0,25,0,0,0,0,0,4,2,16
,2024-027709,39.749454,-105.0058133,6/25/2024 23:30,23:30,11,0,1,12TH ST & CHOPPER CIR,1,3,3,0,1,4,0,0,20,0,1,0,0,1,4,1,3
,2024-027715,39.71702456,-104.8955714,6/26/2024 14:31,14:31,15,0,0,E FAIRMOUNT DR & E LOWRY BLVD,1,1,0,7,1,6,0,0,30,0,0,0,0,0,4,2,14
,2024-027716,39.63333845,-104.8933345,6/26/2024 13:40,13:40,15,0,0,8055 E TUFTS AVE & S DTC BLVD,1,1,0,0,1,4,0,0,35,0,0,0,0,0,4,2,16
,2024-027743,39.78318142,-105.0073511,6/27/2024 15:35,15:35,12,0,1,I-70 & N PECOS ST,1,1,0,0,1,4,0,0,55,0,0,0,0,1,1,2,13
,2024-027746,39.76738838,-104.9025859,6/27/2024 16:31,16:31,8,0,1,E 36TH AVE & N QUEBEC ST,1,1,0,0,1,2,0,0,,0,0,0,0,1,4,2,14
,2024-027747,39.77800328,-104.9110972,6/27/2024 17:24,17:24,12,0,0,E 44TH AVE & MONACO ST,1,1,0,0,1,4,0,0,30,0,0,0,0,0,4,2,13
,2024-027748,39.74609885,-104.995837,6/27/2024 12:50,12:50,6,0,0,15TH ST & CURTIS ST,1,1,0,0,1,4,0,0,30,0,0,0,0,0,4,2,13
,2024-027750,39.73285896,-104.9406209,6/27/2024 16:43,16:43,1,0,0, COLORADO BLVD & E 11TH AVE,1,1,0,0,1,1,0,0,30,0,0,0,0,0,2,2,13
,2024-027753,39.74008502,-104.8929731,6/20/2024 12:21,12:21,15,0,0,E COLFAX AVE & N UINTA ST,1,1,0,0,1,4,0,0,35,0,0,0,0,0,2,2,16
,2024-027754,39.67842167,-104.9332997,6/26/2024 17:00,17:00,15,0,0,E EVANS AVE & I-25 NB RAMPS,1,1,0,0,1,1,0,0,30,0,0,0,0,0,4,2,3
,2024-027756,39.67850956,-104.9722613,6/26/2024 17:45,17:45,12,0,0,E EVANS AVE & S MARION ST,1,1,0,0,1,1,0,0,30,0,0,0,0,0,4,3,3
,2024-027758,39.67973881,-105.0403885,6/27/2024 16:21,16:21,6,0,0,W EVANS AVE & S PERRY WY,1,1,0,0,1,4,0,0,30,0,0,0,0,0,4,2,13
,2024-027759,39.74743236,-104.9124435,6/26/2024 17:49,17:49,1,0,0,E MONTVIEW BLVD & N MONACO ST PKWY,1,1,0,0,1,1,0,0,30,0,0,0,0,0,4,2,11
,2024-027761,39.73385623,-104.9871896,6/22/2024 9:07,9:07,15,0,0,E 11TH AVE & N BROADWAY ST,1,1,0,0,1,4,0,0,25,0,0,0,0,0,4,2,11
,2024-027762,39.78095162,-104.8828234,6/26/2024 20:19,20:19,3,0,0, CENTRAL PARK BLVD & E 46TH PL,1,1,0,0,1,1,0,0,40,0,0,0,0,0,4,2,14
,2024-027764,39.80011645,-104.7863524,6/24/2024 8:45,8:45,12,0,0,E 56TH AVE,1,1,3,0,1,4,0,0,65,0,0,0,0,0,4,2,13
,2024-027765,39.77395637,-104.9584399,6/27/2024 4:24,4:24,5,0,0, JOSEPHINE ST & E 41ST AVE,1,3,0,0,2,1,0,0,,0,0,0,0,0,4,1,16
,2024-027766,39.73469196,-104.9406188,6/27/2024 14:14,14:14,1,0,0, COLORADO BLVD & E 12TH AVE,1,1,0,0,1,1,0,0,35,0,0,0,0,0,2,3,11
,2024-027767,39.71844893,-105.0250238,6/22/2024 15:20,15:20,15,0,0, FEDERAL BLVD & W 1ST AVE,1,1,0,0,1,4,0,1,30,0,0,0,0,0,2,2,13
,2024-027768,39.69674314,-105.02036,6/25/2024 10:57,10:57,3,0,2, CLAY ST & W MISSISSIPPI AVE,1,1,0,0,1,1,0,0,25,0,0,0,0,2,4,2,11
,2024-027771,39.66061743,-104.9987119,6/26/2024 14:00,14:00,12,0,1, SANTA FE DR & W DARTMOUTH AVE,1,1,0,0,1,4,0,0,40,0,0,0,0,1,2,2,3
,2024-027772,39.74720178,-104.9320594,6/27/2024 14:27,14:27,6,0,0, DAHLIA ST & MONTVIEW BLVD,1,1,0,0,1,4,0,0,25,0,0,0,0,0,4,2,13
,2024-027773,39.74379279,-104.9010938,6/27/2024 17:06,17:06,3,0,0, ROSLYN ST & E 17TH AVE,1,1,0,0,1,1,0,0,25,0,0,0,0,0,4,2,13
,2024-027774,39.72413237,-104.9985771,6/26/2024 15:00,15:00,6,0,0, SANTA FE DR & W 5TH AVE,1,1,0,0,1,4,0,0,,0,0,0,0,0,4,2,16
,2024-027776,39.74962977,-104.8866669,6/26/2024 23:29,23:29,1,0,1, CENTRAL PARK BLVD & E 23RD AVE,1,3,0,0,1,1,0,0,35,0,0,0,0,1,4,2,3
,2024-027778,39.7790094,-104.9498008,6/27/2024 11:45,11:45,5,0,1, STEELE ST & E 45TH AVE,1,1,0,0,3,4,0,0,25,0,0,0,0,3,2,1,7
,2024-027779,39.78043382,-104.9895583,6/27/2024 7:44,7:44,12,0,0,I-25 & I-70,1,1,0,0,1,4,0,0,,0,0,0,0,0,2,2,16
,2024-027780,39.71149335,-104.9449745,6/27/2024 7:41,7:41,3,0,0, MONROE ST & E ALAMEDA AVE,1,1,0,0,1,1,0,0,30,0,0,0,0,0,4,3,11
,2024-027781,39.72563184,-104.9836192,6/27/2024 7:11,7:11,3,0,2, GRANT ST & E 6TH AVE,1,1,0,0,1,1,0,0,30,0,0,0,0,2,4,2,16
,2024-027782,39.69483488,-104.9734116,6/27/2024 10:13,10:13,12,0,0, DOWNING ST & E ARIZONA AVE,1,1,0,0,1,4,0,0,30,0,0,0,0,0,4,2,3
,2024-027783,39.72443771,-104.9849383,6/27/2024 12:45,12:45,10,0,0,E SPEER BLVD & N SHERMAN ST,1,1,0,0,1,1,0,0,35,0,0,0,0,0,4,2,3
,2024-027784,39.774966,-103.949838,6/27/2024 8:00,8:00,6,0,0, STEELE ST & E 42ND AVE,1,1,2,0,1,4,0,0,25,0,0,0,0,0,4,2,7
,2024-027786,39.78554308,-104.7902998,6/27/2024 7:22,7:22,12,0,0,GREEN VALLEY RANCH BLVD,1,1,0,0,1,4,0,0,65,0,0,0,0,0,2,2,11
,2024-027788,39.74949567,-104.984917,6/27/2024 11:05,11:05,10,0,0,WELTON ST & 21ST ST,1,1,0,0,1,2,0,0,35,0,0,0,0,0,4,2,1
,2024-027790,39.73527619,-105.0019078,6/27/2024 13:43,13:43,3,0,0,W 12TH AVE & N LIPAN ST,1,1,0,0,1,9,0,0,15,0,0,0,0,0,4,2,16
,2024-027791,39.72564231,-104.9877501,6/27/2024 15:10,15:10,15,0,0,W 6TH AVE & N BROADWAY ST,1,1,0,0,1,4,0,0,30,0,0,0,0,0,4,2,13
,2024-027793,39.77505059,-104.8098981,6/27/2024 7:50,7:50,1,0,0,E ANDREWS DR & N CHAMBERS RD,1,1,0,0,1,1,0,0,35,0,0,0,0,0,4,2,16
,2024-027796,39.73688547,-104.9787209,6/27/2024 6:33,6:33,3,0,1, WASHINGTON ST & E 13TH AVE,1,1,0,0,1,1,0,0,25,0,0,0,0,1,4,2,13
,2024-027797,39.73677391,-104.9461773,6/22/2024 10:21,10:21,3,0,0, MADISON ST & E 13TH AVE,1,1,0,0,1,1,0,0,20,0,0,0,0,0,4,2,11
,2024-027799,39.73468598,-104.9383988,6/22/2024 9:18,9:18,3,0,0, ASH ST & E 12TH AVE,1,1,0,0,1,1,0,0,20,0,0,0,0,0,4,2,11
,2024-027801,39.69670844,-104.992903,6/26/2024 21:13,21:13,3,0,0, PLATTE RIVER DR & W MISSISSIPPI AVE,1,3,0,0,1,1,0,0,45,0,0,0,0,0,2,2,11
,2024-027804,39.76140255,-104.9033854,6/27/2024 6:46,6:46,10,0,0,MLK JR BLVD & N QUEBEC ST,1,1,0,0,1,1,0,0,35,0,0,0,0,0,4,2,13
,2024-027807,39.69316224,-104.9924862,6/26/2024 17:15,17:15,15,0,0, SANTA FE DR & E LOUISIANA AVE,1,1,0,7,1,4,0,0,35,0,0,0,0,0,2,2,16
,2024-027808,39.68954416,-105.0520937,6/27/2024 16:51,16:51,1,0,2,W FLORIDA AVE & S ZENOBIA ST,1,1,0,0,1,1,0,0,40,0,0,0,0,1,4,2,13
,2024-027809,39.76697676,-104.9733489,6/26/2024 17:18,17:18,11,0,0, DOWNING & E 36TH AVE,1,1,0,0,1,1,0,0,0,0,0,1,0,0,4,1,16
,2024-027810,39.71664606,-105.0249873,6/26/2024 17:25,17:25,1,0,0, FEDERAL BLVD & W ELLSWORTH AVE,1,1,0,0,1,1,0,0,35,0,0,0,0,0,2,2,13
,2024-027811,39.78714959,-104.9033743,6/27/2024 3:33,3:33,9,0,1,I-270 & MM 4.225,1,3,0,0,2,4,0,0,55,0,0,0,1,3,1,1,16
,2024-027831,39.75876855,-105.0268421,6/28/2024 9:33,9:33,6,0,0, GROVE ST & W 29TH AVE,1,1,0,0,1,4,0,0,20,0,0,0,0,0,4,2,13
,2024-027835,39.72094104,-104.9928221,6/28/2024 12:20,12:20,3,0,0, DELAWARE ST & W 3RD AVE,1,1,0,0,1,1,0,0,25,0,0,0,0,0,4,2,13
,2024-027836,39.7309035,-105.0156115,6/27/2024 21:17,21:17,12,0,0,I-25 & W 8TH AVE,1,3,0,0,1,4,0,0,55,0,0,0,0,0,1,2,16
,2024-027837,39.63034665,-105.0865691,6/28/2024 6:02,6:02,5,0,1, WADSWORTH WY & W LAYTON AVE,1,1,0,0,2,4,0,0,45,0,0,0,0,2,2,1,2
,2024-027838,39.71818322,-104.9630455,6/27/2024 16:15,16:15,15,0,0,E 1ST AVE & N GAYLORD ST,1,1,0,0,1,4,0,0,30,0,0,0,0,0,4,2,13
,2024-027840,39.71128376,-104.9034949,6/28/2024 9:26,9:26,1,0,0,E ALAMEDA AVE & S QUEBEC ST,1,1,0,0,1,1,0,0,35,0,0,0,0,0,4,2,11
,2024-027841,39.70607207,-104.9407894,6/28/2024 7:43,7:43,3,0,2, COLORADO BLVD & E CHERRY CREEK S DR,1,1,0,0,1,1,0,0,35,0,0,0,0,1,2,3,3
,2024-027843,39.76184221,-104.9350164,6/27/2024 21:00,21:00,6,0,0,3095  CLERMONT ST & MLK JR BLVD,1,3,3,0,1,4,0,0,,0,0,0,0,0,4,2,16
,2024-027846,39.77027771,-105.0252337,6/28/2024 10:00,10:00,12,0,1, FEDERAL BLVD & W DENVER PL,1,1,0,0,1,3,0,0,35,0,0,0,0,1,2,4,13
,2024-027847,39.78308513,-104.9022497,6/27/2024 20:51,20:51,3,0,1,E 47TH AVE & N SAND CREEK RD,1,3,0,0,1,1,0,0,35,0,0,0,0,2,4,2,11
,2024-027852,39.71119521,-104.997141,6/28/2024 18:39,18:39,12,0,0,W ALAMEDA AVE & S SANTA FE DR,1,1,0,0,1,1,0,0,40,0,0,0,0,0,4,2,13
,2024-027861,39.74001092,-104.9718786,6/28/2024 16:30,16:30,11,0,0,E COLFAX AVE & N MARION ST,1,1,0,0,1,4,0,0,0,0,1,0,0,0,2,1,16
,2024-027862,39.69253314,-104.9780996,6/27/2024 20:44,20:44,5,0,1,E BUCHTEL BLVD & S CLARKSON ST,1,3,0,7,3,1,0,0,35,0,0,0,0,2,2,1,16
,2024-027863,39.72932072,-105.0139883,6/27/2024 17:27,17:27,10,0,1,W 8TH AVE & N WYANDOT ST,1,1,0,0,1,1,0,0,35,0,0,0,0,2,1,4,1
,2024-027866,39.63117872,-104.8924131,6/28/2024 18:54,18:54,1,0,0, DTC BLVD & E UNION AVE,1,1,0,0,1,1,0,0,35,0,0,0,0,0,4,2,13
,2024-027867,39.70779707,-104.9249789,6/28/2024 10:20,10:20,12,0,2,LEETSDALE DR & S HUDSON ST,1,1,0,0,1,4,0,0,30,0,0,0,0,1,2,3,3
,2024-027868,39.75226921,-104.9795732,6/28/2024 17:26,17:26,15,0,0,25TH ST & GLENARM PL,1,1,0,0,1,4,0,0,25,0,0,0,0,0,4,2,14
,2024-027869,39.68322646,-104.9410187,6/28/2024 17:26,17:26,12,0,2,I-25 & S COLORADO BLVD,1,1,0,0,1,4,0,0,65,0,0,0,0,1,1,2,16
,2024-027873,39.75021844,-104.9406008,6/27/2024 11:16,11:16,12,0,0, COLORADO BLVD & E 23RD AVE,1,1,0,0,1,4,0,0,35,0,0,0,0,0,2,2,16
,2024-027886,39.7403415,-105.0356341,6/28/2024 13:00,13:00,15,0,0,W COLFAX AVE & N MEADE ST,1,1,0,0,1,4,0,0,35,0,0,0,0,0,2,2,16
,2024-027887,39.74195573,-104.9861164,6/24/2024 2:21,2:21,6,0,0, LINCOLN ST & E 16TH AVE,1,3,0,0,1,4,0,0,30,0,0,0,0,0,4,2,13
,2024-027888,39.78365141,-104.7649313,6/27/2024 23:36,23:36,15,0,0,E GREEN VALLEY RANCH BLVD & N ARGONNE ST,1,3,0,0,1,4,0,0,35,0,0,0,0,0,4,3,11
,2024-027890,39.68897181,-104.9724543,6/28/2024 14:11,14:11,12,0,2,I-25 SB ON RAMP & S DOWNING ST,1,1,1,0,1,8,0,0,35,0,0,0,0,1,1,2,13
,2024-027896,39.77526195,-104.8594166,6/27/2024 5:42,5:42,15,0,0,I-70 & WB OFF RAMP EXT TO N HAVANA ST,1,1,0,0,1,4,0,0,55,0,0,0,0,0,1,2,16
,2024-027899,39.69673561,-105.0237177,6/27/2024 16:25,16:25,3,0,0, ELIOT ST & W MISSISSIPPI AVE,1,1,0,0,1,1,0,0,25,0,0,0,0,0,4,2,7
,2024-027902,39.77691391,-104.8881126,6/28/2024 7:00,7:00,15,0,0,I-270 & N CENTRAL PARK BLVD,1,1,0,0,1,4,0,0,55,0,0,0,0,0,2,2,13
,2024-027903,39.73843764,-104.9823169,6/28/2024 8:36,8:36,3,0,2, LOGAN ST & E 14TH AVE,1,1,0,0,1,1,0,0,25,0,0,0,0,2,4,2,8
,2024-027904,39.7403111,-105.0532103,6/28/2024 16:27,16:27,12,0,0, SHERIDAN BLVD & W COLFAX AVE,1,1,0,0,1,3,0,0,35,0,0,0,0,0,2,2,1
,2024-027908,39.70933045,-105.0203539,6/28/2024 15:37,15:37,3,0,0,W DAKOTA AVE & S CLAY ST,1,1,0,0,1,1,0,0,25,0,0,0,0,0,4,2,11
,2024-027909,39.73673691,-105.002819,6/28/2024 1:45,1:45,6,0,0, MARIPOSA ST & W 13TH AVE,1,3,0,0,3,4,0,0,20,0,0,0,0,0,4,2,16
,2024-027912,39.77547716,-105.0017597,6/27/2024 14:08,14:08,12,0,0, LIPAN ST & W 43RD AVE,1,1,0,0,1,1,0,0,15,0,0,0,0,0,4,2,14
,2024-027913,39.72926218,-104.9908429,6/28/2024 9:02,9:02,15,0,0, SPEER BLVD & W 8TH AVE,1,1,0,0,1,4,0,0,35,0,0,0,0,0,4,2,13
,2024-027914,39.77317851,-104.8079312,6/28/2024 17:33,17:33,3,0,0,E 40TH AVE & E ANDREWS DR,1,1,0,0,1,1,0,0,40,0,0,0,0,0,4,2,4
,2024-027928,39.76928976,-105.0041382,6/29/2024 16:19,16:19,3,0,0,W 38TH AVE & N NAVAJO ST,1,1,0,0,1,1,0,0,35,0,0,0,0,0,4,2,13
,2024-027929,39.6676333,-104.9128375,6/27/2024 22:03,22:03,15,0,0,E YALE AVE & S MONACO ST PKWY,1,3,0,0,1,3,0,0,35,0,0,0,0,0,4,2,11
,2024-027932,39.7656782,-104.9406453,6/29/2024 12:03,12:03,1,0,0, COLORADO BLVD & E 35TH AVE,1,1,0,0,1,1,0,0,35,0,0,0,0,0,2,2,1
,2024-027933,39.72563419,-104.9805662,6/29/2024 1:30,1:30,6,0,0,E 6TH AVE & N PENNSYLVANIA ST,1,3,0,0,1,4,0,0,,0,0,0,0,0,4,2,16
,2024-027934,39.75567342,-105.0123603,6/28/2024 23:44,23:44,15,0,1,I-25 & N SPEER BLVD,1,3,0,0,1,4,0,0,55,0,0,0,1,2,1,2,11
,2024-027937,39.83189521,-104.6912731,6/28/2024 7:11,7:11,3,0,0,25365 E 75TH AVE & JACKSON GAP ST,1,1,0,0,1,2,0,0,45,0,0,0,0,0,4,2,13
,2024-027941,39.7265843,-104.9861729,6/29/2024 19:16,19:16,10,0,0, LINCOLN ST & E SPEER BLVD,1,1,0,0,1,1,0,0,30,0,0,0,0,0,4,2,11
,2024-027944,39.73854484,-104.9718559,6/29/2024 20:18,20:18,6,0,0, MARION ST & E 14TH AVE,1,3,0,0,1,4,0,0,25,0,0,0,0,0,4,2,14
,2024-027954,39.74857169,-105.0034373,6/27/2024 22:58,22:58,11,0,1, SPEER BLVD & AURARIA PKWY,1,3,0,0,1,3,0,0,0,0,1,0,0,3,4,1,16
,2024-027957,39.73690733,-105.0123463,6/28/2024 0:34,0:34,11,0,1,W 13TH AVE & N UMATILLA ST,1,3,0,0,1,1,0,0,30,0,0,1,0,2,4,1,14
,2024-027965,39.78049801,-104.9591122,6/29/2024 10:46,10:46,12,0,1,I-70 & N YORK ST,1,1,0,0,1,4,0,0,55,0,0,0,0,2,1,2,13
,2024-027970,39.78092931,-104.8369039,6/29/2024 14:30,14:30,3,0,1, TOPEKA CT & N CROWN BLVD,1,1,0,0,1,1,0,0,25,0,0,0,1,2,4,2,7
,2024-027979,39.78061429,-104.9871306,6/28/2024 22:11,22:11,5,0,0,E 46TH AVE & N LEAF CT,1,3,1,0,3,4,0,0,35,0,0,0,0,0,4,1,16
,2024-027981,39.7673813,-104.9025339,6/29/2024 17:26,17:26,11,0,1, QUEBEC ST & E 36TH AVE,1,1,0,0,1,1,0,0,0,0,1,0,0,2,4,1,16
,2024-027985,39.67851414,-104.9734307,6/27/2024 13:38,13:38,2,0,1,E EVANS AVE & S DOWNING ST,1,1,0,0,1,1,0,0,30,1,0,0,0,2,4,1,14
,2024-027990,39.73705925,-104.903458,6/28/2024 9:21,9:21,12,0,0, QUEBEC ST & E 13TH AVE,1,1,0,0,1,4,0,0,30,0,0,0,0,0,4,3,13
,2024-027991,39.74638657,-105.0189822,6/28/2024 1:38,1:38,3,0,0,W 19TH AVE & MILE HIGH STADIUM CIR,1,3,0,0,1,1,0,0,35,0,0,0,0,0,4,2,11
,2024-027993,39.63717324,-104.9088323,6/27/2024 10:58,10:58,15,0,1,I-25 & E QUINCY AVE,1,1,0,0,1,4,0,0,65,0,0,0,0,1,2,2,14
,2024-027995,39.78209678,-105.0251326,6/28/2024 21:49,21:49,12,0,0, FEDERAL BLVD & W 47TH AVE,1,3,0,0,1,1,0,0,35,0,0,0,0,0,2,2,3
,2024-027996,39.74954498,-105.0002756,6/28/2024 23:59,23:59,5,0,1,15TH ST & WAZEE ST,1,3,0,0,3,1,0,0,25,0,0,0,0,2,4,1,11
,2024-027998,39.71760401,-105.0044484,6/28/2024 23:40,23:40,12,0,1,I-25 & W ALAMEDA AVE,1,3,0,7,1,4,0,0,55,0,0,0,0,1,1,4,16
,2024-028002,39.75289353,-104.9925242,6/29/2024 17:39,17:39,5,0,0,20TH ST & LARIMER ST,1,1,0,0,3,3,0,0,25,0,0,0,0,0,4,2,14
,2024-028079,39.73129169,-105.0521004,6/28/2024 16:58,16:58,5,0,0,W 9TH AVE & N ZENOBIA ST,1,1,0,0,3,3,0,0,15,0,0,0,0,0,4,1,16
,2024-028119,39.77995101,-104.9322415,6/27/2024 22:41,22:41,15,0,0,I-70 & MM 277,1,3,0,0,1,4,0,0,55,0,0,0,0,0,1,2,16
,2024-028122,39.74394983,-105.0254754,6/28/2024 11:25,11:25,11,0,1,W 17TH AVE & N FEDERAL BLVD,1,3,0,0,1,4,0,0,0,0,0,1,0,2,4,1,16
,2024-028148,39.78020209,-104.9506096,6/5/2024 16:08,16:08,12,0,2,I-70 & N VASQUEZ BLVD,1,1,0,0,1,4,0,0,55,0,0,0,0,1,1,2,13