id,drcog_id,latitude,longitude,crashtime,time,crashtype,numbkilled,numbinjurd,drcoglocat,rdconditin,lightngcon,roadcntgrd,weatherco,location,roaddescrp,schoolzone,constrzone,splimit,bikeinv,pedinv,sctrinv,motoinv,svrty,rdsystem,ttlvehcls,hcf
,2024-028149,39.6847058,-104.9594472,6/10/2024 11:30,11:30,5,0,0,I-25 & S UNIVERSITY BLVD,1,1,0,0,1,4,0,0,,0,0,0,0,0,1,2,16
,2024-028150,39.76449146,-104.9598564,6/9/2024 21:30,21:30,6,0,0,2239 E BRUCE RANDOLPH AVE & N YORK ST,1,3,0,0,5,7,0,0,,0,0,0,0,0,3,2,16
,2024-028151,39.73049609,-104.9874032,6/12/2024 16:00,16:00,12,0,0, BROADWAY ST & E 9TH AVE,1,1,0,0,1,3,0,0,35,0,0,0,0,0,4,2,16
,2024-028152,39.67671755,-104.9593917,6/10/2024 10:30,10:30,12,0,0, UNIVERSITY BLVD & E WARREN AVE,1,1,0,0,1,3,0,0,35,0,0,0,0,0,4,2,8
,2024-028153,39.78281291,-104.8213313,6/9/2024 6:51,6:51,6,0,0,E BOLLING DR & N DULUTH CT,1,1,0,0,1,4,0,0,25,0,0,0,0,0,4,3,16
,2024-028154,39.75782692,-104.9916423,4/14/2024 1:18,1:18,12,0,0,PARK AVE & WAZEE ST,1,3,0,0,1,4,0,0,30,0,0,0,0,0,4,2,16
,2024-028165,39.75106903,-104.982887,7/1/2024 7:11,7:11,3,0,1,PARK AVE W & WELTON ST,6,1,0,0,1,1,0,0,30,0,0,0,0,1,4,2,16
,2024-028177,39.65302262,-104.913625,6/29/2024 22:54,22:54,15,0,0,E HAMPDEN AVE & S MONACO ST PKWY,1,3,1,0,1,3,0,0,40,0,0,0,0,0,2,2,8
,2024-028180,39.7511582,-104.9058134,6/24/2024 15:38,15:38,6,0,0,2316  PONTIAC ST & E 23RD AVE,1,1,0,0,1,4,0,0,,0,0,0,0,0,4,2,16
,2024-028181,39.70043432,-105.0510907,6/30/2024 18:27,18:27,3,0,0, YATES ST & W KENTUCKY AVE,1,1,0,0,1,1,0,0,,0,0,0,0,0,4,2,16
,2024-028182,39.77851926,-104.9035342,7/1/2024 1:13,1:13,5,0,0,I-70 & N NORTHFIELD QUEBEC ST,1,3,0,0,2,4,0,0,55,0,0,0,0,0,1,1,13
,2024-028184,39.71325394,-104.9994136,6/30/2024 9:15,9:15,3,0,0,W CEDAR AVE & S KALAMATH ST,1,1,0,0,1,1,0,0,25,0,0,0,0,0,4,2,13
,2024-028185,39.73848486,-105.0532131,6/29/2024 23:00,23:00,3,0,0,W 14TH AVE & N SHERIDAN BLVD,1,3,0,0,1,1,0,0,25,0,0,0,0,0,2,2,14
,2024-028186,39.78004971,-104.882741,6/30/2024 10:02,10:02,1,0,0, CENTRAL PARK BLVD & E 46TH AVE,1,1,0,0,1,1,0,0,45,0,0,0,0,0,4,2,13
,2024-028188,39.74814616,-105.0042559,6/30/2024 3:13,3:13,5,0,1,AURARIA PKWY & 12TH ST,1,3,0,0,2,1,0,0,30,0,0,0,0,2,4,1,16
,2024-028190,39.66274176,-104.9129733,6/30/2024 14:37,14:37,3,0,2, MONACO ST PKWY & E CORNELL AVE,1,1,0,0,1,1,0,0,35,0,0,0,0,2,4,2,16
,2024-028191,39.7671801,-104.9932707,6/30/2024 1:26,1:26,5,0,0,I-25 NB ON RAMP & PARK AVE W,1,3,0,7,3,4,0,0,45,0,0,0,0,0,1,1,16
,2024-028192,39.77713195,-104.8828568,6/26/2024 6:09,6:09,12,0,0,I-70 & N CENTRAL PARK BLVD,1,1,0,0,1,4,0,0,55,0,0,0,0,0,1,2,2
,2024-028193,39.7320459,-104.9874031,5/28/2024 14:00,14:00,15,0,0, BROADWAY ST & W 10TH AVE,1,1,0,0,1,3,0,0,30,0,0,0,0,0,4,2,14
,2024-028194,39.68897419,-104.9734223,6/30/2024 2:29,2:29,10,0,0, DOWNING ST & E BUCHTEL BLVD,1,3,0,0,1,1,0,0,,0,0,0,0,0,4,2,16
,2024-028195,39.78015418,-105.006447,6/29/2024 22:42,22:42,5,0,0, PECOS ST & W 46TH AVE,1,3,0,0,2,1,0,0,35,0,0,0,0,0,4,1,7
,2024-028196,39.77650294,-104.9594166,6/28/2024 22:00,22:00,6,0,0, YORK ST & E 43RD AVE,1,4,0,0,1,4,0,0,30,0,0,0,0,0,4,2,16
,2024-028197,39.73647869,-105.0192173,6/28/2024 19:14,19:14,3,0,0,W 13TH AVE & N BRYANT ST,1,1,0,0,1,1,0,0,30,0,0,0,0,0,4,2,11
,2024-028199,39.75439659,-104.9785537,6/30/2024 20:15,20:15,15,0,0,WELTON ST & 27TH ST,1,3,0,0,1,4,0,0,25,0,0,0,0,0,4,2,16
,2024-028200,39.73930784,-105.0322714,6/29/2024 0:01,0:01,15,0,1, KNOX CT & W 14TH AVE,1,3,0,0,1,4,0,0,20,0,0,0,0,3,4,4,14
,2024-028205,39.74014232,-104.9450754,6/30/2024 10:00,10:00,6,0,0, MONROE ST & E COLFAX AVE,1,1,0,0,1,4,0,0,25,0,0,0,0,0,2,2,10
,2024-028206,39.68757369,-104.9919398,6/30/2024 12:55,12:55,1,0,0, SANTA FE DR & W IOWA AVE,14,5,3,7,1,1,0,0,55,0,0,0,0,0,2,2,13
,2024-028207,39.74618828,-105.0180633,7/1/2024 13:57,13:57,12,0,0,I-25 & W 20TH ST,1,1,0,0,1,4,0,0,55,0,0,0,0,0,1,2,13
,2024-028208,39.78208849,-104.9973162,7/1/2024 7:52,7:52,12,0,0,I-70 & N PECOS ST,1,1,0,0,1,4,0,0,55,0,0,0,0,0,1,2,7
,2024-028211,39.75530735,-104.9908105,6/29/2024 16:05,16:05,15,0,0,22ND ST & MARKET ST,1,1,0,0,1,4,0,0,30,0,0,0,0,0,4,2,13
,2024-028212,39.73833467,-104.9161566,6/30/2024 16:18,16:18,3,0,0, KRAMERIA ST & E 14TH AVE,1,1,0,0,1,1,0,0,30,0,0,0,0,0,4,2,16
,2024-028214,39.68736714,-105.0421758,7/1/2024 17:20,17:20,6,0,0, RALEIGH ST & W IOWA AVE,1,1,0,0,1,4,0,0,25,0,0,0,0,0,4,2,14
,2024-028215,39.79832483,-104.8844456,6/30/2024 9:18,9:18,1,0,2,E 56TH AVE & N CENTRAL PARK BLVD,1,3,0,0,1,1,0,0,35,0,0,0,0,2,4,2,11
,2024-028216,39.76443879,-105.0114998,6/30/2024 14:00,14:00,6,0,0,W 34TH AVE & N TEJON ST,1,1,0,0,1,4,0,0,20,0,0,0,0,0,4,3,16
,2024-028217,39.72922882,-104.9406251,7/1/2024 4:41,4:41,3,0,0,E 8TH AVE & N COLORADO BLVD,1,2,0,0,1,1,0,0,35,0,0,0,0,0,2,2,3
,2024-028219,39.73839067,-104.9598779,6/30/2024 10:52,10:52,12,0,1,E 14TH ST & YORK ST,1,1,0,0,1,4,0,0,30,0,0,0,0,2,4,2,1
,2024-028220,39.69037004,-104.9740657,6/30/2024 17:38,17:38,5,0,1,I-25 & S DOWNING ST,1,1,1,0,2,4,0,0,65,0,0,0,0,3,1,1,1
,2024-028221,39.74555568,-104.9952023,6/12/2024 16:47,16:47,11,0,1,1469 CHAMPA ST & 15TH ST,1,1,0,0,1,9,0,0,,0,1,0,0,2,4,1,16
,2024-028222,39.73994583,-105.0226854,6/28/2024 19:00,19:00,15,0,0,W COLFAX AVE & N ELLIOT ST,1,1,0,0,1,1,0,0,40,0,0,0,0,0,2,3,3
,2024-028223,39.70749937,-104.9129252,6/30/2024 22:15,22:15,12,0,0, MONACO ST PKWY & E VIRGINIA AVE,1,3,0,0,1,1,0,0,35,0,0,0,0,0,4,2,16
,2024-028224,39.75844239,-104.9971402,6/29/2024 14:16,14:16,3,0,0, HURON ST & W 29TH AVE,1,1,0,0,1,1,0,0,25,0,0,0,0,0,4,2,11
,2024-028225,39.7439514,-105.0252293,7/1/2024 16:49,16:49,1,0,2,W 17TH AVE & N FEDERAL BLVD,1,1,0,0,1,1,0,0,35,0,0,0,0,1,2,3,13
,2024-028226,39.68939336,-104.9800054,6/30/2024 11:40,11:40,6,0,0,E FLORIDA AVE & S PEARL ST,1,1,0,0,1,9,0,0,20,0,0,0,0,0,4,2,16
,2024-028229,39.63537424,-104.8941777,6/29/2024 13:13,13:13,5,0,1,I-225 & S TAMARAC ST,1,1,1,0,3,4,0,0,55,0,0,0,0,2,1,1,16
,2024-028231,39.70794064,-105.0238638,6/29/2024 0:03,0:03,6,0,1, ELIOT ST & W VIRGINIA AVE,1,3,0,0,1,4,0,0,25,0,0,0,0,1,4,2,16
,2024-028233,39.77782696,-104.8308467,7/1/2024 2:44,2:44,6,0,0, CRYSTAL ST & E ALBROOK DR,1,3,0,0,1,4,0,0,25,0,0,0,0,0,4,4,3
,2024-028238,39.78967117,-104.8218915,6/29/2024 19:14,19:14,3,0,1,E 52ND AVE & N CRYSTAL ST,1,1,0,0,1,1,0,0,25,0,0,0,0,3,4,3,11
,2024-028240,39.75879868,-105.014481,6/29/2024 22:27,22:27,6,0,0, WYANDOT ST & W 29TH AVE,1,3,1,0,1,4,0,0,25,0,0,0,0,0,4,2,13
,2024-028242,39.78645219,-104.8297396,6/28/2024 17:19,17:19,2,0,0,5000  CROWN BLVD & E 50TH AVE,1,1,0,0,1,3,1,0,25,1,0,0,0,0,4,1,14
,2024-028244,39.67838638,-104.9128804,7/1/2024 7:40,7:40,12,0,0, MONACO ST PKWY & E EVANS AVE,1,1,0,0,1,3,0,0,30,0,0,0,0,0,4,2,1
,2024-028245,39.69117086,-104.9827975,6/30/2024 15:40,15:40,3,0,0,E ARKANSAS AVE & S LOGAN ST,1,1,0,0,1,1,0,0,30,0,0,0,0,0,4,2,11
,2024-028248,39.75928585,-104.9936608,6/27/2024 7:30,7:30,1,0,0,WEWATTA ST & PARK AVE W,1,1,0,0,1,1,0,0,30,0,0,0,0,0,4,3,3
,2024-028252,39.75580943,-105.0139419,7/1/2024 10:13,10:13,3,0,1, SPEER BLVD & I-25 SB RAMPS,1,1,0,0,1,1,0,0,35,0,0,0,0,1,4,2,13
,2024-028255,39.7519805,-105.0147426,6/30/2024 13:22,13:22,2,0,0,WATER ST & 7TH ST,1,1,1,0,1,1,0,0,0,1,0,0,0,0,4,1,16
,2024-028266,39.76198771,-104.9843897,6/29/2024 13:06,13:06,15,0,0,BLAKE ST & 28TH ST,1,1,0,0,1,4,0,0,30,0,0,0,0,0,4,3,16
,2024-028268,39.79373238,-104.8403914,6/30/2024 2:30,2:30,6,0,1,E 55TH AVE & N TUCSON ST,1,4,0,0,1,4,0,0,20,0,0,0,0,1,4,4,16
,2024-028278,39.67792053,-104.9937012,6/30/2024 22:28,22:28,11,0,1, SANTA FE DR & W EVANS AVE,1,4,0,0,1,4,0,0,0,0,1,0,0,3,2,1,16
,2024-028284,39.77247101,-104.9405091,6/30/2024 2:35,2:35,11,0,1, COLORADO BLVD & E 40TH AVE,1,3,0,0,1,4,0,0,0,0,0,1,0,3,2,1,16
,2024-028286,39.74016493,-104.955043,6/29/2024 11:15,11:15,6,0,0,E COLFAX AVE & N CLAYTON ST,1,1,0,0,1,4,0,0,35,0,0,0,0,0,2,6,16
,2024-028370,39.72375947,-104.9841562,6/7/2024 21:40,21:40,15,0,0,E SPEER BLVD & N GRANT ST,1,3,0,0,1,4,0,0,35,0,0,0,0,0,4,2,16
,2024-028371,39.71112785,-105.0326979,5/18/2024 19:02,19:02,12,0,0,W ALAMEDA AVE & MORRISON RD,1,2,0,7,1,3,0,0,35,0,0,0,0,0,2,2,16
,2024-028372,39.76926929,-105.0486707,6/14/2024 14:00,14:00,16,0,0,4800 W 38TH AVE,1,1,0,0,5,7,0,0,,0,0,0,0,0,3,2,13
,2024-028380,39.72893958,-104.9928585,7/2/2024 17:17,17:17,3,0,0, DELAWARE ST & W 8TH AVE,1,1,0,0,1,1,0,0,30,0,0,0,0,0,4,2,11
,2024-028381,39.64020824,-105.053373,6/23/2024 4:56,4:56,5,0,0, SHERIDAN BLVD & W QUINCY AVE,1,1,0,0,6,4,0,0,40,0,0,0,0,0,4,1,16
,2024-028382,39.67303085,-104.9593852,7/2/2024 7:19,7:19,1,0,1, UNIVERSITY BLVD & E WESLEY AVE,1,1,0,0,1,1,0,0,30,0,0,0,0,1,4,2,11
,2024-028383,39.77986072,-104.9738884,6/25/2024 16:00,16:00,12,0,0,I-70 & WB OFF RAMP EXT TO N WASHINGTON ST,1,1,0,0,1,4,0,0,55,0,0,0,0,0,1,2,16
,2024-028384,39.77967493,-104.9721274,7/1/2024 10:50,10:50,12,0,0,I-70 & N BRIGHTON BLVD,1,1,0,0,1,4,0,0,55,0,0,0,0,0,1,2,16
,2024-028388,39.74718871,-104.9406043,7/2/2024 12:10,12:10,12,0,0, COLORADO BLVD & E MONTVIEW BLVD,1,1,1,0,1,3,0,0,35,0,0,0,0,0,2,2,16
,2024-028389,39.71120132,-104.9978703,7/2/2024 13:27,13:27,6,0,0,W ALAMEDA AVE & S KALAMATH ST,1,1,0,0,1,4,0,0,35,0,0,0,0,0,4,2,11
,2024-028390,39.77987408,-104.967458,7/2/2024 18:00,18:00,9,0,0,I-70 & N BRIGHTON BLVD,1,1,0,0,1,4,0,0,55,0,0,0,0,0,1,2,13
,2024-028392,39.72883352,-104.9836024,7/1/2024 13:50,13:50,11,0,1, GRANT ST & E 8TH AVE,1,1,1,0,1,3,0,0,0,0,1,0,0,1,4,1,16
,2024-028393,39.71500464,-105.0015109,6/22/2024 22:44,22:44,15,0,0,I-25 & W ALAMEDA AVE,1,3,0,0,1,4,0,0,55,0,0,0,0,0,1,2,3
,2024-028395,39.73280138,-104.9316291,7/1/2024 12:55,12:55,12,0,0,E HALE PKWY & N DAHLIA ST,1,1,0,0,1,3,0,0,25,0,0,0,0,0,4,2,11
,2024-028396,39.68393719,-104.9840271,7/1/2024 11:01,11:01,6,0,0,1829  GRANT ST & E COLORADO AVE,1,1,0,0,1,4,0,0,25,0,0,0,0,0,4,2,3
,2024-028398,39.7205576,-105.007659,7/2/2024 13:09,13:09,12,0,0,I-25 & NB OFF RAMP EXT TO W 6TH AVE,1,1,1,0,1,4,0,0,55,0,0,0,0,0,1,2,13
,2024-028399,39.6913868,-104.9128189,7/2/2024 7:40,7:40,12,0,0,E CHERRY CREEK  DR & S MONACO PKWY,1,1,0,0,1,3,0,0,30,0,0,0,0,0,4,2,11
,2024-028400,39.73830059,-104.9223252,7/2/2024 8:59,8:59,6,0,0,5538 E 14TH AVE & N HOLLY ST,1,1,0,0,1,4,0,0,30,0,0,0,0,0,4,2,3
,2024-028401,39.69907385,-104.9845478,7/1/2024 17:03,17:03,15,0,2,I-25 & S LOGAN ST,1,1,1,0,1,4,0,0,55,0,0,0,0,1,1,2,13
,2024-028402,39.74220995,-104.9874169,7/2/2024 11:55,11:55,3,0,0,CLEVELAND PL & N BROADWAY ST,1,1,0,0,1,1,0,0,30,0,0,0,0,0,4,2,13
,2024-028403,39.78312344,-105.0003047,6/28/2024 17:00,17:00,5,0,0,I-70 & WB OFF RAMP EXT TO N PECOS ST,1,3,0,0,3,8,0,1,,0,0,0,0,0,1,1,16
,2024-028406,39.70732782,-104.9991978,7/2/2024 9:54,9:54,10,0,1, JASON ST & W VIRGINIA AVE,1,1,0,0,1,4,0,0,30,0,0,0,1,2,4,2,11
,2024-028407,39.70401892,-105.0298069,7/2/2024 10:18,10:18,3,0,0, IRVING ST & W EXPOSITION AVE,1,1,0,0,1,1,0,0,25,0,0,0,0,0,4,2,11
,2024-028408,39.72254695,-105.0103652,7/2/2024 10:47,10:47,12,0,0,I-25 & W 6TH AVE,1,1,1,0,1,4,0,0,55,0,0,0,0,0,1,2,3
,2024-028410,39.66051245,-105.0251647,7/2/2024 6:05,6:05,12,0,0, FEDERAL BLVD & W DARTMOUTH AVE,1,1,0,0,1,3,0,0,40,0,0,0,0,0,2,2,16
,2024-028411,39.76852054,-104.9944948,7/2/2024 7:58,7:58,12,0,1,I-25 & N FOX ST,1,1,0,0,1,4,0,0,55,0,0,0,0,1,1,2,3
,2024-028412,39.74174078,-104.9430453,7/2/2024 10:40,10:40,6,0,0, JACKSON ST & E 16TH AVE,1,1,0,0,1,4,0,0,20,0,0,0,0,0,4,2,16
,2024-028413,39.77052303,-105.001762,7/2/2024 12:55,12:55,1,0,1, LIPAN ST & W 39TH AVE,1,1,0,0,1,1,0,0,25,0,0,0,1,2,4,2,11
,2024-028414,39.65432124,-104.8737628,7/1/2024 11:30,11:30,6,0,0,E GIRARD AVE & S FLORENCE ST,14,5,0,7,1,4,0,0,20,0,0,0,0,0,4,2,16
,2024-028416,39.71120573,-104.9983913,7/2/2024 5:58,5:58,3,0,0, KALAMATH ST & W ALAMEDA AVE,1,1,0,0,1,1,0,0,35,0,0,0,0,0,2,2,16
,2024-028419,39.6674777,-104.9250285,7/1/2024 11:30,11:30,3,0,1,E YALE AVE & I-25 NB OFF RAMP,1,1,0,0,1,1,0,0,30,0,0,0,0,2,4,2,13
,2024-028421,39.75698649,-104.9733635,6/28/2024 14:00,14:00,14,0,0, DOWNING ST & E 28TH AVE,1,3,0,0,6,4,0,0,25,0,0,0,0,0,4,2,11
,2024-028422,39.74285359,-104.9899964,7/2/2024 8:58,8:58,15,0,0,TREMONT PL & 16TH ST,1,1,0,0,1,4,0,0,25,0,0,0,0,0,4,2,13
,2024-028423,39.7558294,-105.0121464,7/2/2024 10:18,10:18,12,0,0,I-25 & N SPEER BLVD,1,1,0,0,1,4,0,0,55,0,0,0,0,0,1,2,13
,2024-028424,39.67846064,-104.9204621,7/2/2024 13:57,13:57,12,0,0,E EVANS AVE & S IVANHOE ST,1,1,0,0,1,4,0,0,35,0,0,0,0,0,4,2,13
,2024-028426,39.7747001,-104.7905557,7/2/2024 9:59,9:59,12,0,1,E 40TH AVE,1,1,0,0,1,4,0,0,65,0,0,0,0,2,4,3,16
,2024-028427,39.69658012,-104.9500188,7/1/2024 14:00,14:00,6,0,0, BONNIE BRAE BLVD & S STEELE ST,1,1,0,0,1,4,0,0,25,0,0,0,0,0,4,3,2
,2024-028431,39.71756105,-105.0043845,7/2/2024 9:38,9:38,12,0,1,I-25 & W ALAMEDA AVE,1,1,0,0,1,4,0,0,55,0,0,0,0,1,1,3,13
,2024-028432,39.77941603,-104.9316721,7/1/2024 16:29,16:29,10,0,1,DAHLIA ST & E 45TH S DR,1,1,0,0,1,4,0,0,25,0,0,0,0,1,4,2,11
,2024-028435,39.68469395,-104.9594472,7/1/2024 17:30,17:30,12,0,0, UNIVERSITY BLVD & I-25,1,1,0,0,1,1,0,0,30,0,0,0,0,0,4,2,3
,2024-028437,39.71114588,-104.99917,7/1/2024 12:00,12:00,15,0,0,I-25 & W ALAMEDA AVE,1,1,0,0,1,4,0,0,,0,0,0,0,0,1,2,16
,2024-028438,39.77999968,-104.9653016,7/1/2024 13:40,13:40,12,0,0,I-70 & N YORK ST,1,1,0,0,1,4,0,0,55,0,0,0,0,0,1,2,14
,2024-028448,39.6784731,-104.9222662,7/1/2024 16:00,16:00,12,0,0, HOLLY ST & E EVANS AVE,1,1,0,0,1,1,0,0,30,0,0,0,0,0,4,2,1
,2024-028449,39.75162094,-105.0029988,7/2/2024 8:15,8:15,2,0,1,15TH ST & WEWATTA WY,1,1,0,0,1,1,0,0,25,1,0,0,0,3,4,1,16
,2024-028452,39.72909005,-104.9706219,7/1/2024 13:00,13:00,15,0,0,E 8TH AVE & N LAFAYETTE ST,1,1,0,0,1,1,0,0,30,0,0,0,0,0,4,2,3
,2024-028473,39.73833126,-104.9207349,7/2/2024 20:56,20:56,6,0,0,E 14TH AVE & N IVY ST,1,4,0,0,2,4,0,0,30,0,0,0,0,0,4,2,10
,2024-028493,39.75519331,-104.9809804,6/28/2024 18:18,18:18,3,0,0,26TH ST & STOUT ST,1,1,0,0,1,1,0,0,25,0,0,0,0,0,4,2,13
,2024-028494,39.73685384,-104.9902438,7/2/2024 23:02,23:02,1,0,0,W 13TH AVE & N BANNOCK ST,1,3,0,0,1,1,0,0,30,0,0,0,0,0,4,2,7
,2024-028496,39.65310867,-104.9251972,7/3/2024 7:01,7:01,1,0,0,E HAMPDEN AVE & S GRAPE ST,1,1,0,0,1,1,0,0,40,0,0,0,0,0,2,2,11
,2024-028498,39.74378078,-104.9733835,7/3/2024 9:30,9:30,3,0,0,PARK AVE & N DOWNING ST,1,1,0,0,1,1,0,0,30,0,0,0,0,0,4,3,11
,2024-028506,39.67733107,-104.8740138,7/3/2024 13:01,13:01,12,0,0, PARKER RD & E ILIFF AVE,1,1,0,0,1,4,0,0,35,0,0,0,0,0,2,2,1
,2024-028513,39.72562519,-104.9787744,7/2/2024 16:45,16:45,6,0,0,E 6TH AVE & N WASHINGTON ST,1,1,0,0,1,4,0,0,30,0,0,0,0,0,4,2,3
,2024-028514,39.73103003,-104.940623,6/29/2024 9:02,9:02,3,0,0, COLORADO BLVD & E 9TH AVE,1,1,0,0,1,1,0,0,30,0,0,0,0,0,2,2,13
,2024-028516,39.68497908,-105.0250115,7/3/2024 13:40,13:40,12,0,1, FEDERAL BLVD & W COLORADO AVE,1,1,1,0,1,4,0,0,40,0,0,0,0,1,2,3,13
,2024-028518,39.65303541,-104.9090961,7/2/2024 21:15,21:15,3,0,0, ONEIDA WY & E HAMPDEN AVE,1,3,0,0,1,1,0,0,,0,0,0,0,0,2,2,16
,2024-028520,39.65421576,-104.9073929,7/2/2024 13:00,13:00,12,0,0, OLEANDER CT & E GIRARD AVE,1,1,0,0,1,1,0,0,25,0,0,0,0,0,4,2,3
,2024-028523,39.63728907,-105.0817633,7/3/2024 18:48,18:48,12,0,1, WADSWORTH BLVD & W QUINCY AVE,1,1,0,7,1,4,0,0,55,0,0,0,0,3,2,2,11
,2024-028529,39.69478463,-104.9340027,7/3/2024 8:41,8:41,10,0,0, CHERRY ST & E ARIZONA AVE,1,1,0,0,1,4,0,0,20,0,0,0,0,0,4,2,11
,2024-028531,39.63868389,-105.088957,7/3/2024 12:45,12:45,3,0,0, BALSAM ST & W QUINCY AVE,1,1,0,0,1,1,0,0,25,0,0,0,0,0,4,2,11
,2024-028535,39.7692608,-105.0252317,7/2/2024 23:59,23:59,15,0,0,W 38TH AVE & N FEDERAL BLVD,1,3,0,0,1,1,0,0,35,0,0,0,0,0,2,2,11
,2024-028538,39.79253978,-104.7723197,7/3/2024 15:10,15:10,14,0,2,E ELMENDORF DR & N TOWER RD,1,1,0,0,1,3,0,0,25,0,0,0,0,1,4,2,7
,2024-028540,39.70607207,-104.9407894,7/3/2024 18:15,18:15,2,0,0, COLORADO BLVD & E CHERRY CREEK S DR,1,1,0,0,1,1,0,0,45,1,0,0,0,0,2,1,13
,2024-028541,39.69680637,-104.9237576,7/3/2024 15:56,15:56,1,0,1,E CHERRY CREEK  DR & E MISSISSIPPI AVE,1,1,0,0,1,1,0,0,35,0,0,0,0,3,4,2,1
,2024-028543,39.68932255,-104.9407892,7/2/2024 15:00,15:00,15,0,0, COLORADO BLVD & E FLORIDA AVE,1,1,0,0,1,1,0,0,,0,0,0,0,0,2,2,16
,2024-028546,39.70736027,-104.9407892,7/3/2024 13:23,13:23,3,0,0, COLORADO BLVD & E CHERRY CREEK N DR,1,1,0,0,1,1,0,0,35,0,0,0,0,0,2,2,3
,2024-028612,39.77283119,-104.7898602,7/4/2024 15:18,15:18,1,0,0,E 40TH AVE & PENA BLVD INBOUND RAMPS,1,1,0,0,1,1,0,0,40,0,0,0,0,0,4,2,16
,2024-028686,39.77828733,-104.9005755,7/3/2024 8:16,8:16,15,0,0,I-70 EB ON RAMP & NORTHFIELD QUEBEC,1,1,0,0,1,8,0,0,35,0,0,0,0,0,1,2,16
,2024-028703,39.78021512,-105.0504627,7/4/2024 9:45,9:45,12,0,0,W 46TH AVE & N XAVIER ST,1,1,0,0,1,3,0,0,25,0,0,0,0,0,4,2,11
,2024-028708,39.73486441,-105.0001535,6/29/2024 12:04,12:04,6,0,0, KALAMATH ST & W 12TH AVE,1,3,0,0,2,4,0,0,25,0,0,0,0,0,4,2,16
,2024-028710,39.78942548,-104.8350355,6/30/2024 1:03,1:03,6,0,0, UVALDA ST & N VICTOR WY,1,3,0,0,1,4,0,0,,0,0,0,0,0,4,2,16
,2024-028740,39.74012067,-104.9902681,6/30/2024 20:44,20:44,9,0,3,W COLFAX AVE & 14TH ST,1,3,3,0,3,3,0,0,30,0,0,0,0,3,2,1,16
,2024-028749,39.73828898,-104.9338468,7/3/2024 12:45,12:45,3,0,1, CHERRY ST & E 14TH AVE,1,1,0,0,1,1,0,0,25,0,0,0,0,1,4,2,3
,2024-028778,39.72807273,-104.9150534,7/3/2024 15:01,15:01,3,0,2,E SEVERN PL & N LEYDEN ST,1,1,0,0,1,1,0,0,25,0,0,0,0,3,4,2,11
,2024-028779,39.71623977,-104.9462485,7/2/2024 21:52,21:52,6,0,0,E ELLSWORTH AVE & N MADISON ST,1,3,0,0,1,3,0,0,25,0,0,0,0,0,4,2,13
,2024-028780,39.71119521,-104.997141,7/3/2024 17:20,17:20,12,0,0,W ALAMEDA AVE & S SANTA FE DR,1,1,0,0,1,1,0,0,25,0,0,0,0,0,4,2,16
,2024-028787,39.72207963,-104.8823842,6/21/2024 23:11,23:11,11,0,1,E 5TH PL & N YOSEMITE WY,1,3,0,0,1,1,0,0,0,0,1,0,0,1,4,1,16
,2024-028805,39.77338981,-104.8470991,7/4/2024 13:12,13:12,3,0,0, PEORIA ST & I-70 EB OFF RAMP,1,1,0,0,1,1,0,0,35,0,0,0,0,0,4,3,16
,2024-028806,39.74616734,-104.8846584,7/3/2024 12:05,12:05,12,0,0, YOSEMITE ST & E 19TH AVE,1,1,0,0,1,4,0,0,30,0,0,0,0,0,4,2,16
,2024-028830,39.76323353,-105.0143722,6/25/2024 14:00,14:00,3,0,0, WYANDOT ST & W 33RD AVE,1,1,0,0,1,1,0,0,25,0,0,0,0,0,4,2,16
,2024-028852,39.71839148,-105.053281,7/4/2024 15:34,15:34,12,0,0, SHERIDAN BLVD & W 1ST AVE,1,1,0,0,1,3,0,0,35,0,0,0,0,0,2,2,13
,2024-028857,39.79826144,-104.8203967,7/1/2024 21:00,21:00,12,0,0,E 56TH AVE & N CROWN BLVD,1,3,0,0,1,4,0,0,,0,0,0,0,0,4,2,16
,2024-028858,39.77694794,-104.8657492,7/4/2024 1:58,1:58,14,0,0, HAVANA ST & I-70 WB RAMPS,1,3,0,0,1,1,0,0,,0,0,0,0,0,4,2,16
,2024-028862,39.78220153,-104.8762517,7/3/2024 19:42,19:42,15,0,0,E 47TH AVE & N DALLAS ST,1,3,0,0,6,1,0,0,35,0,0,0,0,0,4,2,7
,2024-028863,39.77273493,-104.9034978,7/3/2024 21:45,21:45,12,0,1, QUEBEC ST & E SANDOWN RD,1,3,0,0,1,3,0,0,35,0,0,0,0,1,4,2,16
,2024-028865,39.74000986,-104.9799111,6/23/2024 14:05,14:05,12,0,0,E COLFAX AVE & N PEARL ST,1,1,0,0,1,1,0,0,20,0,0,0,0,0,2,2,13
,2024-028866,39.74001109,-104.9687103,6/23/2024 21:19,21:19,11,0,0,E COLFAX AVE & PARK AVE,1,3,0,0,1,4,0,0,30,0,1,0,0,0,2,1,16
,2024-028882,39.66050142,-105.0158207,7/4/2024 13:50,13:50,3,0,1,W DARTMOUTH AVE & S ZUNI ST,1,1,0,1,1,1,0,0,30,0,0,0,0,2,4,2,1
,2024-028883,39.74139229,-104.940611,7/3/2024 16:03,16:03,12,0,0, COLORADO BLVD & E 16TH AVE,1,1,0,0,1,1,0,0,35,0,0,0,0,0,2,3,13
,2024-028884,39.76746209,-104.9034673,7/3/2024 13:02,13:02,15,0,0, QUEBEC ST & E 36TH AVE,1,1,0,0,1,4,0,0,,0,0,0,0,0,4,2,16