id,drcog_id,latitude,longitude,crashtime,time,crashtype,numbkilled,numbinjurd,drcoglocat,rdconditin,lightngcon,roadcntgrd,weatherco,location,roaddescrp,schoolzone,constrzone,splimit,bikeinv,pedinv,sctrinv,motoinv,svrty,rdsystem,ttlvehcls,hcf
,2024-028885,39.67595803,-104.9222797,7/3/2024 14:45,14:45,3,0,0,5875 E ILIFF AVE & S HOLLY ST,1,1,0,0,1,2,0,0,25,0,0,0,0,0,4,2,3
,2024-028896,39.76146754,-105.0044558,7/5/2024 0:18,0:18,5,0,1,I-25 & 20TH ST,1,3,0,0,3,4,0,0,55,0,0,0,0,1,1,1,1
,2024-028898,39.6889708,-104.975775,7/2/2024 16:30,16:30,12,0,0,I-25 & S DOWNING ST,1,1,0,0,1,4,0,0,60,0,0,0,0,0,1,3,13
,2024-028901,39.77340892,-104.8477657,7/1/2024 17:55,17:55,12,0,0,I-70 EB OFF RAMP & N PEORIA ST,1,1,0,0,1,8,0,0,35,0,0,0,0,0,4,2,11
,2024-028902,39.78389453,-105.0251454,6/28/2024 10:20,10:20,1,0,0, FEDERAL BLVD & I-70 EB RAMPS,1,1,0,0,1,1,0,0,35,0,0,0,0,0,2,2,1
,2024-028905,39.74482551,-104.9696763,7/4/2024 13:45,13:45,15,0,0,E 18TH AVE & N HUMBOLDT ST,1,1,2,0,1,1,0,0,35,0,0,0,0,0,4,2,11
,2024-028909,39.75720384,-105.0102508,6/27/2024 12:05,12:05,12,0,0,I-25 & 15TH ST,1,1,0,0,1,4,0,0,55,0,0,0,0,0,1,2,11
,2024-028910,39.71764918,-105.0041595,7/5/2024 12:52,12:52,12,0,0,I-25 & W ALAMEDA AVE,1,1,0,0,1,4,0,0,65,0,0,0,0,0,1,2,4
,2024-028911,39.72555398,-105.0260559,7/2/2024 15:40,15:40,12,0,0,W 6TH AVE & N FEDERAL BLVD,1,1,0,0,1,4,0,0,45,0,0,0,0,0,2,2,13
,2024-028912,39.71119521,-104.997141,7/5/2024 6:39,6:39,1,0,1,W ALAMEDA AVE & S SANTA FE DR,1,1,0,0,1,1,0,0,35,0,0,0,0,1,2,2,13
,2024-028913,39.7400133,-104.9704817,7/5/2024 13:00,13:00,6,0,0,E COLFAX AVE & N LAFAYETTE ST,1,1,0,0,1,4,0,0,35,0,0,0,0,0,2,2,11
,2024-028914,39.74394744,-105.0283854,7/4/2024 22:33,22:33,16,0,0,1688  HOOKER ST & W 17TH AVE,1,3,0,0,5,7,0,0,,0,0,0,0,0,3,2,16
,2024-028915,39.74010478,-105.0056287,7/5/2024 10:40,10:40,12,0,0,W COLFAX AVE & N OSAGE ST,1,1,0,0,1,3,0,0,40,0,0,0,0,0,2,2,16
,2024-028921,39.69666133,-104.9918826,7/5/2024 11:36,11:36,15,0,0, SANTA FE DR & W MISSISSIPPI AVE,1,1,0,0,1,1,0,0,45,0,0,0,0,0,2,2,13
,2024-028924,39.76770631,-104.9851119,7/4/2024 23:53,23:53,5,0,2,RINGSBY CT & 31ST ST,1,3,0,0,2,1,0,0,30,0,0,0,0,2,4,1,8
,2024-028925,39.75937037,-104.9935434,7/4/2024 19:20,19:20,10,0,1,DELGANY ST & PARK AVE W,1,1,0,0,1,4,0,0,30,0,0,0,0,1,4,2,3
,2024-028930,39.72549838,-105.0394501,7/4/2024 21:14,21:14,3,0,2,W 6TH AVE FRTG RD & N PERRY ST,1,3,0,0,1,1,0,0,35,0,0,0,0,2,4,2,16
,2024-028931,39.73986938,-104.9741443,7/4/2024 22:11,22:11,5,0,0, CORONA ST & E COLFAX AVE,1,3,0,0,1,4,0,0,25,0,0,0,0,0,4,2,13
,2024-028932,39.75635236,-105.0113876,7/5/2024 10:20,10:20,15,0,0,I-25 & N SPEER BLVD,1,1,0,0,1,4,0,0,55,0,0,0,0,0,1,2,11
,2024-028934,39.73753836,-105.0052449,7/4/2024 20:45,20:45,16,0,0,1316  OSAGE ST & N OSAGE ST,1,4,0,0,5,7,0,0,10,0,0,0,0,0,3,2,16
,2024-028937,39.77853033,-104.9887937,7/3/2024 7:42,7:42,12,0,0,I-25 NB OFF RAMP TO -70 & I-70 WB,1,1,0,0,1,8,0,0,55,0,0,0,0,0,4,2,7
,2024-028938,39.78025219,-104.9397922,7/2/2024 15:42,15:42,15,0,0,I-70 WB OFF RAMP & N COLORADO BLVD,1,1,1,0,1,8,0,0,55,0,0,0,0,0,1,2,13
,2024-028939,39.78861498,-104.8172199,7/3/2024 22:00,22:00,6,0,0, DURHAM CT & E 52ND AVE,1,1,0,0,1,4,0,0,,0,0,0,0,0,4,2,16
,2024-028941,39.79461017,-104.8328715,6/29/2024 15:30,15:30,12,0,0,E MAXWELL PL & N VICTOR ST,1,1,0,0,1,4,0,0,,0,0,0,0,0,4,2,16
,2024-028946,39.77865004,-104.9222934,7/3/2024 6:41,6:41,12,0,0,I-70 & N HOLLY ST,1,1,0,0,1,4,0,0,55,0,0,0,0,0,1,4,13
,2024-028947,39.74000959,-104.9873904,7/2/2024 16:00,16:00,3,0,0, BROADWAY ST & E COLFAX AVE,1,1,0,0,1,1,0,0,35,0,0,0,1,0,2,2,1
,2024-028953,39.72147777,-105.0086576,7/6/2024 13:01,13:01,12,0,0,I-25 & NB OFF RAMP EXT TO W 6TH AVE,1,1,0,0,1,4,0,0,55,0,0,0,0,0,1,3,13
,2024-028960,39.77319007,-104.8098795,7/6/2024 4:27,4:27,1,0,4, CHAMBERS RD & E 40TH AVE,1,3,0,0,1,1,0,0,40,0,0,0,0,1,4,2,14
,2024-028962,39.7291852,-104.8867481,7/6/2024 0:23,0:23,5,0,0, YOSEMITE ST & N AKRON WY,1,3,0,0,6,1,0,0,30,0,0,0,0,0,4,1,2
,2024-028963,39.71108422,-105.0249415,7/6/2024 13:45,13:45,15,0,0, FEDERAL BLVD & W ALAMEDA AVE,1,1,0,0,1,3,0,0,35,0,0,0,0,0,2,2,13
,2024-028973,39.72413233,-104.9985771,7/5/2024 18:56,18:56,3,0,1,W 5TH AVE & N SANTA FE DR,1,1,0,0,1,1,0,0,25,0,0,0,0,1,4,2,11
,2024-028980,39.67846384,-104.9135136,7/6/2024 18:06,18:06,3,0,1,E EVANS AVE & S MONACO ST PKWY,1,1,0,0,1,2,0,0,35,0,0,0,0,2,4,2,13
,2024-028984,39.78357997,-105.0443086,7/6/2024 7:34,7:34,5,0,1,I-70 & N SHERIDAN BLVD,1,1,1,0,3,4,0,0,55,0,0,0,0,1,1,1,10
,2024-028985,39.76696067,-104.9671806,7/6/2024 2:19,2:19,6,0,1,3520  GILPIN ST & E 36TH AVE,1,4,0,0,1,4,0,0,20,0,0,0,0,2,4,5,14
,2024-028987,39.77288121,-104.9405108,7/5/2024 20:42,20:42,1,0,4, COLORADO BLVD & E 40TH AVE,1,3,0,0,1,1,0,0,20,0,0,0,0,3,2,2,14
,2024-028989,39.71816166,-105.025717,6/30/2024 16:15,16:15,2,0,1,W 1ST AVE & N FEDERAL BLVD,1,1,0,0,1,9,0,0,0,1,0,0,0,3,4,1,16
,2024-028993,39.75487513,-105.0130819,7/5/2024 21:24,21:24,12,0,0,I-25 & N SPEER BLVD,1,3,0,0,1,4,0,0,55,0,0,0,0,0,1,2,16
,2024-028994,39.77916408,-104.9034005,7/6/2024 15:35,15:35,12,0,0, NORTHFIELD QUEBEC ST & I-70 WB RAMPS,1,1,0,0,1,3,0,0,40,0,0,0,0,0,2,2,10
,2024-028998,39.73685861,-104.992939,6/24/2024 9:31,9:31,11,0,1,W 13TH AVE & N DELAWARE ST,1,1,0,0,1,1,0,0,25,0,0,1,0,1,4,1,8
,2024-028999,39.69659306,-104.9929347,6/30/2024 15:20,15:20,3,0,2,W MISSISSIPPI AVE & S PLATTE RIVER DR,1,1,0,0,1,1,0,0,30,0,0,0,0,2,2,2,4
,2024-029000,39.68210977,-105.0018237,6/28/2024 18:00,18:00,2,0,1, LIPAN ST & W JEWELL AVE,1,1,0,0,1,4,0,0,0,1,0,0,0,2,4,1,16
,2024-029004,39.71479865,-104.9985655,6/30/2024 13:22,13:22,11,0,1,W BAYAUD AVE & S SANTA FE DR,1,1,0,0,1,1,0,0,35,0,0,1,0,2,2,1,16
,2024-029014,39.71128376,-104.9034949,6/30/2024 15:40,15:40,2,0,1,E ALAMEDA AVE & S QUEBEC ST,1,1,0,0,1,1,0,0,40,1,0,0,0,2,4,1,11
,2024-029017,39.76964354,-105.0252324,6/24/2024 23:01,23:01,1,0,1, FEDERAL BLVD & W 38TH AVE,1,3,0,0,1,2,0,0,35,0,0,0,1,3,2,2,1
,2024-029024,39.6857683,-105.0011019,7/1/2024 19:45,19:45,5,0,0, PLATTE RIVER DR & W JEWELL AVE,1,1,0,0,2,4,0,0,35,0,0,0,0,0,4,1,16
,2024-029025,39.73801113,-105.0251007,6/20/2024 17:40,17:40,1,0,1, FEDERAL BLVD & HOWARD PL,12,1,1,0,1,1,0,0,35,0,1,0,0,2,2,4,14
,2024-029029,39.79110692,-105.0435972,6/30/2024 5:28,5:28,5,0,2, TENNYSON ST & W 52ND AVE,1,1,0,0,4,1,0,0,35,0,0,0,0,2,4,1,16
,2024-029030,39.72441591,-104.9849163,6/29/2024 0:42,0:42,5,0,0,E SPEER BLVD & N SHERMAN ST,1,3,0,0,3,4,0,0,30,0,0,0,0,0,4,1,14
,2024-029033,39.7063047,-105.0493622,6/30/2024 4:31,4:31,6,0,0,4840 W CUSTER PL & S XAVIER ST,1,3,0,0,1,1,0,0,20,0,0,0,0,0,4,2,6
,2024-029087,39.74175563,-104.9874077,4/24/2024 12:00,12:00,6,0,0, BROADWAY ST & 16TH ST,1,1,0,0,1,4,0,0,30,0,0,0,0,0,4,2,14
,2024-029090,39.76047445,-104.9573287,6/9/2024 17:50,17:50,6,0,0, COLUMBINE ST & E 31ST AVE,1,1,0,0,1,4,0,0,,0,0,0,0,0,4,2,16
,2024-029091,39.67968615,-104.9350634,6/15/2024 2:13,2:13,12,0,0,I-25 & E EVANS AVE,1,3,0,0,1,4,0,0,55,0,0,0,0,0,1,2,4
,2024-029092,39.77367044,-104.8430367,6/15/2024 0:25,0:25,15,0,1,I-70 & N PEORIA ST,1,3,0,0,1,4,0,0,55,0,0,0,0,1,1,4,16
,2024-029093,39.69324581,-105.0297225,5/27/2024 1:30,1:30,15,0,0, IRVING ST & W LOUISIANA AVE,1,4,3,0,1,4,0,0,25,0,0,0,0,0,4,2,16
,2024-029094,39.67859789,-104.936695,6/11/2024 0:10,0:10,6,0,0, BIRCH ST & E EVANS AVE,1,4,0,0,1,4,0,0,30,0,0,0,0,0,4,2,14
,2024-029107,39.74091987,-104.9697118,7/6/2024 21:02,21:02,3,0,0,PARK AVE & N HUMBOLDT ST,1,3,0,0,1,1,0,0,30,0,0,0,0,0,4,2,7
,2024-029114,39.76082028,-105.0041098,7/7/2024 0:32,0:32,1,0,0,20TH ST & I-25 NB RAMPS,1,3,0,0,1,1,0,0,30,0,0,0,0,0,4,2,7
,2024-029116,39.72858495,-105.0001109,6/2/2024 19:55,19:55,15,0,0,W 8TH AVE & N KALAMATH ST,1,2,0,0,1,1,0,0,35,0,0,0,0,0,4,2,16
,2024-029117,39.77822499,-104.8306371,7/6/2024 23:28,23:28,3,0,0, CRYSTAL ST & E 46TH AVE,1,3,0,0,1,1,0,0,25,0,0,0,0,0,4,2,13
,2024-029120,39.72931233,-105.0197193,7/1/2024 14:40,14:40,8,0,1,W 8TH AVE & N CANOSA CT,1,1,0,0,6,3,0,0,30,0,0,0,0,2,4,2,16
,2024-029121,39.78049572,-104.9407504,7/5/2024 10:16,10:16,12,0,0, COLORAOD BLVD & I-70 WB RAMPS,1,1,0,0,1,3,0,0,40,0,0,0,0,0,2,2,8
,2024-029123,39.78377198,-104.8097298,7/6/2024 23:03,23:03,12,0,0,E GREEN VALLEY RANCH BLVD & N CHAMBERS RD,1,3,0,0,1,3,0,0,35,0,0,0,0,0,4,2,11
,2024-029124,39.75159556,-104.9787094,7/7/2024 0:40,0:40,3,0,0,TREMONT PL & 25TH ST,1,3,0,0,1,1,0,0,25,0,0,0,0,0,4,2,8
,2024-029125,39.75850529,-105.0080699,7/4/2024 16:29,16:29,12,0,0,I-25 & W 17TH AVE,1,1,0,0,1,4,0,0,55,0,0,0,0,0,2,2,16
,2024-029126,39.63323752,-104.9063409,6/18/2024 12:48,12:48,15,0,0,I-225 SB OFF RAMP & I-25 OVERPASS,1,1,0,0,1,8,0,0,55,0,0,0,0,0,1,2,8
,2024-029127,39.73592601,-104.9861261,7/6/2024 22:31,22:31,15,0,1, LINCOLN ST & E 12TH AVE,1,3,0,0,1,4,0,0,30,0,0,0,1,2,4,2,11
,2024-029128,39.67846518,-104.9312589,7/7/2024 12:09,12:09,12,0,0,E EVANS AVE & S DAHLIA ST,1,1,0,0,1,4,0,0,30,0,0,0,0,0,4,2,13
,2024-029129,39.75940581,-105.0282346,7/4/2024 9:00,9:00,6,0,0,3207 W HAYWARD PL & HOOKER ST,1,1,1,0,1,3,0,0,,0,0,0,0,0,4,2,16
,2024-029132,39.79839761,-104.7722588,7/7/2024 3:59,3:59,12,0,1,E 56TH AVE & N TOWER RD,1,3,0,0,1,3,0,0,40,0,0,0,0,2,4,3,4
,2024-029136,39.79484047,-104.7626866,7/3/2024 16:53,16:53,3,0,0, DUNKIRK ST & E MAXWELL PL,1,1,0,0,1,1,0,0,,0,0,0,0,0,4,2,16
,2024-029137,39.72268754,-105.0102059,6/27/2024 9:15,9:15,15,0,1,I-25 & 6TH AVE,1,1,0,0,1,4,0,0,65,0,0,0,0,1,1,2,16
,2024-029138,39.7290736,-104.9861529,6/23/2024 15:11,15:11,5,0,2, LINCOLN ST & E 8TH AVE,1,1,0,0,2,1,0,0,30,0,0,0,1,3,4,1,1
,2024-029139,39.74033499,-105.0436575,7/7/2024 0:56,0:56,15,0,0,W COLFAX AVE & N TENNYSON ST,1,3,0,0,1,4,0,0,35,0,0,0,0,0,2,2,16
,2024-029140,39.69810483,-104.9926512,6/18/2024 16:21,16:21,15,0,0, PLATTE RIVER DR & W MISSISSIPPI AVE,1,1,0,0,1,4,0,0,45,0,0,0,0,0,2,2,16
,2024-029144,39.73036581,-104.9823874,6/15/2024 19:00,19:00,12,0,0, LOGAN ST & 9TH AVE,1,1,0,0,1,3,0,0,25,0,0,0,0,0,4,2,16
,2024-029148,39.69661868,-104.9827716,7/5/2024 15:51,15:51,2,0,1,E MISSISSIPPI AVE & S LOGAN ST,1,1,0,0,1,1,0,0,35,1,0,0,0,1,4,1,13
,2024-029149,39.7547344,-104.9026816,6/20/2024 17:32,17:32,6,0,0,E 26TH AVE & N QUEBEC ST,1,1,0,0,1,4,0,0,25,0,0,0,0,0,4,2,16
,2024-029151,39.69494547,-105.0332368,7/4/2024 22:12,22:12,6,0,0, KING ST & W ARIZONA AVE,1,3,0,0,1,3,0,0,,0,0,0,0,0,4,2,16
,2024-029153,39.71119082,-104.8928754,6/4/2024 18:00,18:00,12,0,1,E ALAMEDA AVE & E FAIRMOUNT DR,1,1,0,0,1,3,0,0,35,0,0,0,0,1,4,2,1
,2024-029154,39.70202217,-105.0226967,6/18/2024 9:00,9:00,6,0,0, DECATUR ST & W OHIO AVE,1,1,0,0,1,4,0,0,20,0,0,0,0,0,4,2,16
,2024-029155,39.68930903,-104.996595,7/6/2024 13:29,13:29,3,0,3,W FLORIDA AVE & S PLATTE RIVER DR,1,1,1,0,1,1,0,0,30,0,0,0,0,2,4,3,3
,2024-029156,39.7432392,-104.9719781,7/6/2024 19:25,19:25,3,0,1,E 17TH AVE & N MARION ST,1,1,0,0,1,9,0,0,,0,0,0,0,1,4,2,16
,2024-029159,39.79111555,-105.0251013,7/6/2024 21:56,21:56,1,0,1, FEDERAL BLVD & W 52ND AVE,1,3,0,0,1,1,0,0,35,0,0,0,0,2,2,2,16
,2024-029160,39.73837142,-104.9752966,6/22/2024 10:45,10:45,6,0,0, OGDEN ST & E 14TH AVE,1,1,0,0,1,4,0,0,25,0,0,0,0,0,4,2,16
,2024-029162,39.72829485,-104.9836096,6/30/2024 18:30,18:30,6,0,0,757  GRANT ST & 8TH AVE,1,3,1,0,1,4,0,0,,0,0,0,0,0,4,3,16
,2024-029163,39.65305234,-104.9047182,7/7/2024 16:13,16:13,1,0,2,E HAMPDEN AVE & S POPLAR ST,1,1,0,0,1,2,0,0,35,0,0,0,0,2,2,2,11
,2024-029164,39.78045216,-104.9432098,7/7/2024 7:21,7:21,15,0,0,I-70 & N COLORADO BLVD,1,1,0,0,1,4,0,0,55,0,0,0,0,0,1,2,2
,2024-029165,39.71460161,-105.0012478,7/6/2024 22:20,22:20,12,0,1,I-25 & SB OFF RAMP EXT TO W ALAMEDA AVE,1,3,0,0,1,4,0,0,60,0,0,0,0,1,1,2,16
,2024-029166,39.6980294,-104.9917519,7/7/2024 0:11,0:11,15,0,2, SANTA FE DR & W MISSISSIPPI AVE,1,3,0,0,1,4,0,0,45,0,0,0,0,1,2,2,1
,2024-029173,39.78425926,-105.0231919,7/7/2024 9:55,9:55,5,0,1,I-70 & N FEDERAL BLVD,1,1,0,0,2,4,0,0,55,0,0,0,0,1,1,1,7
,2024-029174,39.75665522,-104.9972437,7/4/2024 22:34,22:34,12,0,1,20TH ST & WEWATTA ST,1,3,1,0,1,4,0,0,30,0,0,0,0,2,4,5,1
,2024-029177,39.71496539,-105.039701,7/6/2024 19:21,19:21,3,0,0,W BAYAUD AVE & S PERRY ST,1,1,1,0,1,1,0,0,20,0,0,0,0,0,4,2,16
,2024-029182,39.67856562,-105.0052537,7/3/2024 19:08,19:08,2,0,1,W EVANS AVE & S OSAGE ST,1,1,1,0,1,1,0,0,30,1,0,0,0,2,4,1,1
,2024-029195,39.71111584,-104.9608486,7/3/2024 21:32,21:32,12,0,0,E ALAMEDA AVE & S YORK ST,1,3,0,6,1,4,0,0,35,0,0,0,0,0,4,2,16
,2024-029203,39.76449921,-104.9622094,7/3/2024 19:11,19:11,12,0,2,E BRUCE RANDOLPH AVE & N VINE ST,1,1,0,0,1,1,0,0,25,0,0,0,0,2,4,2,16
,2024-029206,39.73004688,-104.9034679,6/28/2024 15:08,15:08,3,0,0,E 8TH PL & N QUEBEC ST,1,1,0,0,1,1,0,0,30,0,0,0,0,0,4,2,13
,2024-029228,39.74744335,-104.9034481,7/3/2024 17:22,17:22,2,0,1, QUEBEC ST & E MONTVIEW BLVD,1,1,0,0,1,1,0,0,0,1,0,0,0,3,4,1,16
,2024-029229,39.67865939,-105.0205455,7/3/2024 18:47,18:47,15,0,0,W EVANS AVE & S CLAY ST,1,1,0,0,1,4,0,0,35,0,0,0,0,0,4,3,16
,2024-029230,39.75867379,-104.9782274,7/4/2024 17:00,17:00,11,0,1,29TH ST & CHAMPA ST,1,1,0,0,1,1,0,0,20,0,0,1,0,2,4,1,16
,2024-029281,39.75826046,-104.9875191,3/28/2024 11:35,11:35,12,0,0,WALNUT ST & N BROADWAY ST,1,1,0,0,1,4,0,0,20,0,0,0,0,0,4,2,16
,2024-029283,39.77938205,-104.7905218,6/12/2024 13:30,13:30,15,0,0,E GREEN VALLEY RANCH BLVD,1,1,0,0,1,8,0,0,55,0,0,0,0,0,4,2,7
,2024-029284,39.68935025,-104.9963913,6/3/2024 6:01,6:01,10,0,1,W FLORIDA AVE & S PLATTE RIVER DR,1,1,0,0,1,4,0,0,30,0,0,0,0,2,4,2,16
,2024-029285,39.73631811,-104.9986846,6/16/2024 20:10,20:10,6,0,0,1247  SANTA FE DR & 13TH AVE,1,1,0,0,1,9,0,0,15,0,0,0,0,0,4,2,9
,2024-029286,39.78114,-104.97139,6/16/2024 2:56,2:56,6,0,1,4655  HUMBOLDT ST,1,3,0,0,5,7,0,0,,0,0,0,0,1,3,2,16
,2024-029287,39.6728586,-105.041714,6/9/2024 17:05,17:05,3,0,1, RALEIGH ST & W HARVARD AVE,1,1,0,0,1,1,0,0,,0,0,0,0,2,4,2,16
,2024-029288,39.74013197,-104.9873893,6/15/2024 2:14,2:14,10,0,0, BROADWAY ST & E COLFAX AVE,1,3,0,0,1,1,0,0,35,0,0,0,0,0,2,2,1
,2024-029289,39.67332431,-105.0432775,5/16/2024 14:05,14:05,6,0,0,W HARVARD AVE,1,1,0,0,1,4,0,0,30,0,0,0,0,0,4,2,7
,2024-029290,39.73616988,-104.9873969,6/15/2024 15:30,15:30,2,0,1, BROADWAY ST & W 13TH AVE,1,1,0,0,1,2,0,0,0,1,0,0,0,2,4,1,16
,2024-029292,39.73836622,-104.9516941,6/17/2024 10:53,10:53,10,1,0,E 14TH AVE & N MILWAUKEE ST,1,1,0,0,1,1,0,0,30,0,0,0,1,4,4,2,1
,2024-029301,39.69128135,-105.0250486,6/23/2024 22:03,22:03,12,0,0,W ARKANSAS AVE & S FEDERAL BLVD,1,3,0,0,1,3,0,0,,0,0,0,0,0,2,2,16
,2024-029302,39.68954771,-105.0532506,6/22/2024 5:42,5:42,5,0,0, SHERIDAN BLVD & W FLORIDA AVE,1,1,0,0,3,1,0,0,40,0,0,0,0,0,2,1,16
,2024-029303,39.73688263,-104.9785456,7/6/2024 17:10,17:10,15,0,0,E 13TH AVE & N WASHINGTON ST,1,1,0,0,1,3,0,0,30,0,0,0,0,0,4,2,13
,2024-029338,39.72530989,-104.9386501,6/30/2024 13:26,13:26,12,0,0,E 6TH AVE & N ASH ST,1,1,0,0,1,3,0,0,35,0,0,0,0,0,4,2,16
,2024-029340,39.72564815,-104.9862615,5/30/2024 12:40,12:40,15,0,0,E 6TH AVE & N LINCOLN ST,1,1,1,7,1,3,0,0,30,0,0,0,0,0,4,2,14
,2024-029341,39.73386777,-104.9935154,7/1/2024 22:55,22:55,11,0,0,SPEER BLVD & W 11TH AVE,1,3,0,0,1,1,0,0,0,0,1,0,0,0,4,1,16
,2024-029342,39.7438909,-105.0165292,6/23/2024 10:57,10:57,15,0,0,I-25 & W COLFAX AVE,1,1,0,0,1,4,0,0,55,0,0,0,0,0,1,2,13
,2024-029343,39.73287361,-104.8987459,7/1/2024 12:00,12:00,16,0,0,E 11TH AVE & N SYRACUSE ST,1,1,0,0,5,7,0,0,,0,0,0,0,0,3,1,13
,2024-029344,39.7375848,-104.9706924,6/13/2024 11:10,11:10,14,0,0,1300  LAFAYETTE ST,1,1,3,0,1,4,0,0,30,0,0,0,0,0,4,2,16
,2024-029345,39.77784846,-104.9792557,7/8/2024 5:30,5:30,15,0,0, WASHINGTON ST & E 45TH AVE,1,2,1,0,1,4,0,0,30,0,0,0,0,0,4,2,2
,2024-029346,39.72323763,-104.9835559,7/8/2024 9:02,9:02,15,0,0,E SPEER BLVD & N GRANT ST,1,1,0,0,1,4,0,0,35,0,0,0,0,0,4,2,13
,2024-029348,39.75849925,-105.0443497,6/20/2024 14:39,14:39,6,0,0,W 29TH AVE & N TENNYSON ST,1,1,0,0,1,4,0,0,30,0,0,0,0,0,4,2,11
,2024-029350,39.76969,-104.89795,6/18/2024 15:25,15:25,16,0,0,7800 E SMITH RD,1,1,0,0,5,7,0,0,,0,0,0,0,0,3,2,16
,2024-029353,39.69858763,-104.9035343,7/1/2024 0:22,0:22,3,0,0, PARKER RD & S QUEBEC ST,1,3,1,0,1,1,0,0,,0,0,0,0,0,2,3,16
,2024-029355,39.71757507,-105.0044054,6/13/2024 15:00,15:00,12,0,0,I-25 & W ALAMEDA AVE,1,1,0,0,1,4,0,0,55,0,0,0,0,0,2,2,16
,2024-029356,39.74000712,-104.9861326,6/9/2024 17:24,17:24,15,0,0, LINCOLN ST & E COLFAX AVE,1,1,0,0,1,3,0,0,35,0,0,0,0,0,2,2,16
,2024-029357,39.69114345,-104.9743541,6/29/2024 0:00,0:00,5,0,0,E BUCHTEL BLVD & S CORONA ST,1,2,3,0,3,4,0,0,30,0,0,0,0,0,4,1,10
,2024-029358,39.74693901,-104.9968777,6/27/2024 12:46,12:46,2,0,1,15TH ST & ARAPAHOE ST,1,1,0,0,1,1,0,0,30,1,0,0,0,2,4,1,16
,2024-029360,39.72452681,-105.0143704,6/26/2024 12:47,12:47,15,0,0,I-25 NB ON RAMP FROM EB W 6TH AVE & I-25 UNDERPASS,1,1,0,0,1,8,0,0,45,0,0,0,0,0,1,2,16
,2024-029361,39.75710258,-104.9907146,6/22/2024 15:10,15:10,15,0,0,BLAKE ST & PARK AVE W,1,1,0,0,1,1,0,0,30,0,0,0,0,0,4,2,13
,2024-029364,39.75598057,-104.9536558,6/23/2024 2:15,2:15,5,0,0, FILLMORE ST & E 27TH AVE,1,3,0,0,1,4,0,0,20,0,0,0,0,0,4,1,16
,2024-029365,39.75028791,-105.0012416,6/21/2024 14:37,14:37,12,0,0,15TH ST & WAZEE ST,1,1,0,0,1,1,0,0,,0,0,0,0,0,4,2,16
,2024-029367,39.74018387,-104.9576428,7/7/2024 15:06,15:06,6,0,1,E COLFAX AVE & N COLUMBINE ST,1,1,0,0,1,4,0,0,30,0,0,0,0,1,2,2,2
,2024-029368,39.79195935,-104.8185275,6/23/2024 12:35,12:35,15,0,0,E MAXWELL PL & E OLMSTED DR,1,1,0,0,1,1,0,0,25,0,0,0,0,0,4,2,1
,2024-029369,39.75464686,-104.9536579,6/23/2024 2:15,2:15,6,0,0, FILLMORE ST & E 26TH AVE,1,3,0,0,1,4,0,0,20,0,0,0,0,0,4,2,16
,2024-029370,39.76928398,-105.0158689,6/23/2024 12:36,12:36,3,0,3,W 38TH AVE & N ZUNI ST,1,1,0,7,1,1,0,0,35,0,0,0,0,2,4,4,16
,2024-029371,39.74046145,-105.0149421,6/27/2024 23:56,23:56,15,0,0,W COFLAX AVE & I-25,1,3,0,0,1,4,0,0,30,0,0,0,0,0,2,2,16
,2024-029372,39.72253459,-104.9985778,7/8/2024 8:17,8:17,3,0,2,W 4TH AVE & N SANTA FE DR,1,1,3,0,1,1,0,0,25,0,0,0,0,2,4,2,13
,2024-029375,39.77713254,-104.8828631,6/19/2024 22:47,22:47,15,0,2,I-70 & N CENTRAL PARK BLVD,1,3,0,0,1,4,0,0,,0,0,0,0,2,1,2,16
,2024-029376,39.77939895,-104.9284129,6/22/2024 3:49,3:49,5,0,0,I-70 & EB OFF RAMP EXT TO N HOLLY ST,1,3,0,0,3,8,0,0,55,0,0,0,0,0,1,1,13
,2024-029377,39.7265843,-104.9861729,6/17/2024 13:06,13:06,10,0,0, LINCOLN ST & N SPEER BLVD,1,1,0,0,1,1,0,0,,0,0,0,0,0,4,2,16
,2024-029378,39.79619492,-104.7981931,7/8/2024 10:04,10:04,8,0,0,E MAXWELL PL & N LAREDO WY,1,1,0,0,6,4,0,0,25,0,0,0,0,0,4,2,3
,2024-029380,39.76938241,-105.0429481,6/16/2024 12:36,12:36,3,0,0,4301 W 38TH AVE & N STUART ST,1,1,0,0,1,2,0,0,35,0,0,0,0,0,4,3,11
,2024-029381,39.75882124,-104.9832584,6/22/2024 1:12,1:12,6,0,0,LAWRENCE ST & 27TH ST,1,3,0,0,1,3,0,0,,0,0,0,0,0,4,2,16
,2024-029382,39.77894295,-104.8215959,7/6/2024 13:34,13:34,3,0,0, DURHAM CT & E 46TH AVE,1,1,0,0,1,1,0,0,20,0,0,0,0,0,4,2,11
,2024-029383,39.72904342,-105.019864,7/8/2024 9:10,9:10,12,0,0, CANOSA CT & W 8TH AVE,1,1,0,0,1,3,0,0,30,0,0,0,0,0,4,2,11
,2024-029384,39.71120584,-104.9120117,7/8/2024 7:41,7:41,12,0,0,E ALAMEDA AVE & S MONACO ST PKWY,1,1,0,0,1,3,0,0,35,0,0,0,0,0,4,2,16
,2024-029389,39.73686384,-104.9964726,6/28/2024 10:20,10:20,10,0,0,W 13TH AVE & N SPEER BLVD,1,1,0,0,1,1,0,0,,0,0,0,0,0,4,2,16