id,drcog_id,latitude,longitude,crashtime,time,crashtype,numbkilled,numbinjurd,drcoglocat,rdconditin,lightngcon,roadcntgrd,weatherco,location,roaddescrp,schoolzone,constrzone,splimit,bikeinv,pedinv,sctrinv,motoinv,svrty,rdsystem,ttlvehcls,hcf
,2024-029390,39.77661248,-104.8263959,7/8/2024 6:47,6:47,3,0,0, DEL RIO CT & E 44TH AVE,1,1,0,0,1,1,0,0,45,0,0,0,0,0,4,2,11
,2024-029393,39.69843613,-104.9101738,6/12/2024 17:05,17:05,6,0,0,E TENNESSEE AVE & S NIAGARA ST,1,1,0,0,1,3,0,0,25,0,0,0,0,0,4,2,1
,2024-029399,39.69670392,-105.0007977,6/19/2024 6:00,6:00,15,0,0,W MISSISSIPPI AVE & S LIPAN ST,1,1,0,0,1,4,0,0,30,0,0,0,0,0,4,2,16
,2024-029400,39.75001564,-104.9859242,7/6/2024 15:10,15:10,15,0,0,CALIFORNIA ST & 21ST ST,1,1,0,0,1,4,0,0,25,0,0,0,0,0,4,2,8
,2024-029401,39.76081165,-105.0119463,7/8/2024 7:06,7:06,12,0,0,W 31ST AVE & N UMATILLA ST,1,1,0,0,1,4,0,0,20,0,0,0,0,0,4,2,16
,2024-029403,39.74015424,-104.9502916,7/7/2024 12:10,12:10,12,0,0,E COLFAX AVE & N STEELE ST,1,1,0,0,1,4,0,0,30,0,0,0,0,0,2,2,13
,2024-029404,39.74544831,-104.9900951,7/6/2024 14:47,14:47,10,0,0,17TH ST & WELTON ST,1,1,0,0,1,1,0,0,25,0,0,0,0,0,4,2,8
,2024-029405,39.77982958,-104.9495375,7/7/2024 15:35,15:35,3,0,2, STEELE ST & E 46TH AVE S,1,1,0,0,1,1,0,0,35,0,0,0,0,2,2,2,7
,2024-029407,39.72555422,-105.0264402,6/25/2024 8:44,8:44,12,0,0,W 6TH AVE & N FEDERAL BLVD,1,1,0,0,1,4,0,0,55,0,0,0,0,0,2,2,16
,2024-029414,39.72557816,-104.9729148,6/18/2024 18:48,18:48,15,0,0,E 6TH AVE & N DOWNING ST,14,5,3,7,1,3,0,0,,0,0,0,0,0,4,2,16
,2024-029420,39.76202748,-105.0158354,6/25/2024 13:55,13:55,3,0,0,W 32ND AVE & N ZUNI ST,1,1,0,0,1,1,0,0,30,0,0,0,0,0,4,2,1
,2024-029423,39.69656078,-104.865931,6/21/2024 11:19,11:19,12,0,1, HAVANA ST & E MISSISSIPPI AVE,1,1,0,0,1,3,0,0,35,0,0,0,0,1,2,2,16
,2024-029424,39.7707491,-105.034617,6/19/2024 16:30,16:30,10,0,0, LOWELL BLVD & W 39TH AVE,1,1,0,0,1,4,0,0,,0,0,0,0,0,4,2,16
,2024-029425,39.69619633,-105.0203793,6/16/2024 3:00,3:00,6,0,0, CLAY ST & W MISSISSIPPI AVE,1,3,0,0,1,4,0,0,20,0,0,0,0,0,4,3,16
,2024-029426,39.74041753,-105.0298897,6/19/2024 13:44,13:44,3,0,0,W COLFAX AVE & N IRVING ST,1,1,0,0,1,1,0,0,35,0,0,0,0,0,2,2,16
,2024-029427,39.72499207,-105.0127052,7/8/2024 18:17,18:17,12,0,0,I-25 & W 6TH AVE,1,1,0,0,1,4,0,0,65,0,0,0,0,0,1,2,13
,2024-029428,39.73887009,-104.8846563,7/7/2024 21:36,21:36,12,0,0, YOSEMITE ST & E 14TH AVE,1,3,0,0,1,3,0,0,30,0,0,0,0,0,4,2,11
,2024-029429,39.7402023,-104.9281486,7/7/2024 23:36,23:36,10,0,1,E COLFAX AVE & N NEWPORT ST,1,3,0,0,1,1,0,0,30,0,0,0,1,3,2,2,11
,2024-029432,39.75121829,-105.0346218,7/6/2024 14:10,14:10,3,0,0,W 23RD AVE & N LOWELL BLVD,1,1,0,0,1,1,0,0,30,0,0,0,0,0,4,2,3
,2024-029436,39.7611988,-104.9027528,7/5/2024 10:30,10:30,15,0,1, QUEBEC ST & E MLK JR BLVD,1,1,0,0,1,1,0,0,35,0,0,0,0,1,4,2,16
,2024-029437,39.7292736,-104.9216654,7/7/2024 21:05,21:05,3,0,0, IVANHOE ST & E 8TH AVE,1,4,0,0,1,1,0,0,20,0,0,0,0,0,4,2,11
,2024-029439,39.71626903,-104.9221539,6/23/2024 2:55,2:55,6,0,0, IVANHOE ST & S HOLLY ST,1,3,0,0,1,3,0,0,,0,0,0,0,0,4,2,16
,2024-029440,39.77291239,-104.9541536,6/22/2024 1:40,1:40,6,0,0,4028  CLAYTON ST & E 40TH AVE,1,1,0,0,3,4,0,0,25,0,0,0,0,0,4,2,16
,2024-029441,39.70396622,-105.0350328,6/21/2024 15:28,15:28,10,0,0,W EXPOSITION AVE & S LOWELL BLVD,1,1,0,0,1,1,0,0,25,0,0,0,0,0,4,2,1
,2024-029442,39.7591622,-104.9536523,6/23/2024 7:05,7:05,6,0,0, FILLMORE ST & E 30TH AVE,1,1,0,0,1,4,0,0,20,0,0,0,0,0,4,2,16
,2024-029443,39.67846479,-104.9315629,7/5/2024 17:50,17:50,12,0,0,E EVANS AVE & S DAHLIA ST,1,1,0,0,1,3,0,0,35,0,0,0,0,0,4,2,13
,2024-029448,39.75332581,-104.9833922,6/29/2024 21:40,21:40,6,0,0,STOUT ST & 24TH ST,1,3,0,0,1,4,0,0,20,0,0,0,0,0,4,3,6
,2024-029449,39.61440074,-105.091148,7/8/2024 12:34,12:34,1,0,0,W LONG DR & S WADSWORTH BLVD,1,1,0,0,1,1,0,0,30,0,0,0,0,0,2,2,16
,2024-029450,39.73357861,-104.975274,7/3/2024 8:30,8:30,6,0,0, OGDEN ST & E 11TH AVE,1,5,0,0,1,4,0,0,,0,0,0,0,0,4,4,16
,2024-029451,39.77996432,-104.9772511,7/8/2024 18:18,18:18,12,0,0,I-70 WB OFF RAMP & N WASHINGTON ST,1,1,0,0,1,8,0,0,30,0,0,0,0,0,1,2,13
,2024-029452,39.74014554,-105.0532105,7/8/2024 9:55,9:55,12,0,1, SHERIDAN BLVD & W COLFAX AVE,1,1,0,0,1,3,0,0,35,0,0,0,0,1,2,2,11
,2024-029453,39.72549675,-105.0220797,7/7/2024 18:11,18:11,15,0,1,W 6TH AVE & N FEDERAL BLVD,1,1,0,0,1,4,0,0,55,0,0,0,0,1,2,2,16
,2024-029455,39.72605272,-105.0252135,7/7/2024 21:25,21:25,12,0,0, FEDERAL BLVD & W 6TH AVE WB RAMPS,1,3,0,0,1,3,0,0,35,0,0,0,0,0,2,2,16
,2024-029459,39.71133314,-105.053258,7/8/2024 14:27,14:27,15,0,0,W ALAMEDA AVE & S SHERIDAN BLVD,1,1,0,0,1,3,0,0,35,0,0,0,0,0,2,2,11
,2024-029460,39.71815572,-105.0324717,6/21/2024 22:38,22:38,12,0,0,W 1ST AVE & N KNOX CT,1,3,0,0,1,3,0,0,30,0,0,0,0,0,4,2,13
,2024-029551,39.69295118,-104.9664854,5/3/2024 16:15,16:15,16,0,0,1700 E LOUISIANA AVE,1,1,0,0,5,7,0,0,15,0,0,0,0,0,3,2,14
,2024-029552,39.68910806,-104.9792624,6/16/2024 23:53,23:53,6,0,0, WASHINGTON ST & E FLORIDA AVE,1,3,0,0,1,4,0,0,25,0,0,0,0,0,4,2,16
,2024-029556,39.78219187,-104.9017365,7/9/2024 8:41,8:41,12,0,1, NORTHFIELD QUEBEC ST & N SAND CREEK RD,1,1,0,0,1,3,0,0,40,0,0,0,0,1,2,2,13
,2024-029562,39.64775342,-104.8802976,7/8/2024 17:45,17:45,1,0,1,E LEHIGH AVE & S BOSTON ST,1,1,0,0,1,4,0,0,25,0,0,0,0,1,4,3,3
,2024-029563,39.7323209,-104.9694882,7/8/2024 15:20,15:20,14,0,1, HUMBOLDT ST & E 10TH AVE,1,1,0,0,6,4,0,0,20,0,0,0,0,2,4,2,10
,2024-029566,39.65303777,-104.931703,7/9/2024 14:50,14:50,1,0,0,E HAMPDEN AVE & S DAHLIA ST,1,1,0,0,1,1,0,0,35,0,0,0,0,0,2,2,11
,2024-029568,39.77901904,-104.9407407,7/9/2024 20:12,20:12,3,0,0,E 45TH AVE & N COLORADO BLVD,1,2,0,0,1,1,0,0,,0,0,0,0,0,2,2,16
,2024-029570,39.71839143,-105.053281,7/9/2024 7:30,7:30,3,0,0,W 1ST AVE & N SHERIDAN BLVD,1,1,0,0,1,1,0,0,30,0,0,0,0,0,2,2,7
,2024-029571,39.6527621,-105.032529,7/9/2024 7:46,7:46,12,0,1,W HAMPDEN AVE & S LOWELL BLVD,1,1,1,0,1,4,0,0,55,0,0,0,0,1,2,2,1
,2024-029574,39.75442213,-104.9873775,6/21/2024 0:18,0:18,3,0,0,PARK AVE W & N BROADWAY ST,1,3,0,0,1,1,0,0,25,0,0,0,0,0,4,2,4
,2024-029576,39.7165865,-105.0204054,6/27/2024 20:17,20:17,12,0,0, CLAY ST & W ELLSWORTH AVE,1,3,1,0,1,4,0,0,25,0,0,0,0,0,4,2,16
,2024-029578,39.70428335,-105.0431945,7/2/2024 1:32,1:32,6,0,0,4350 W EXPOSITION AVE & S STUART ST,1,3,0,0,1,4,0,0,,0,0,0,0,0,4,3,16
,2024-029584,39.7449669,-104.9941945,6/22/2024 20:10,20:10,6,0,0,STOUT ST & 15TH ST,1,1,0,0,1,4,0,0,,0,0,0,0,0,4,2,16
,2024-029587,39.69661923,-104.9829934,6/17/2024 18:57,18:57,15,0,0,E MISSISSIPPI AVE & S LOGAN ST,1,1,0,0,1,4,0,0,30,0,0,0,0,0,4,2,16
,2024-029588,39.69830871,-104.9028167,7/9/2024 7:50,7:50,12,0,0, PARKER RD & S QUEBEC ST,1,1,0,0,1,3,0,0,45,0,0,0,0,0,2,2,10
,2024-029595,39.67445039,-104.8704666,7/9/2024 9:58,9:58,12,0,5, PARKER RD & E ILIFF AVE,1,1,1,0,1,3,0,0,40,0,0,0,0,2,2,2,3
,2024-029596,39.73043583,-104.9775858,7/9/2024 8:45,8:45,3,0,0,E 9TH AVE & N CLARKSON ST,1,1,0,0,1,1,0,0,35,0,0,0,0,0,4,2,11
,2024-029597,39.78921861,-104.9852174,7/8/2024 9:30,9:30,6,0,0,E 51ST AVE & N SHERMAN ST,1,1,1,0,1,4,0,0,30,0,0,0,0,0,4,3,16
,2024-029598,39.7038423,-104.9501253,7/9/2024 2:15,2:15,6,0,0,E EXPOSITION AVE & S STEELE ST,1,3,0,0,2,4,0,0,30,0,0,0,0,0,4,3,3
,2024-029599,39.75507828,-104.9881009,7/6/2024 0:04,0:04,11,0,1,PARK AVE W & LAWRENCE ST,1,3,0,0,1,1,0,0,0,0,0,1,0,2,4,1,16
,2024-029600,39.79459339,-104.8097235,7/6/2024 21:25,21:25,12,0,2, CHAMBERS RD & E MAXWELL PL,1,3,0,0,1,3,0,0,40,0,0,0,0,2,4,2,9
,2024-029601,39.77317694,-104.8373833,7/9/2024 1:56,1:56,15,0,0,I-70 & N PEORIA ST,1,3,0,0,1,4,0,0,,0,0,0,0,0,1,3,16
,2024-029602,39.71118515,-104.9923985,7/8/2024 10:30,10:30,15,0,0,W ALAMEDA AVE & S CHEROKEE ST,1,1,0,0,1,1,0,0,30,0,0,0,0,0,4,2,3
,2024-029603,39.7255462,-105.0249338,7/9/2024 15:30,15:30,12,0,0,W 6TH AVE & N FEDERAL BLVD,1,1,0,0,1,3,0,0,35,0,0,0,0,0,2,2,11
,2024-029605,39.78368466,-105.0441585,7/5/2024 22:29,22:29,12,0,0,I-70 & N TENNYSON ST,1,3,0,0,1,4,0,0,55,0,0,0,0,0,1,2,13
,2024-029607,39.67845593,-104.9406291,7/5/2024 22:03,22:03,1,0,1,EVANS AVE & COLORADO BLVD,1,3,0,0,1,1,0,0,35,0,0,0,0,2,2,2,14
,2024-029609,39.73688399,-105.0052579,7/3/2024 17:43,17:43,5,0,1,1340  OSAGE ST & W 13TH AVE,1,1,0,0,3,4,0,0,25,0,0,0,0,2,4,1,14
,2024-029610,39.73191056,-104.9752579,6/23/2024 0:30,0:30,6,0,0, OGDEN ST & E 10TH AVE,1,3,0,0,1,4,0,0,20,0,0,0,0,0,4,2,16
,2024-029614,39.73285645,-104.8905956,6/30/2024 14:00,14:00,12,0,0,E 11TH AVE & N VERBENA ST,1,1,0,0,1,3,0,0,,0,0,0,0,0,4,2,16
,2024-029616,39.748774,-104.9034352,7/8/2024 18:05,18:05,5,0,0, QUEBEC ST & E 21ST AVE,1,1,0,0,3,4,0,0,30,0,0,0,0,0,4,1,7
,2024-029617,39.76156133,-104.9696553,7/8/2024 19:38,19:38,15,0,0,3120  HUMBOLDT ST & E 31ST AVE,1,1,0,0,1,4,0,0,20,0,0,0,0,0,4,2,11
,2024-029619,39.77335639,-104.846649,7/8/2024 20:32,20:32,12,0,0,I-70 EB ON RAMP & N PEORIA ST,1,2,1,0,1,8,0,0,35,0,0,0,0,0,1,2,7
,2024-029620,39.74683226,-105.0070701,7/9/2024 7:21,7:21,15,0,0,AURARIA PKWY & 9TH ST,1,1,0,0,1,4,0,0,35,0,0,0,0,0,4,2,16
,2024-029622,39.74140436,-104.9988395,7/9/2024 19:59,19:59,3,0,2, SPEER BLVD & STOUT ST,1,2,0,0,1,1,0,0,35,0,0,0,0,2,4,2,14
,2024-029623,39.84945208,-104.6778818,7/9/2024 15:30,15:30,12,0,0,DOOR 608,1,1,0,0,5,4,0,0,15,0,0,0,0,0,2,2,11
,2024-029624,39.68577888,-104.987534,7/2/2024 11:30,11:30,3,0,0,E MEXICO AVE & S BROADWAY ST,1,1,0,0,1,1,0,0,30,0,0,0,1,0,4,2,3
,2024-029627,39.74022137,-104.8964055,6/25/2024 2:30,2:30,15,0,0,E COLFAX AVE & N TRENTON ST,1,3,0,0,1,1,0,0,35,0,0,0,0,0,2,2,16
,2024-029628,39.75700844,-104.9873604,6/21/2024 22:37,22:37,12,0,0, BROADWAY ST & LARIMER ST,1,3,0,0,1,1,0,0,35,0,0,0,0,0,4,2,16
,2024-029629,39.70856013,-105.0324405,7/9/2024 13:35,13:35,3,0,0,W ALASKA PL & S KNOX CT,1,1,0,0,1,1,0,0,25,0,0,0,0,0,4,2,3
,2024-029633,39.66751599,-104.8661331,7/8/2024 16:20,16:20,12,0,0, HAVANA ST & E YALE AVE,1,1,0,0,1,1,0,0,30,0,0,0,0,0,2,2,3
,2024-029636,39.71779632,-104.9406263,7/8/2024 13:00,13:00,12,0,1,E 1ST AVE & N COLORADO BLVD,1,1,0,0,1,1,0,0,,0,0,0,0,1,2,2,16
,2024-029637,39.73205037,-104.9702741,7/8/2024 15:20,15:20,6,0,0,E 10TH AVE & N LAFAYETTE ST,1,1,0,0,1,4,0,0,20,0,0,0,0,0,4,3,10
,2024-029638,39.71128376,-104.9034949,7/8/2024 14:30,14:30,15,0,0,E ALAMEDA AVE & S QUEBEC ST,1,1,0,0,1,1,0,0,35,0,0,0,0,0,4,2,3
,2024-029641,39.77971736,-104.9840143,7/9/2024 7:21,7:21,12,0,0,I-70 & N WASHINGTON ST,1,1,1,0,1,4,0,0,55,0,0,0,0,0,1,2,11
,2024-029643,39.73679054,-104.961019,6/23/2024 10:00,10:00,6,0,0, GAYLORD ST & E 13TH AVE,1,1,0,0,1,4,0,0,,0,0,0,0,0,4,2,16
,2024-029653,39.75201037,-104.9938032,7/6/2024 2:14,2:14,2,0,1,19TH ST & LARIMER ST,1,3,0,0,1,1,0,0,30,1,0,0,0,2,4,1,16
,2024-029774,39.66748316,-104.9272674,5/21/2024 16:45,16:45,3,0,0, GLENCOE ST & E YALE AVE,11,1,0,0,1,1,0,0,,0,0,0,0,0,4,2,16
,2024-029776,39.74004766,-105.0002706,5/17/2024 22:20,22:20,12,0,0,W COLFAX AVE & N KALAMATH ST,1,3,0,0,1,3,0,0,35,0,0,0,0,0,2,2,1
,2024-029777,39.66748316,-104.9272674,5/21/2024 16:45,16:45,12,0,0, GLENCOE ST & E YALE AVE,11,1,0,0,1,1,0,0,,0,0,0,0,0,4,2,16
,2024-029782,39.71836574,-104.9036892,6/24/2024 17:30,17:30,15,0,0, QUEBEC ST & E 1ST AVE,1,1,0,0,1,1,0,0,30,0,0,0,0,0,4,2,16
,2024-029792,39.72008914,-105.0071572,7/9/2024 12:02,12:02,15,0,0,I-25 & W 6TH AVE,1,1,1,0,1,4,0,0,55,0,0,0,0,0,1,2,13
,2024-029794,39.83451673,-104.7359569,7/9/2024 23:50,23:50,5,0,1,PENA BLVD & E-470 NB ON RAMP EXT,1,3,0,0,3,8,0,0,65,0,0,0,0,1,2,1,16
,2024-029795,39.73342099,-104.9861297,7/10/2024 15:15,15:15,12,0,0, LINCOLN ST & E 11TH AVE,1,2,0,0,1,4,0,0,35,0,0,0,0,0,4,3,11
,2024-029796,39.6530794,-104.9182339,7/10/2024 7:35,7:35,12,0,0,I-25 & E HAMPDEN AVE,1,1,0,0,1,4,0,0,65,0,0,0,0,0,1,2,1
,2024-029800,39.7791616,-104.904606,7/10/2024 12:17,12:17,12,0,0,I-70 WB ON RAMP & N QUEBEC ST,1,1,0,0,1,8,0,0,30,0,0,0,0,0,1,2,13
,2024-029801,39.77964321,-104.97903,7/9/2024 17:37,17:37,15,0,0,I-70 & N WASHINGTON ST,1,1,0,0,1,4,0,0,55,0,0,0,0,0,1,2,16
,2024-029802,39.76193008,-105.0039759,7/8/2024 14:58,14:58,15,0,0,I-25 & 20TH ST,1,1,0,0,1,4,0,0,55,0,0,0,0,0,1,2,13
,2024-029806,39.71117195,-104.9899885,7/7/2024 13:25,13:25,10,0,0, BANNOCK ST & W ALAMEDA AVE,1,1,0,0,1,4,0,0,20,0,0,0,0,0,4,2,16
,2024-029807,39.66777928,-105.0658246,6/13/2024 16:39,16:39,5,0,1,W YALE AVE & S KENDALL WY,1,1,0,0,2,4,0,0,35,0,0,0,0,2,4,1,2
,2024-029808,39.67501555,-105.0230589,7/10/2024 0:20,0:20,6,0,1,W ILIFF AVE & S DECATUR ST,1,3,0,0,1,4,0,0,25,0,0,0,0,1,4,2,3
,2024-029809,39.6784584,-104.9184772,7/9/2024 19:15,19:15,15,0,0,E EVANS AVE & S JASMINE ST,1,1,0,0,1,4,0,0,35,0,0,0,0,0,4,2,11
,2024-029810,39.75466519,-104.9394329,7/9/2024 10:40,10:40,3,0,0, ALBION ST & E 26TH AVE,1,1,0,0,1,1,0,0,25,0,0,0,0,0,4,2,11
,2024-029811,39.76116416,-105.0047664,7/10/2024 6:55,6:55,12,0,3,I-25 & 20TH ST,1,1,0,0,1,4,0,0,55,0,0,0,0,1,1,2,3
,2024-029812,39.71706086,-104.9037058,6/28/2024 14:22,14:22,12,0,0, QUEBEC ST & E LOWRY BLVD,1,1,0,0,1,1,0,0,40,0,0,0,0,0,4,2,3
,2024-029813,39.73298365,-105.0251694,7/10/2024 6:05,6:05,12,0,1,W 10TH AVE & N FEDERAL BLVD,1,1,0,0,1,3,0,0,35,0,0,0,0,3,2,2,16
,2024-029816,39.74008786,-104.8886995,7/9/2024 9:36,9:36,11,0,1,COLFAX & N WILLOW ST,1,1,0,0,1,9,0,0,,0,1,0,0,3,4,1,16
,2024-029819,39.76775024,-104.9955357,7/9/2024 5:04,5:04,15,0,0,I-25 & PARK AVE W,1,1,0,0,1,4,0,0,55,0,0,0,0,0,1,2,13
,2024-029820,39.818276,-104.768253,7/10/2024 5:05,5:05,5,0,0,E HIGH POINT BLVD & N CEYLON ST,1,3,0,0,3,3,0,0,35,0,0,0,0,0,4,2,2
,2024-029821,39.68757564,-104.9875128,7/10/2024 8:00,8:00,3,0,0,E IOWA AVE & S BROADWAY ST,1,1,0,0,1,1,0,0,30,0,0,0,0,0,4,2,3
,2024-029823,39.74027897,-105.0299299,6/30/2024 18:02,18:02,5,0,0,W COLFAX AVE & N IRVING ST,1,1,0,0,3,4,0,0,,0,0,0,0,0,2,1,16
,2024-029825,39.397013,-105.033731,7/8/2024 1:12,1:12,6,0,1,W ADA PL & S LOWELL BLVD,1,3,0,0,1,4,0,0,20,0,0,0,0,2,4,3,16
,2024-029827,39.7199875,-104.8952666,7/7/2024 0:00,0:00,6,0,0,E ACADEMY PL & N SYRACUSE CT,1,3,0,0,1,4,0,0,25,0,0,0,0,0,4,2,16
,2024-029829,39.69478294,-104.9341772,7/9/2024 22:30,22:30,6,0,0,E ARIZONA AVE & S CHERRY ST,1,4,0,0,1,4,0,0,,0,0,0,0,0,4,2,16
,2024-029832,39.61866633,-105.0864647,7/10/2024 11:11,11:11,3,0,0,W CRESTLINE AVE & W GRANT RANCH BLVD,1,1,0,0,1,2,0,0,25,0,0,0,0,0,4,2,3
,2024-029833,39.72725644,-104.9406273,7/10/2024 11:49,11:49,12,0,0, COLORADO BLVD & E 7TH AVE,1,1,0,0,1,3,0,0,,0,0,0,0,0,2,2,16
,2024-029836,39.83398456,-104.7670843,7/10/2024 12:14,12:14,12,0,1,N TOWER RD,1,1,0,0,1,4,0,0,65,0,0,0,0,1,2,2,11
,2024-029838,39.73050267,-105.0001697,7/9/2024 12:43,12:43,3,0,1,W 9TH AVE & N KALAMATH ST,1,1,0,0,1,1,0,0,25,0,0,0,0,3,4,3,8
,2024-029839,39.6786458,-105.0248713,7/4/2024 23:54,23:54,11,0,1,W EVANS AVE & S FEDERAL BLVD,1,3,0,0,1,4,0,0,,0,1,0,0,2,4,1,16
,2024-029841,39.78046817,-104.963313,7/8/2024 15:45,15:45,15,0,0,I-70 & N BRIGHTON BLVD,1,1,1,0,1,13,0,0,55,0,0,0,0,0,1,2,10
,2024-029843,39.67542896,-105.0572274,7/10/2024 7:37,7:37,6,0,0, DEPEW ST & W WARREN AVE,1,1,0,0,1,4,0,0,25,0,0,0,0,0,4,2,12
,2024-029847,39.83304937,-104.704099,7/10/2024 10:35,10:35,3,0,0, ELK ST & E 75TH AVE,1,1,0,0,1,1,0,0,45,0,0,0,0,0,4,2,11
,2024-029848,39.66777868,-105.0517818,7/8/2024 16:50,16:50,1,0,1,W YALE AVE & S ZURICH CT,1,1,0,0,1,1,0,0,35,0,0,0,1,3,4,2,16
,2024-029850,39.70386523,-104.9593597,7/3/2024 7:11,7:11,1,0,0, UNIVERSITY BLVD & E EXPOSITION AVE,1,1,0,0,1,1,0,0,30,0,0,0,0,0,4,2,13
,2024-029857,39.77856205,-104.9891816,7/10/2024 13:32,13:32,12,0,0,I-25 NB & I-70,1,1,0,0,1,4,0,0,55,0,0,0,0,0,1,2,13
,2024-029858,39.71180933,-104.9992553,7/9/2024 10:32,10:32,12,0,2,I-25 & W ALAMEDA AVE,1,1,1,0,1,4,0,0,55,0,0,0,0,1,1,3,13
,2024-029860,39.68142496,-104.9875698,6/27/2024 6:01,6:01,6,0,0, BROADWAY ST & W ASBURY AVE,1,1,0,0,1,4,0,0,35,0,0,0,0,0,4,2,16
,2024-029862,39.78022689,-104.9694906,7/9/2024 10:28,10:28,12,0,0,I-70 WB ON RAMP & N BRIGHTON BLVD,1,1,1,0,1,8,0,0,55,0,0,0,0,0,1,2,16
,2024-029863,39.78746603,-105.0252217,7/10/2024 11:13,11:13,3,0,0, FEDERAL BLVD & W 50TH AVE,1,1,0,0,1,1,0,0,40,0,0,0,0,0,2,2,13
,2024-029864,39.71473196,-104.9811588,7/5/2024 21:30,21:30,6,0,0,E BAYAUD AVE & S PENNSYLVANIA ST,1,1,0,0,1,4,0,0,,0,0,0,0,0,4,2,16
,2024-029869,39.72028153,-104.9035435,7/9/2024 9:30,9:30,1,0,0, QUEBEC ST & E 2ND AVE,1,1,0,0,1,1,0,0,30,0,0,0,0,0,4,2,3
,2024-029870,39.67925219,-104.9340437,7/9/2024 14:42,14:42,12,0,1,I-25 NB ON RAMP & E EVANS AVE,1,1,1,0,1,8,0,0,35,0,0,0,0,1,1,3,13
,2024-029873,39.68724598,-104.9405446,6/21/2024 10:34,10:34,12,0,0, COLORADO BLVD & E IOWA AVE,1,1,0,0,1,3,0,0,35,0,0,0,0,0,2,2,16
,2024-029885,39.73681273,-104.959785,6/24/2024 20:30,20:30,2,0,1,E 13TH AVE & N YORK ST,1,3,0,0,1,1,0,0,,1,0,0,0,3,4,1,16
,2024-029887,39.67848489,-104.9671272,7/5/2024 8:37,8:37,12,0,0,E EVANS AVE & S GILPIN ST,1,1,0,0,1,4,0,0,30,0,0,0,0,0,4,2,16
,2024-029894,39.77970758,-104.9407703,7/7/2024 21:46,21:46,5,0,1, COLORADO BLVD & I-70 EB RAMPS,1,3,0,0,6,1,0,0,35,0,0,0,0,2,2,1,13
,2024-029896,39.71535167,-104.9406249,7/8/2024 16:50,16:50,2,0,1,45  ALBION ST ALLEY & E BAYAUD AVE,1,1,1,0,1,9,0,0,,1,0,0,0,3,4,1,16
,2024-029905,39.70674017,-105.029811,7/3/2024 22:11,22:11,11,0,1,W CUSTER PL & S IRVING ST,1,3,0,0,1,1,0,0,,0,1,0,0,2,4,1,16
,2024-029906,39.73043583,-104.9775858,7/7/2024 18:39,18:39,11,0,1,E 9TH AVE & N CLARKSON ST,1,3,0,0,1,1,0,0,0,0,0,1,0,1,4,1,16
,2024-029935,39.75792418,-104.9917669,5/14/2024 17:28,17:28,3,0,0,PARK AVE W & WAZEE ST,1,1,0,0,1,1,0,0,25,0,0,0,0,0,4,2,14
,2024-029936,39.68732028,-104.9710717,6/17/2024 0:20,0:20,6,0,0, LAFAYETTE ST & E IOWA AVE,1,3,0,0,1,4,0,0,25,0,0,0,0,0,4,2,16
,2024-029937,39.7031103,-105.0250618,3/24/2024 0:50,0:50,3,0,4, FEDERAL BLVD & W WALSH PL,1,3,0,0,1,1,0,0,40,0,0,0,0,2,2,2,16
,2024-029938,39.63572083,-104.8936548,6/3/2024 6:19,6:19,12,0,0,I-225 & S TAMARAC ST,1,1,0,0,1,4,0,0,,0,0,0,0,0,1,3,16
,2024-029959,39.73648931,-104.9315421,7/11/2024 13:50,13:50,3,0,0, DAHLIA ST & E 13TH AVE,1,1,0,0,1,1,0,0,25,0,0,0,0,0,4,2,13
,2024-029960,39.67775824,-104.9333552,7/11/2024 18:07,18:07,12,0,0,I-25 & E EVANS AVE,1,1,0,0,1,4,0,0,60,0,0,0,0,0,1,4,11
,2024-029961,39.74405969,-105.0006066,7/10/2024 9:15,9:15,15,0,0, SPEER BLVD & ARAPAHOE ST,1,1,0,0,1,1,0,0,35,0,0,0,0,0,4,2,8
,2024-029963,39.67528918,-105.02504,7/11/2024 16:18,16:18,3,0,0, FEDERAL BLVD & W ILIFF AVE,1,1,0,0,1,1,0,0,35,0,0,0,0,0,2,2,13
,2024-029964,39.66617444,-104.9245514,7/11/2024 10:24,10:24,12,0,1,I-25 & E YALE AVE,1,1,0,0,1,4,0,0,55,0,0,0,0,1,1,4,13
,2024-029965,39.66746882,-104.9362176,7/10/2024 17:01,17:01,15,0,0,E YALE AVE & S CLERMONT DR,1,1,0,0,1,1,0,0,,0,0,0,0,0,4,2,1
,2024-029966,39.83486187,-104.7718854,7/11/2024 9:54,9:54,12,0,2,TOWER RD & PENA BLVD RAMPS,1,1,1,0,1,3,0,0,45,0,0,0,0,2,4,2,16
,2024-029967,39.69674956,-105.0250716,6/23/2024 1:55,1:55,3,0,1, FEDERAL BLVD & W MISSISSIPPI AVE,1,3,0,0,1,1,0,0,40,0,0,0,0,2,2,2,16
,2024-029968,39.74746633,-104.8881749,7/10/2024 8:09,8:09,3,0,0, WILLOW ST & E MONTVIEW BLVD,1,1,0,0,1,1,0,0,25,0,0,0,0,0,4,2,16
,2024-029970,39.75293341,-104.9804708,7/11/2024 18:58,18:58,3,0,1,25TH ST & WELTON ST,1,1,0,0,1,1,0,0,20,0,0,0,0,3,4,2,11
,2024-029971,39.71123946,-105.0251719,7/11/2024 15:44,15:44,1,0,1, FEDERAL BLVD & W ALAMEDA AVE,1,1,0,0,1,1,0,0,40,0,0,0,0,2,2,2,3