id,drcog_id,latitude,longitude,crashtime,time,crashtype,numbkilled,numbinjurd,drcoglocat,rdconditin,lightngcon,roadcntgrd,weatherco,location,roaddescrp,schoolzone,constrzone,splimit,bikeinv,pedinv,sctrinv,motoinv,svrty,rdsystem,ttlvehcls,hcf
,2024-029972,39.78610094,-104.847046,7/5/2024 18:35,18:35,12,0,0, PEORIA ST & E ANDREWS DR,1,1,0,0,1,4,0,0,,0,0,0,0,0,4,2,16
,2024-029977,39.77465965,-104.769823,7/10/2024 19:00,19:00,6,0,0,E 43RD AVE & N ANDES WY,1,4,0,0,1,4,0,0,,0,0,0,0,0,4,2,16
,2024-029980,39.74019413,-104.9385932,7/11/2024 9:19,9:19,12,0,1,E COLFAX AVE & N ALBION ST,1,1,0,0,1,3,0,1,35,0,0,0,0,1,2,3,16
,2024-029982,39.68568374,-104.9404647,7/10/2024 12:30,12:30,3,0,0,E MEXICO AVE & COLORADO BLVD,1,1,0,0,1,2,0,0,25,0,0,0,0,0,4,2,3
,2024-029983,39.74745841,-105.0053233,7/9/2024 0:13,0:13,5,0,3,AURARIA PKWY & 12TH ST,1,3,0,0,6,1,0,0,30,0,0,0,0,2,4,1,16
,2024-029984,39.75301544,-105.0532327,7/6/2024 18:14,18:14,1,0,1, SHERIDAN BLVD & W 25TH AVE,1,1,1,0,1,1,0,0,35,0,0,0,0,2,2,3,14
,2024-029986,39.71934983,-105.0001832,7/10/2024 16:30,16:30,6,0,0, KALAMATH ST & W 2ND AVE,1,1,0,0,1,4,0,0,35,0,0,0,0,0,4,2,3
,2024-029993,39.76200238,-104.9710308,7/11/2024 8:55,8:55,12,0,1,E MLK JR BLVD & N LAFAYETTE ST,1,1,0,0,1,3,0,0,35,0,0,0,0,1,4,2,7
,2024-029994,39.67494351,-104.9734761,7/10/2024 11:15,11:15,6,0,0, DOWNING ST & E ILIFF AVE,1,1,0,0,1,4,0,0,30,0,0,0,0,0,4,2,3
,2024-029999,39.72563834,-104.985115,7/11/2024 13:30,13:30,3,0,2,E 6TH AVE & E SPEER BLVD,1,1,0,0,1,1,0,0,30,0,0,0,0,1,4,2,13
,2024-030003,39.77851802,-104.9210071,7/11/2024 7:46,7:46,12,0,1,I-70 & N HOLLY ST,1,1,1,0,1,4,0,0,55,0,0,0,0,1,1,2,3
,2024-030004,39.66503829,-105.046452,7/10/2024 17:35,17:35,6,0,1, VRAIN ST & W AMHERST AVE,1,1,1,0,1,4,0,0,25,0,0,0,0,2,4,2,14
,2024-030007,39.66759439,-104.9589295,7/11/2024 12:07,12:07,5,0,0,E YALE AVE & S UNIVERSITY BLVD,1,1,0,0,2,4,0,0,30,0,0,0,0,0,4,1,10
,2024-030008,39.76328,-104.99631,7/10/2024 7:00,7:00,16,0,0,3375 PARK AVE,1,1,0,0,5,9,0,0,10,0,0,0,0,0,3,2,16
,2024-030009,39.78054001,-104.9496585,7/10/2024 18:28,18:28,15,0,1,I-70 & N STEELE ST,1,1,0,0,1,4,0,0,55,0,0,0,0,2,1,6,13
,2024-030011,39.75662114,-104.9406982,7/9/2024 10:20,10:20,12,0,3, COLORADO BLVD & E 28TH AVE,1,1,0,0,1,3,0,0,35,0,0,0,0,1,2,3,16
,2024-030012,39.77482819,-104.8470306,7/11/2024 8:09,8:09,10,0,0,I-70 WB OFF RAMP & N PEORIA ST,1,1,0,0,1,1,0,0,35,0,0,0,0,0,4,2,16
,2024-030013,39.67867281,-105.0180237,7/10/2024 21:29,21:29,11,0,1,W EVANS AVE & S BRYANT ST,1,4,0,0,1,1,0,0,0,0,1,0,0,3,4,1,16
,2024-030014,39.6747599,-104.8708045,7/10/2024 14:00,14:00,15,0,0, PARKER RD & E ILIFF AVE,1,1,0,0,1,1,0,0,35,0,0,0,0,0,2,2,3
,2024-030015,39.77978807,-104.9692752,7/11/2024 8:58,8:58,12,0,0,I-70 & N BRIGHTON BLVD,1,1,1,0,1,4,0,0,55,0,0,0,0,0,1,3,1
,2024-030019,39.72928036,-104.9124384,6/29/2024 16:51,16:51,3,0,0,E 8TH AVE & N MONACO ST PKWY,1,1,0,0,1,1,0,0,25,0,0,0,0,0,4,2,11
,2024-030020,39.75943812,-105.0067354,7/11/2024 6:22,6:22,12,0,1,I-25 & 20TH ST,1,1,0,0,1,4,0,0,55,0,0,0,0,1,1,4,1
,2024-030021,39.74378661,-104.9034553,6/30/2024 18:29,18:29,12,0,1,E 17TH AVE & N QUEBEC ST,1,1,0,0,1,3,0,0,30,0,0,0,0,2,4,2,13
,2024-030028,39.65681588,-105.0246393,7/11/2024 19:06,19:06,3,0,1,2929 W FLOYD AVE & S FEDERAL BLVD,1,1,0,0,1,2,0,0,20,0,0,0,0,2,4,2,13
,2024-030032,39.77299549,-104.8473264,7/11/2024 14:43,14:43,12,0,0,I-70 EB OFF RAMP SLIP & N PEORIA ST,1,1,0,0,1,8,0,0,35,0,0,0,0,0,1,2,3
,2024-030033,39.70117946,-104.9875004,7/10/2024 15:30,15:30,12,0,0,I-25 & S BROADWAY ST,1,1,0,0,1,4,0,0,,0,0,0,0,0,1,2,16
,2024-030034,39.67102809,-104.8661593,7/6/2024 19:30,19:30,12,0,1, PARKER RD & S HAVANA ST,1,1,0,0,1,4,0,0,45,0,0,0,0,1,2,3,16
,2024-030035,39.75477096,-104.8468876,7/11/2024 7:43,7:43,12,0,0, PEORIA ST & E MLK JR BLVD,1,1,0,0,1,3,0,0,35,0,0,0,0,0,4,2,16
,2024-030036,39.77970558,-104.9771674,7/11/2024 8:19,8:19,12,0,0,I-70 & N WASHINGTON ST,1,1,1,0,1,4,0,0,55,0,0,0,0,0,1,2,7
,2024-030037,39.77837963,-105.0486056,7/11/2024 9:50,9:50,8,0,1,W 45TH AVE & N WOLFF ST,1,1,0,0,1,1,0,0,20,0,0,0,0,1,4,2,10
,2024-030038,39.68996176,-104.9732441,7/11/2024 17:47,17:47,12,0,0,I-25 & S DOWNING ST,1,3,0,0,1,4,0,0,65,0,0,0,0,0,1,2,3
,2024-030044,39.71116069,-104.9863693,7/11/2024 10:54,10:54,3,0,0,E ALAMEDA AVE & S LINCOLN ST,1,1,0,0,1,1,0,0,30,0,0,0,0,0,4,2,11
,2024-030050,39.66442296,-104.9233988,7/10/2024 22:30,22:30,12,0,1,I-25 & E YALE AVE,1,3,0,0,1,4,0,0,60,0,0,0,1,3,1,2,13
,2024-030060,39.76075252,-104.9708862,5/25/2024 2:08,2:08,3,0,1, LAFAYETTE ST & E 31ST AVE,1,3,0,0,1,1,0,0,30,0,0,0,0,2,4,2,16
,2024-030061,39.7692608,-105.0252317,7/5/2024 16:25,16:25,3,0,0,W 38TH AVE & N FEDERAL BLVD,1,1,0,0,1,1,0,0,35,0,0,0,0,0,2,2,16
,2024-030064,39.78364058,-104.7897739,7/12/2024 19:24,19:24,12,0,1, RAMP SPLIT & E GREEN VALLEY RANCH BLVD,1,1,0,0,1,1,0,0,35,0,0,0,0,1,4,2,11
,2024-030065,39.74906555,-104.9923983,7/11/2024 15:55,15:55,3,0,0,18TH ST & CURTIS ST,1,1,0,0,1,1,0,0,,0,0,0,0,0,4,2,16
,2024-030072,39.74481992,-104.9672084,7/12/2024 6:45,6:45,3,0,0, GILPIN ST & E 18TH AVE,1,1,0,0,1,1,0,0,20,0,0,0,0,0,4,2,13
,2024-030076,39.73833354,-104.9183595,7/11/2024 13:35,13:35,3,0,0, JASMINE ST & E 14TH AVE,1,1,0,0,1,1,0,0,35,0,0,0,0,0,4,2,16
,2024-030077,39.75764928,-104.9743763,7/11/2024 14:38,14:38,15,0,1,WELTON ST & 29TH ST,1,1,0,0,1,4,0,0,30,0,0,0,0,1,4,2,13
,2024-030078,39.79636755,-104.7866767,7/12/2024 11:17,11:17,12,0,0,E 56TH AVE,1,1,0,0,1,4,0,0,65,0,0,0,0,0,4,2,8
,2024-030079,39.73833731,-104.9139494,7/12/2024 8:35,8:35,3,0,0, LOCUST ST & E 14TH AVE,1,1,0,0,1,1,0,0,25,0,0,0,0,0,4,2,13
,2024-030080,39.67478921,-104.9129476,7/12/2024 8:50,8:50,12,0,0, MONACO ST & E ILIFF AVE,1,1,0,0,1,3,0,0,35,0,0,0,0,0,4,2,10
,2024-030083,39.76995245,-104.9942242,7/12/2024 13:16,13:16,15,0,0,I-25 SB OFF RAMP & PARK AVE W,1,1,0,0,1,8,0,0,,0,0,0,0,0,1,2,16
,2024-030084,39.76759561,-104.8996518,7/11/2024 11:24,11:24,12,0,0, SYRACUSE ST & E 36TH AVE,1,1,0,0,1,3,0,0,25,0,0,0,0,0,4,2,13
,2024-030086,39.73473539,-104.9861261,7/11/2024 21:00,21:00,15,0,0, LINCOLN ST & E 12TH AVE,1,3,0,0,1,4,0,0,30,0,0,0,0,0,4,2,13
,2024-030087,39.7530452,-105.0498792,7/11/2024 21:26,21:26,12,0,0, XAVIER ST & W BYRON PL,1,3,0,0,1,1,0,0,25,0,0,0,0,0,4,2,16
,2024-030088,39.74544834,-104.9900951,7/11/2024 18:51,18:51,12,0,0,WELTON ST & 17TH ST,1,1,0,0,1,1,0,0,30,0,0,0,0,0,4,2,8
,2024-030089,39.74753038,-104.9733354,7/12/2024 14:40,14:40,1,0,0, DOWNING ST & E 20TH AVE,1,1,0,0,1,1,0,0,35,0,0,0,0,0,4,2,11
,2024-030091,39.6784271,-104.9593934,7/11/2024 13:30,13:30,12,0,0, UNIVERSITY BLVD & E EVANS AVE,1,1,0,0,1,1,0,0,30,0,0,0,0,0,4,2,3
,2024-030093,39.77436411,-104.8401504,7/8/2024 17:52,17:52,10,0,3,E 42ND AVE & N CROWN BLVD,1,1,0,0,1,1,0,0,30,0,0,0,0,1,4,2,8
,2024-030094,39.65298512,-104.9341708,7/12/2024 8:55,8:55,15,0,0,E HAMPDEN AVE & S CHERRY ST,1,1,0,0,1,4,0,0,45,0,0,0,0,0,2,2,11
,2024-030095,39.73106431,-104.9321817,7/12/2024 8:21,8:21,3,0,0, DEXTER-DAHLIA ALLEY & E 9TH AVE,1,1,0,0,1,9,0,0,,0,0,0,0,0,4,2,16
,2024-030096,39.72557816,-104.9729148,7/12/2024 14:24,14:24,3,0,1,E 6TH AVE & N DOWNING ST,1,1,0,0,1,1,0,0,30,0,0,0,0,1,4,2,13
,2024-030097,39.72098357,-104.959435,7/12/2024 9:24,9:24,10,0,0, UNIVERSITY BLVD & E 3RD AVE,1,1,0,0,1,1,0,0,30,0,0,0,0,0,4,2,16
,2024-030098,39.77980453,-104.9873529,7/11/2024 5:50,5:50,12,0,1,I-70 EB & I-25 NB,1,2,0,0,1,4,0,0,55,0,0,0,0,2,1,3,16
,2024-030099,39.6965925,-104.8917158,7/10/2024 12:29,12:29,1,0,0,E MISSISSIPPI AVE & S VALENTIA ST,1,1,0,0,1,1,0,0,40,0,0,0,0,0,4,2,1
,2024-030101,39.73687815,-104.9718503,7/12/2024 11:15,11:15,1,0,0, MARION ST & E 13TH AVE,1,1,0,0,1,1,0,0,35,0,0,0,0,0,4,2,11
,2024-030102,39.61630344,-105.0911289,7/12/2024 11:55,11:55,1,0,0, WADSWORTH BLVD & W CRESTLINE AVE,1,1,0,0,1,2,0,0,40,0,0,0,0,0,2,2,11
,2024-030105,39.69790951,-104.983563,7/11/2024 16:00,16:00,12,0,0,I-25 & S LOGAN ST,1,1,0,0,1,4,0,0,55,0,0,0,0,0,1,2,13
,2024-030109,39.69492341,-105.0372751,7/11/2024 20:40,20:40,6,0,1,W ARIZONA AVE & S NEWTON ST,1,3,0,0,1,4,0,0,20,0,0,0,0,1,4,2,12
,2024-030110,39.78021604,-104.9496543,7/12/2024 0:13,0:13,12,0,0,I-70 & N VASQUEZ BLVD,1,3,0,0,1,4,0,0,55,0,0,0,0,0,1,2,11
,2024-030113,39.67846424,-104.9146646,7/12/2024 14:58,14:58,3,0,2,E EVANS AVE & S MONACO ST PKWY,1,1,0,0,1,2,0,0,35,0,0,0,0,2,4,2,11
,2024-030114,39.74002887,-105.0028216,7/12/2024 8:09,8:09,3,0,1,W COLFAX AVE & N MARIPOSA ST,1,1,0,0,1,1,0,0,30,0,0,0,0,1,2,2,13
,2024-030117,39.66616237,-104.9247985,7/11/2024 13:45,13:45,12,0,0,I-25 & E YALE AVE,1,1,0,0,1,4,0,0,55,0,0,0,0,0,1,4,13
,2024-030118,39.783364,-105.0043981,7/11/2024 15:37,15:37,12,0,0,I-70 & N PECOS ST,1,1,0,0,1,4,0,0,55,0,0,0,0,0,1,2,8
,2024-030121,39.67322139,-104.9828503,7/12/2024 15:10,15:10,6,0,0, LOGAN ST & E ILIFF AVE,1,1,0,0,1,4,0,0,30,0,0,0,0,0,4,2,13
,2024-030122,39.75106822,-105.0169003,7/12/2024 10:56,10:56,12,0,0,I-25 & W 23RD AVE,1,1,0,0,1,4,0,0,55,0,0,0,0,0,1,2,3
,2024-030123,39.738288,-104.9406146,7/12/2024 6:59,6:59,3,0,0, COLORADO BLVD & E 14TH AVE,1,1,0,0,1,1,0,0,35,0,0,0,0,0,2,2,16
,2024-030126,39.74164619,-105.0283726,7/12/2024 12:28,12:28,6,0,0, HOOKER ST & W CONEJOS PL,1,1,0,0,1,2,0,0,20,0,0,0,0,0,4,2,16
,2024-030127,39.68495254,-105.0297886,7/12/2024 6:38,6:38,3,0,1,W COLORADO AVE & S IRVING ST,1,1,0,0,1,1,0,0,25,0,0,0,0,1,4,2,11
,2024-030130,39.74484556,-104.9761476,7/11/2024 10:20,10:20,10,0,0,E 18TH AVE & N EMERSON ST,1,1,0,0,1,1,0,0,30,0,0,0,0,0,4,2,3
,2024-030131,39.83528808,-104.7468329,7/11/2024 17:21,17:21,12,0,0,E-470 & PENA BLVD,1,1,0,0,1,4,0,1,65,0,0,0,0,0,2,2,7
,2024-030135,39.74011657,-104.9861316,7/13/2024 1:30,1:30,12,0,1,E COLFAX AVE & N LINCOLN ST,1,3,0,0,1,1,0,0,25,0,0,0,0,1,2,2,14
,2024-030136,39.77795425,-104.9053854,7/12/2024 15:39,15:39,15,0,0,I-70 EB OFF RAMP & N NORTHFIELD QUEBEC ST,1,1,0,0,1,8,0,0,45,0,0,0,0,0,1,2,13
,2024-030137,39.75210808,-105.0006703,7/12/2024 20:30,20:30,6,0,0,WYNKOOP ST & E 16TH ST,1,2,0,0,3,4,0,0,20,0,0,0,0,0,4,2,16
,2024-030138,39.66253974,-105.0228001,7/12/2024 23:38,23:38,6,0,0, DECATUR ST & W CORNELL AVE,1,4,0,0,1,4,0,0,25,0,0,0,0,0,4,3,16
,2024-030139,39.68932255,-104.9407892,7/8/2024 9:00,9:00,12,0,0, COLORADO BLVD & E FLORIDA AVE,1,1,0,0,1,3,0,0,,0,0,0,0,0,2,2,16
,2024-030140,39.68469217,-104.950085,7/13/2024 2:23,2:23,12,0,3,I-25 & S STEELE ST,1,3,0,0,1,4,0,0,65,0,0,0,0,2,1,2,13
,2024-030145,39.71094098,-104.9987395,7/13/2024 13:01,13:01,12,0,1,I-25 & W ALAMEDA AVE,14,1,0,0,1,4,0,0,65,0,0,0,0,1,1,2,3
,2024-030148,39.834668,-104.67734,7/12/2024 18:16,18:16,15,0,0,PENA BLVD & JACKSON GAP ST,1,1,0,0,1,4,0,0,45,0,0,0,0,0,4,2,11
,2024-030149,39.74558617,-104.9848508,7/12/2024 17:00,17:00,3,0,1,PARK AVE W & CALIFORNIA ST,1,1,0,0,1,1,0,0,30,0,0,0,0,2,4,2,16
,2024-030150,39.6822722,-105.0250198,7/13/2024 2:43,2:43,5,0,1, FEDERAL BLVD & W JEWELL AVE,1,3,0,0,3,1,0,0,40,0,0,0,0,3,2,1,13
,2024-030151,39.8010074,-104.8843952,7/11/2024 23:16,23:16,5,0,0, CENTRAL PARK BLVD & E 58TH AVE,1,3,0,0,3,4,0,0,30,0,0,0,0,0,4,1,7
,2024-030154,39.76094421,-105.0043188,7/12/2024 23:30,23:30,5,0,0,I-25 & 20TH ST,1,3,0,0,1,4,0,0,55,0,0,0,0,0,1,2,13
,2024-030155,39.75586837,-104.9818548,7/12/2024 16:07,16:07,3,0,0,26TH ST & CHAMPA ST,1,1,0,0,1,1,0,0,25,0,0,0,0,0,4,2,16
,2024-030156,39.73713587,-104.9124378,7/12/2024 19:02,19:02,10,0,0,E 13TH AVE & N MONACO ST,1,1,0,0,1,1,0,0,35,0,0,0,0,0,4,2,10
,2024-030157,39.8338174,-104.7467575,7/13/2024 0:45,0:45,12,0,1,PENA BLVD & E-470,1,3,0,0,1,4,0,1,65,0,0,0,0,2,4,2,14
,2024-030158,39.66776057,-105.0753398,7/2/2024 0:25,0:25,2,0,1,W YALE AVE & S REED ST,1,3,0,0,1,4,0,0,0,1,0,0,0,3,4,2,16
,2024-030160,39.79607298,-104.7503962,7/6/2024 16:48,16:48,5,0,0,E ROBINS DR & N MALAYA ST,1,1,0,0,3,1,0,0,20,0,0,0,0,0,4,3,2
,2024-030161,39.74173345,-104.9707314,6/16/2024 13:54,13:54,12,0,0,PARK AVE & E 16TH AVE,1,1,0,0,1,3,0,0,,0,0,0,0,0,4,2,16
,2024-030162,39.80187338,-104.7863558,7/12/2024 8:59,8:59,12,0,0,E 56TH AVE EXT OB OFF RAMP,1,1,0,0,1,4,0,0,65,0,0,0,0,0,4,2,13
,2024-030164,39.73543046,-104.9810635,7/8/2024 8:45,8:45,6,0,0, PENNSYLVANIA ST & E 12TH AVE,1,1,0,0,1,4,0,0,20,0,0,0,0,0,4,4,16
,2024-030172,39.78292938,-104.8470157,7/13/2024 13:10,13:10,3,0,1, PEORIA ST & E 47TH AVE,1,1,0,0,1,2,0,0,,0,0,0,0,2,4,2,7
,2024-030173,39.7110847,-105.0251687,7/13/2024 11:29,11:29,10,0,0, FEDERAL BLVD & W ALAMEDA AVE,1,1,0,0,1,1,0,0,35,0,0,0,0,0,2,2,7
,2024-030174,39.74405969,-105.0006066,7/12/2024 20:03,20:03,3,0,1, SPEER BLVD & ARAPAHOE ST,1,1,0,0,1,1,0,0,45,0,0,0,0,1,4,2,13
,2024-030175,39.69657548,-104.8822848,7/13/2024 6:59,6:59,12,0,1,E MISSISSIPPI AVE & S ALTON ST,1,1,0,0,1,3,0,0,30,0,0,0,0,2,4,2,1
,2024-030176,39.69659881,-104.9317359,7/12/2024 17:26,17:26,3,0,0,E MISSISSIPPI AVE & S DAHLIA ST,1,1,0,0,1,1,0,0,,0,0,0,0,0,4,2,13
,2024-030177,39.77713241,-104.8828617,7/13/2024 0:11,0:11,15,0,0,I-70 & N CENTRAL PARK BLVD,1,3,0,0,1,4,0,0,65,0,0,0,0,0,1,2,10
,2024-030178,39.75026087,-105.0047331,6/16/2024 11:30,11:30,12,0,1,WEWATTA ST & N SPEER BLVD,1,1,0,0,1,3,0,0,35,0,0,0,0,1,4,2,6
,2024-030179,39.69114936,-104.9593443,7/13/2024 15:37,15:37,15,0,0,E ARKANSAS AVE & S UNIVERSITY BLVD,1,1,0,0,1,3,0,0,35,0,0,0,0,0,4,2,13
,2024-030180,39.67827597,-104.9334857,7/13/2024 16:51,16:51,12,0,1,I-25 & E EVANS AVE,1,3,0,0,1,4,0,0,65,0,0,0,0,1,1,3,3
,2024-030190,39.7320459,-104.9874031,7/8/2024 22:13,22:13,15,0,0, BROADWAY ST & W 10TH AVE,1,3,0,0,1,1,0,0,30,0,0,0,0,0,4,2,13
,2024-030194,39.75637928,-105.011348,6/26/2024 9:30,9:30,12,0,0,I-25 & N SPEER BLVD,1,1,0,0,1,4,0,0,55,0,0,0,0,0,1,2,16
,2024-030195,39.75955125,-104.8989582,7/9/2024 15:00,15:00,2,0,1,2980  SYRACUSE ST & E 29TH AVE,1,1,0,0,1,2,0,0,20,1,0,0,0,2,4,1,11
,2024-030196,39.75443957,-105.0064426,7/9/2024 13:45,13:45,11,0,1,LITTLE RAVEN ST & 15TH ST,1,1,0,0,1,4,0,0,0,0,0,1,0,2,4,1,16
,2024-030198,39.70023081,-104.968716,7/9/2024 13:35,13:35,2,0,2,E KENTUCKY AVE & S FRANKLIN ST,1,1,0,0,1,1,0,0,,1,0,0,0,3,4,1,3
,2024-030201,39.70043189,-105.0532497,7/3/2024 13:28,13:28,1,0,1, SHERIDAN BLVD & W KENTUCKY AVE,1,1,0,0,1,1,0,0,35,0,0,0,1,3,2,3,3
,2024-030226,39.77401016,-104.8470343,7/14/2024 15:13,15:13,12,0,0,I-70 & N PEORIA ST,1,1,0,0,1,4,0,0,55,0,0,0,0,0,1,3,3
,2024-030233,39.70548908,-104.9875489,6/24/2024 5:48,5:48,5,0,0, BROADWAY ST & E CENTER AVE,1,1,0,0,1,4,0,0,30,0,0,0,0,0,4,1,2
,2024-030234,39.77677319,-104.8181974,7/14/2024 3:52,3:52,6,0,1, EUGENE WY & E SCOTT PL,1,3,0,0,1,4,0,0,25,0,0,0,0,1,4,2,14
,2024-030236,39.73020694,-105.0151602,7/9/2024 12:04,12:04,12,0,1,I-25 & W 8TH AVE,1,1,0,0,1,4,0,0,55,0,0,0,0,1,1,4,16
,2024-030241,39.76179591,-104.940668,7/6/2024 15:59,15:59,12,0,0, COLORADO BLVD & E MLK JR BLVD,1,1,0,0,1,4,0,0,,0,0,0,0,0,2,2,16
,2024-030242,39.70051513,-104.9874754,7/13/2024 2:50,2:50,5,0,0, BROADWAY ST & I-25 EB RAMPS,1,3,0,0,3,3,0,0,35,0,0,0,0,0,1,1,13
,2024-030243,39.68945917,-104.9887238,7/13/2024 20:34,20:34,6,0,1, ACOMA ST & W FLORIDA AVE,1,3,0,0,6,4,0,0,25,0,0,0,0,2,4,4,1
,2024-030244,39.72414169,-104.9862521,7/14/2024 13:07,13:07,15,0,0, LINCOLN ST & E 5TH AVE,1,1,0,0,1,1,0,0,30,0,0,0,0,0,4,2,13
,2024-030249,39.69657867,-104.9407257,7/13/2024 22:10,22:10,1,0,1, COLORADO BLVD & E MISSISSIPPI AVE,1,3,0,0,1,1,0,0,25,0,0,0,0,2,2,2,16
,2024-030250,39.760797,-105.0045817,7/13/2024 22:40,22:40,12,0,1,I-25 & 20TH ST,1,3,0,0,1,4,0,0,55,0,0,0,0,2,1,2,16
,2024-030252,39.67889293,-104.9593922,7/7/2024 13:14,13:14,6,0,0, UNIVERSITY BLVD & E EVANS AVE,1,1,0,0,1,4,0,0,,0,0,0,0,0,4,2,16
,2024-030255,39.74387567,-104.8975667,7/6/2024 17:30,17:30,6,0,0, SPRUCE ST & E 17TH AVE,1,1,0,0,1,4,0,0,,0,0,0,0,0,4,2,16
,2024-030259,39.78313356,-105.0002995,7/14/2024 2:45,2:45,5,0,1,I-70 & WB OFF RAMP MERGE PT TO N PECOS ST,1,3,0,0,3,8,0,0,55,0,0,0,0,1,1,1,14
,2024-030261,39.73570192,-104.9823009,6/26/2024 1:20,1:20,6,0,0, LOGAN ST & E 12TH AVE,1,3,0,0,1,4,0,0,25,0,0,0,0,0,4,2,16
,2024-030263,39.71117756,-104.9988801,7/1/2024 9:58,9:58,15,0,0,I-25 & W ALAMEDA AVE,1,1,1,0,1,4,0,0,55,0,0,0,0,0,1,2,11
,2024-030264,39.84928164,-104.6726895,7/14/2024 15:49,15:49,16,0,0,8400 PENA BLVD,1,1,1,0,5,4,0,0,45,0,0,0,0,0,3,2,11
,2024-030265,39.78516132,-104.7771685,7/14/2024 17:14,17:14,15,0,0,E 49TH AVE & GREEN VALLEY RANCH BLVD,1,1,0,0,1,1,0,0,20,0,0,0,0,0,4,2,13
,2024-030266,39.72530883,-104.9395737,7/14/2024 2:36,2:36,5,0,1,E 6TH AVE & S ALBION ST,1,3,0,0,2,4,0,0,35,0,0,0,0,3,4,1,16
,2024-030267,39.78938657,-105.0346012,7/11/2024 18:05,18:05,12,0,0, LOWELL BLVD & W 51ST AVE,1,1,1,0,1,4,0,0,30,0,0,0,0,0,4,2,3
,2024-030272,39.74008669,-104.8905516,7/14/2024 14:36,14:36,3,0,0, VERBENA ST & E COLFAX AVE,1,1,0,0,1,1,0,0,30,0,0,0,0,0,2,2,10
,2024-030273,39.6961992,-105.0518753,7/14/2024 1:36,1:36,6,0,0, ZENOBIA ST & W MISSISSIPPI AVE,1,3,0,0,1,4,0,0,20,0,0,0,0,0,4,3,13
,2024-030276,39.78924841,-105.0345998,7/14/2024 18:38,18:38,12,0,0, LOWELL BLVD & W 51ST AVE,1,1,0,0,1,1,0,0,35,0,0,0,0,0,4,2,13
,2024-030277,39.78882205,-105.0345929,7/14/2024 18:38,18:38,12,0,1, LOWELL BLVD & W 51ST AVE,1,1,0,0,1,4,0,0,35,0,0,0,0,2,4,3,3
,2024-030280,39.74008742,-104.8893691,7/14/2024 3:02,3:02,1,0,0,E COLFAX AVE & N WABASH ST,1,3,0,0,1,1,0,0,35,0,0,0,0,0,2,2,16
,2024-030282,39.77948415,-104.9796824,7/3/2024 17:30,17:30,15,0,0,I-70 & N WASHINGTON ST,1,1,0,0,1,8,0,0,,0,0,0,0,0,1,2,16
,2024-030284,39.77314698,-104.8370338,7/13/2024 23:10,23:10,12,0,0,I-70 & N PEORIA ST,1,4,0,0,1,4,0,0,55,0,0,0,0,0,1,2,13
,2024-030285,39.76869861,-104.9948215,7/13/2024 23:39,23:39,15,0,0, FOX ST & I-25 SB ON RAMP,1,3,0,0,1,1,0,0,35,0,0,0,0,0,1,2,16
,2024-030286,39.76001609,-104.890774,7/14/2024 14:58,14:58,3,0,0,E MLK JR BLVD & N CENTRAL PARK BLVD,1,1,0,0,1,1,0,0,30,0,0,0,0,0,4,2,13
,2024-030291,39.73727793,-104.8846671,7/11/2024 17:27,17:27,3,0,1, YOSEMITE ST & E 13TH AVE,1,1,0,0,1,1,0,0,30,0,0,0,0,2,4,2,11
,2024-030294,39.81462014,-104.7720774,7/10/2024 12:15,12:15,3,0,1,E 65TH AVE & N TOWER RD,1,1,0,0,1,1,0,0,45,0,0,0,0,1,4,4,16
,2024-030296,39.74165561,-104.9747738,7/10/2024 15:50,15:50,2,0,1,E 16TH AVE & N OGDEN ST,1,1,0,0,1,1,0,0,20,1,0,0,0,2,4,1,16
,2024-030298,39.75230236,-105.0038707,6/21/2024 17:03,17:03,11,0,1,15TH ST & DELGANY ST,1,1,0,0,1,1,0,0,20,0,1,0,0,3,4,1,16
,2024-030300,39.71497752,-105.0300099,7/11/2024 15:11,15:11,2,0,1,W BAYAUD AVE & S IRVING ST,1,1,0,0,1,1,0,0,0,1,0,0,0,2,4,1,16
,2024-030301,39.7400822,-104.8969874,7/6/2024 13:55,13:55,15,0,0,E COLFAX AVE & N SYRACUSE ST,1,1,0,0,1,4,0,0,35,0,0,0,0,0,2,2,13
,2024-030303,39.67845806,-104.918613,7/8/2024 15:52,15:52,1,0,1,E EVANS AVE & S JASMINE ST,1,1,0,0,1,2,0,0,40,0,0,0,1,3,4,2,16
,2024-030304,39.72565402,-105.0153269,6/28/2024 22:48,22:48,12,0,0,W 6TH AVE WB ON RAMP & I-25,1,3,0,0,1,8,0,0,55,0,0,0,0,0,2,2,13
,2024-030316,39.69311534,-105.0250363,7/10/2024 16:20,16:20,12,0,1, FEDERAL BLVD & W LOUISIANA AVE,1,1,0,0,1,4,0,0,35,0,0,0,0,1,2,2,8
,2024-030322,39.71819789,-104.9732324,7/10/2024 18:20,18:20,2,0,1, DOWNING ST & E 1ST AVE,1,1,0,0,1,1,0,0,0,1,0,0,0,2,4,1,16
,2024-030398,39.70605803,-104.9733736,7/15/2024 13:29,13:29,6,0,0, DOWNING ST & E VIRGINIA AVE,1,1,0,0,1,4,0,0,30,0,0,0,0,0,4,2,3