id,drcog_id,latitude,longitude,crashtime,time,crashtype,numbkilled,numbinjurd,drcoglocat,rdconditin,lightngcon,roadcntgrd,weatherco,location,roaddescrp,schoolzone,constrzone,splimit,bikeinv,pedinv,sctrinv,motoinv,svrty,rdsystem,ttlvehcls,hcf
,2024-030408,39.77208997,-104.9023207,7/12/2024 14:16,14:16,15,0,0, QUEBEC ST & E SMITH RD,1,1,0,0,1,4,0,0,35,0,0,0,0,0,4,2,1
,2024-030409,39.66664087,-105.0298728,7/15/2024 0:20,0:20,6,0,0, IRVING ST & W LINEVALE PL,1,3,0,0,1,4,0,0,20,0,0,0,0,0,4,2,16
,2024-030412,39.77529021,-105.0075997,7/15/2024 3:38,3:38,6,0,1, QUIVAS ST & W 43RD AVE,1,3,0,0,1,4,0,0,20,0,0,0,0,2,4,2,1
,2024-030424,39.66027563,-104.8662956,7/14/2024 18:14,18:14,5,0,1, HAVANA ST & E DARTMOUTH AVE,1,1,0,0,2,3,0,0,45,0,0,0,0,2,2,1,9
,2024-030425,39.77354561,-104.8374964,7/14/2024 22:30,22:30,5,0,3,I-70 WB OFF RAMP & N PEORIA ST,1,3,0,0,2,8,0,0,55,0,0,0,0,1,1,2,10
,2024-030426,39.63785696,-104.894555,7/15/2024 17:30,17:30,15,0,1, TAMARAC DR & E QUINCY AVE,1,1,1,0,1,3,0,0,35,0,0,0,0,2,4,2,10
,2024-030427,39.78364528,-104.766514,7/15/2024 14:47,14:47,15,0,1,E GREEN VALLEY RANCH BLVD & N ANDES CT,1,1,0,0,1,2,0,0,35,0,0,0,1,1,4,2,7
,2024-030430,39.75847528,-105.023614,7/15/2024 11:50,11:50,1,0,2,W 29TH AVE & N ELIOT ST,1,1,0,0,1,1,0,0,30,0,0,0,0,2,4,2,16
,2024-030433,39.72414169,-104.9862521,7/3/2024 16:30,16:30,12,0,0, LINCOLN ST & E 5TH AVE,1,1,0,0,1,1,0,0,30,0,0,0,0,0,4,2,16
,2024-030445,39.74154424,-104.9672216,7/15/2024 12:25,12:25,12,0,0, GILPIN ST & E 16TH ST,1,1,0,0,1,4,0,0,20,0,0,0,0,0,4,2,11
,2024-030446,39.68300514,-104.9409197,7/15/2024 18:17,18:17,12,0,0,I-25 & S COLORADO BLVD,1,1,0,0,1,4,0,0,55,0,0,0,0,0,1,3,13
,2024-030447,39.72922688,-104.9394579,7/15/2024 12:20,12:20,3,0,0, ALBION ST & E 8TH AVE,1,1,0,0,1,1,0,0,35,0,0,0,0,0,4,2,11
,2024-030453,39.73842171,-104.9127948,7/14/2024 10:06,10:06,12,0,0, MONACO ST PKWY & E 14TH AVE,1,1,0,0,1,3,0,0,,0,0,0,0,0,4,2,16
,2024-030454,39.67849043,-104.9686369,7/15/2024 6:52,6:52,12,0,0,E EVANS AVE & S FRANKLIN ST,1,1,0,0,1,3,0,0,30,0,0,0,0,0,4,2,11
,2024-030458,39.65066849,-104.9172015,7/15/2024 9:08,9:08,15,0,0,I-25 & E HAMPDEN AVE,1,1,1,0,1,4,0,0,60,0,0,0,0,0,1,2,3
,2024-030459,39.76659697,-104.9766961,7/14/2024 12:56,12:56,12,0,0,3534 WALNUT ST & 34TH ST,1,1,0,0,1,4,0,0,25,0,0,0,0,0,4,2,3
,2024-030460,39.7536123,-105.025286,7/15/2024 16:19,16:19,12,0,2, FEDERAL BLVD & W 25TH AVE,1,1,0,0,1,1,0,0,35,0,0,0,0,1,2,3,13
,2024-030461,39.68174154,-104.9368245,7/15/2024 11:45,11:45,12,0,0,I-25 NB COLLECTOR RAMP & E EVANS AVE,1,1,1,0,1,8,0,0,55,0,0,0,0,0,1,2,16
,2024-030463,39.71155781,-104.9404865,7/13/2024 8:45,8:45,12,0,0,E ALAMEDA AVE & S COLORADO BLVD,1,1,0,0,1,3,0,0,30,0,0,0,0,0,4,2,1
,2024-030464,39.72412821,-104.9535348,7/14/2024 23:25,23:25,6,0,0,E 5TH AVE & N FILLMORE ST,1,3,0,0,3,4,0,0,25,0,0,0,0,0,4,3,16
,2024-030465,39.68470245,-104.9606502,7/15/2024 5:37,5:37,15,0,1,I-25 & S UNIVERSITY BLVD,1,1,1,0,1,4,0,0,55,0,0,0,0,3,1,2,11
,2024-030466,39.77967611,-104.9720969,7/15/2024 11:35,11:35,15,0,0,I-70 & N BRIGHTON BLVD,1,1,1,0,1,4,0,0,55,0,0,0,0,0,1,2,13
,2024-030467,39.62935916,-104.9046491,7/15/2024 17:19,17:19,12,0,1,I-25 & I-225 EXT RAMP,1,1,0,0,1,4,0,0,65,0,0,0,0,1,1,4,16
,2024-030468,39.74335937,-104.9873765,7/14/2024 10:26,10:26,3,0,0,E 17TH AVE & N BROADWAY ST,1,1,0,0,1,1,0,0,30,0,0,0,0,0,4,2,16
,2024-030470,39.75101801,-104.9034279,7/12/2024 10:15,10:15,3,0,1, QUEBEC ST & E 23RD AVE,1,1,0,0,1,1,0,0,35,0,0,0,0,1,4,2,3
,2024-030471,39.73685147,-104.9873938,7/14/2024 2:01,2:01,12,0,0, BROADWAY ST & W 13TH AVE,1,3,3,0,1,1,0,0,35,0,0,0,0,0,4,5,16
,2024-030472,39.70246119,-105.0015324,7/15/2024 7:15,7:15,3,0,0,W OHIO AVE & S LIPAN ST,1,1,0,0,1,1,0,0,25,0,0,0,0,0,4,2,11
,2024-030473,39.75161381,-104.9981417,7/7/2024 9:34,9:34,6,0,0,17TH ST & BLAKE ST,1,1,0,0,1,4,0,0,25,0,0,0,0,0,4,2,14
,2024-030479,39.69661873,-104.9827716,7/15/2024 17:56,17:56,3,0,0, LOGAN ST & E MISSISSIPPI AVE,1,1,0,0,1,1,0,0,35,0,0,0,0,0,4,2,11
,2024-030481,39.77458057,-105.0054328,7/5/2024 22:00,22:00,6,0,0, OSAGE ST & W 42ND AVE,1,3,1,0,1,4,0,0,,0,0,0,0,0,4,3,16
,2024-030483,39.67846361,-104.9128819,7/15/2024 0:58,0:58,12,0,0,E EVANS AVE & S MONACO ST PKWY,1,3,0,0,1,3,0,0,35,0,0,0,0,0,4,2,11
,2024-030488,39.74008039,-104.9127931,7/13/2024 10:33,10:33,3,0,0,E COLFAX AVE & N MONACO ST PKWY,1,1,0,0,1,1,0,0,35,0,0,0,0,0,2,4,1
,2024-030489,39.69525894,-105.0518763,7/13/2024 1:15,1:15,6,0,0, ZENOBIA ST & W ARIZONA AVE,1,3,1,0,1,4,0,0,,0,0,0,0,0,4,3,16
,2024-030491,39.78574024,-104.8207058,7/15/2024 4:09,4:09,6,0,1, DEEPHAVEN CT & E 51ST AVE,1,4,0,0,1,4,0,0,20,0,0,0,0,2,4,3,1
,2024-030492,39.74477813,-104.9989089,7/15/2024 5:47,5:47,10,0,0,13TH ST & ARAPAHOE ST,1,1,0,0,1,2,0,0,20,0,0,0,0,0,4,2,13
,2024-030493,39.73290134,-104.9597975,7/13/2024 11:40,11:40,12,0,0, YORK ST & E 11TH AVE,1,1,0,0,1,2,0,0,30,0,0,0,0,0,4,2,3
,2024-030500,39.76205854,-104.9734143,7/12/2024 16:16,16:16,14,0,0,E MLK JR BLVD & N DOWNING ST,1,1,0,0,1,4,0,0,,0,0,0,0,0,4,2,16
,2024-030502,39.74001143,-104.9800866,7/11/2024 20:54,20:54,11,0,1,E COLFAX AVE & N PEARL ST,1,3,0,0,1,4,0,0,0,0,1,0,0,3,2,1,16
,2024-030507,39.77353353,-104.8372958,7/12/2024 9:54,9:54,9,0,1,I-70 WB OFF RAMP & N PEORIA ST,1,1,0,0,1,8,0,0,55,0,0,0,1,2,1,1,13
,2024-030511,39.6529459,-104.9129298,7/11/2024 11:43,11:43,12,0,1, MONACO ST PKWY & E HAMPDEN AVE,1,1,0,0,1,3,0,0,35,0,0,0,0,2,2,2,16
,2024-030516,39.76061369,-104.9001075,7/12/2024 16:49,16:49,1,0,2,E MLK JR BLVD & N ROSLYN ST,1,1,0,0,1,1,0,0,35,0,0,0,0,2,4,2,16
,2024-030536,39.71573488,-105.0227657,7/10/2024 17:52,17:52,3,0,2,W ARCHER PL & S DECATUR ST,1,1,1,0,1,1,0,0,25,0,0,0,0,1,4,2,16
,2024-030616,39.77772936,-104.9037152,7/16/2024 10:01,10:01,12,0,0, NORTHFIELD QUEBEC ST & I-70 EB RAMPS,1,1,1,0,1,1,0,0,45,0,0,0,0,0,2,2,13
,2024-030617,39.70386523,-104.9593597,7/16/2024 9:26,9:26,3,0,1, UNIVERSITY BLVD & E EXPOSITION AVE,1,1,0,0,1,1,0,0,30,0,0,0,0,1,4,3,12
,2024-030618,39.73114867,-105.0251819,7/16/2024 8:34,8:34,8,0,0,W 9TH AVE & N FEDERAL BLVD,1,1,0,0,1,1,0,0,10,0,0,0,0,0,2,2,11
,2024-030620,39.65264566,-104.9183147,6/24/2024 17:32,17:32,12,0,0,I-25 & E HAMPDEN AVE,1,1,0,0,1,4,0,0,60,0,0,0,0,0,1,2,1
,2024-030621,39.71115267,-105.0299369,6/25/2024 17:17,17:17,1,0,0,E HAMPDEN AVE & S ONEIDA WY,1,1,0,0,1,1,0,0,40,0,0,0,0,0,2,2,11
,2024-030624,39.73590247,-105.0146677,7/8/2024 3:38,3:38,5,0,5,I-25 & W 8TH AVE,1,3,1,0,3,4,0,0,55,0,0,0,0,3,1,1,10
,2024-030627,39.69421862,-104.9793897,7/16/2024 8:52,8:52,12,0,0,I-25 & S WASHINGTON ST,1,1,3,0,1,8,0,0,60,0,0,0,0,0,1,2,13
,2024-030629,39.69477558,-104.9663656,7/16/2024 11:08,11:08,3,0,0, WILLIAMS ST & E ARIZONA AVE,1,1,0,0,1,1,0,0,25,0,0,0,0,0,4,2,11
,2024-030630,39.6983028,-104.9028015,7/15/2024 7:47,7:47,12,0,0, PARKER RD & S QUEBEC ST,1,1,0,0,1,3,0,0,35,0,0,0,0,0,2,2,3
,2024-030631,39.7740069,-104.8470299,7/15/2024 15:00,15:00,12,0,0,I-70 & N PEORIA ST,1,1,1,0,1,4,0,0,55,0,0,0,0,0,1,2,10
,2024-030652,39.74744335,-104.9034481,7/17/2024 17:24,17:24,12,0,0, QUEBEC ST & E MONTVIEW BLVD,1,1,3,0,1,1,0,0,35,0,0,0,0,0,4,2,13
,2024-030658,39.69249686,-105.0532091,7/17/2024 14:39,14:39,11,0,0, SHERIDAN BLVD & W WYOMING PL,1,1,0,0,1,1,0,0,0,0,0,1,0,0,2,1,16
,2024-030660,39.72616328,-105.052673,7/17/2024 18:24,18:24,12,0,0,W 6TH AVE FRTG RD & N SHERIDAN BLVD,1,1,0,0,1,4,0,0,25,0,0,0,0,0,4,2,13
,2024-030661,39.74339451,-104.9322641,7/16/2024 13:00,13:00,6,0,1,E 17TH AVE & N DAHLIA ST,1,1,0,0,1,3,0,0,30,0,0,0,0,1,4,2,11
,2024-030663,39.7616656,-105.0042387,7/17/2024 13:20,13:20,12,0,0,I-25 & 20TH ST,1,1,0,0,1,4,0,0,55,0,0,0,0,0,1,2,13
,2024-030669,39.7470121,-104.989713,7/17/2024 8:05,8:05,12,0,1,18TH ST & CALIFORNIA ST,1,1,0,0,1,3,0,0,20,0,0,0,0,1,4,6,16
,2024-030676,39.78529818,-104.8830738,7/16/2024 12:50,12:50,3,0,0, CENTRAL PARK BLVD & E NORTHFIELD BLVD,1,1,0,0,1,1,0,0,35,0,0,0,0,0,4,2,14
,2024-030677,39.66416485,-104.9321955,7/16/2024 18:15,18:15,6,0,0,E CORNELL AVE & S DAHLIA ST,1,1,0,0,1,4,0,0,25,0,0,0,0,0,4,2,14
,2024-030685,39.77660143,-104.8107123,7/17/2024 9:03,9:03,3,0,1, GRANBY WY & E 46TH AVE,1,1,0,0,1,1,0,0,20,0,0,0,0,1,4,2,13
,2024-030687,39.6809631,-104.9222715,7/17/2024 15:31,15:31,3,0,0,1970  HOLLY ST & E ATLANTIC PL,1,1,0,0,1,2,0,0,30,0,0,0,1,0,4,2,11
,2024-030688,39.71121625,-104.9222861,7/16/2024 17:13,17:13,1,0,2,E ALAMEDA AVE & S HOLLY ST,1,1,0,0,1,1,0,0,35,0,0,0,0,2,4,2,13
,2024-030689,39.80010748,-104.7721166,7/16/2024 11:30,11:30,3,0,0, TOWER RD & E 57TH AVE,1,1,1,0,1,1,0,0,40,0,0,0,0,0,4,2,16
,2024-030690,39.65309292,-104.9182403,7/16/2024 11:10,11:10,12,0,0,I-25 & E HAMPDEN AVE,1,1,0,0,1,4,0,0,65,0,0,0,0,0,1,2,3
,2024-030692,39.62531321,-104.8947223,7/17/2024 8:37,8:37,5,0,0, ULSTER ST & E BELLEVIEW AVE,1,1,0,0,3,4,0,0,30,0,0,0,0,0,4,1,10
,2024-030694,39.77428022,-104.8470352,7/16/2024 7:40,7:40,15,0,0,I-70 & N PEORIA ST,1,1,0,0,1,4,0,0,55,0,0,0,0,0,1,2,13
,2024-030695,39.74521173,-105.0096182,7/16/2024 23:05,23:05,10,0,0,7TH ST & AURARIA PKWY,1,3,0,0,1,1,0,0,25,0,0,0,0,0,4,2,13
,2024-030698,39.73800791,-105.0252739,7/16/2024 16:31,16:31,11,0,1,W 14TH AVE & N FEDERAL BLVD,1,1,0,0,1,1,0,0,35,0,1,0,0,1,2,1,16
,2024-030699,39.74252715,-105.015417,7/16/2024 8:42,8:42,12,0,0,I-25 & W COLFAX AVE,1,1,1,0,1,4,0,0,55,0,0,0,0,0,1,2,3
,2024-030702,39.78922104,-104.9875246,7/16/2024 9:00,9:00,12,0,0,E 51ST AVE & N BROADWAY ST,1,1,0,0,1,3,0,0,30,0,0,0,0,0,4,2,3
,2024-030703,39.7769577,-104.8809592,7/17/2024 15:21,15:21,12,0,0,I-70 & N CENTRAL PARK BLVD,1,1,0,0,1,4,0,0,55,0,0,0,0,0,1,2,3
,2024-030704,39.75268257,-104.9946714,7/17/2024 7:47,7:47,12,0,0,19TH ST & MARKET ST,1,1,0,0,1,3,0,0,25,0,0,0,0,0,4,3,11
,2024-030705,39.78169784,-104.9895454,7/17/2024 13:37,13:37,12,0,0,I-25 & I-70,1,1,0,0,1,4,0,0,55,0,0,0,0,0,1,2,13
,2024-030707,39.74123381,-105.0141745,7/16/2024 16:22,16:22,12,0,0,I-25 & AURARIA PKWY,1,1,0,0,1,4,0,0,55,0,0,0,0,0,1,2,13
,2024-030709,39.68375642,-104.9406908,7/17/2024 8:31,8:31,15,0,0, COLORADO BLVD & I-25 NB RAMPS,1,1,0,0,1,3,0,0,35,0,0,0,0,0,2,3,13
,2024-030714,39.72906796,-104.9752503,7/17/2024 12:40,12:40,3,0,2, OGDEN ST & E 8TH AVE,1,1,0,0,1,1,0,0,30,0,0,0,0,2,4,2,10
,2024-030715,39.67680331,-105.0182907,7/16/2024 13:35,13:35,15,0,0,W WARREN AVE & S BRYANT ST,1,1,0,0,1,3,0,0,25,0,0,0,0,0,4,2,11
,2024-030716,39.68306916,-104.9391465,7/16/2024 19:10,19:10,10,0,1,I-25 NB ON OFF RAMP & S COLORADO BLVD,1,1,1,0,1,8,0,0,30,0,0,0,0,2,1,2,7
,2024-030725,39.73043823,-104.9825801,6/21/2024 18:40,18:40,11,0,1,E 9TH AVE & N LOGAN ST,1,2,0,0,1,9,0,0,,0,0,1,0,1,4,1,16
,2024-030734,39.74038176,-104.9873875,7/13/2024 13:45,13:45,11,0,1, BROADWAY ST & E COLFAX AVE,1,1,0,0,1,4,0,0,30,0,0,1,0,2,4,1,16
,2024-030794,39.74757625,-105.0189678,6/15/2024 19:55,19:55,12,0,0, BRYANT ST & MILE HIGH STADIUM W CIRCLE,1,3,0,0,1,4,0,0,35,0,0,0,0,0,4,2,14
,2024-030795,39.64410018,-104.9134892,5/12/2024 0:06,0:06,15,0,1,I-25 & E HAMPDEN AVE,11,3,0,1,1,4,0,0,65,0,0,0,0,2,1,2,16
,2024-030807,39.76402726,-104.953644,7/18/2024 6:17,6:17,6,0,0, FILLMORE ST & E BRUCE RANDOLPH BLVD,1,1,0,0,1,4,0,0,20,0,0,0,0,0,4,2,16
,2024-030809,39.67285071,-104.9734535,7/17/2024 12:41,12:41,14,0,0, DOWNING ST & E WESLEY AVE,1,1,0,0,1,4,0,0,20,0,0,0,0,0,4,2,16
,2024-030810,39.71104726,-104.9361432,7/18/2024 8:44,8:44,12,0,0,LEETSDALE DR & E ALAMEDA AVE,1,1,0,0,1,4,0,0,30,0,0,0,0,0,2,2,14
,2024-030811,39.75612304,-104.9033996,7/17/2024 23:39,23:39,5,0,0,2685  QUEBEC ST & E 26TH AVE,1,3,0,0,3,4,0,0,30,0,0,0,0,0,4,1,1
,2024-030813,39.71119521,-104.997141,7/17/2024 12:30,12:30,1,0,0,W ALAMEDA AVE & S SANTA FE DR,1,1,0,0,1,1,0,0,30,0,0,0,0,0,4,2,11
,2024-030814,39.77930082,-104.9496369,7/18/2024 5:43,5:43,3,0,1,I-70 WB OFF RAMP & N STEELE ST,1,1,0,0,1,1,0,0,35,0,0,0,0,1,2,2,16
,2024-030820,39.71118526,-105.0038984,7/18/2024 19:45,19:45,12,0,0,W ALAMEDA AVE & S NAVAJO ST,1,1,0,7,1,4,0,0,40,0,0,0,0,0,2,2,13
,2024-030823,39.70829229,-104.926975,7/7/2024 2:02,2:02,6,0,0, FOREST ST & LEETSDALE DR,1,3,1,0,1,4,0,0,20,0,0,0,0,0,4,2,14
,2024-030824,39.76732098,-104.8904572,2/10/2024 12:23,12:23,3,0,0, CENTRAL PARK BLVD & E 36TH AVE,11,1,0,2,1,1,0,0,,0,0,0,0,0,4,2,16
,2024-030826,39.67902777,-104.9338421,7/18/2024 12:09,12:09,12,0,0,I-25 NB ON RAMP & E EVANS AVE,1,1,0,0,1,8,0,0,35,0,0,0,0,0,1,2,13
,2024-030827,39.71120904,-104.9141259,7/17/2024 9:00,9:00,5,0,0,E ALAMEDA AVE & S LOCUST ST,1,1,0,0,3,1,0,0,30,0,0,0,0,0,4,1,1
,2024-030828,39.65305574,-104.8847851,7/3/2024 14:15,14:15,12,0,0,E HAMPDEN AVE & S YOSEMITE ST,1,1,0,0,1,1,0,0,35,0,0,0,0,0,2,2,13
,2024-030830,39.83201664,-104.7155396,7/15/2024 7:00,7:00,10,0,0,E 75TH AVE & N GUN CLUB RD,1,1,3,0,1,1,0,0,45,0,0,0,0,0,4,2,13
,2024-030831,39.7831404,-105.0064577,7/18/2024 8:36,8:36,15,0,2,I-70 & N PECOS ST,1,1,0,0,1,4,0,0,55,0,0,0,0,1,1,2,16
,2024-030836,39.65307901,-104.8987255,7/18/2024 16:35,16:35,1,0,2,E HAMPDEN AVE & S TAMARAC DR,1,1,0,0,1,1,0,0,35,0,0,0,0,3,2,2,1
,2024-030838,39.72395385,-104.9834493,7/18/2024 10:20,10:20,12,0,0,E SPEER BLVD & N GRANT ST,1,1,0,0,1,4,0,0,30,0,0,0,0,0,4,2,8
,2024-030839,39.72195479,-104.9730018,7/17/2024 16:00,16:00,6,0,0,E 4TH AVE & N DOWNING ST,1,1,0,0,1,4,0,0,,0,0,0,0,0,4,2,16
,2024-030841,39.83315736,-104.724922,7/15/2024 22:30,22:30,15,0,0,PENA BLVD & GUN CLUB RD,1,3,0,0,1,4,0,0,65,0,0,0,0,0,4,2,1
,2024-030842,39.85193,-104.67405,7/15/2024 12:14,12:14,6,0,0,8500 PENA BLVD,1,1,3,0,5,4,0,0,25,0,0,0,0,0,3,2,13
,2024-030843,39.74325026,-104.9734244,7/17/2024 21:18,21:18,12,0,0,E 17TH AVE & N DOWNING ST,1,3,0,0,1,3,0,0,30,0,0,0,0,0,4,2,10
,2024-030848,39.65335722,-105.0532905,7/16/2024 17:10,17:10,12,0,1,W HAMPDEN AVE & S SHERIDAN BLVD,1,1,0,0,1,4,0,0,55,0,0,0,0,1,2,3,2
,2024-030856,39.76449075,-104.9597604,7/17/2024 15:00,15:00,12,0,0,E BRUCE RANDOLPH AVE & N YORK ST,1,1,0,0,1,1,0,0,30,0,0,0,0,0,4,2,3
,2024-030857,39.72563179,-104.9836192,7/17/2024 18:25,18:25,3,0,2,E 6TH AVE & N GRANT ST,1,1,0,0,1,1,0,0,30,0,0,0,0,2,4,2,13
,2024-030858,39.79045374,-104.8371248,7/7/2024 22:42,22:42,6,0,0,E 51ST AVE & N UTOPIA CT,1,3,0,0,1,4,0,0,25,0,0,0,0,0,4,2,16
,2024-030859,39.7565298,-104.9827324,7/18/2024 16:38,16:38,12,0,1,CURTIS ST & 26TH ST,1,1,0,0,1,3,0,0,25,0,0,0,0,1,4,2,4
,2024-030860,39.63828516,-104.8947947,7/18/2024 16:20,16:20,1,0,1, TAMARAC ST & E QUINCY AVE,1,1,0,0,1,1,0,0,35,0,0,0,0,2,4,2,11
,2024-030861,39.72563961,-104.9874357,7/17/2024 17:00,17:00,12,0,0, BROADWAY ST & E 6TH AVE,1,1,0,0,1,1,0,0,30,0,0,0,0,0,4,2,3
,2024-030866,39.73367664,-104.9775883,7/18/2024 6:49,6:49,3,0,1,E 11TH AVE & N CLARKSON ST,1,1,0,0,1,1,0,0,30,0,0,0,0,1,4,2,11
,2024-030868,39.73686859,-104.9988626,6/22/2024 20:24,20:24,6,0,0,W 13TH AVE & N SANTA FE DR,1,3,0,0,1,4,0,0,,0,0,0,0,0,4,3,16
,2024-030870,39.76732098,-104.8904572,7/18/2024 6:54,6:54,1,0,0, CENTRAL PARK BLVD & E 36TH AVE,1,1,0,0,1,1,0,0,30,0,0,0,0,0,4,2,16
,2024-030871,39.70792826,-104.9971718,7/17/2024 16:37,16:37,12,0,0,I-25 & W ALAMEDA AVE,1,1,1,0,1,4,0,0,55,0,0,0,0,0,1,2,13
,2024-030872,39.67328365,-105.0532621,7/18/2024 0:14,0:14,15,0,1, SHERIDAN BLVD & W VASSAR AVE,1,3,0,0,1,1,0,0,40,0,0,0,0,2,2,2,3
,2024-030873,39.68803944,-104.9693834,7/18/2024 10:36,10:36,12,0,0,I-25 & S DOWNING ST,1,1,0,0,1,4,0,0,60,0,0,0,0,0,1,2,13
,2024-030874,39.77428027,-104.8470352,7/18/2024 11:36,11:36,5,0,0,I-70 & N PEORIA ST,1,1,0,0,2,4,0,0,55,0,0,0,0,0,1,1,13
,2024-030877,39.73469196,-104.9406188,7/17/2024 14:00,14:00,6,0,0, COLORADO BLVD & E 12TH AVE,1,1,0,0,3,4,0,0,,0,0,0,0,0,2,2,16
,2024-030879,39.69082669,-105.0186,7/18/2024 8:20,8:20,6,0,0,W ARKANSAS AVE & S BRYANT ST,1,1,0,0,1,4,0,0,20,0,0,0,0,0,4,2,16
,2024-030882,39.71109469,-105.0299251,7/19/2024 7:35,7:35,3,0,0, IRVING ST & W ALAMEDA AVE,1,1,0,0,1,1,0,0,25,0,0,0,0,0,2,2,13
,2024-030883,39.66284034,-105.0814301,7/19/2024 10:13,10:13,3,0,0,W DARTMOUTH AVE & S WADSWORTH BLVD,1,1,0,0,1,1,0,0,25,0,0,0,0,0,2,2,11
,2024-030884,39.72933123,-105.0251493,7/18/2024 15:00,15:00,12,0,0, FEDERAL BLVD & 6TH AVE,1,1,0,0,1,3,0,0,35,0,0,0,0,0,2,2,10
,2024-030885,39.73554433,-104.9835981,7/15/2024 4:07,4:07,6,0,1, GRANT ST & E 12TH AVE,1,3,0,0,1,4,0,0,,0,0,0,0,1,4,2,3
,2024-030886,39.78573028,-104.883067,7/18/2024 18:35,18:35,3,0,0,E NORTHFIELD BLVD & N CENTRAL PARK BLVD,1,1,0,0,1,1,0,0,35,0,0,0,0,0,4,2,13
,2024-030888,39.7664866,-105.0343582,7/16/2024 18:00,18:00,6,0,0,W 36TH AVE & S LOWELL BLVD,1,4,0,0,1,4,0,0,20,0,0,0,0,0,4,2,1
,2024-030889,39.83424108,-104.6929172,7/15/2024 12:35,12:35,12,0,0, JACKSON GAP & E 78TH AVE,1,1,0,0,1,4,0,0,45,0,0,0,0,0,4,2,13
,2024-030890,39.71121425,-104.9129184,7/18/2024 9:00,9:00,3,0,1,E ALAMEDA AVE & S MONACO ST PKWY,1,1,0,0,1,1,0,0,30,0,0,0,0,1,4,2,3
,2024-030895,39.74082297,-105.0124992,7/16/2024 2:55,2:55,5,0,0,I-25 NB ON RAMP & W COLFAX AVE,1,3,0,0,2,8,0,0,,0,0,0,0,0,1,1,16
,2024-030897,39.74372492,-104.9257964,7/18/2024 14:05,14:05,3,0,1, GLENCOE ST & E 17TH AVE,1,1,0,0,1,1,0,0,25,0,0,0,0,2,4,2,13
,2024-030898,39.71095274,-105.0157049,7/18/2024 13:17,13:17,8,0,1, ZUNI ST & W ALAMEDA AVE,1,1,0,0,1,3,0,0,25,0,0,0,1,2,4,2,10
,2024-030899,39.71844888,-105.0250238,7/19/2024 15:47,15:47,1,0,3,W 1ST AVE & N FEDERAL BLVD,1,1,0,0,1,1,0,0,40,0,0,0,0,2,2,5,16
,2024-030900,39.67846243,-104.9119037,7/6/2024 12:00,12:00,15,0,0,E EVANS AVE & S MONACO ST PKWY,1,1,1,0,1,4,0,0,,0,0,0,0,0,4,2,16
,2024-030901,39.75888566,-105.0027233,7/18/2024 17:02,17:02,12,0,0,19TH ST & LITTLE RAVEN S,1,1,0,0,1,3,0,0,25,0,0,0,0,0,4,2,8
,2024-030902,39.71128381,-104.9034949,7/18/2024 10:40,10:40,15,0,0, QUEBEC ST & E ALAMEDA AVE,1,1,0,0,1,1,0,0,,0,0,0,0,0,4,2,16
,2024-030903,39.81462014,-104.7720774,7/18/2024 16:07,16:07,3,0,3,E 65TH AVE & N TOWER RD,1,1,0,0,1,1,0,0,30,0,0,0,0,1,4,2,13
,2024-030904,39.63859476,-105.0347073,7/19/2024 12:33,12:33,3,0,1,W QUINCY AVE & S LOWELL BLVD,1,1,0,0,1,1,0,0,30,0,0,0,0,1,4,2,16
,2024-030907,39.72406727,-105.0530962,7/19/2024 19:57,19:57,11,0,1,W 5TH AVE & N SHERIDAN BLVD,1,2,0,0,1,1,0,0,25,0,0,1,0,3,2,1,7
,2024-030908,39.72756881,-104.9327243,7/3/2024 20:30,20:30,6,0,0, DEXTER ST & E 7TH AVE,1,1,0,0,1,4,0,0,,0,0,0,0,0,4,2,16
,2024-030909,39.67484147,-104.9599207,7/18/2024 19:23,19:23,5,0,1,E ILIFF AVE & S UNIVERSITY BLVD,1,1,0,0,2,4,0,0,25,0,0,0,0,2,4,1,3
,2024-030910,39.72728124,-104.9753234,7/18/2024 16:15,16:15,6,0,0,E 7TH AVE & N OGDEN ST,1,1,0,0,1,4,0,0,,0,0,0,0,0,4,2,16
,2024-030914,39.77971745,-104.9840253,7/19/2024 7:49,7:49,12,0,1,I-70 & N WASHINGTON ST,1,1,0,0,1,4,0,0,55,0,0,0,0,2,1,3,16
,2024-030915,39.7075276,-104.9863515,7/19/2024 13:59,13:59,3,0,2, LINCOLN ST & E VIRGINIA AVE,1,1,0,0,1,1,0,0,30,0,0,0,0,1,4,2,11
,2024-030916,39.78028079,-104.9404918,7/19/2024 14:30,14:30,12,0,0,E 46TH  AVE & N COLORADO BLVD,1,1,0,0,1,8,0,0,35,0,0,0,0,0,1,2,16
,2024-030917,39.83398186,-104.7661754,7/17/2024 13:36,13:36,12,0,0,N TOWER RD,1,1,0,0,1,4,0,0,65,0,0,0,0,0,4,2,7
,2024-030918,39.78094607,-104.9497582,7/19/2024 8:11,8:11,15,0,0, VASQUEZ BLVD & E 46TH AVE,1,1,0,0,1,3,0,0,35,0,0,0,0,0,2,2,16
,2024-030919,39.70035954,-105.0367608,7/18/2024 9:44,9:44,3,0,1,W KENTUCKY AVE & S NEWTON ST,1,1,0,0,1,1,0,0,20,0,0,0,0,2,4,2,16
,2024-030920,39.72563961,-104.9874357,7/19/2024 12:38,12:38,3,0,0, BROADWAY ST & E 6TH AVE,1,1,0,0,1,1,0,0,30,0,0,0,0,0,4,2,16