id,drcog_id,latitude,longitude,crashtime,time,crashtype,numbkilled,numbinjurd,drcoglocat,rdconditin,lightngcon,roadcntgrd,weatherco,location,roaddescrp,schoolzone,constrzone,splimit,bikeinv,pedinv,sctrinv,motoinv,svrty,rdsystem,ttlvehcls,hcf
,2024-030921,39.73657279,-104.9861286,7/16/2024 17:05,17:05,6,0,0, LINCOLN ST & E 13TH AVE,1,1,0,0,1,4,0,0,,0,0,0,0,0,4,3,16
,2024-030922,39.72805404,-104.9315856,7/18/2024 14:00,14:00,6,0,0,E SEVERN PL & N DAHLIA ST,1,1,0,0,1,1,0,0,25,0,0,0,0,0,4,4,7
,2024-030923,39.75365591,-104.9934187,7/12/2024 23:57,23:57,11,0,0,MARKET ST & 20TH ST,1,3,0,0,1,1,0,0,25,0,1,0,0,0,4,2,1
,2024-030925,39.83451569,-104.7338678,7/20/2024 7:12,7:12,5,0,1,PENA BLVD & E-470,1,1,0,0,2,4,0,0,65,0,0,0,0,3,4,1,10
,2024-030926,39.68469249,-104.95155,7/11/2024 18:26,18:26,15,0,0,I-25 & MM 204.6,1,1,0,0,1,4,0,0,65,0,0,0,0,0,1,2,13
,2024-030927,39.8332331,-104.7276403,7/18/2024 8:37,8:37,15,0,0,IB OFF RAMP EXT TO E 75TH AVE,1,1,0,0,1,4,0,0,65,0,0,0,0,0,4,2,13
,2024-030928,39.77280627,-104.8831956,7/20/2024 0:46,0:46,5,0,0, CENTRAL PARK BLVD & E 40TH AVE,1,3,1,0,3,4,0,0,40,0,0,0,0,0,4,1,14
,2024-030929,39.73804297,-104.9953029,7/16/2024 9:15,9:15,6,0,0, FOX ST & W 14TH AVE,1,1,0,0,1,4,0,0,25,0,0,0,0,0,4,2,11
,2024-030930,39.70734726,-104.9222823,7/19/2024 16:01,16:01,3,0,0,LEETSDALE DR & S HOLLY ST,1,1,1,7,1,1,0,0,35,0,0,0,0,0,2,2,3
,2024-030931,39.79184573,-104.837796,7/19/2024 20:07,20:07,14,0,0,5430  TOPEKA CT & E 55TH AVE,1,1,0,0,1,4,0,0,25,0,0,0,0,0,4,2,4
,2024-030932,39.78077945,-104.9885952,7/20/2024 12:30,12:30,15,0,0, -70 WB OFF RAMP & I-25 NB,1,1,0,0,1,8,0,0,55,0,0,0,0,0,1,2,1
,2024-030933,39.73218889,-104.9874041,7/16/2024 11:25,11:25,15,0,0, BROADWAY ST & E 10TH AVE,1,1,0,0,1,4,0,0,30,0,0,0,0,0,4,2,16
,2024-030938,39.75672089,-104.9998993,6/17/2024 23:35,23:35,2,0,2,CHESTNUT PL & 19TH ST,1,3,0,0,1,1,0,0,0,1,0,0,0,2,4,1,16
,2024-030939,39.70004812,-104.9874736,7/20/2024 13:37,13:37,10,0,0, BROADWAY ST & W KENTUCKY AVE,1,1,0,0,1,4,0,0,35,0,0,0,0,0,4,2,3
,2024-030940,39.73317199,-104.9786858,6/15/2024 14:00,14:00,6,0,0, WASHINGTON ST & E 11TH AVE,1,1,0,0,1,4,0,0,,0,0,0,0,0,4,2,16
,2024-030943,39.70223511,-105.0298056,7/14/2024 16:33,16:33,3,0,0,W OHIO AVE & S IRVING ST,1,1,0,0,1,1,0,0,25,0,0,0,0,0,4,2,13
,2024-030944,39.7343299,-104.9395083,7/19/2024 23:57,23:57,6,0,0,1175  ALBION ST & HALE PARK WY,1,3,0,0,1,4,0,0,,0,0,0,0,0,4,2,16
,2024-030945,39.78301099,-104.8299098,7/19/2024 1:15,1:15,6,0,0,4881  CARSON ST & E ANDREWS DR,1,3,0,0,1,4,0,0,,0,0,0,0,0,4,2,16
,2024-030946,39.74934652,-104.9831121,7/20/2024 0:41,0:41,15,0,0,22ND ST & GLENARM PL,1,4,0,0,1,4,0,0,25,0,0,0,0,0,4,2,14
,2024-030947,39.76540751,-104.8904739,7/19/2024 23:15,23:15,6,0,0, CENTRAL PARK BLVD & E 35TH AVE,1,3,0,0,3,4,0,0,,0,0,0,0,0,4,2,16
,2024-030950,39.73681278,-104.959785,6/23/2024 3:18,3:18,3,0,0, YORK ST & E 13TH AVE,1,3,1,0,1,1,0,0,30,0,0,0,0,0,4,2,16
,2024-030951,39.73833724,-104.9216561,7/2/2024 21:24,21:24,15,0,0,E 14TH AVE & N IVANHOE ST,1,4,0,0,1,3,0,0,,0,0,0,0,0,4,2,16
,2024-030955,39.76746209,-104.9034673,6/29/2024 21:30,21:30,5,0,0, QUEBEC ST & E 36TH AVE,1,3,0,0,1,1,0,0,35,0,0,0,0,0,4,2,14
,2024-030957,39.70227561,-105.0532535,7/16/2024 18:41,18:41,15,0,0, SHERIDAN BLVD & W OHIO AVE,1,1,0,0,1,4,0,0,40,0,0,0,0,0,2,2,16
,2024-030958,39.73672014,-104.9407638,7/20/2024 17:02,17:02,3,0,0,E 13TH AVE & N COLORADO BLVD,1,1,0,0,1,1,0,0,,0,0,0,0,0,2,2,16
,2024-030969,39.7801709,-104.9895609,7/20/2024 15:05,15:05,12,0,0,I-25 & I-70,1,1,0,0,1,4,0,0,45,0,0,0,0,0,1,2,16
,2024-030971,39.74056645,-105.0509255,7/16/2024 1:00,1:00,6,0,0, YATES ST & W COLFAX AVE,1,3,0,0,1,4,0,0,25,0,0,0,0,0,4,2,14
,2024-030972,39.77970984,-104.9830791,7/19/2024 8:11,8:11,12,0,0,I-70 & N WASHINGTON ST,1,1,0,0,1,4,0,0,55,0,0,0,0,0,1,2,13
,2024-030975,39.72733909,-104.9406272,7/20/2024 17:56,17:56,15,0,0, COLORADO BLVD & E 7TH AVE,1,1,0,0,1,3,0,0,30,0,0,0,0,0,2,2,7
,2024-030977,39.7371501,-104.978722,7/19/2024 22:22,22:22,6,0,1, WASHINGTON ST & E 13TH AVE,1,3,0,0,1,4,0,0,25,0,0,0,0,3,4,3,14
,2024-030978,39.78376513,-104.9634325,7/19/2024 18:51,18:51,11,0,1,2121 E 48TH AVE & RACE ST,1,1,0,0,1,4,0,0,0,0,1,0,0,2,4,1,16
,2024-030981,39.78544711,-104.812692,7/17/2024 18:09,18:09,5,0,0,5131  FONTANA CT & E GATEWAY AVE,1,3,0,0,3,4,0,0,,0,0,0,0,0,4,1,16
,2024-030982,39.76054371,-105.0039568,6/24/2024 17:43,17:43,6,0,0,ROCKMONT DR & 19TH ST,1,1,0,0,1,4,0,0,25,0,0,0,0,0,4,2,16
,2024-031066,39.71657516,-105.0252673,3/16/2024 19:31,19:31,14,0,0,W ELLSWORTH AVE & S FEDERAL BLVD,1,3,0,0,1,3,0,0,20,0,0,0,0,0,2,2,16
,2024-031067,39.70619899,-104.867526,5/30/2024 11:03,11:03,6,0,0, GALENA WY & E VIRGINIA AVE,1,1,0,0,1,4,0,0,25,0,0,0,0,0,4,2,1
,2024-031068,39.73345604,-104.9597958,6/6/2024 15:00,15:00,10,0,0, YORK ST & E 11TH AVE,1,1,0,0,1,1,0,0,30,0,0,0,0,0,4,2,16
,2024-031069,39.74000498,-104.9753261,6/5/2024 11:13,11:13,1,0,1,E COLFAX AVE & N OGDEN ST,1,1,0,0,1,1,0,0,30,0,0,0,0,1,2,3,16
,2024-031070,39.78702639,-105.0102005,4/27/2024 16:09,16:09,6,0,0, SHOSHONE ST & W 50TH AVE,11,1,0,1,1,3,0,0,25,0,0,0,0,0,4,2,16
,2024-031071,39.75021445,-105.001146,6/28/2024 23:59,23:59,5,0,1,15TH ST & WAZEE ST,1,3,0,0,2,3,0,0,25,0,0,0,0,2,4,1,3
,2024-031072,39.78610094,-104.847046,7/5/2024 18:35,18:35,12,0,0, PEORIA ST & E ANDREWS DR,1,1,0,0,1,3,0,0,30,0,0,0,0,0,4,2,16
,2024-031086,39.75290419,-104.9926527,7/12/2024 14:21,14:21,12,0,0,LARIMER ST & 20TH ST,1,1,0,0,1,3,0,0,,0,0,0,0,0,4,2,16
,2024-031087,39.75398612,-104.9912554,7/21/2024 0:42,0:42,15,0,0,LARIMER ST & 21ST ST,11,3,0,1,1,4,0,0,20,0,0,0,0,0,4,2,11
,2024-031088,39.78056717,-104.9477974,7/17/2024 8:46,8:46,12,0,0,I-70 & N STEELE ST,1,1,0,0,1,4,0,0,55,0,0,0,0,0,1,3,14
,2024-031091,39.78118581,-104.9895506,7/19/2024 14:03,14:03,12,0,1,I-25 & I-70,1,1,0,0,1,4,0,0,55,0,0,0,0,1,1,2,13
,2024-031092,39.77096085,-104.8470346,7/21/2024 12:15,12:15,14,0,0, PEORIA ST & E 39TH AVE,1,1,0,0,6,4,0,0,40,0,0,0,0,0,4,2,3
,2024-031093,39.75822828,-104.9548805,7/21/2024 12:37,12:37,5,0,0,E 29TH AVE & N CLAYTON ST,1,1,0,0,3,1,0,0,25,0,0,0,0,0,4,1,11
,2024-031094,39.78375869,-104.9666927,7/20/2024 20:37,20:37,3,0,2,E 48TH AVE & N BRIGHTON BLVD,11,3,0,1,1,1,0,0,30,0,0,0,0,2,4,2,11
,2024-031095,39.79838475,-104.7853638,6/7/2024 22:00,22:00,12,0,1,E 56TH AVE & N PENA BLVD INBOUND RAMPS,1,3,0,0,1,4,0,0,40,0,0,0,0,2,4,2,16
,2024-031096,39.78238979,-104.8469373,6/18/2024 20:00,20:00,15,0,0,E ALBROOK DR & N PEORIA ST,1,2,0,0,1,3,0,0,35,0,0,0,0,0,4,2,16
,2024-031097,39.67473613,-104.8736882,7/2/2024 19:11,19:11,12,0,1,E ILIFF AVE & S EMPORIA ST,1,1,0,0,1,3,0,0,,0,0,0,0,2,4,3,16
,2024-031099,39.77683388,-104.8907514,7/4/2024 23:46,23:46,15,0,0,I-270 & N CENTRAL PARK BLVD,1,3,0,0,1,8,0,0,55,0,0,0,0,0,1,3,1
,2024-031101,39.75128582,-105.0167995,7/18/2024 13:56,13:56,15,0,0,I-25 & W 23RD AVE,1,1,0,0,1,4,0,0,55,0,0,0,0,0,1,2,13
,2024-031102,39.72494801,-105.0160413,7/7/2024 15:50,15:50,12,0,0,W 6TH AVE EB OFF RAMP & I-25 NB,1,1,0,0,1,8,0,0,55,0,0,0,0,0,2,2,16
,2024-031104,39.72560618,-104.9473963,6/25/2024 5:32,5:32,5,0,1,E 6TH AVE & N COOK ST,1,2,0,0,2,3,0,0,30,0,0,0,0,3,4,1,1
,2024-031105,39.73986178,-104.9634697,7/7/2024 6:35,6:35,5,0,0, RACE ST & E COLFAX AVE,1,1,0,0,3,4,0,0,20,0,0,0,0,0,4,1,16
,2024-031108,39.7782171,-104.8969533,7/18/2024 14:45,14:45,12,0,0,I-70 & I-270 OVERPASS,1,1,0,0,1,4,0,0,55,0,0,0,0,0,1,2,3
,2024-031110,39.69003401,-104.9734184,7/18/2024 14:01,14:01,12,0,0,I-25 & S DOWNING ST,1,1,0,0,1,4,0,0,55,0,0,0,0,0,1,3,13
,2024-031112,39.75308701,-104.9609917,7/21/2024 16:52,16:52,6,0,0,2458  GAYLORD ST & E 25TH AVE,1,1,0,0,1,3,0,0,20,0,0,0,0,0,4,2,3
,2024-031115,39.74010154,-105.0139172,7/20/2024 21:02,21:02,15,0,0,I-25 & W COLFAX AVE,11,4,0,1,1,4,0,0,55,0,0,0,0,0,1,2,6
,2024-031117,39.72564821,-104.9862615,6/23/2024 0:20,0:20,3,0,3, LINCOLN ST & E 6TH AVE,1,3,0,0,1,1,0,0,30,0,0,0,0,2,4,3,16
,2024-031118,39.78950627,-104.7721425,7/21/2024 6:50,6:50,3,0,0,E 51ST AVE & N TOWER RD,1,1,0,0,1,1,0,0,40,0,0,0,0,0,4,2,11
,2024-031119,39.74198218,-104.9488607,6/30/2024 20:22,20:22,6,0,0,E 16TH AVE & N ADAMS ST,1,1,0,0,1,3,0,0,25,0,0,0,1,0,4,2,16
,2024-031120,39.68771221,-104.9919378,7/21/2024 18:15,18:15,15,0,0, SANTE FE DR & W IOWA AVE,1,1,0,0,1,4,0,0,55,0,0,0,0,0,2,2,13
,2024-031122,39.62957299,-105.0348084,7/13/2024 13:28,13:28,6,0,0, LOWELL BLVD & W LAYTON AVE,1,1,0,0,1,4,0,0,30,0,0,0,0,0,4,2,1
,2024-031123,39.68358394,-104.9405195,7/18/2024 13:31,13:31,15,0,0, COLORADO BLVD & I-25 NB RAMPS,1,1,0,0,1,1,0,0,35,0,0,0,0,0,2,2,13
,2024-031124,39.74945733,-104.9597615,7/20/2024 16:55,16:55,2,0,0,22ND ST & N YORK ST,1,1,0,0,1,4,0,0,0,1,0,0,0,0,4,1,16
,2024-031125,39.74322323,-105.0161186,7/20/2024 23:22,23:22,15,0,0,I-25 & SB OFF RAMP EXT TO W COLFAX AVE,11,3,0,1,1,4,0,0,,0,0,0,0,0,1,2,16
,2024-031127,39.7372786,-104.8862124,7/12/2024 11:18,11:18,6,0,0,E 13TH AVE & N XENIA ST,1,1,0,0,1,4,0,0,30,0,0,0,0,0,4,2,16
,2024-031128,39.72481188,-105.0157151,7/21/2024 2:54,2:54,5,0,1,I-25 SB ON RAMP FROM EB W 6TH AVE & I-25 NB,11,3,1,1,2,8,0,0,30,0,0,0,0,2,1,1,14
,2024-031129,39.74198008,-104.8941022,7/21/2024 2:06,2:06,6,0,1,E 16TH AVE & N ULSTER ST,11,3,0,0,1,4,0,0,25,0,0,0,0,2,4,2,14
,2024-031130,39.72427566,-105.0120967,7/19/2024 12:25,12:25,12,0,0,I-25 & W 6TH AVE,1,1,0,0,1,4,0,0,55,0,0,0,0,0,1,3,13
,2024-031132,39.72726809,-104.9771953,7/20/2024 20:35,20:35,6,0,0,E 7TH AVE & N CLARKSON ST,1,3,0,0,1,4,0,0,25,0,0,0,0,0,4,2,14
,2024-031133,39.71119459,-104.8929136,7/5/2024 2:53,2:53,12,0,0,E ALAMEDA AVE & E FAIRMOUNT DR,1,3,0,0,1,3,0,0,,0,0,0,0,0,4,2,16
,2024-031134,39.77505023,-104.8099366,6/24/2024 10:00,10:00,15,0,0,E ANDREWS DR & N CHAMBERS RD,1,1,0,0,1,3,0,0,35,0,0,0,0,0,4,2,16
,2024-031137,39.78389647,-105.0252063,7/20/2024 20:15,20:15,1,0,2, FEDERAL BLVD & I-70 EB RAMPS,1,3,0,0,1,1,0,0,35,0,0,0,0,2,2,2,16
,2024-031138,39.77478756,-104.8461178,7/21/2024 0:53,0:53,5,0,1,I-70 WB OFF RAMP & N PEORIA ST,1,3,0,0,2,8,0,0,55,0,0,0,0,2,1,1,14
,2024-031139,39.7554915,-104.9910464,7/20/2024 22:13,22:13,3,0,1,22ND ST & MARKET ST,11,3,0,0,1,1,0,0,35,0,0,0,1,2,4,2,14
,2024-031140,39.77769813,-104.8873803,7/18/2024 15:47,15:47,12,0,0,I-70 & N CENTRAL PARK BLVD,1,1,0,0,1,4,0,0,55,0,0,0,0,0,1,2,12
,2024-031141,39.74481992,-104.9672084,7/21/2024 8:05,8:05,3,0,1, GILPIN ST & E 18TH AVE,1,1,0,0,1,1,0,0,30,0,0,0,0,2,4,2,11
,2024-031142,39.74379584,-104.8999049,7/21/2024 16:11,16:11,3,0,1, ROSEMARY ST & E 17TH AVE,1,1,0,0,1,1,0,0,25,0,0,0,0,2,4,2,13
,2024-031143,39.72097641,-104.9521302,6/6/2024 19:14,19:14,6,0,0,E 3RD AVE & N MILWAUKEE ST,1,1,0,0,1,4,0,0,25,0,0,0,0,0,4,2,16
,2024-031147,39.75325647,-105.0236164,7/12/2024 21:30,21:30,6,0,0, ELIOT ST & W 25TH AVE,1,3,0,0,1,4,0,0,,0,0,0,0,0,4,2,16
,2024-031150,39.74924494,-104.940602,7/12/2024 13:03,13:03,3,0,0,E 22ND AVE & N COLORADO BLVD,1,1,0,0,1,1,0,0,35,0,0,0,0,0,2,2,16
,2024-031151,39.73284877,-104.8846979,6/23/2024 14:30,14:30,3,0,0, YOSEMITE ST & E 11TH AVE,1,1,0,0,1,1,0,0,25,0,0,0,0,0,4,2,16
,2024-031152,39.77442642,-104.851879,7/10/2024 16:30,16:30,12,0,0,I-70 & N PEORIA ST,1,1,0,0,1,4,0,0,,0,0,0,0,0,1,2,16
,2024-031153,39.7399836,-104.9598912,7/21/2024 14:27,14:27,6,0,0,E COLFAX AVE & N YORK ST,1,1,0,0,1,4,0,0,30,0,0,0,0,0,2,2,14
,2024-031166,39.78099836,-104.961349,6/20/2024 18:50,18:50,11,0,0,GAYLORD ST & E 46TH AVE N,1,1,0,7,2,4,0,0,25,0,1,0,0,0,4,1,14
,2024-031168,39.7402201,-104.89908,7/17/2024 17:49,17:49,16,0,0,7675 E COLFAX AVE,1,1,0,0,5,7,0,0,,0,0,0,0,0,3,3,16
,2024-031171,39.74947191,-105.0001807,7/16/2024 15:34,15:34,12,0,1,15TH ST & BLAKE ST,1,1,0,0,1,3,0,0,30,0,0,0,0,1,4,2,8
,2024-031173,39.67840755,-104.995998,6/24/2024 18:10,18:10,2,0,1, GALAPAGO ST & W EVANS AVE,1,1,0,0,1,1,0,0,,1,0,0,0,2,4,1,16
,2024-031175,39.74291429,-104.9916534,7/18/2024 0:37,0:37,11,0,1,15TH ST & GLENARM PL,1,3,0,0,1,1,0,0,30,0,0,1,0,2,4,1,3
,2024-031181,39.72570678,-105.0291262,7/17/2024 8:06,8:06,12,0,0,W 6TH AVE & N FEDERAL BLVD,1,1,1,0,1,4,0,0,55,0,0,0,0,0,2,2,1
,2024-031184,39.78238484,-104.8506434,7/18/2024 13:07,13:07,11,0,1,E 47TH AVE & N OAKLAND ST,1,1,0,0,1,1,0,0,20,0,1,0,0,1,4,1,16
,2024-031187,39.71803543,-104.9545169,7/18/2024 15:32,15:32,11,0,1,E 1ST AVE & N DETROIT ST,1,1,0,0,1,4,0,0,30,0,0,1,0,2,4,1,11
,2024-031242,39.65324659,-104.912909,6/11/2024 17:00,17:00,15,0,0, MONACO ST PKWY & E HAMPDEN AVE,1,1,0,0,1,3,0,0,35,0,0,0,0,0,2,2,16
,2024-031243,39.77784594,-105.0252815,5/25/2024 3:34,3:34,5,0,3, FEDERAL BLVD & W 45TH AVE,1,3,0,0,3,4,0,0,35,0,0,0,0,3,2,1,1
,2024-031244,39.74020412,-104.9989092,3/2/2024 0:53,0:53,3,1,2,W COLFAX AVE & N SPEER BLVD,1,3,0,0,1,1,0,0,35,0,0,0,0,4,2,2,16
,2024-031246,39.77872128,-104.9222935,7/22/2024 6:45,6:45,3,0,2, HOLLY ST & E 45TH S DR,1,1,0,0,1,1,0,0,30,0,0,0,0,1,4,2,16
,2024-031248,39.67845027,-104.9348684,7/19/2024 15:25,15:25,12,0,0,E EVANS AVE & CLERMONT ST,6,1,0,0,1,3,0,0,35,0,0,0,0,0,4,2,13
,2024-031249,39.75153108,-105.0028795,7/21/2024 15:04,15:04,14,0,0,15TH ST & WEWATTA ST,1,1,0,0,1,3,0,0,30,0,0,0,0,0,4,2,13
,2024-031250,39.69154427,-105.0297177,7/21/2024 8:38,8:38,6,0,0, IRVING ST & W ARKANSAS AVE,1,1,0,0,1,4,0,0,20,0,0,0,0,0,4,3,16
,2024-031251,39.74463615,-104.9721258,7/20/2024 9:00,9:00,6,0,0, MARION ST & E 18TH AVE,1,4,0,0,1,4,0,0,,0,0,0,0,0,4,2,16
,2024-031252,39.72562282,-104.9823616,6/25/2024 17:30,17:30,15,0,0,E 6TH AVE & N LOGAN ST,1,1,0,0,1,1,0,0,,0,0,0,0,0,4,2,16
,2024-031253,39.6785154,-104.973651,7/22/2024 9:49,9:49,12,0,0,E EVANS AVE & S DOWNING ST,1,1,0,0,1,3,0,0,30,0,0,0,0,0,4,2,3
,2024-031256,39.71833507,-104.9739121,7/14/2024 13:25,13:25,3,0,0,E SPEER BLVD & N CORONA ST,1,1,0,0,1,1,0,0,30,0,0,0,0,0,4,2,1
,2024-031257,39.74322264,-104.9634643,7/21/2024 21:15,21:15,3,0,2, RACE ST & E 17TH AVE,1,3,0,0,1,1,0,0,30,0,0,0,0,1,4,2,11
,2024-031258,39.74013261,-104.9914777,7/8/2024 15:30,15:30,12,0,1,W COLFAX AVE & COURT PL,1,1,3,0,1,4,0,0,30,0,0,0,0,2,2,2,3
,2024-031259,39.71246968,-105.0396909,7/22/2024 2:45,2:45,6,0,0,254  PERRY ST & W BYERS PL,1,3,0,0,2,4,0,0,,0,0,0,0,0,4,3,16
,2024-031266,39.69128139,-105.0250486,7/21/2024 15:32,15:32,3,0,1, FEDERAL BLVD & W ARKANSAS AVE,1,1,0,0,1,1,0,0,35,0,0,0,0,2,2,2,16
,2024-031273,39.74167745,-104.9810892,7/18/2024 17:00,17:00,2,0,1,E 16TH AVE & N PENNSYLVANIA ST,1,1,0,0,1,1,0,0,25,1,0,0,0,1,4,1,3
,2024-031276,39.66166868,-104.9594417,7/19/2024 18:00,18:00,12,0,1, UNIVERSITY BLVD & UNIVERSITY CIR,1,2,0,0,1,4,0,0,30,0,0,0,0,2,4,2,13
,2024-031277,39.63956896,-105.0519427,7/22/2024 2:00,2:00,6,0,0, ZENOBIA ST & W QUINCY AVE,1,4,0,0,1,4,0,0,25,0,0,0,0,0,4,2,4
,2024-031278,39.75447814,-104.9649511,7/21/2024 5:13,5:13,6,0,0,E 26TH AVE & N HIGH ST,1,2,0,0,1,4,0,0,25,0,0,0,0,0,4,3,4
,2024-031279,39.67544927,-105.0565749,7/21/2024 10:02,10:02,6,0,0,W WARREN AVE & S DEPEW ST,1,1,0,0,1,4,0,0,20,0,0,0,0,0,4,2,16
,2024-031281,39.69659301,-104.8981816,7/18/2024 15:35,15:35,8,0,0, PARKER RD & E MISSISSIPPI AVE,1,1,0,0,1,3,0,0,35,0,0,0,0,0,2,2,16
,2024-031283,39.75538689,-105.0251294,7/22/2024 9:25,9:25,11,0,1, FEDERAL BLVD & W 26TH AVE,1,1,1,0,1,4,0,0,0,0,1,0,0,1,2,1,16
,2024-031284,39.77486841,-104.759136,7/21/2024 22:30,22:30,6,0,0,E 42ND AVE & N ENSENADA ST,1,3,0,0,1,4,0,0,25,0,0,0,0,0,4,2,16
,2024-031286,39.6820809,-104.9349176,7/17/2024 15:42,15:42,6,0,0,E JEWELL AVE & S CLERMONT ST,1,1,0,0,1,4,0,0,,0,0,0,0,0,4,2,16
,2024-031288,39.79630787,-104.8452043,7/21/2024 4:00,4:00,6,0,0,E 55TH AVE & N QUENTIN ST,1,2,0,0,1,4,0,0,25,0,0,0,0,0,4,3,1
,2024-031297,39.67464136,-104.8753021,7/21/2024 22:51,22:51,6,0,0, DAYTON ST & E ILIFF AVE,1,3,1,0,3,4,0,0,35,0,0,0,0,0,4,2,16
,2024-031298,39.74481992,-104.9672084,7/20/2024 9:22,9:22,3,0,0, GILPIN ST & E 18TH AVE,1,1,0,0,1,1,0,0,30,0,0,0,0,0,4,2,1
,2024-031300,39.73469196,-104.9406188,7/19/2024 10:12,10:12,1,0,1, COLORADO BLVD & E 12TH AVE,1,1,0,0,1,1,0,0,30,0,0,0,0,2,2,2,16
,2024-031301,39.74231514,-104.9993361,7/19/2024 8:50,8:50,3,0,0, SPEER BLVD & CHAMPA ST,1,1,0,0,1,1,0,0,,0,0,0,0,0,4,2,7
,2024-031302,39.73978925,-105.0416614,7/22/2024 8:40,8:40,6,0,0, RALEIGH ST & W COLFAX AVE,1,1,0,0,1,2,0,0,20,0,0,0,0,0,4,2,11
,2024-031303,39.77704662,-104.8819274,7/14/2024 7:38,7:38,15,0,0,I-70 & CENTRAL PARK BLVD,1,1,0,0,1,4,0,0,55,0,0,0,0,0,1,2,1
,2024-031304,39.78638663,-104.8358371,7/21/2024 15:15,15:15,6,0,0, WHEELING ST & ANDREWS DR,1,1,0,0,1,3,0,0,20,0,0,0,0,0,4,2,1
,2024-031305,39.71121249,-104.9127266,7/20/2024 11:10,11:10,12,0,0,E ALAMEDA AVE & S MONACO ST PKWY,1,1,0,0,1,4,0,0,35,0,0,0,0,0,4,2,13
,2024-031306,39.68469404,-104.960423,7/22/2024 5:18,5:18,5,0,0,I-25 & S UNIVERSITY BLVD,1,2,0,0,2,4,0,0,60,0,0,0,0,0,1,1,7
,2024-031307,39.77816507,-104.9128801,7/21/2024 4:52,4:52,12,0,3,I-70 & N MONACO ST,1,3,0,0,1,4,0,0,55,0,0,0,0,2,1,2,2
,2024-031309,39.70039539,-105.0440886,7/18/2024 22:05,22:05,6,0,0,W KENTUCKY AVE & S TENNYSON ST,1,3,0,0,1,4,0,0,35,0,0,0,0,0,4,2,16
,2024-031313,39.7584618,-105.025287,7/19/2024 14:28,14:28,12,0,1, FEDERAL BLVD & W 29TH AVE,1,1,0,0,1,3,0,0,35,0,0,0,0,2,2,2,16
,2024-031318,39.74020412,-104.9989092,7/20/2024 14:42,14:42,11,0,1,W COLFAX AVE & N SPEER BLVD,1,1,0,0,1,1,0,0,0,0,0,1,0,1,2,1,16
,2024-031423,39.69663547,-104.9874309,7/22/2024 13:00,13:00,12,0,0,W MISSISSIPPI AVE & S BROADWAY ST,1,1,0,0,1,1,0,0,30,0,0,0,0,0,4,2,3
,2024-031430,39.74932418,-104.9903114,7/22/2024 21:17,21:17,3,0,2,19TH ST & CHAMPA ST,1,3,0,0,1,1,0,0,25,0,0,0,0,1,4,2,11
,2024-031435,39.74476891,-104.9597905,6/20/2024 22:40,22:40,3,0,0, JOSEPHINE ST & N YORK ST,1,3,0,0,1,1,0,0,,0,0,0,0,0,4,2,16
,2024-031440,39.65301615,-104.9406856,7/22/2024 14:15,14:15,15,0,0,E HAMPDEN AVE & S COLORADO BLVD,1,1,0,0,1,1,0,0,30,0,0,0,0,0,2,2,3
,2024-031444,39.6490008,-104.9162112,7/22/2024 21:00,21:00,9,0,2,I-25 & HAMPDEN AVE,1,3,0,0,1,4,0,0,65,0,0,0,0,2,1,1,14
,2024-031449,39.78084557,-104.8421067,7/10/2024 17:15,17:15,15,0,0,E ALBROOK DR & N TULSA CT,1,1,0,0,1,4,0,0,25,0,0,0,0,0,4,2,13
,2024-031453,39.78378117,-104.9268197,7/22/2024 7:26,7:26,1,0,0,E 48TH AVE & N FOREST ST,1,1,0,0,1,2,0,0,30,0,0,0,0,0,4,2,8
,2024-031454,39.70022548,-104.9593282,7/22/2024 15:15,15:15,1,0,0, UNIVERSITY BLVD & E KENTUCKY AVE,1,1,0,0,1,1,0,0,35,0,0,0,0,0,4,2,3
,2024-031456,39.73845219,-104.9931559,7/23/2024 6:35,6:35,6,0,0,W 14TH AVE & N DELAWARE ST,1,1,0,0,1,4,0,0,25,0,0,0,0,0,4,2,16
,2024-031457,39.7401986,-105.0000678,7/22/2024 17:25,17:25,1,0,1, KALAMATH ST & W COLFAX AVE,1,1,0,0,1,1,0,0,35,0,0,0,0,2,2,2,14
,2024-031458,39.72922887,-104.9406251,7/12/2024 18:26,18:26,15,0,0, COLORADO BLVD & E 8TH AVE,1,1,0,0,1,1,0,0,35,0,0,0,0,0,2,2,13
,2024-031460,39.70311766,-104.9899572,6/22/2024 23:53,23:53,15,1,0,I-25 & MM 207.167,1,3,1,0,1,4,0,0,65,0,0,0,0,4,1,3,1
,2024-031462,39.69959784,-104.9991574,7/23/2024 6:58,6:58,3,0,0, JASON ST & W MISSISSIPPI AVE,1,1,0,0,1,2,0,0,25,0,0,0,0,0,4,2,13
,2024-031463,39.78363941,-104.7898894,7/22/2024 13:40,13:40,1,0,4,E GREEN VALLEY RANCH BLVD & PENA BLVD INBOUND RAMPS,1,1,0,0,1,1,0,0,35,0,0,0,0,2,4,2,16
,2024-031467,39.78050299,-104.9581652,4/14/2024 18:34,18:34,12,0,0,I-70 & N JOSEPHINE ST,1,1,0,0,1,4,0,0,55,0,0,0,0,0,1,2,14