id,drcog_id,latitude,longitude,crashtime,time,crashtype,numbkilled,numbinjurd,drcoglocat,rdconditin,lightngcon,roadcntgrd,weatherco,location,roaddescrp,schoolzone,constrzone,splimit,bikeinv,pedinv,sctrinv,motoinv,svrty,rdsystem,ttlvehcls,hcf
,2024-031475,39.74027908,-105.0298586,7/20/2024 2:50,2:50,11,0,0, IRVING ST & W COLFAX AVE,1,3,0,0,1,1,0,0,,0,0,1,0,0,2,1,16
,2024-031478,39.77494935,-104.8557911,7/22/2024 9:35,9:35,12,0,0,I-70 & N HAVANA ST,1,1,0,0,1,4,0,0,55,0,0,0,0,0,1,2,16
,2024-031479,39.76735598,-104.8980289,7/22/2024 11:30,11:30,3,0,0,E 36TH AVE & ROSEMARY ST,1,1,0,0,1,2,0,0,35,0,0,0,0,0,4,2,11
,2024-031480,39.73727501,-104.8987478,7/23/2024 18:12,18:12,3,0,2, SYRACUSE ST & E 13TH AVE,1,1,0,0,1,1,0,0,30,0,0,0,0,2,4,2,14
,2024-031482,39.76896232,-104.9007937,7/23/2024 12:34,12:34,3,0,0, ROSLYN ST & E 38TH AVE,1,1,0,0,1,2,0,0,25,0,0,0,0,0,4,2,3
,2024-031485,39.67333055,-104.9406378,7/22/2024 16:20,16:20,12,0,0,E WESLEY AVE & S COLORADO BLVD,1,1,0,0,1,1,0,0,,0,0,0,0,0,2,2,16
,2024-031492,39.76564409,-105.0068215,7/3/2024 20:39,20:39,6,0,0,W 35TH AVE & N PECOS ST,1,1,0,0,1,4,0,0,25,0,0,0,0,0,4,2,3
,2024-031496,39.83797771,-104.6929074,7/23/2024 0:00,0:00,14,0,0,78TH AVE & JACKSON GAP ST,1,3,0,0,1,1,0,0,30,0,0,0,0,0,4,2,13
,2024-031497,39.77991494,-104.9665946,7/22/2024 17:30,17:30,12,0,0,I-70 & N BRIGHTON BLVD,1,1,0,0,1,4,0,0,65,0,0,0,0,0,1,2,14
,2024-031498,39.73518413,-105.0142881,6/29/2024 0:08,0:08,8,0,0, YUMA ST & W 12TH AVE,1,3,0,0,6,4,0,0,30,0,0,0,0,0,4,2,16
,2024-031500,39.78115033,-104.8426045,6/30/2024 17:07,17:07,1,0,1,E ALBROOK DR & N TULSA CT,1,1,0,0,1,2,0,0,25,0,0,0,1,3,4,2,16
,2024-031504,39.73833148,-104.9207699,7/14/2024 22:07,22:07,15,0,0,E 14TH AVE & N IVY ST,1,3,0,0,1,4,0,0,30,0,0,0,0,0,4,2,16
,2024-031505,39.71124039,-105.0249447,7/7/2024 20:11,20:11,12,0,0,W ALAMEDA AVE & S FEDERAL BLVD,1,3,0,0,1,3,0,0,35,0,0,0,0,0,2,2,16
,2024-031506,39.72388579,-105.0186609,7/22/2024 11:06,11:06,3,0,1, BRYANT ST & W 5TH AVE,1,1,0,0,1,1,0,0,30,0,0,0,0,1,4,2,16
,2024-031508,39.78363479,-104.781693,7/22/2024 12:25,12:25,12,0,0,E GREEN VALLEY RANCH BLVD & N TELLURIDE ST,1,1,0,0,1,1,0,1,35,0,0,0,0,0,4,4,16
,2024-031509,39.73848491,-105.0532131,7/23/2024 8:52,8:52,12,0,0, SHERIDAN BLVD & W 14TH AVE,1,1,0,0,1,1,0,0,35,0,0,0,0,0,2,2,3
,2024-031510,39.7313189,-105.0141469,7/23/2024 15:05,15:05,16,0,0, WYANDOT ST & W MULBERRY PL,1,1,0,0,5,7,0,0,,0,0,0,0,0,3,2,11
,2024-031513,39.68750485,-104.9606553,7/2/2024 7:01,7:01,6,0,0,E IOWA AVE & S YORK ST,1,1,0,0,1,4,0,0,25,0,0,0,0,0,4,2,3
,2024-031515,39.77428548,-105.0019296,6/28/2024 1:46,1:46,6,0,0,W 42ND AVE & N LIPAN ST,1,3,0,0,1,4,0,0,25,0,0,0,0,0,4,2,14
,2024-031518,39.72950246,-104.9034688,7/22/2024 10:52,10:52,12,0,0, QUEBEC ST & E 8TH AVE,1,1,0,0,1,3,0,0,25,0,0,0,0,0,4,3,13
,2024-031520,39.75175194,-104.9958688,7/22/2024 16:10,16:10,3,0,0,18TH ST & MARKET ST,1,1,0,0,1,1,0,0,30,0,0,0,0,0,4,2,3
,2024-031527,39.78077698,-104.9495324,7/21/2024 8:55,8:55,3,0,0,E 46TH AVE & N VASQUEZ BLVD,1,1,0,0,1,1,0,0,55,0,0,0,0,0,2,2,16
,2024-031584,39.83201664,-104.7155396,7/22/2024 11:33,11:33,15,0,0,E 75TH AVE & N GUN CLUB RD,1,1,0,0,1,4,0,0,45,0,0,0,0,0,4,2,13
,2024-031586,39.71828991,-104.9406266,7/5/2024 13:35,13:35,15,0,0, COLORADO BLVD & E 1ST AVE,1,1,0,0,1,4,0,0,35,0,0,0,0,0,2,2,13
,2024-031594,39.74015136,-104.97991,7/17/2024 8:02,8:02,6,0,0, PEARL ST & E COLFAX AVE,1,1,0,0,1,4,0,0,,0,0,0,0,0,4,2,16
,2024-031599,39.71116069,-104.9863693,7/24/2024 16:13,16:13,1,0,1,E ALAMEDA AVE & S LINCOLN ST,1,1,0,0,1,1,0,0,30,0,0,0,0,2,4,2,13
,2024-031600,39.76746209,-104.9034673,7/23/2024 10:09,10:09,15,0,0, QUEBEC ST & E 36TH AVE,1,1,0,0,1,3,0,0,35,0,0,0,0,0,4,2,16
,2024-031601,39.72278473,-105.0110567,7/24/2024 8:07,8:07,5,0,0,I-25 SB ON RAMP & W 6TH AVE EB,1,1,0,0,3,8,0,0,55,0,0,0,0,0,1,2,16
,2024-031602,39.75671068,-104.8535854,7/23/2024 13:45,13:45,1,0,0,E MLK JR BLVD & N MOLINE ST,1,1,0,0,1,1,0,0,35,0,0,0,0,0,4,2,16
,2024-031603,39.71214373,-104.9994335,7/9/2024 12:05,12:05,15,0,0,I-25 NB ON RAMP & RAMP ENT FROM S SANTA FE DR,1,1,0,0,1,8,0,0,,0,0,0,0,0,2,2,16
,2024-031605,39.75239467,-104.9846119,7/14/2024 2:18,2:18,10,0,0,STOUT ST & PARK AVE W,1,3,0,0,1,1,0,0,30,0,0,0,0,0,4,2,11
,2024-031606,39.73560491,-104.9741198,7/22/2024 22:30,22:30,6,0,0, CORONA ST & E 12TH AVE,1,4,0,0,1,4,0,0,25,0,0,0,0,0,4,4,12
,2024-031607,39.69516868,-104.9804636,7/23/2024 23:54,23:54,12,0,1,I-25 & S DOWNING ST,1,3,0,0,1,4,0,0,55,0,0,0,0,2,1,2,14
,2024-031613,39.77713124,-104.882849,7/23/2024 16:55,16:55,12,0,0,I-70 & N CENTRAL PARK BLVD,1,1,0,0,1,4,0,0,55,0,0,0,0,0,1,2,12
,2024-031615,39.75765214,-105.0251326,7/23/2024 10:05,10:05,12,0,1, FEDERAL BLVD & W 28TH AVE,1,1,0,0,1,4,0,0,35,0,0,0,0,1,2,2,16
,2024-031617,39.67862674,-104.9593929,7/24/2024 10:28,10:28,14,0,0, UNIVERSITY BLVD & E EVANS AVE,1,1,0,0,1,3,0,0,35,0,0,0,0,0,4,2,13
,2024-031619,39.73855761,-105.0322674,7/22/2024 19:00,19:00,6,0,0, KNOX CT & W 14TH AVE,1,4,0,0,1,4,0,0,20,0,0,0,0,0,4,2,1
,2024-031625,39.7396512,-104.9350012,7/23/2024 15:12,15:12,6,0,0,1621  CLERMONT ST & E COLFAX AVE,1,1,0,0,1,2,0,0,25,0,0,0,0,0,4,2,13
,2024-031632,39.74020416,-104.9989093,7/23/2024 19:00,19:00,3,0,0, SPEER BLVD & W COLFAX AVE,1,1,0,0,1,1,0,0,,0,0,0,0,0,2,2,16
,2024-031633,39.69662777,-104.9791534,7/23/2024 13:00,13:00,6,0,0,E MISSISSIPPI AVE & S WASHINGTON ST,1,1,0,0,1,4,0,0,,0,0,0,0,0,4,2,16
,2024-031636,39.72559476,-105.0131351,7/17/2024 10:53,10:53,12,0,0,I-25 & W 6TH AVE,1,1,0,7,1,4,0,0,,0,0,0,0,0,1,2,16
,2024-031638,39.73239876,-104.9888503,7/23/2024 14:37,14:37,12,0,0, ACOMA ST & W 10TH AVE,1,1,0,0,1,4,0,0,25,0,0,0,0,0,4,2,6
,2024-031641,39.73103044,-104.9404435,7/11/2024 17:42,17:42,12,0,0,E 9TH AVE & N COLORADOBLVD,1,1,0,0,1,3,0,0,,0,0,0,0,0,4,2,16
,2024-031646,39.65315139,-105.0532903,7/24/2024 7:08,7:08,15,0,0, SHERIDAN BLVD & W HAMPDEN AVE,1,1,0,0,1,1,0,0,40,0,0,0,0,0,2,2,3
,2024-031647,39.67215715,-104.9593877,7/24/2024 15:00,15:00,15,0,0, UNIVERSITY BLVD & E WESLEY AVE,1,1,0,0,1,4,0,0,30,0,0,0,0,0,4,2,14
,2024-031648,39.73705006,-104.912438,7/24/2024 16:42,16:42,12,0,0, MONACO ST PKWY & E 13TH AVE,1,1,0,0,1,3,0,0,35,0,0,0,0,0,4,2,2
,2024-031649,39.7486121,-105.0031647,7/23/2024 14:00,14:00,15,0,0, SPEER BLVD & WAZEE ST,1,1,0,0,1,1,0,0,35,0,0,0,0,0,4,2,3
,2024-031652,39.67631951,-104.9320845,7/23/2024 16:24,16:24,12,0,1,I-25 & E EVANS AVE,1,1,1,0,1,4,0,0,65,0,0,0,0,2,1,2,3
,2024-031654,39.67846263,-104.9120573,7/24/2024 10:52,10:52,12,0,0,E EVANS AVE & S MONACO ST PKWY,1,1,0,0,1,4,0,0,30,0,0,0,0,0,4,2,14
,2024-031657,39.78956867,-105.0251982,7/23/2024 18:18,18:18,6,0,0, FEDERAL BLVD & W 51ST AVE,1,1,0,0,1,4,0,0,35,0,0,0,0,0,2,2,16
,2024-031659,39.74028116,-105.0124023,7/23/2024 19:08,19:08,3,0,0,W COLFAX AVE & I-25 NB OFF RAMP,1,2,0,0,1,1,0,0,35,0,0,0,0,0,2,3,13
,2024-031661,39.69657413,-104.939989,7/24/2024 13:22,13:22,3,0,0,E MISSISSIPPI AVE & S COLORADO BLVD,1,1,0,0,1,2,0,0,30,0,0,0,0,0,4,2,11
,2024-031662,39.74036994,-104.9734092,7/24/2024 11:14,11:14,6,0,0, DOWNING ST & E COLFAX AVE,1,3,0,0,1,4,0,0,,0,0,0,0,0,4,2,16
,2024-031663,39.74021191,-104.9996369,7/24/2024 14:52,14:52,15,0,0,W COLFAX AVE & N SPEER BLVD,1,1,0,0,1,4,0,0,35,0,0,0,0,0,2,2,16
,2024-031664,39.8304475,-104.7718764,7/19/2024 23:53,23:53,1,0,1, TOWER RD & PENA BLVD INBOUND RAMPS,1,3,0,0,1,1,0,0,,0,0,0,1,2,4,2,16
,2024-031667,39.80557171,-104.7721181,7/24/2024 13:15,13:15,3,0,1, TOWER RD & E 60TH AVE,1,1,0,0,1,1,0,0,40,0,0,0,0,1,4,2,13
,2024-031668,39.73843886,-104.9841104,7/24/2024 6:29,6:29,12,0,1,E 14TH AVE & N GRANT ST,13,1,1,0,1,3,0,0,20,0,0,0,1,2,4,2,16
,2024-031672,39.76240463,-105.0300411,7/13/2024 16:30,16:30,12,0,0, IRVING ST & W 32ND AVE,1,1,0,0,1,3,0,0,30,0,0,0,0,0,4,2,13
,2024-031673,39.71108422,-105.0249415,7/21/2024 0:10,0:10,12,0,3, FEDERAL BLVD & W ALAMEDA AVE,1,3,0,0,1,3,0,0,,0,0,0,0,2,2,3,16
,2024-031678,39.74014945,-104.948191,7/19/2024 18:56,18:56,6,0,0,E COLFAX AVE & N ADAMS ST,1,1,0,0,3,4,0,0,35,0,0,0,0,0,2,2,16
,2024-031680,39.7750077,-105.0099666,7/23/2024 6:40,6:40,6,0,0, SHOSHONE ST & W 43RD AVE,1,1,0,0,1,4,0,0,20,0,0,0,0,0,4,2,1
,2024-031681,39.78364111,-104.7897222,7/24/2024 12:27,12:27,12,0,1, OFF RAMP SLIP & E GREEN VALLEY RANCH BLVD,1,1,0,0,1,3,0,0,45,0,0,0,0,1,4,2,11
,2024-031683,39.7832801,-105.0252139,7/24/2024 15:23,15:23,12,0,1, FEDERAL BLVD & W 48TH AVE,1,1,0,0,1,4,0,0,35,0,0,0,0,2,2,3,3
,2024-031685,39.77954085,-104.9036056,7/24/2024 9:04,9:04,15,0,0, NORTHFIELD QUEBEC ST & I-70 EB RAMPS,1,1,0,0,1,3,0,0,40,0,0,0,0,0,2,2,13
,2024-031686,39.75604768,-104.9903416,7/23/2024 17:49,17:49,15,0,0,MARKET ST & PARK AVE W,1,1,0,0,1,4,0,0,25,0,0,0,0,0,4,2,14
,2024-031688,39.7804957,-104.958914,7/24/2024 16:38,16:38,12,0,0,I-70 & N YORK ST,1,1,0,0,1,4,0,0,65,0,0,0,0,0,1,4,11
,2024-031689,39.72309594,-105.032483,7/24/2024 15:34,15:34,5,0,0, KNOX CT & W 4TH AVE,1,1,1,0,1,4,0,0,30,0,0,0,0,0,4,1,16
,2024-031690,39.72904632,-104.9899352,7/22/2024 9:48,9:48,15,0,0,W 8TH AVE & N SPEER BLVD,1,1,0,0,1,1,0,0,25,0,0,0,0,0,4,2,16
,2024-031692,39.77955529,-104.9790523,7/18/2024 16:01,16:01,12,0,0,I-70 & N WASHINGTON ST,1,1,0,0,1,13,0,0,55,0,0,0,0,0,1,2,16
,2024-031694,39.72541863,-105.0296349,7/24/2024 15:57,15:57,12,0,0,W 6TH AVE & EB OFF RAMP MERGE PT TO N FEDERAL BLVD,1,1,0,0,1,8,0,0,55,0,0,0,0,0,2,2,16
,2024-031718,39.69311534,-105.0250363,7/21/2024 21:35,21:35,11,0,1, FEDERAL BLVD & W LOUISIANA AVE,1,3,0,0,1,4,0,0,0,0,1,0,0,3,2,1,16
,2024-031719,39.70305747,-104.9130606,7/20/2024 18:20,18:20,12,0,0,LEETSDALE DR & S MONACO ST PKWY,1,2,0,0,1,3,0,0,35,0,0,0,0,0,2,2,13
,2024-031722,39.79479593,-104.8111596,7/20/2024 21:25,21:25,6,0,1,E MAXWELL PL & N GRANBY ST,1,3,0,0,1,4,0,0,15,0,0,0,0,1,4,2,16
,2024-031725,39.72828312,-105.044534,7/21/2024 16:55,16:55,11,0,1,700 UTICA,1,1,0,0,1,9,0,0,,0,1,0,0,3,4,1,16
,2024-031727,39.76971385,-104.9915048,7/22/2024 0:35,0:35,15,0,1,I-25 NB ON RAMP & PARK AVE W,1,3,0,0,1,8,0,0,55,0,0,0,0,1,1,2,16
,2024-031822,39.74843931,-105.0001262,7/25/2024 11:35,11:35,15,0,0,MARKET ST & 15TH ST,1,1,0,0,1,4,0,0,30,0,0,0,0,0,4,2,13
,2024-031824,39.72887954,-104.9986112,7/25/2024 8:20,8:20,15,0,0, SANTA FE DR & W 8TH AVE,1,1,0,0,1,3,0,0,30,0,0,0,0,0,4,2,13
,2024-031848,39.75656044,-104.9282388,7/18/2024 20:00,20:00,6,0,0, FAIRFAX ST & E 28TH AVE,1,3,0,0,1,3,0,0,35,0,0,0,0,0,4,2,16
,2024-031849,39.72560978,-104.9485825,7/24/2024 15:27,15:27,14,0,0,E 6TH AVE & N ADAMS ST,1,1,0,0,1,3,0,0,25,0,0,0,0,0,4,2,13
,2024-031850,39.76928847,-105.0005888,7/25/2024 18:32,18:32,3,0,1,W 38TH AVE & N KALAMATH ST,1,1,0,0,1,2,0,0,35,0,0,0,0,2,4,2,13
,2024-031851,39.71819789,-104.9732324,7/23/2024 13:00,13:00,15,0,0, DOWNING ST & E 1ST AVE,1,1,0,0,1,1,0,0,,0,0,0,0,0,4,2,16
,2024-031862,39.73844637,-104.9916554,7/18/2024 15:00,15:00,15,0,0,W 14TH AVE & N CHEROKEE ST,1,1,0,0,1,1,0,0,30,0,0,0,0,0,4,2,11
,2024-031863,39.72964326,-105.0149324,7/25/2024 10:57,10:57,12,0,0,I-25 & W 8TH AVE,1,1,0,0,1,4,0,0,55,0,0,0,0,0,1,2,13
,2024-031865,39.65310366,-104.9293451,7/24/2024 7:40,7:40,12,0,0,E HAMPDEN AVE & S ELM ST,1,1,0,0,1,1,0,0,35,0,0,0,0,0,2,2,3
,2024-031868,39.78003277,-104.9495364,7/25/2024 13:56,13:56,3,0,1, STEELE ST & E 46TH AVE,1,1,0,0,1,1,0,0,35,0,0,0,0,3,2,2,13
,2024-031873,39.76182864,-104.9124088,7/24/2024 12:51,12:51,1,0,0,E MLK JR BLVD & MONACO ST PKWY,14,5,3,7,1,1,0,0,35,0,0,0,0,0,4,2,13
,2024-031875,39.71119525,-104.997141,7/25/2024 15:51,15:51,11,0,0, SANTA FE DR & W ALAMEDA AVE,1,1,0,0,1,1,0,0,0,0,0,1,0,0,4,1,16
,2024-031886,39.75984138,-104.9877869,7/26/2024 7:58,7:58,15,0,0, BROADWAY ST & N BLAKE ST,1,1,0,0,1,4,0,0,30,0,0,0,0,0,4,2,16
,2024-031893,39.67469587,-104.8707346,7/26/2024 13:05,13:05,12,0,0, PARKER RD & E ILIFF AVE,1,1,0,0,1,3,0,0,35,0,0,0,0,0,2,2,13
,2024-031894,39.69031088,-104.9317102,7/25/2024 23:01,23:01,6,0,1,1420  DAHLIA ST & E IDAHO PL,1,3,0,0,1,4,0,0,,0,0,0,0,1,4,2,16
,2024-031899,39.76100626,-105.0038629,7/26/2024 2:09,2:09,5,0,2,I-25 NB ON RAMP & 20TH ST,1,3,0,0,2,8,0,0,55,0,0,0,0,1,1,1,3
,2024-031900,39.83396541,-104.7621743,7/25/2024 17:43,17:43,12,0,0,PENA BLVD & N TOWER RD,1,1,0,0,1,4,0,0,65,0,0,0,0,0,4,2,13
,2024-031903,39.7517201,-104.9906666,7/26/2024 9:18,9:18,15,0,0,ARAPAHOE ST & 20TH ST,1,1,0,0,1,3,0,1,25,0,0,0,0,0,4,2,16
,2024-031904,39.76201037,-104.972016,7/26/2024 10:35,10:35,12,0,1,E MLK JR BLVD & N MARION ST,1,1,0,0,1,4,0,0,30,0,0,0,0,2,4,3,3
,2024-031905,39.73062546,-105.0152765,7/25/2024 17:00,17:00,15,0,0,I-25 & W 6TH AVE,1,1,0,0,1,8,0,0,55,0,0,0,0,0,1,2,13
,2024-031906,39.7382148,-104.9941154,7/26/2024 15:09,15:09,6,0,0,1300  ELATI ST,1,1,0,0,1,4,0,0,20,0,0,0,0,0,4,2,16
,2024-031907,39.76061369,-104.9001075,7/23/2024 15:15,15:15,1,0,0,E MLK JR BLVD & N ROSLYN ST,1,1,0,0,1,1,0,0,30,0,0,0,0,0,4,2,16
,2024-031909,39.69566304,-104.9035085,7/24/2024 16:44,16:44,12,0,0, QUEBEC ST & E MISSISSIPPI AVE,1,1,0,0,1,4,0,0,15,0,0,0,0,0,4,2,13
,2024-031913,39.78556584,-104.8962625,7/25/2024 18:16,18:16,3,0,0,E NORTHFIELD BLVD & N TRENTON ST,1,1,0,0,1,1,0,0,35,0,0,0,0,0,4,2,13
,2024-031914,39.76202355,-105.0252193,7/26/2024 17:03,17:03,12,0,0, FEDERAL BLVD & W 32ND AVE,1,1,0,0,1,1,0,0,35,0,0,0,0,0,2,3,13
,2024-031917,39.72232146,-104.940788,7/25/2024 15:10,15:10,15,0,0, COLORADO BLVD & E 3RD AVE,1,1,0,0,1,4,0,0,35,0,0,0,0,0,2,2,13
,2024-031918,39.69420061,-104.9178448,7/25/2024 21:58,21:58,12,0,0,E CHERRY CREEK  DR & S KEARNEY ST,1,3,0,0,1,4,0,0,25,0,0,0,0,0,4,2,16
,2024-031920,39.74163894,-104.9684496,7/24/2024 16:32,16:32,1,0,0, FRANKLIN ST & E 16TH AVE,1,1,0,0,1,1,0,0,,0,0,0,0,0,4,2,16
,2024-031921,39.72893107,-104.9940736,7/26/2024 14:44,14:44,10,0,1,W 8TH AVE & N ELATI ST,1,1,0,0,1,1,0,0,35,0,0,0,0,2,4,2,11
,2024-031922,39.65349503,-104.9128996,7/26/2024 9:50,9:50,12,0,1, MONACO ST PKWY & E HAMPDEN AVE,1,1,0,0,1,4,0,0,30,0,0,0,1,1,4,2,16
,2024-031923,39.7706236,-104.9498911,7/25/2024 21:58,21:58,6,0,0, STEELE ST & E 38TH AVE,1,4,0,0,1,4,0,0,,0,0,0,0,0,4,2,16
,2024-031925,39.73540907,-104.9835958,7/25/2024 22:25,22:25,6,0,0,E GRANT ST & 12TH AVE,1,3,0,0,1,4,0,0,25,0,0,0,0,0,4,3,3
,2024-031926,39.65174716,-105.0534212,7/26/2024 10:15,10:15,12,0,0,W HAMPDEN  FRTG & S SHERIDAN BLVD,1,1,0,0,1,3,0,0,35,0,0,0,0,0,4,2,13
,2024-031928,39.6529852,-104.9341049,7/25/2024 17:47,17:47,12,0,2,E HAMPDEN AVE & S CHERRY ST,1,1,0,0,1,4,0,0,45,0,0,0,0,1,2,4,16
,2024-031930,39.77523968,-104.8474731,7/26/2024 15:32,15:32,12,0,0,I-70 WB ON RAMP SLIP & N PEORIA ST,1,3,0,0,1,8,0,0,35,0,0,0,0,0,4,2,3
,2024-031932,39.77996299,-105.0064473,7/23/2024 13:21,13:21,12,0,0, PECOS ST & W 46TH AVE,1,1,0,0,1,3,0,0,35,0,0,0,0,0,4,3,16
,2024-031934,39.73687936,-105.0041701,7/26/2024 13:25,13:25,6,0,0,W 13TH AVE & N NEWTON ST,1,1,0,0,1,9,0,0,20,0,0,0,0,0,4,2,13
,2024-031935,39.77177072,-104.9034923,7/26/2024 15:22,15:22,3,0,3,E SMITH RD & N QUEBEC ST,1,1,0,0,1,1,0,0,30,0,0,0,0,2,4,2,16
,2024-031936,39.69674631,-105.0297402,7/23/2024 19:09,19:09,12,0,1,W MISSISSIPPI AVE & S IRVING ST,1,1,0,0,1,3,0,0,30,0,0,0,1,2,4,2,13
,2024-031939,39.74398139,-105.0531509,6/29/2024 17:21,17:21,15,0,0,W 17TH AVE & N SHERIDAN BLVD,1,1,0,0,1,3,0,0,30,0,0,0,0,0,2,2,11
,2024-031941,39.67947112,-104.9579319,7/26/2024 18:24,18:24,3,0,1, JOSEPHINE ST & E ASBURY AVE,1,1,0,0,1,2,0,0,20,0,0,0,0,2,4,2,3
,2024-031942,39.74075282,-104.9734042,7/26/2024 19:03,19:03,3,0,1, DOWNING ST & E COLFAX AVE,1,1,0,0,1,2,0,0,25,0,0,0,0,2,4,2,11
,2024-031943,39.78590242,-104.7721289,7/26/2024 21:11,21:11,1,0,1, TOWER RD & E 49TH AVE,1,3,0,0,1,1,0,0,40,0,0,0,1,3,4,2,16
,2024-031944,39.81276632,-104.7721169,7/26/2024 19:07,19:07,2,0,1,E 64TH AVE & N TOWER RD,1,1,0,0,1,1,0,0,40,1,0,0,0,3,4,1,11
,2024-031945,39.77317538,-104.8373651,7/27/2024 16:20,16:20,15,0,0,I-70 & N PEORIA ST,1,1,0,0,1,4,0,0,55,0,0,0,0,0,1,4,1
,2024-031948,39.739846,-104.9848604,7/25/2024 14:22,14:22,5,0,0, SHERMAN ST & E COLFAX AVE,1,1,0,0,3,4,0,0,,0,0,0,0,0,4,1,13
,2024-031949,39.74757451,-104.9684314,7/18/2024 10:35,10:35,16,0,0,2045  FRANKLIN ST,1,3,0,0,5,7,0,0,,0,0,0,0,0,3,2,16
,2024-031950,39.6822722,-105.0250198,7/25/2024 15:22,15:22,15,0,0, FEDERAL BLVD & W JEWELL AVE,1,1,0,0,1,4,0,0,,0,0,0,0,0,2,2,16
,2024-031953,39.7286552,-104.9811273,7/24/2024 9:58,9:58,5,0,0,PENNSYLVANIA ST & 8TH AVE,1,1,0,0,1,4,0,0,25,0,0,0,0,0,4,1,16
,2024-031955,39.67258384,-104.8682698,7/5/2024 17:00,17:00,5,0,0,E HARVARD AVE & S PARKER RD,1,1,0,0,3,1,0,0,45,0,0,0,0,0,2,1,1
,2024-031956,39.67855564,-104.9863698,7/17/2024 21:14,21:14,12,0,0,E EVANS AVE & S LINCOLN ST,11,3,3,1,1,1,0,0,35,0,0,0,0,0,4,2,13
,2024-031957,39.71913389,-105.0479951,7/25/2024 15:15,15:15,6,0,0,134  WOLFF ST & W 1ST AVE,1,1,0,0,1,4,0,0,20,0,0,0,0,0,4,2,11
,2024-031962,39.71819784,-104.9732324,7/27/2024 1:47,1:47,3,0,0,E SPEER BLVD & N DOWNING ST,1,3,0,0,1,1,0,0,30,0,0,0,0,0,4,2,13
,2024-031963,39.76001609,-104.890774,7/26/2024 18:02,18:02,3,0,0,E MLK JR BLVD & N CENTRAL PARK BLVD,1,1,0,0,1,1,0,0,30,0,0,0,0,0,4,2,11
,2024-031964,39.83797752,-104.6928811,7/27/2024 14:50,14:50,12,0,0,25730 E 78TH AVE & N JACKSON GAP ST,1,1,0,0,1,2,0,0,35,0,0,0,0,0,4,2,11
,2024-031968,39.76655427,-104.9836425,7/26/2024 23:12,23:12,12,0,1,BRIGHTON BLVD & 31ST ST,1,3,0,0,1,1,0,0,30,0,0,0,0,2,4,2,11
,2024-031969,39.83257855,-104.7473279,7/23/2024 8:33,8:33,5,0,0,E-470 & OFF RAMP EXT TO EB PENA BLVD,1,1,0,0,2,8,0,0,55,0,0,0,0,0,4,1,13
,2024-031970,39.7234924,-105.0250231,7/26/2024 17:51,17:51,12,0,0, FEDERAL BLVD & W 5TH AVE,1,1,0,0,1,3,0,0,35,0,0,0,0,0,2,2,11
,2024-031972,39.76852554,-104.9742163,7/27/2024 2:12,2:12,6,0,1,WALNUT ST & 36TH ST,1,3,0,0,3,4,0,0,30,0,0,0,0,3,4,3,16
,2024-031973,39.77586103,-104.8663684,7/27/2024 11:30,11:30,12,0,1,I-70 & N HAVANA ST,1,1,0,0,1,4,0,0,55,0,0,0,0,3,1,3,8
,2024-031978,39.72811039,-105.014634,7/22/2024 8:57,8:57,15,0,0,I-25 & W 6TH AVE,1,1,0,0,1,4,0,0,55,0,0,0,0,0,1,2,13
,2024-031980,39.71773585,-104.9499369,7/26/2024 17:28,17:28,12,0,0,E 1ST AVE & N STEELE ST,1,1,0,0,1,3,0,0,30,0,0,0,0,0,4,3,13
,2024-031981,39.75398199,-104.9914986,6/18/2024 22:40,22:40,6,0,0,21ST ST & LARIMER ST,1,3,0,0,1,4,0,0,30,0,0,0,0,0,4,3,1
,2024-031984,39.65335728,-105.0532905,7/26/2024 22:28,22:28,1,0,0, SHERIDAN BLVD & W HAMPDEN AVE,1,3,0,0,1,1,0,0,35,0,0,0,0,0,2,2,11
,2024-031985,39.74740043,-104.978058,7/3/2024 23:47,23:47,5,0,0,PARK AVE & E 20TH AVE,1,3,0,0,3,4,0,0,30,0,0,0,0,0,4,1,3
,2024-031986,39.66773396,-105.0814214,7/27/2024 15:40,15:40,3,0,0,W YALE AVE & S WADSWORTH BLVD,1,1,3,0,1,1,0,0,45,0,0,0,0,0,2,2,11
,2024-031987,39.77400994,-104.9897487,7/27/2024 13:58,13:58,12,0,0,I-25 & PARK AVE W,1,1,0,0,1,4,0,0,55,0,0,0,0,0,1,2,16
,2024-031992,39.74720249,-104.9876374,7/25/2024 10:10,10:10,3,0,1,19TH ST & WELTON ST,1,1,0,0,1,1,0,0,,0,0,0,0,1,4,2,16
,2024-031993,39.75576557,-104.9889557,6/20/2024 17:59,17:59,3,0,0,LARIMER ST & PARK AVE W,1,1,0,0,1,1,0,0,,0,0,0,0,0,4,2,16
,2024-031999,39.72884245,-104.9861526,6/18/2024 11:30,11:30,15,0,0, LINCOLN ST & E 8TH AVE,1,1,0,0,1,3,0,0,35,0,0,0,0,0,4,2,16
,2024-032001,39.68568577,-104.9408248,7/26/2024 20:22,20:22,1,0,1,E MEXICO AVE & S COLORADO BLVD,1,2,0,0,1,1,0,0,45,0,0,0,0,2,2,2,13