id,drcog_id,latitude,longitude,crashtime,time,crashtype,numbkilled,numbinjurd,drcoglocat,rdconditin,lightngcon,roadcntgrd,weatherco,location,roaddescrp,schoolzone,constrzone,splimit,bikeinv,pedinv,sctrinv,motoinv,svrty,rdsystem,ttlvehcls,hcf
,2024-032002,39.67846365,-104.9129872,7/26/2024 20:59,20:59,11,0,1,6477 E EVANS AVE & S MONACO ST PKWY,1,1,0,0,1,4,0,0,0,0,1,0,0,3,4,1,16
,2024-032006,39.65307901,-104.8987255,6/27/2024 18:06,18:06,1,0,1,7400 E HAMPDEN AVE & S TAMARAC DR,1,1,0,0,1,2,0,0,40,0,0,0,0,3,2,2,10
,2024-032007,39.77822046,-104.8825559,6/30/2024 12:44,12:44,12,0,0,I-70 WB OFF RAMP & N CENTRAL PARK BLVD,1,1,0,0,1,8,0,0,45,0,0,0,0,0,1,2,16
,2024-032018,39.79537559,-104.7814353,7/23/2024 13:12,13:12,5,0,0, TELLURIDE ST & E ELMENDORF DR,1,1,0,0,2,1,0,0,35,0,0,0,0,0,4,1,16
,2024-032024,39.73987468,-105.0052333,7/23/2024 15:27,15:27,2,0,1, OSAGE ST & W COLFAX AVE,1,1,0,0,1,4,0,0,0,1,0,0,0,1,4,1,16
,2024-032031,39.81276638,-104.7721169,7/23/2024 13:06,13:06,1,0,0, TOWER RD & E 64TH AVE,1,1,0,0,1,1,0,0,45,0,0,0,0,0,4,2,16
,2024-032032,39.78113488,-104.750208,7/22/2024 14:08,14:08,2,0,1, IRELAND CT & GREEN VALLEY RANCH BLVD,1,1,0,0,1,1,0,0,25,1,0,0,0,2,4,1,11
,2024-032081,39.74273147,-105.0252272,6/29/2024 0:15,0:15,15,0,0, FEDERAL BLVD & W 16TH AVE,1,3,0,0,1,1,0,0,35,0,0,0,0,0,2,2,11
,2024-032094,39.74046678,-105.0154079,7/19/2024 18:11,18:11,3,0,4, OSAGE ST & I-25 SB RAMP,1,1,0,0,1,1,0,0,40,0,0,0,0,3,2,3,9
,2024-032102,39.74688816,-104.9934695,7/15/2024 16:35,16:35,3,0,0,1600 CHAMPA ST,1,1,0,0,1,2,0,0,30,0,0,0,0,0,4,2,13
,2024-032104,39.69666312,-104.99294,7/22/2024 0:42,0:42,3,0,0,W MISSISSIPPI AVE & S PLATTE RIVER DR,1,3,0,0,1,1,0,0,45,0,0,0,0,0,2,4,16
,2024-032108,39.74001436,-104.9698559,7/24/2024 14:15,14:15,15,0,1,E COLFAX AVE & N HUMBOLDT ST,1,1,0,0,1,4,0,0,30,0,0,0,0,1,2,2,9
,2024-032111,39.71110773,-104.9988386,7/1/2024 22:50,22:50,15,0,0,I-25 & W ALAMEDA AVE,1,3,0,0,1,4,0,0,65,0,0,0,0,0,1,2,16
,2024-032112,39.73888393,-105.0393129,7/5/2024 1:17,1:17,6,0,0, PERRY ST & W 14TH AVE,1,3,0,0,1,4,0,0,25,0,0,0,0,0,4,3,16
,2024-032113,39.72726638,-104.9811389,6/26/2024 17:45,17:45,6,0,0,PENNSYLVANIA ST & E 7TH AVE,14,5,3,7,1,3,0,0,30,0,0,0,0,0,4,2,1
,2024-032115,39.67845422,-104.9937368,7/27/2024 23:19,23:19,12,0,1,W EVANS AVE & S SANTA FE DR SB OFF RAMP,1,3,1,0,1,1,0,0,35,0,0,0,1,3,2,2,14
,2024-032116,39.65310392,-104.9291297,7/26/2024 15:40,15:40,15,0,0,E HAMPDEN AVE & S ELM ST,1,1,0,0,1,4,0,0,35,0,0,0,0,0,2,2,13
,2024-032118,39.74742146,-105.0181236,7/4/2024 22:45,22:45,12,0,0,I-25 & W 20TH AVE,1,3,0,0,1,4,0,0,,0,0,0,0,0,1,2,3
,2024-032119,39.73857061,-105.0311259,7/23/2024 2:06,2:06,6,0,1, JULIAN ST & W 14TH AVE,1,3,0,0,2,4,0,0,25,0,0,0,0,1,4,2,1
,2024-032124,39.70607207,-104.9407894,7/28/2024 15:45,15:45,10,0,0, COLORADO BLVD & E CHERRY CREEK S DR,1,1,0,0,1,1,0,0,35,0,0,0,0,0,2,2,10
,2024-032131,39.7522592,-104.9813399,7/28/2024 1:49,1:49,5,0,0,WELTON ST & 24TH ST,1,3,0,0,3,3,0,0,30,0,0,0,0,0,4,1,16
,2024-032133,39.67859777,-105.0355733,7/27/2024 17:10,17:10,12,0,0,W EVANS AVE & S MEADE ST,1,1,0,0,1,1,0,0,40,0,0,0,0,0,4,2,13
,2024-032135,39.74322578,-104.964756,7/26/2024 16:35,16:35,3,0,0, HIGH ST & E 17TH AVE,1,1,0,0,1,1,0,0,20,0,0,0,0,0,4,2,11
,2024-032137,39.7692866,-105.0048642,7/28/2024 15:04,15:04,10,0,0,W 38TH AVE & N NAVAJO ST,1,1,0,0,1,2,0,0,35,0,0,0,0,0,4,2,13
,2024-032142,39.78223732,-104.8249435,7/19/2024 12:13,12:13,14,0,0, DILLON ST & E ELK PL,1,1,0,0,1,4,0,0,25,0,0,0,0,0,4,2,16
,2024-032146,39.814651,-104.7654171,7/27/2024 15:28,15:28,3,0,11,65TH AVE & CEYLON ST,1,1,0,0,1,1,0,0,25,0,0,0,0,2,4,2,11
,2024-032148,39.72560272,-104.9414804,7/14/2024 9:47,9:47,15,0,0,E 6TH AVE & N COLORADO BLVD,1,1,0,0,1,4,0,0,30,0,0,0,0,0,4,2,16
,2024-032149,39.74375981,-104.9407837,7/28/2024 8:41,8:41,1,0,0,E 17TH AVE & N COLORADO BLVD,1,1,0,0,1,1,0,0,35,0,0,0,0,0,2,2,11
,2024-032168,39.70933449,-104.9863924,7/24/2024 17:25,17:25,3,0,0,E DAKOTA AVE & S LINCOLN ST,1,1,0,0,1,1,0,0,25,0,0,0,0,0,4,2,16
,2024-032177,39.73568373,-105.025147,7/25/2024 9:09,9:09,2,0,1,W HOLDEN PL & N FEDERAL BLVD,1,1,0,0,1,1,0,0,35,1,0,0,0,2,2,1,14
,2024-032188,39.72576056,-105.0249807,7/21/2024 19:56,19:56,3,0,2, FEDERAL BLVD & W 6TH AVE WB OFF RAMP,1,2,0,0,1,1,0,0,35,0,0,0,0,2,2,2,16
,2024-032271,39.71123942,-105.0251718,6/6/2024 21:59,21:59,3,0,1,W ALAMEDA AVE & S FEDERAL BLVD,1,3,0,0,1,1,0,0,35,0,0,0,0,1,2,2,16
,2024-032274,39.75775055,-104.9985751,6/28/2024 2:48,2:48,5,0,0,20TH ST & CHESTNUT PL,1,4,0,0,1,1,0,1,35,0,0,0,0,0,4,1,7
,2024-032275,39.75239467,-104.9846119,7/14/2024 2:18,2:18,10,0,0,STOUT ST & PARK AVE W,1,3,0,0,1,1,0,0,30,0,0,0,0,0,4,2,11
,2024-032287,39.77282496,-104.8016298,7/28/2024 12:22,12:22,12,0,0, KITTREDGE ST & E 40TH AVE,1,1,0,0,1,1,0,0,20,0,0,0,0,0,4,2,11
,2024-032288,39.70396622,-105.0350328,7/28/2024 20:34,20:34,6,0,0,3530 W EXPOSITION AVE & S LOWELL BLVD,1,3,0,0,1,4,0,0,25,0,0,0,0,0,4,4,16
,2024-032292,39.76908311,-105.0462925,6/26/2024 7:20,7:20,1,0,0, VRAIN ST & W 38TH AVE,1,1,0,0,1,2,0,0,25,0,0,0,0,0,4,2,16
,2024-032293,39.75175194,-104.9958688,7/5/2024 1:34,1:34,3,0,2,18TH ST & MARKET ST,1,3,0,0,1,1,0,0,30,0,0,0,0,2,4,2,1
,2024-032294,39.84928164,-104.6726895,7/28/2024 21:44,21:44,6,0,0,PENA BLVD & N PATSBURG ST,1,3,0,0,5,4,0,0,10,0,0,0,0,0,3,2,13
,2024-032297,39.79839402,-104.7721172,6/29/2024 8:44,8:44,12,0,0,E 56TH AVE & N TOWER RD,1,1,0,0,1,3,0,0,45,0,0,0,0,0,4,2,14
,2024-032298,39.71706086,-104.9037058,7/29/2024 16:35,16:35,12,0,0, QUEBEC ST & E LOWRY BLVD,1,1,0,0,1,3,0,0,40,0,0,0,0,0,4,2,13
,2024-032299,39.69566719,-104.9050492,7/26/2024 3:48,3:48,16,0,0,7100 E MISSISSIPPI AVE,1,3,0,0,5,7,0,0,10,0,0,0,0,0,3,3,16
,2024-032304,39.781982,-105.0016957,7/7/2024 0:30,0:30,16,0,0,W 47TH AVE & N LIPAN ST,1,3,0,0,5,7,0,0,,0,0,0,0,0,3,2,16
,2024-032305,39.77479318,-104.8123331,7/28/2024 17:00,17:00,12,0,0,E ANDREWS DR & N FRASER WY,1,1,0,0,1,1,0,0,25,0,0,0,0,0,4,2,14
,2024-032306,39.74033763,-105.0404879,7/29/2024 17:35,17:35,15,0,1,W COLFAX AVE & N QUITMAN ST,1,1,0,0,1,3,0,0,,0,0,0,0,1,2,2,16
,2024-032309,39.78026261,-104.9458265,7/29/2024 8:33,8:33,12,0,0,I-70 & N COLORADO BLVD,1,1,0,0,1,4,0,0,55,0,0,0,0,0,1,2,4
,2024-032310,39.76201976,-105.013133,7/13/2024 2:15,2:15,6,0,1, VALLEJO ST & W 32ND AVE,1,3,0,0,1,4,0,0,25,0,0,0,0,1,4,3,16
,2024-032311,39.76130345,-105.0532417,7/13/2024 12:00,12:00,16,0,0,3100  SHERIDAN BLVD,14,5,3,7,5,14,0,0,,0,0,0,0,0,3,3,16
,2024-032312,39.71478133,-104.9875257,6/5/2024 14:00,14:00,15,0,0, BROADWAY ST & E BAYAUD AVE,1,1,3,0,1,1,0,0,,0,0,0,0,0,4,2,16
,2024-032313,39.69858335,-104.9035233,6/26/2024 7:40,7:40,15,0,0,LEETSDALE DR & S QUEBEC ST,1,1,3,0,1,3,0,0,35,0,0,0,0,0,2,2,14
,2024-032315,39.75986332,-104.9819127,7/28/2024 9:38,9:38,6,0,0,LAWRENCE ST & 28TH ST,1,1,0,0,1,4,0,0,20,0,0,0,0,0,4,2,16
,2024-032316,39.6866248,-104.9828085,7/25/2024 17:00,17:00,6,0,0,1600  LOGAN ST,1,1,0,0,1,4,0,0,25,0,0,0,0,0,4,2,3
,2024-032317,39.74035527,-105.0139402,6/30/2024 22:08,22:08,15,0,0,I-25 & W COLFAX AVE,1,3,0,0,1,4,0,0,55,0,0,0,0,0,1,2,16
,2024-032318,39.65506461,-104.8704562,7/25/2024 10:37,10:37,3,0,2,E GIRARD AVE & S GALENA ST,1,1,0,0,1,2,0,0,25,0,0,0,0,2,4,2,11
,2024-032319,39.75481799,-105.0171458,7/28/2024 10:24,10:24,15,0,0,W 26TH AVE & N ALCOTT ST,1,1,0,0,1,4,0,0,25,0,0,0,0,0,4,2,13
,2024-032324,39.7834218,-104.9333984,6/22/2024 7:55,7:55,5,0,0,E 48TH AVE & N DAHLIA ST,1,1,0,0,1,4,0,0,25,0,0,0,0,0,4,1,13
,2024-032326,39.7531357,-104.990615,6/29/2024 1:49,1:49,6,0,0,LAWRENCE ST & 21ST ST,1,3,0,0,1,4,0,0,20,0,0,0,0,0,4,2,14
,2024-032327,39.73686384,-104.9964726,7/27/2024 13:49,13:49,10,0,0,W 13TH AVE & N SPEER BLVD,1,1,0,0,1,1,0,0,30,0,0,0,0,0,4,2,8
,2024-032332,39.72729518,-104.9704254,7/29/2024 2:30,2:30,6,0,0,E 7TH AVE & N LAFAYETTE ST,1,3,0,0,1,4,0,0,25,0,0,0,0,0,4,2,1
,2024-032333,39.67287882,-104.929429,7/29/2024 17:40,17:40,12,0,1,I-25 & E EVANS AVE,1,1,0,0,1,4,0,0,65,0,0,0,0,2,1,3,16
,2024-032338,39.78026656,-104.9664633,7/3/2024 16:32,16:32,12,0,0,I-70 & N BRIGHTON BLVD,1,1,3,0,1,4,0,0,65,0,0,0,0,0,1,2,14
,2024-032341,39.72508724,-105.0130868,6/30/2024 0:05,0:05,15,0,0,I-25 & W 6TH AVE,1,3,0,0,1,4,0,0,60,0,0,0,0,0,1,2,16
,2024-032343,39.75315126,-104.9957801,6/30/2024 2:24,2:24,6,0,1,BLAKE ST & 19TH ST,1,3,0,0,1,4,0,0,30,0,0,0,0,2,4,2,16
,2024-032345,39.72514302,-105.0253773,6/27/2024 16:40,16:40,15,0,0,W 6TH AVE EB OFF RAMP & N FEDERAL BLVD,1,1,1,0,1,8,0,0,25,0,0,0,0,0,2,2,14
,2024-032346,39.73104464,-104.934886,7/16/2024 11:30,11:30,6,0,0,E 9TH AVE & N CLERMONT ST,1,1,0,0,1,4,0,0,20,0,0,0,0,0,4,2,14
,2024-032349,39.73870584,-104.8893826,6/30/2024 13:10,13:10,3,0,0, WABASH ST & E 14TH ST,1,1,0,0,1,1,0,0,30,0,0,0,0,0,4,2,16
,2024-032351,39.74017201,-104.95663,7/22/2024 4:08,4:08,5,0,0,E COLFAX AVE & N ELIZABETH ST,1,3,0,0,3,4,0,0,35,0,0,0,0,0,2,1,16
,2024-032352,39.71121121,-104.9995219,7/22/2024 21:25,21:25,11,0,1,I-25 SB OFF RAMP & W ALAMEDA AVE,1,3,1,0,1,1,0,0,,0,0,1,0,2,2,1,16
,2024-032354,39.78238982,-104.8470106,7/26/2024 13:40,13:40,14,0,2, PEORIA ST & E ALBROOK DR,1,1,0,0,1,1,0,0,30,0,0,0,0,1,4,2,7
,2024-032357,39.73870807,-104.9964832,7/29/2024 7:35,7:35,12,0,0, GALAPAGO ST & E 14TH AVE,1,1,0,0,1,4,0,0,20,0,0,0,0,0,4,2,11
,2024-032358,39.62881192,-104.9046628,7/29/2024 6:49,6:49,15,0,1,I-25 & E UNION AVE,1,1,0,0,1,4,0,0,60,0,0,0,0,1,1,2,10
,2024-032361,39.68741016,-104.9405447,7/21/2024 19:38,19:38,12,0,0, COLORADO BLVD & E IOWA AVE,1,2,0,0,1,3,0,0,35,0,0,0,0,0,2,2,16
,2024-032364,39.79060069,-104.8131383,7/28/2024 22:30,22:30,3,0,0, ALTURA ST & E 53RD AVE,1,4,0,0,1,1,0,0,20,0,0,0,0,0,4,2,13
,2024-032365,39.66029031,-104.9405647,7/25/2024 14:45,14:45,12,0,0, COLORADO BLVD & E DARTMOUTH AVE,1,1,0,0,1,1,0,0,35,0,0,0,0,0,2,2,3
,2024-032369,39.73852875,-105.0532131,7/25/2024 12:04,12:04,12,0,0, SHERIDAN BLVD & W 14TH AVE,1,1,0,0,1,4,0,0,35,0,0,0,0,0,2,3,13
,2024-032370,39.68951391,-105.0153522,7/28/2024 18:00,18:00,12,0,1,W FLORIDA AVE & S ZUNI ST,1,1,1,0,1,3,0,0,20,0,0,0,0,2,4,2,3
,2024-032371,39.7253397,-104.9125602,7/25/2024 9:30,9:30,12,0,0,E 6TH AVE & N MONACO ST PKWY,1,1,0,0,1,1,0,0,,0,0,0,0,0,4,2,16
,2024-032372,39.74003482,-104.9987987,7/23/2024 18:00,18:00,3,0,0, SPEER BLVD & W COLFAX AVE,1,1,0,0,1,1,0,0,40,0,0,0,0,0,2,2,3
,2024-032376,39.71567486,-104.9875112,7/25/2024 16:15,16:15,15,0,0, BROADWAY ST & W ARCHER PL,1,1,0,0,1,1,0,0,,0,0,0,0,0,4,2,16
,2024-032378,39.67864514,-105.0250486,6/29/2024 15:52,15:52,12,0,0, FEDERAL BLVD & W EVANS AVE,1,1,0,0,1,4,0,0,35,0,0,0,0,0,2,3,14
,2024-032389,39.69675185,-105.0324259,7/27/2024 3:42,3:42,5,0,1,W MISSISSIPPI AVE & S KNOX CT,1,3,0,0,2,4,0,0,25,0,0,0,0,1,4,1,16
,2024-032404,39.74658,-105.00457,7/10/2024 20:41,20:41,5,0,0,WALNUT ST & 11TH ST,1,2,0,0,3,1,0,0,,0,0,0,0,0,4,1,16
,2024-032442,39.73298369,-105.0251694,7/28/2024 16:22,16:22,2,0,1, FEDERAL BLVD & W 10TH AVE,1,1,0,0,1,3,0,0,0,1,0,0,0,3,2,1,16
,2024-032447,39.72561688,-104.9371563,7/28/2024 9:53,9:53,12,0,0,E 6TH AVE & N BELLAIRE ST,1,1,3,0,1,1,0,0,30,0,0,0,0,0,4,2,16
,2024-032468,39.78864548,-105.0064877,7/27/2024 15:00,15:00,6,0,0,W 51ST AVE & N PECOS ST,1,1,0,0,1,3,0,0,20,0,0,0,0,0,4,2,16
,2024-032521,39.65717322,-105.0535997,3/20/2024 14:55,14:55,16,0,0,3087  SHERIDAN BLVD,1,1,0,0,5,1,0,0,,0,0,0,0,0,3,2,14
,2024-032522,39.67864535,-105.0250121,3/1/2024 19:30,19:30,12,0,0,W EVANS AVE & S FEDERAL BLVD,1,2,0,0,1,3,0,0,30,0,0,0,0,0,2,2,14
,2024-032523,39.70815748,-104.9269733,4/4/2024 14:10,14:10,12,0,0,LEETSDALE DR & S FOREST ST,1,1,0,0,1,1,0,0,35,0,0,0,0,0,2,2,16
,2024-032525,39.7469917,-105.0185975,6/15/2024 19:55,19:55,12,0,0,I-25 SB ON RAMP & W 20TH AVE,1,3,0,0,1,8,0,0,35,0,0,0,0,0,1,2,14
,2024-032526,39.72506011,-105.0212506,6/16/2024 23:27,23:27,5,0,0,W 6TH AVE EB OFF RAMP & N FEDERAL BLVD,1,3,0,0,6,8,0,0,65,0,0,0,0,0,2,1,16
,2024-032527,39.69701506,-104.9605684,6/9/2024 20:52,20:52,6,0,2, YORK ST & E MISSISSIPPI AVE,1,4,0,0,1,4,0,0,25,0,0,0,0,2,4,2,16
,2024-032528,39.62712439,-104.8852803,6/14/2024 17:13,17:13,3,0,1,4910  YOSEMITE ST & E CHANANGO AVE,1,1,0,0,1,2,0,0,,0,0,0,1,2,4,2,16
,2024-032531,39.78573028,-104.883067,7/30/2024 18:45,18:45,1,0,0,E NORTHFIELD BLVD & N CENTRAL PARK BLVD,1,2,0,0,1,1,0,0,35,0,0,0,0,0,4,2,13
,2024-032532,39.72551872,-105.0131184,7/9/2024 13:40,13:40,12,0,0,I-25 & W 6TH AVE,1,1,3,0,1,4,0,0,,0,0,0,0,0,1,2,16
,2024-032533,39.76434141,-105.0018496,7/9/2024 14:36,14:36,12,0,0,I-25 & SB OFF RAMP EXT TO 20TH ST,1,1,0,0,1,4,0,0,,0,0,0,0,0,1,2,16
,2024-032534,39.71836574,-104.9036892,7/30/2024 15:24,15:24,3,0,2, QUEBEC ST & E 1ST AVE,1,1,0,7,1,1,0,0,30,0,0,0,0,1,4,2,1
,2024-032535,39.71803398,-104.9536709,7/6/2024 23:01,23:01,12,0,1,E 1ST AVE & N FILLMORE ST,1,3,0,0,1,4,0,0,35,0,0,0,0,3,4,2,16
,2024-032536,39.72365926,-105.013247,6/10/2024 12:50,12:50,15,0,0,I-25 SB ON RAMP FROM W 6TH AVE,1,1,0,0,1,8,0,0,,0,0,0,0,0,1,2,16
,2024-032537,39.82005405,-104.7719859,7/30/2024 15:23,15:23,1,0,3, TOWER RD & E 68TH AVE,1,1,0,0,1,1,0,0,40,0,0,0,0,1,4,3,11
,2024-032538,39.70570555,-104.9827919,7/31/2024 12:15,12:15,3,0,0,E CENTER AVE & S LOGAN ST,1,1,0,0,1,1,0,0,20,0,0,0,0,0,4,2,11
,2024-032539,39.63859476,-105.0347073,7/31/2024 7:57,7:57,3,0,0,W QUINCY AVE & S LOWELL BLVD,1,1,0,0,1,1,0,0,35,0,0,0,0,0,4,2,3
,2024-032540,39.77897717,-104.8330467,7/27/2024 15:34,15:34,8,0,0,E 46TH AVE & N CARSON ST,1,1,0,0,1,4,0,0,,0,0,0,0,0,4,2,16
,2024-032541,39.73870143,-104.9069513,7/31/2024 9:08,9:08,10,0,1,E 14TH AVE & N OLIVE ST,1,1,0,0,1,1,0,0,30,0,0,0,0,1,4,2,16
,2024-032542,39.66957803,-104.9734745,7/30/2024 10:30,10:30,6,0,0, DOWNING ST & E VASSAR AVE,1,1,0,0,1,4,0,0,25,0,0,0,0,0,4,3,3
,2024-032543,39.751153,-104.9483619,7/30/2024 10:04,10:04,3,0,1,E 23RD AVE & N COLORADO BLVD,1,1,0,0,1,2,0,0,20,0,0,0,0,1,4,2,16
,2024-032544,39.74486558,-104.9861179,7/11/2024 7:55,7:55,10,0,0, LINCOLN ST & E 18TH ST,1,1,0,0,1,3,0,0,25,0,0,0,0,0,4,2,16
,2024-032545,39.70181338,-104.9687149,7/30/2024 9:04,9:04,6,0,0, FRANKLIN ST & E OHIO AVE,1,1,0,0,1,4,0,0,25,0,0,0,0,0,4,2,3
,2024-032546,39.77283124,-104.7898333,7/30/2024 6:42,6:42,3,0,1, AIRPORT BLVD & E 40TH AVE,1,1,0,0,1,1,0,0,40,0,0,0,0,1,4,2,13
,2024-032547,39.73870107,-104.9116405,7/31/2024 18:08,18:08,1,0,0,E 14TH AVE & N MAGNOLIA ST,1,1,0,0,1,1,0,0,,0,0,0,0,0,4,2,16
,2024-032548,39.62795894,-104.90388,7/31/2024 9:36,9:36,12,0,1,I-25 & E UNION AVE,1,1,0,0,1,4,0,0,65,0,0,0,0,2,1,3,10
,2024-032551,39.7202558,-105.0250545,7/22/2024 12:12,12:12,12,0,0, FEDERAL BLVD & W 2ND AVE,1,1,0,0,1,1,0,0,40,0,0,0,1,0,2,2,3
,2024-032552,39.75115325,-104.9484679,7/8/2024 10:50,10:50,16,0,0,2300  STEELE ST,1,3,3,0,5,7,0,0,,0,0,0,0,0,3,2,16
,2024-032553,39.71149905,-104.94256,7/29/2024 15:30,15:30,12,0,0,E ALAMEDA AVE & S JACKSON ST,1,1,0,0,1,1,0,0,25,0,0,0,0,0,4,2,3
,2024-032555,39.63866407,-104.9040084,7/31/2024 6:53,6:53,3,0,0,E QUINCY AVE & S QUEBEC ST,1,1,1,0,1,1,0,0,35,0,0,0,0,0,4,2,13
,2024-032557,39.75442213,-104.9873775,7/9/2024 20:48,20:48,15,0,0,BROADWAY ST & PARK AVE W,1,3,0,7,1,4,0,0,35,0,0,0,0,0,4,2,14
,2024-032558,39.71299216,-104.9875432,7/29/2024 15:00,15:00,8,0,0, BROADWAY ST & E CEDAR AVE,1,1,0,0,1,1,0,0,,0,0,0,0,0,4,2,16
,2024-032560,39.65305476,-104.8846786,7/30/2024 17:00,17:00,15,0,0,E HAMPDEN AVE & S YOSEMITE ST,1,1,0,0,1,4,0,0,35,0,0,0,0,0,2,2,3
,2024-032561,39.83447477,-104.6929217,7/8/2024 12:46,12:46,12,0,0,PENA BLVD IB RAMPS & N JACKSON GAP ST,1,1,0,0,1,1,0,0,35,0,0,0,0,0,4,2,16
,2024-032562,39.72732081,-104.9823646,7/11/2024 17:45,17:45,12,0,1, LOGAN ST & E 7TH AVE,1,1,0,0,1,4,0,0,,0,0,0,0,2,4,2,16
,2024-032564,39.77449309,-104.8470334,7/18/2024 14:19,14:19,15,0,0, PEORIA ST & I-70,1,1,0,0,1,4,0,0,,0,0,0,0,0,4,2,16
,2024-032565,39.73850909,-104.9634758,7/30/2024 13:38,13:38,6,0,0, RACE ST & E 14TH AVE,1,1,0,0,1,4,0,0,20,0,0,0,0,0,4,2,16
,2024-032566,39.69294349,-104.940549,7/30/2024 12:00,12:00,12,0,1, COLORADO BLVD & E LOUISIANA AVE,1,1,0,0,1,1,0,0,35,0,0,0,0,1,2,2,3
,2024-032567,39.75430448,-105.0013575,6/16/2024 13:45,13:45,6,0,0,WEWATTA ST & 17TH ST,1,1,0,0,1,4,0,0,,0,0,0,0,0,4,2,16
,2024-032568,39.78375722,-104.8097976,7/28/2024 18:46,18:46,2,0,1,GREEN VALLEY RANCH BLVD & N CHAMBERS RD,1,1,0,0,1,2,0,0,35,1,0,0,0,2,4,1,11
,2024-032569,39.74033861,-105.0392832,7/30/2024 14:53,14:53,15,0,0,W COLFAX AVE & N PERRY ST,1,1,0,0,1,3,0,0,30,0,0,0,0,0,2,2,11
,2024-032570,39.67633907,-104.9036025,7/30/2024 12:27,12:27,15,0,0, QUEBEC ST & E EVANS AVE,1,1,0,0,1,4,0,0,30,0,0,0,0,0,4,3,11
,2024-032571,39.71625225,-104.9499392,7/29/2024 17:00,17:00,12,0,0,E ELLSWORTH AVE & N STEELE ST,1,1,0,0,1,1,0,0,25,0,0,0,0,0,4,2,3
,2024-032572,39.65317968,-104.9090934,7/30/2024 11:22,11:22,1,0,2,E HAMDEN AVE & S ONEIDA ST,1,1,0,0,1,1,0,0,45,0,0,0,0,2,2,2,11
,2024-032573,39.74363671,-105.0252099,6/5/2024 21:54,21:54,15,0,0, FEDERAL BLVD & W 17TH AVE,1,3,0,0,1,4,0,0,45,0,0,0,0,0,2,2,16
,2024-032574,39.78046817,-104.9633128,7/29/2024 12:30,12:30,12,0,0,I-70 & N BRIGHTON BLVD,1,1,0,0,1,4,0,0,55,0,0,0,0,0,1,2,16
,2024-032575,39.79838808,-104.7858404,7/29/2024 10:00,10:00,1,0,1,E 56TH AVE & PENA BLVD IB RAMPS,1,1,0,0,1,1,0,0,40,0,0,0,0,1,4,2,16
,2024-032576,39.75507828,-104.9881009,7/9/2024 11:23,11:23,15,0,0,PARK AVE W & LAWRENCE ST,1,1,3,0,1,4,0,0,35,0,0,0,0,0,4,2,16
,2024-032577,39.75491793,-105.0130219,7/27/2024 14:41,14:41,15,0,0,I-25 & N SPEER BLVD,1,1,0,0,1,4,0,0,65,0,0,0,0,0,1,2,11
,2024-032578,39.76540442,-104.9257768,7/25/2024 7:59,7:59,6,0,0, GLENCOE ST & E 35TH ST,1,4,0,0,1,4,0,0,,0,0,0,0,0,4,2,16
,2024-032579,39.7178122,-104.9437608,7/26/2024 14:11,14:11,3,0,1,E 1ST AVE & N GARFIELD ST,1,1,1,0,1,1,0,0,35,0,0,0,0,1,4,2,13
,2024-032580,39.78026692,-104.9664567,7/26/2024 13:19,13:19,15,0,0,I-70 & N BRIGHTON BLVD,1,1,1,0,1,4,0,0,55,0,0,0,0,0,1,2,13
,2024-032582,39.70027609,-104.9082185,7/29/2024 18:00,18:00,12,0,0, ONEIDA ST & LEETSDALE DR,1,1,0,0,1,1,0,0,25,0,0,0,0,0,2,2,3
,2024-032583,39.72932336,-105.0150501,7/25/2024 12:53,12:53,15,0,0,I-25 & W 8TH AVE,1,1,0,0,1,4,0,0,55,0,0,0,0,0,1,2,13
,2024-032584,39.72571791,-105.0251002,7/30/2024 16:18,16:18,10,0,1,W 6TH AVE WB OFF RAMP & N FEDERAL BLVD,1,1,1,0,1,1,0,0,30,0,0,0,0,1,2,2,16
,2024-032585,39.73289262,-104.9033583,7/29/2024 14:05,14:05,14,0,1,E 11TH AVE & N QUEBEC ST,1,1,0,0,1,3,0,0,25,0,0,0,0,1,4,3,10
,2024-032587,39.77465026,-104.7721684,7/30/2024 23:00,23:00,12,0,0, TOWER RD & E 43RD AVE,1,3,0,0,1,3,0,0,,0,0,0,0,0,4,2,16
,2024-032588,39.72390169,-104.8841394,7/29/2024 19:10,19:10,15,0,0,E LOWRY BLVD & YOSEMITE,14,5,3,7,1,4,0,0,35,0,0,0,0,0,4,2,13
,2024-032590,39.6531046,-104.9285733,7/31/2024 7:47,7:47,15,0,1,E HAMPDEN AVE & S DAHLIA ST,1,1,0,0,1,4,0,0,40,0,0,0,0,2,2,2,16
,2024-032591,39.71974972,-105.0324744,7/31/2024 17:14,17:14,3,0,0,W 2ND AVE & N KNOX CT,1,1,0,0,1,1,0,0,,0,0,0,0,0,4,2,16
,2024-032592,39.66832267,-104.9405632,7/30/2024 15:30,15:30,3,0,0,E YALE AVE & S COLORADO BLVD,1,1,0,0,1,2,0,0,,0,0,0,0,0,4,2,3
,2024-032593,39.68098146,-104.9408809,7/30/2024 9:00,9:00,15,0,0, COLORADO BLVD & I-25 SB RAMPS,1,1,0,0,1,1,0,0,40,0,0,0,0,0,2,2,3
,2024-032594,39.67374785,-105.03003,7/30/2024 11:08,11:08,6,0,0,W WESLEY AVE & S IRVING ST,1,1,0,0,1,4,0,0,,0,0,0,0,0,4,2,16