id,drcog_id,latitude,longitude,crashtime,time,crashtype,numbkilled,numbinjurd,drcoglocat,rdconditin,lightngcon,roadcntgrd,weatherco,location,roaddescrp,schoolzone,constrzone,splimit,bikeinv,pedinv,sctrinv,motoinv,svrty,rdsystem,ttlvehcls,hcf
,2024-032601,39.72569055,-105.0006493,7/28/2024 13:45,13:45,15,0,0,W 6TH AVE & N KALAMATH ST,1,1,0,0,1,4,0,0,35,0,0,0,0,0,4,2,13
,2024-032602,39.71112651,-105.0157049,7/30/2024 14:00,14:00,12,0,0,W ALAMEDA AVE & S ZUNI ST,1,1,0,0,1,1,0,0,35,0,0,0,0,0,2,2,3
,2024-032604,39.68954416,-105.0520937,7/24/2024 18:48,18:48,3,0,0,W FLORIDA AVE & S ZENOBIA ST,1,1,0,0,1,1,0,0,30,0,0,0,0,0,4,2,7
,2024-032605,39.74033851,-105.0394081,7/29/2024 13:27,13:27,12,0,0,W COLFAX AVE & N PERRY ST,1,1,0,0,1,4,0,0,30,0,0,0,0,0,2,2,1
,2024-032606,39.71803442,-104.9575576,7/22/2024 15:30,15:30,15,0,0,E 1ST AVE & UNIVERSITY BLVD,1,1,0,0,1,4,0,0,35,0,0,0,0,0,4,2,6
,2024-032607,39.74562181,-104.8951908,7/30/2024 15:57,15:57,6,0,3,E 19TH AVE & N TAMARAC ST,1,1,0,0,1,1,0,0,20,0,0,0,0,2,4,5,6
,2024-032609,39.75565906,-105.01238,7/26/2024 14:07,14:07,12,0,0,I-25 & N SPEER BLVD,1,1,0,0,1,4,0,0,55,0,0,0,0,0,1,3,13
,2024-032616,39.77926088,-104.9028936,7/30/2024 7:22,7:22,12,0,1,I-70 WB OFF RAMP & N NORTHFIELD QUEBEC ST,1,1,0,0,1,8,0,0,20,0,0,0,0,3,4,2,11
,2024-032617,39.71119521,-104.997141,7/26/2024 16:40,16:40,3,0,0,W ALAMEDA AVE & S SANTA FE DR,1,1,0,0,1,1,0,0,35,0,0,0,0,0,2,3,13
,2024-032618,39.76315197,-104.9499125,7/28/2024 19:00,19:00,6,0,0, STEELE ST & E 33RD AVE,1,1,0,0,1,4,0,0,,0,0,0,0,0,4,2,16
,2024-032619,39.74747226,-104.8987495,7/29/2024 22:47,22:47,15,0,0, SYRACUSE ST & E MONTVIEW BLVD,1,3,0,0,1,3,0,0,30,0,0,0,0,0,4,2,14
,2024-032620,39.74481992,-104.9672084,7/30/2024 11:59,11:59,3,0,1, GILPIN ST & E 18TH AVE,1,1,0,0,1,1,0,0,20,0,0,0,0,2,4,2,11
,2024-032622,39.6849174,-104.953441,7/5/2024 23:44,23:44,5,0,0,I-25 & NB OFF RAMP EXT TO S UNIVERSITY BLVD,1,3,0,0,3,8,0,0,60,0,0,0,0,0,1,1,16
,2024-032623,39.75304287,-105.0156074,7/30/2024 3:28,3:28,15,0,0,I-25 & N SPEER BLVD,1,3,0,0,1,5,0,0,55,0,0,0,0,0,1,2,7
,2024-032624,39.77928543,-104.9033982,7/29/2024 8:15,8:15,15,0,0,I-70 WB OFF RAMP & N NORTHFIELD QUEBEC ST,1,1,0,0,1,1,0,0,35,0,0,0,0,0,2,2,16
,2024-032625,39.7022007,-105.0455795,7/30/2024 13:03,13:03,1,0,1,MORRISON RD & S UTICA ST,1,1,0,0,1,1,0,0,30,0,0,0,0,1,4,2,3
,2024-032626,39.71118526,-105.0038984,7/31/2024 12:10,12:10,10,0,0,W ALAMEDA AVE & S NAVAJO ST,1,1,0,0,1,1,0,0,,0,0,0,0,0,2,2,7
,2024-032627,39.66548513,-104.9406047,7/29/2024 18:18,18:18,10,0,1,E AMHERST AVE & S COLORADO BLVD,1,1,0,0,1,1,0,0,45,0,0,0,0,2,2,2,16
,2024-032628,39.73477944,-104.9622572,7/21/2024 18:15,18:15,10,0,0, VINE ST & E 12TH AVE,1,1,0,0,1,2,0,0,25,0,0,0,0,0,4,2,1
,2024-032629,39.6837408,-104.9409087,7/9/2024 9:16,9:16,12,0,0,I-25 NB ON RAMP SLIP & S COLORADO BLVD,1,1,0,0,1,8,0,0,,0,0,0,0,0,1,2,16
,2024-032630,39.70674679,-105.0391142,7/19/2024 18:08,18:08,2,0,1, PATTON CT & MORRISON RD,1,1,0,0,1,1,0,0,25,1,0,0,0,1,4,1,13
,2024-032631,39.78090994,-104.9895534,7/26/2024 9:30,9:30,12,0,0,I-25 & I-70,1,1,0,0,1,4,0,0,55,0,0,0,0,0,1,3,13
,2024-032632,39.68472479,-104.9594473,7/11/2024 15:45,15:45,12,0,0,I-25 & S UNIVERSITY BLVD,1,1,0,0,1,4,0,0,65,0,0,0,0,0,1,2,3
,2024-032633,39.76391392,-104.9124526,7/25/2024 9:12,9:12,6,0,0, MONACO ST & E 33RD AVE,1,1,0,0,1,4,0,0,30,0,0,0,0,0,4,4,10
,2024-032635,39.71623377,-104.9081511,7/29/2024 18:01,18:01,15,0,0,E LOWRY BLVD & S ONEIDA ST,1,1,0,0,1,4,0,0,30,0,0,0,0,0,4,2,16
,2024-032638,39.66766508,-105.0786884,7/31/2024 13:06,13:06,12,0,0, WEBSTER ST & W YALE AVE,1,1,0,0,1,3,0,0,25,0,0,0,0,0,4,2,3
,2024-032639,39.71468829,-104.9407886,7/31/2024 14:05,14:05,12,0,1, COLORADO BLVD & E BAYAUD AVE,1,1,1,0,1,3,0,0,35,0,0,0,0,1,2,2,10
,2024-032640,39.75444472,-104.9872059,7/1/2024 19:10,19:10,5,0,0,ARAPAHOE ST & PARK AVE W,1,1,0,0,2,4,0,0,25,0,0,0,0,0,4,1,16
,2024-032641,39.74167743,-104.9816609,7/29/2024 9:06,9:06,2,0,1,E 16TH AVE & PENNSYLAVANIA ST,1,1,0,0,1,9,0,0,20,1,0,0,0,1,4,1,11
,2024-032643,39.72925083,-104.9316266,7/31/2024 8:12,8:12,12,0,0, DAHLIA ST & E 8TH AVE,1,1,0,0,1,4,0,0,20,0,0,0,0,0,4,2,16
,2024-032644,39.82253545,-104.7719362,7/30/2024 20:45,20:45,11,0,1, TOWER RD & E 69TH AVE,1,3,0,0,1,4,0,0,0,0,1,0,0,1,4,1,16
,2024-032645,39.79013627,-104.8658284,7/22/2024 8:30,8:30,15,0,0,E 51ST AVE & N HAVANA ST,1,1,0,0,1,1,0,0,35,0,0,0,0,0,4,2,16
,2024-032648,39.71809537,-104.9511245,7/31/2024 12:26,12:26,12,0,0,E 1ST AVE & N ST PAUL ST,1,1,0,0,1,3,0,0,35,0,0,0,0,0,4,2,13
,2024-032649,39.71121397,-104.9129838,7/31/2024 18:05,18:05,12,0,0,E ALAMEDA AVE & S MONACO ST PKWY,1,1,0,0,1,3,0,0,35,0,0,0,0,0,4,2,1
,2024-032650,39.66503998,-105.0251412,7/8/2024 17:15,17:15,11,0,1, FEDERAL BLVD & W AMHERST AVE,1,1,0,0,1,1,0,0,40,0,0,1,0,3,2,1,13
,2024-032651,39.77975783,-104.9402524,7/8/2024 9:00,9:00,15,0,0,I-70 EB ON RAMP & N COLORADO BLVD,1,1,0,0,1,8,0,0,,0,0,0,0,0,1,2,16
,2024-032652,39.72888332,-105.0146588,7/25/2024 16:21,16:21,12,0,0,I-25 & W 8TH AVE,1,1,0,0,1,4,0,0,,0,0,0,0,0,1,2,16
,2024-032653,39.7837649,-104.9633819,6/29/2024 17:37,17:37,5,0,0,E 48TH AVE & N RACE ST,1,1,0,0,3,4,0,0,25,0,0,0,0,0,4,1,14
,2024-032654,39.74650833,-105.0106392,6/25/2024 18:45,18:45,16,0,0,1000 CHOPPER CIR,1,1,0,0,5,4,0,0,10,0,0,0,0,0,3,2,16
,2024-032655,39.77652156,-104.9897872,7/25/2024 14:33,14:33,15,0,0,I-25 SB ON RAMP & W 44TH AVE,1,1,0,0,1,8,0,0,55,0,0,0,0,0,1,2,13
,2024-032656,39.67855357,-104.9796726,7/30/2024 8:42,8:42,12,0,1,E EVANS AVE & S WASHINGTON ST,1,1,0,0,1,4,0,0,35,0,0,0,0,1,4,2,14
,2024-032657,39.77640437,-104.953035,6/26/2024 16:00,16:00,6,0,0, FILLMORE ST & E 43RD AVE,1,1,3,7,1,4,0,0,,0,0,0,0,0,4,2,16
,2024-032658,39.71121314,-104.9127964,7/29/2024 13:36,13:36,12,0,1,E ALAMEDA AVE & S MONACO ST PKWY,1,1,0,0,1,3,0,0,35,0,0,0,1,2,4,2,11
,2024-032659,39.72243071,-104.9874835,7/30/2024 9:40,9:40,5,0,1, BROADWAY ST & W 4TH AVE,1,1,0,0,2,1,0,0,30,0,0,0,0,2,4,1,2
,2024-032660,39.71995516,-104.9407882,7/31/2024 16:35,16:35,12,0,1, COLORADO BLVD & E 2ND AVE,1,1,0,0,1,4,0,0,45,0,0,0,0,2,2,4,13
,2024-032661,39.71378429,-105.0004447,7/25/2024 6:46,6:46,12,0,0,I-25 & W ALAMEDA AVE,1,1,1,0,1,4,0,0,55,0,0,0,0,0,1,2,14
,2024-032662,39.7351731,-104.9706604,7/17/2024 17:00,17:00,6,0,0,1321 E 12TH AVE & N LAFAYETTE ST,1,3,0,0,1,4,0,0,30,0,0,0,0,0,4,2,16
,2024-032663,39.73965723,-104.8940337,7/7/2024 1:32,1:32,6,0,0, ULSTER ST & E COLFAX AVE,1,3,0,0,1,4,0,0,25,0,0,0,0,0,4,4,16
,2024-032664,39.68772525,-104.9692192,7/26/2024 15:52,15:52,12,0,0,I-25 & S FRANKLIN ST,1,1,0,0,1,4,0,0,55,0,0,0,0,0,1,2,13
,2024-032665,39.77851255,-104.8987262,7/30/2024 9:05,9:05,12,0,0,I-70 & N NORTHFIELD QUEBEC ST,1,1,1,0,1,4,0,0,55,0,0,0,0,0,1,3,16
,2024-032666,39.69022854,-104.9737809,7/26/2024 10:36,10:36,12,0,0,I-25 & S DOWNING ST,1,1,0,0,1,4,0,0,55,0,0,0,0,0,1,4,13
,2024-032667,39.78462822,-105.0248705,7/30/2024 11:20,11:20,12,0,0,I-70 WB OFF RAMP & N FEDERAL BLVD,1,1,0,0,1,8,0,0,35,0,0,0,0,0,1,2,1
,2024-032668,39.63538463,-104.8912708,7/24/2024 4:30,4:30,5,0,0,E RADCLIFF AVE & S VERBENA ST,1,4,0,0,3,4,0,0,10,0,0,0,0,0,4,1,3
,2024-032710,39.75840979,-105.0118144,5/26/2024 20:00,20:00,14,0,0,BOULDER ST & 15TH ST,1,3,0,0,1,4,0,0,35,0,0,0,0,0,4,2,16
,2024-032711,39.65302614,-104.9129217,6/7/2024 15:50,15:50,12,0,0, MONACO ST PKWY & E HAMPDEN AVE,1,1,0,0,1,1,0,0,,0,0,0,0,0,2,3,16
,2024-032712,39.79823438,-104.8249444,2/4/2024 22:59,22:59,12,1,0,E 56TH AVE & N BLACKHAWK WAY,1,3,0,0,1,4,0,0,40,0,0,0,0,4,4,2,1
,2024-032715,39.75028791,-105.0012416,7/12/2024 0:11,0:11,11,1,0,15TH ST & WAZEE ST,1,3,0,0,1,1,0,0,0,0,1,0,0,4,4,1,16
,2024-032716,39.68469249,-104.951552,7/11/2024 18:26,18:26,15,0,0,I-25 & MM 204.6,1,1,0,0,1,4,0,0,65,0,0,0,0,0,1,2,13
,2024-032717,39.72559712,-105.0435572,8/1/2024 7:05,7:05,15,0,0,W 6TH AVE & N SHERIDAN BLVD,1,1,0,0,1,4,0,0,55,0,0,0,0,0,2,2,13
,2024-032718,39.79839407,-104.7721172,7/31/2024 16:37,16:37,12,0,0, TOWER RD & E 56TH AVE,1,1,0,0,1,1,0,0,40,0,0,0,0,0,4,2,13
,2024-032719,39.7534802,-104.988422,7/31/2024 23:47,23:47,12,0,0,22ND ST & ARAPAHOE ST,14,5,3,7,1,1,0,0,25,0,0,0,0,0,4,2,3
,2024-032721,39.77376392,-104.842055,8/1/2024 7:52,7:52,15,0,0,I-70 & N PEORIA ST,1,1,0,0,1,4,0,0,55,0,0,0,0,0,1,2,11
,2024-032722,39.71119521,-104.997141,7/31/2024 11:35,11:35,15,0,0,W ALAMEDA AVE & S SANTA FE DR,1,1,0,0,1,1,0,0,35,0,0,0,0,0,2,2,3
,2024-032724,39.66958998,-104.8736383,7/4/2024 12:18,12:18,3,0,0,E VASSAR DR & S DAYTON WY,1,1,0,0,1,1,0,0,20,0,0,0,0,0,4,2,16
,2024-032725,39.74034234,-105.0345467,6/17/2024 20:39,20:39,12,0,0,W COLFAX AVE & N KING ST,1,3,0,0,1,4,0,0,25,0,0,0,0,0,2,2,16
,2024-032726,39.70220354,-105.0250601,8/1/2024 8:31,8:31,12,0,0, FEDERAL BLVD & W OHIO AVE,1,1,0,0,1,1,0,0,40,0,0,0,0,0,2,3,3
,2024-032727,39.77287149,-104.8338193,7/30/2024 13:59,13:59,12,0,0,I-70 & I-225 RAMP ENT,1,1,0,0,1,4,0,0,55,0,0,0,0,0,1,3,11
,2024-032728,39.73687815,-104.9718503,7/31/2024 21:14,21:14,3,0,0, MARION ST & E 13TH AVE,1,3,0,0,1,1,0,0,25,0,0,0,0,0,4,2,11
,2024-032729,39.71480238,-104.9101469,7/13/2024 18:00,18:00,16,0,0,6780 E CEDAR AVE & E BAYAUD AVE,1,2,0,0,5,4,0,0,,0,0,0,0,0,3,2,16
,2024-032730,39.79846896,-104.7721171,6/19/2024 18:30,18:30,12,0,0, TOWER RD & E 56TH AVE,1,1,1,0,1,3,0,0,,0,0,0,0,0,4,2,16
,2024-032731,39.78620087,-105.0439487,8/1/2024 13:51,13:51,12,0,0, TENNYSON ST & W 49TH AVE,1,1,0,0,1,4,0,0,25,0,0,0,0,0,4,2,3
,2024-032732,39.81462284,-104.7696827,7/14/2024 0:00,0:00,6,0,0,E 65TH AVE & N ARGONNE ST,1,3,0,0,1,4,0,0,30,0,0,0,0,0,4,3,11
,2024-032733,39.68469233,-104.950815,8/1/2024 8:50,8:50,12,0,0,I-25 & MM 204.6,1,1,0,0,1,4,0,0,65,0,0,0,0,0,1,2,13
,2024-032734,39.66747072,-104.9362886,7/31/2024 13:45,13:45,15,0,0,E YALE AVE & S CLERMON ST,1,1,0,0,1,4,0,0,30,0,0,0,0,0,4,2,10
,2024-032735,39.69657874,-104.9405608,8/1/2024 10:30,10:30,12,0,0,E MISSISSIPPI AVE & S COLORADO BLVD,1,1,0,0,1,1,0,0,25,0,0,0,0,0,2,2,3
,2024-032736,39.68568583,-104.9408248,7/31/2024 22:25,22:25,11,0,1, COLORADO BLVD & E MEXICO AVE,1,3,0,0,1,1,0,0,35,0,0,1,0,2,2,1,13
,2024-032737,39.75072053,-104.9684261,8/1/2024 16:03,16:03,3,0,0, FRANKLIN ST & E 23RD ST,1,1,0,0,1,1,0,0,25,0,0,0,0,0,4,2,11
,2024-032738,39.71833199,-105.0001863,7/5/2024 14:40,14:40,15,0,0, KALAMATH ST & W 1ST AVE,1,1,0,0,1,4,0,0,,0,0,0,0,0,4,2,16
,2024-032739,39.67868441,-105.0158059,8/1/2024 17:00,17:00,3,0,0,W EVANS AVE & S ZUNI ST,1,1,0,0,1,2,0,0,35,0,0,0,0,0,4,2,16
,2024-032740,39.71418545,-104.986284,8/1/2024 13:26,13:26,10,0,0, LINCOLN ST & E MAPLE AVE,1,1,0,0,1,2,0,0,30,0,0,0,0,0,4,2,8
,2024-032745,39.7984036,-104.7879511,7/27/2024 15:35,15:35,1,0,0,GREEN VALLEY RANCH BLVD & PENA BLVD,1,1,0,0,1,1,0,0,45,0,0,0,0,0,4,2,11
,2024-032746,39.68954771,-105.0532506,8/1/2024 9:25,9:25,3,0,0, SHERIDAN BLVD & W FLORIDA AVE,1,1,0,0,1,1,0,0,40,0,0,0,0,0,2,2,16
,2024-032747,39.78016583,-104.9582393,8/1/2024 15:17,15:17,15,0,0,JOSEPHINE ST & E 46TH AVE,1,1,0,0,1,1,0,0,20,0,0,0,0,0,4,2,11
,2024-032748,39.71777705,-104.9497969,7/26/2024 4:07,4:07,5,0,1,E 1ST AVE & N STEELE ST,1,3,0,0,6,1,0,0,30,0,0,0,0,3,4,1,16
,2024-032749,39.67850207,-104.9222664,7/31/2024 13:00,13:00,15,0,0, HOLLY ST & E EVANS AVE,1,1,0,0,1,4,0,0,,0,0,0,0,0,4,2,16
,2024-032750,39.72253459,-104.9985778,7/31/2024 16:00,16:00,3,0,0,W 4TH AVE & N SANTA FE DR,1,1,0,0,1,9,0,0,25,0,0,0,0,0,4,2,3
,2024-032751,39.69674004,-105.0217391,7/31/2024 22:26,22:26,1,0,0,W MISSISSIPPI AVE & S DALE CT,1,3,0,0,1,2,0,0,35,0,0,0,0,0,4,2,16
,2024-032753,39.66759652,-104.9593794,7/31/2024 23:39,23:39,3,0,0, UNIVERSITY BLVD & E YALE AVE,1,3,0,0,1,1,0,0,35,0,0,0,0,0,4,2,13
,2024-032754,39.77960407,-104.9271215,8/1/2024 18:57,18:57,12,0,0,I-70 WB ON RAMP FROM HOLLY ST & RAMP METER LIGHT,1,1,0,0,1,8,0,0,45,0,0,0,0,0,1,2,3
,2024-032755,39.74744604,-104.8975609,7/31/2024 21:39,21:39,3,0,1, SPRUCE ST & E MONTVIEW BLVD,1,3,0,0,1,1,0,0,30,0,0,0,0,2,4,2,14
,2024-032756,39.80557366,-104.7738554,6/13/2024 17:00,17:00,5,0,0,E 60TH AVE & N ARGONNE ST,1,4,0,0,1,4,0,1,25,0,0,0,0,0,4,1,16
,2024-032757,39.74762846,-105.0026479,8/1/2024 0:35,0:35,3,0,0, SPEER BLVD & AURARIA PKWY,1,3,0,0,1,1,0,0,35,0,0,0,0,0,4,2,14
,2024-032758,39.77916401,-104.9026488,8/1/2024 10:13,10:13,15,0,0,I-70 WB OFF RAMP & N NORTHFIELD QUEBEC ST,1,1,1,0,1,8,0,0,55,0,0,0,0,0,1,2,11
,2024-032759,39.70380753,-104.8659642,8/1/2024 17:24,17:24,12,0,5, HAVANA ST & E EXPOSITION AVE,1,1,0,0,1,4,0,0,45,0,0,0,0,1,2,3,7
,2024-032760,39.67844838,-104.940964,7/31/2024 12:20,12:20,3,0,0,E EVANS AVE & S COLORADO BLVD,1,1,0,0,1,2,0,0,30,0,0,0,0,0,2,2,3
,2024-032761,39.8015038,-104.884395,8/1/2024 8:30,8:30,12,0,2, CENTRAL PARK BLVD & E 58TH AVE,1,1,0,0,1,4,0,0,30,0,0,0,0,1,4,3,13
,2024-032762,39.77829196,-104.9889052,8/1/2024 8:47,8:47,12,0,0,I-25 NB OFF RAMP & I-70 EB,1,1,0,0,1,4,0,0,55,0,0,0,0,0,1,3,13
,2024-032763,39.75426727,-104.9821832,7/31/2024 15:34,15:34,3,0,0,25TH ST & STOUT ST,1,1,0,0,1,1,0,0,20,0,0,0,0,0,4,2,11
,2024-032764,39.73997985,-104.9603148,7/5/2024 19:38,19:38,6,0,0,E COLFAX AVE & N YORK ST,1,1,0,0,3,4,0,0,,0,0,0,0,0,2,2,16
,2024-032765,39.74762843,-105.0026479,8/1/2024 14:19,14:19,15,0,0,AURARIA PKWY & N SPEER BLVD,1,1,0,0,1,3,0,0,35,0,0,0,0,0,4,2,11
,2024-032766,39.73298369,-105.0251694,8/1/2024 8:07,8:07,5,0,0, FEDERAL BLVD & W 10TH AVE,1,1,0,0,3,4,0,0,35,0,0,0,0,0,2,1,16
,2024-032767,39.62814686,-104.9039833,7/30/2024 21:12,21:12,12,0,0,I-25 NB & UNION BLVD,1,3,0,0,1,4,0,0,65,0,0,0,0,0,1,2,13
,2024-032768,39.79844138,-104.773986,7/16/2024 18:00,18:00,12,0,2,E 56TH AVE & N TOWER RD,1,1,0,0,1,4,0,0,40,0,0,0,0,2,4,3,13
,2024-032769,39.79845648,-104.7721171,6/20/2024 14:30,14:30,15,0,0, TOWER RD & E 56TH AVE,1,1,1,0,1,3,0,0,,0,0,0,0,0,4,2,16
,2024-032770,39.72611155,-105.0525389,8/1/2024 18:45,18:45,12,0,0,W 6TH AVE WB OFF RAMP & N SHERIDAN BLVD,1,2,0,0,1,8,0,0,35,0,0,0,0,0,2,2,3
,2024-032772,39.75457031,-104.940542,6/28/2024 3:14,3:14,5,0,0,E 26TH AVE & N COLORADO BLVD,1,3,0,0,3,1,0,0,35,0,0,0,0,0,2,1,16
,2024-032773,39.79814366,-104.8402419,8/1/2024 0:56,0:56,5,0,1,E 56TH AVE & N TUSCON ST,1,3,0,0,3,4,0,0,40,0,0,0,0,2,4,1,7
,2024-032774,39.65305157,-104.9041859,7/28/2024 0:01,0:01,12,0,2,E HAMPDEN AVE & S POPLAR ST,1,3,1,0,1,4,0,0,,0,0,0,1,2,2,2,16
,2024-032775,39.70194499,-104.9128935,7/31/2024 3:06,3:06,5,0,0, MONACO ST PKWY & E OHIO AVE,1,3,1,0,3,4,0,0,30,0,0,0,0,0,4,1,13
,2024-032776,39.67831361,-104.9931849,6/21/2024 21:03,21:03,15,0,0,SANTA FE DR NB OFF RAMP & W EVANS AVE,1,4,3,7,1,8,0,0,25,0,0,0,0,0,2,2,14
,2024-032777,39.77328157,-104.8386045,7/1/2024 15:05,15:05,12,0,0,I-70 & I-225 RAMP ENT,1,1,0,0,1,4,0,0,55,0,0,0,0,0,1,2,16
,2024-032778,39.74043519,-104.9799074,7/14/2024 22:00,22:00,2,0,1, PEARL ST & E COLFAX AVE,1,3,0,0,1,2,0,0,25,1,0,0,0,2,4,1,16
,2024-032779,39.75120806,-105.0205265,7/1/2024 19:55,19:55,12,0,0,W 23RD AVE & N CLAY ST,1,1,0,0,1,3,0,0,,0,0,0,0,0,4,2,16
,2024-032782,39.71978995,-105.0068368,8/1/2024 11:24,11:24,12,0,0,I-25 & NB ON RAMP EXT TO W 6TH AVE,1,1,0,0,1,4,0,0,45,0,0,0,0,0,1,2,13
,2024-032786,39.74002481,-104.9980148,8/1/2024 0:37,0:37,3,0,1,W COLFAX AVE & N SPEER BLVD,1,3,0,0,1,1,0,0,35,0,0,0,1,1,2,2,3
,2024-032787,39.74328145,-104.9861155,7/30/2024 16:57,16:57,2,0,1,E 17TH AVE & N LINCOLN ST,1,1,1,0,1,1,0,0,0,1,0,0,0,2,4,1,16
,2024-032788,39.69590292,-104.9222522,8/1/2024 9:18,9:18,12,0,0, HOLLY ST & E CHERRY CREEK S DR,1,1,0,0,1,1,0,0,25,0,0,0,0,0,4,2,16
,2024-032789,39.73999923,-104.8975578,7/14/2024 18:24,18:24,6,0,0,1455  SPRUCE ST & E COLFAX AVE,1,1,0,0,1,4,0,0,,0,0,0,0,0,4,2,16
,2024-032790,39.6983854,-104.9430595,8/1/2024 17:00,17:00,3,0,0, JACKSON ST & E TENNESSEE AVE,1,1,0,0,1,1,0,0,25,0,0,0,0,0,4,2,10
,2024-032791,39.7273087,-104.962506,8/2/2024 10:12,10:12,3,0,1, VINE ST & E 7TH AVE PKWY,1,1,0,0,1,1,0,0,25,0,0,0,0,1,4,2,11
,2024-032792,39.78326481,-105.0064277,8/2/2024 0:38,0:38,12,0,0,I-70 & N PECOS ST,1,4,1,0,1,4,0,0,55,0,0,0,0,0,1,2,11
,2024-032793,39.78054681,-104.9491926,8/1/2024 8:30,8:30,15,0,0,I-70 & N STEELE ST,1,1,0,0,1,4,0,0,55,0,0,0,0,0,1,2,16
,2024-032794,39.74017177,-105.0001481,8/1/2024 18:07,18:07,1,0,0, KALAMATH ST & W COLFAX AVE,1,1,0,0,1,1,0,0,35,0,0,0,0,0,2,2,13
,2024-032800,39.73530562,-104.9634867,8/2/2024 8:30,8:30,6,0,0, RACE ST & E 12TH AVE,1,1,0,0,1,4,0,0,20,0,0,0,0,0,4,3,16
,2024-032801,39.78026004,-104.9401489,8/2/2024 14:36,14:36,12,0,0,I-70 & N COLORADO BLVD,1,1,0,0,1,4,0,0,65,0,0,0,0,0,1,2,11
,2024-032802,39.75073538,-104.9769527,7/30/2024 12:47,12:47,3,0,0, CLARKSON ST & E 23RD AVE,1,1,0,0,1,1,0,0,20,0,0,0,0,0,4,2,1
,2024-032803,39.7281785,-105.0532291,8/2/2024 19:47,19:47,12,0,0, SHERIDAN BLVD & W 6TH AVE,1,2,1,0,1,4,0,0,20,0,0,0,0,0,2,3,7
,2024-032804,39.76927956,-105.002586,8/2/2024 14:23,14:23,15,0,0,W 38TH AVE & N MARIPOSA ST,1,1,0,0,1,4,0,1,35,0,0,0,0,0,4,2,13
,2024-032806,39.72953625,-105.053227,8/2/2024 0:27,0:27,3,0,0,W 8TH AVE & N SHERIDAN BLVD,1,3,1,0,1,1,0,0,35,0,0,0,0,0,2,2,11
,2024-032807,39.72891644,-104.9952185,8/2/2024 16:27,16:27,3,0,0, FOX ST & W 8TH AVE,1,1,0,0,1,1,0,0,30,0,0,0,0,0,4,2,13
,2024-032811,39.7455947,-104.9951519,8/2/2024 18:47,18:47,14,0,1,CHAMPA ST & 15TH ST,1,1,0,0,1,3,0,0,25,0,0,0,0,2,4,2,1
,2024-032812,39.69128249,-105.026117,7/31/2024 15:00,15:00,6,0,0,W ARKANSAS AVE & S FEDERAL BLVD,1,2,0,0,1,4,0,0,,0,0,0,0,0,4,2,16
,2024-032813,39.72565647,-105.0530152,8/1/2024 16:58,16:58,12,0,1,W 6TH AVE & N SHERIDAN BLVD,1,1,0,0,1,3,0,0,55,0,0,0,0,1,2,2,8
,2024-032814,39.71300701,-105.0238312,8/2/2024 17:48,17:48,8,0,0,W CEDAR AVE & S ELIOT ST,1,1,0,0,6,4,0,0,25,0,0,0,0,0,4,2,16
,2024-032815,39.71706086,-104.9037058,8/1/2024 9:00,9:00,1,0,0, QUEBEC ST & E LOWRY BLVD,1,1,0,0,1,1,0,0,30,0,0,0,0,0,4,2,3
,2024-032816,39.66747508,-104.9344099,8/1/2024 14:00,14:00,3,0,0, CHERRY ST & E YALE AVE,1,1,0,0,1,1,0,0,25,0,0,0,0,0,4,2,3
,2024-032824,39.72927667,-104.9138403,8/2/2024 12:25,12:25,12,0,0,E 8TH AVE & N LOCUST ST,1,1,0,0,1,4,0,0,25,0,0,0,0,0,4,2,14
,2024-032826,39.75483275,-105.0191582,5/2/2024 21:30,21:30,12,0,0,W 26TH AVE & N BRYANT ST,1,3,0,0,1,1,0,0,25,0,0,0,0,0,4,2,14
,2024-032827,39.73844637,-104.9916554,6/17/2024 15:40,15:40,10,0,0,W 14TH AVE & N CHEROKEE ST,1,1,0,0,1,1,0,0,,0,0,0,0,0,4,2,16
,2024-032828,39.69282297,-104.9775122,7/17/2024 17:15,17:15,15,0,0,I-25 & S EMERSON ST,1,1,0,0,1,4,0,0,,0,0,0,0,0,1,2,16
,2024-032829,39.70039678,-105.0262969,7/23/2024 12:47,12:47,16,0,0,3030 W KENTUCKY AVE,1,3,0,0,5,7,0,0,,0,0,0,0,0,3,1,16
,2024-032835,39.72036364,-105.0250554,8/2/2024 4:57,4:57,15,0,0,280  FEDERAL BLVD & W 2ND AVE,1,3,0,0,1,4,0,0,35,0,0,0,0,0,2,2,16
,2024-032836,39.79455424,-104.9880066,8/2/2024 8:16,8:16,12,0,1,I-25 & I-70,1,1,0,0,1,4,0,0,55,0,0,0,0,1,1,2,13
,2024-032837,39.77419349,-104.8470304,8/2/2024 15:09,15:09,12,0,0,I-70 & N PEORIA ST,1,1,0,0,1,4,0,0,55,0,0,0,0,0,1,2,3
,2024-032838,39.67819506,-104.9406301,8/1/2024 12:53,12:53,15,0,0, COLORADO BLVD & E EVANS AVE,1,1,0,0,1,4,0,0,35,0,0,0,0,0,2,2,11
,2024-032839,39.74395563,-105.039309,8/2/2024 9:53,9:53,3,0,0,W 17TH AVE & N PERRY ST,1,1,0,0,1,1,0,0,25,0,0,0,0,0,4,2,14