id,drcog_id,latitude,longitude,crashtime,time,crashtype,numbkilled,numbinjurd,drcoglocat,rdconditin,lightngcon,roadcntgrd,weatherco,location,roaddescrp,schoolzone,constrzone,splimit,bikeinv,pedinv,sctrinv,motoinv,svrty,rdsystem,ttlvehcls,hcf
,2024-032841,39.78740754,-105.034571,8/2/2024 6:00,6:00,6,0,0, LOWELL BLVD & REGIS BLVD,1,1,0,0,1,4,0,0,,0,0,0,0,0,4,2,16
,2024-032842,39.73594453,-104.9916512,8/1/2024 22:57,22:57,16,0,0,1235  CHEROKEE ST,1,3,0,0,5,7,0,0,15,0,0,0,0,0,3,2,14
,2024-032843,39.751228,-105.017329,8/2/2024 0:21,0:21,1,0,1,W 23RD AVE & I-25 SB RAMPS,1,3,1,0,1,1,0,0,30,0,0,0,0,1,1,2,7
,2024-032844,39.75186375,-104.9887744,8/3/2024 14:22,14:22,3,0,2,21ST ST & CURTIS ST,1,1,0,7,1,1,0,0,30,0,0,0,0,2,4,2,11
,2024-032850,39.7836412,-104.789713,8/2/2024 15:15,15:15,12,0,0,E GREEN VALLEY RANCH BLVD & PENA BLVD IB RAMPS,1,1,0,0,1,3,0,0,40,0,0,0,0,0,4,2,7
,2024-032851,39.6875757,-104.9875128,8/2/2024 13:50,13:50,15,0,0, BROADWAY ST & W IOWA AVE,1,1,0,0,1,1,0,0,35,0,0,0,0,0,4,2,11
,2024-032853,39.75952578,-104.8642337,7/30/2024 15:51,15:51,15,0,0,E MLK JR BLVD & N IOLA ST,1,1,0,0,1,4,0,0,30,0,0,0,0,0,4,2,16
,2024-032860,39.77666773,-104.847027,8/3/2024 2:10,2:10,10,0,0, PEORIA ST & E 44TH AVE,1,3,0,0,1,1,0,0,40,0,0,0,0,0,4,2,1
,2024-032861,39.71690775,-105.001611,8/3/2024 10:06,10:06,10,0,0,50  RIO GRAND BLVD & N LIPAN ST,1,1,0,0,1,4,0,0,25,0,0,0,0,0,4,2,11
,2024-032862,39.75583561,-104.8742858,8/3/2024 1:22,1:22,14,0,0, EMPORIA ST & E 28TH AVE,1,3,0,0,1,4,0,0,25,0,0,0,0,0,4,3,14
,2024-032863,39.69230169,-105.0250417,8/2/2024 8:30,8:30,16,0,0,1339  FEDERAL BLVD,1,1,0,0,5,7,0,0,,0,0,0,0,0,3,2,16
,2024-032864,39.65303536,-104.9090961,8/2/2024 16:18,16:18,1,0,0,E HAMPDEN AVE & S ONEIDA WY,1,1,0,0,1,1,0,0,40,0,0,0,0,0,2,2,7
,2024-032865,39.66050148,-105.0158207,7/4/2024 23:50,23:50,3,0,1, ZUNI ST & W DARTMOUTH AVE,1,3,0,0,1,1,0,0,35,0,0,0,0,1,4,2,4
,2024-032866,39.76207186,-105.006442,7/27/2024 1:30,1:30,6,0,0, PECOS ST & W 32ND AVE,1,3,0,0,1,3,0,0,,0,0,0,0,0,4,2,16
,2024-032867,39.63634707,-104.8939349,8/3/2024 9:35,9:35,1,0,1, TAMARAC ST & I-225 SB RAMPS,1,1,0,0,1,1,0,0,30,0,0,0,0,1,4,2,3
,2024-032868,39.68924043,-104.9769463,5/26/2024 12:00,12:00,6,0,0, EMERSON ST & E FLORIDA AVE,1,1,0,0,1,4,0,0,,0,0,0,0,0,4,2,16
,2024-032869,39.7752944,-104.8449233,8/2/2024 22:39,22:39,6,0,1, QUENTIN ST & E 44TH AVE,1,3,0,0,1,4,0,0,20,0,0,0,0,2,4,2,16
,2024-032870,39.74004563,-104.8858257,6/29/2024 4:48,4:48,11,0,1, XENIA ST & E COLFAX AVE,1,3,0,0,1,4,0,0,25,0,1,0,0,2,2,1,16
,2024-032874,39.74020412,-104.9989092,8/3/2024 17:13,17:13,1,0,1,W COLFAX AVE & N SPEER BLVD,1,1,0,0,1,1,0,0,35,0,0,0,0,2,2,2,14
,2024-032875,39.77664054,-105.0236053,7/7/2024 23:34,23:34,15,0,0,ELIOT ST & W 44TH AVE,1,3,0,0,1,1,0,0,30,0,0,0,0,0,4,2,16
,2024-032876,39.73686645,-104.9916491,7/31/2024 16:40,16:40,11,0,1,W 13TH AVE & N CHEROKEE ST,1,1,0,0,1,1,0,0,20,0,0,1,0,2,4,1,11
,2024-032877,39.77052849,-105.0204703,8/2/2024 23:29,23:29,6,0,0,W 39TH AVE & N CLAY ST,1,4,0,0,1,3,0,0,20,0,0,0,0,0,4,3,14
,2024-032878,39.73367679,-104.97742,8/3/2024 13:12,13:12,5,0,1,801 E 11TH AVE & N CLARKSON ST,1,1,0,0,3,3,0,0,30,0,0,0,0,2,4,1,14
,2024-032879,39.74028608,-104.9811004,7/16/2024 8:27,8:27,16,0,0,505 E COLFAX AVE,1,1,0,0,5,7,0,0,,0,0,0,0,0,3,2,16
,2024-032884,39.73298806,-105.0246198,7/19/2024 17:00,17:00,16,0,0,1000  FEDERAL BLVD,1,1,0,0,5,7,0,0,10,0,0,0,0,0,3,2,16
,2024-032885,39.72554078,-105.024152,8/3/2024 16:20,16:20,9,0,1,W 6TH AVE & N FEDERAL BLVD,1,1,0,0,1,4,0,0,40,0,0,0,0,3,2,1,3
,2024-032886,39.75573709,-104.9768443,8/2/2024 22:56,22:56,6,0,0,28TH ST & WELTON ST,1,3,0,0,1,1,0,0,30,0,0,0,0,0,4,3,14
,2024-032887,39.71877128,-104.9735494,7/27/2024 1:44,1:44,5,0,4,E SPEER BLVD & N DOWNING ST,1,3,0,0,3,4,0,0,35,0,0,0,0,3,4,1,16
,2024-032888,39.74000953,-104.9873904,6/27/2024 19:06,19:06,12,0,0,W COLFAX AVE & N BROADWAY ST,14,5,3,7,1,3,0,0,30,0,0,0,0,0,2,2,14
,2024-032889,39.80209652,-104.7863563,7/30/2024 7:22,7:22,12,0,0,56TH AVE,1,1,0,0,1,4,0,0,65,0,0,0,0,0,4,3,1
,2024-032891,39.73669259,-104.9406165,8/2/2024 15:12,15:12,3,0,2, COLORADO BLVD & E 13TH AVE,1,1,0,0,1,1,0,0,35,0,0,0,0,2,2,2,16
,2024-032892,39.78290854,-104.7556048,8/2/2024 21:01,21:01,12,0,0,E GREEN VALLEY RANCH BLVD & HIMALAYA WY,1,3,0,0,1,4,0,0,35,0,0,0,0,0,4,2,16
,2024-032894,39.62418794,-105.0944564,7/23/2024 22:11,22:11,11,0,1,W BELLEVIEW AVE & S DUDLEY ST,1,3,0,0,1,1,0,0,30,0,1,0,0,3,4,1,16
,2024-032896,39.72928076,-104.9127852,8/2/2024 22:43,22:43,3,0,1, MONACO ST PKWY & E 8TH AVE,1,3,0,0,1,1,0,0,35,0,0,0,0,2,4,2,13
,2024-032897,39.72923909,-104.9874041,6/30/2024 0:58,0:58,15,0,0, BROADWAY ST & E 8TH AVE,1,3,0,0,1,4,0,0,30,0,0,0,0,0,4,2,11
,2024-032898,39.7554915,-104.9910464,5/3/2024 6:00,6:00,11,0,0,22ND ST & MARKET ST,1,2,0,0,1,1,0,0,0,0,0,1,0,0,4,1,16
,2024-032899,39.72561628,-104.954203,5/11/2024 14:10,14:10,6,0,0,2808 E 6TH AVE & S DETROIT ST,1,1,0,0,1,4,0,0,,0,0,0,0,0,4,2,16
,2024-032900,39.76032694,-105.0040117,8/2/2024 20:23,20:23,6,0,0,19TH ST & PLATTE ST,1,1,0,0,1,4,0,0,15,0,0,0,0,0,4,2,13
,2024-032902,39.78379917,-104.8017155,8/3/2024 17:50,17:50,3,0,1,E GREEN VALLEY RANCH BLVD & N KITTREDGE ST,1,1,0,0,1,1,0,0,20,0,0,0,0,2,4,2,11
,2024-032903,39.76369187,-104.9027403,8/3/2024 17:19,17:19,1,0,0, QUEBEC ST & E 33RD AVE,1,1,0,0,1,3,0,0,35,0,0,0,0,0,4,2,8
,2024-032904,39.76909614,-104.9222902,8/2/2024 15:39,15:39,6,0,1, HOLLY ST & E 38TH AVE,1,1,0,0,3,4,0,0,25,0,0,0,0,1,4,2,1
,2024-032905,39.71106484,-104.9407889,7/31/2024 13:24,13:24,2,0,1,303  COLORADO BLVD & E ALAMEDA AVE,1,1,0,0,1,2,0,0,45,1,0,0,0,2,2,1,13
,2024-032907,39.69143132,-104.9128893,7/11/2024 21:23,21:23,15,0,0, MONACO ST PKWY & E CHERRY CREEK N DR,1,3,0,0,1,1,0,0,25,0,0,0,0,0,4,2,16
,2024-032908,39.73981467,-105.005233,7/29/2024 15:26,15:26,6,0,0,W COLFAX AVE & N OSAGE ST,1,1,0,0,1,2,0,0,30,0,0,0,0,0,4,2,14
,2024-032909,39.69628316,-104.8973909,7/28/2024 21:48,21:48,14,0,2,E MISSISSIPPI AVE & S PARKER RD,1,3,0,0,1,1,0,0,35,0,0,0,0,2,2,3,16
,2024-032911,39.83834489,-104.7719109,7/30/2024 17:45,17:45,12,0,1, TOWER RD & E 81ST AVE,1,1,0,7,1,4,0,0,45,0,0,0,0,2,4,3,2
,2024-032914,39.72561614,-104.9578572,7/16/2024 12:53,12:53,15,0,0,E 6TH AVE & N COLUMBINE ST,1,1,0,0,1,1,0,0,30,0,0,0,0,0,4,2,16
,2024-032916,39.71092547,-104.9990553,7/25/2024 7:55,7:55,12,0,0,I-25 & SB OFF RAMP EXT TO SANTA FE DR,1,1,0,0,1,4,0,0,,0,0,0,0,0,1,3,16
,2024-032917,39.75858722,-105.0158355,8/3/2024 0:26,0:26,6,0,1, ZUNI ST & W 29TH AVE,1,3,0,0,1,4,0,0,35,0,0,0,0,2,4,2,7
,2024-032919,39.74296258,-104.99159,7/5/2024 16:00,16:00,6,0,0,GLENARM  & 14TH ST,1,1,0,0,1,9,0,0,35,0,0,0,0,0,4,2,16
,2024-032920,39.80710905,-104.7721185,7/18/2024 1:13,1:13,15,0,2, TOWER RD & E 61ST AVE,1,3,0,0,1,4,0,0,45,0,0,0,0,3,4,2,1
,2024-032924,39.68025531,-104.9579313,7/24/2024 11:34,11:34,11,0,0, JOSEPHINE ST & E ASBURY AVE,1,1,0,0,1,1,0,0,25,0,0,1,0,0,4,1,11
,2024-032925,39.72911562,-104.9567226,8/3/2024 15:53,15:53,10,0,0,E 8TH AVE & N ELIZABETH ST,1,1,0,0,1,1,0,0,30,0,0,0,0,0,4,2,8
,2024-032926,39.76577044,-105.0411399,7/4/2024 22:20,22:20,6,0,0,W 35TH AVE & N RALEIGH ST,1,3,0,0,1,4,0,0,,0,0,0,0,0,4,4,16
,2024-032927,39.70866339,-105.0364051,7/4/2024 21:50,21:50,6,0,0,MORRISON RD & S MEADE ST,1,3,0,0,1,4,0,0,30,0,0,0,0,0,4,2,1
,2024-032976,39.75726191,-105.0276121,6/4/2024 16:44,16:44,6,0,0, HAZEL CT & W 28TH AVE,1,1,0,0,1,9,0,0,,0,0,0,0,0,4,2,16
,2024-032977,39.77986146,-104.9738785,6/25/2024 16:00,16:00,12,0,0,I-70 & WB OFF RAMP EXT TO N WASHINGTON ST,1,1,0,0,1,4,0,0,55,0,0,0,0,0,1,2,16
,2024-032983,39.73205119,-104.97298,8/4/2024 11:00,11:00,6,0,0,1044  DOWNING ST & E 10TH AVE,1,5,0,0,1,4,0,0,30,0,0,0,0,0,4,2,16
,2024-032984,39.74329122,-104.9596922,8/4/2024 16:20,16:20,16,0,0,1700  YORK ST,1,1,0,0,5,7,0,0,20,0,0,0,0,0,3,1,10
,2024-032985,39.74375981,-104.9407837,7/29/2024 10:40,10:40,15,0,0,E 17TH AVE & N COLORADO BLVD,1,1,0,0,1,1,0,0,,0,0,0,0,0,2,2,16
,2024-032986,39.67840113,-104.9608008,8/1/2024 18:28,18:28,12,0,0,E EVANS AVE & S UNIVERSITY BLVD,1,1,0,0,1,4,0,0,30,0,0,0,0,0,4,2,16
,2024-032987,39.77620739,-104.8703898,8/3/2024 21:21,21:21,12,0,0,I-70 & N HAVANA ST,1,3,0,0,1,4,0,0,55,0,0,0,0,0,1,4,3
,2024-032988,39.68039778,-105.0052478,7/29/2024 14:35,14:35,5,0,0, OSAGE ST & W ASBURY AVE,1,1,0,0,3,2,0,0,25,0,0,0,0,0,4,1,11
,2024-032994,39.74016121,-104.9533798,8/4/2024 18:54,18:54,15,0,0,E COLFAX AVE & N FILLMORE ST,1,1,0,0,1,4,0,0,30,0,0,0,0,0,2,2,11
,2024-032995,39.72558745,-105.01313,8/4/2024 11:35,11:35,12,0,0,I-25 & W 6TH AVE,1,1,0,0,1,4,0,0,55,0,0,0,0,0,1,2,3
,2024-032999,39.74091595,-105.014065,7/13/2024 21:25,21:25,12,0,0,I-25 & W COLFAX AVE,1,3,0,0,1,4,0,0,55,0,0,0,0,0,2,2,16
,2024-033000,39.68227232,-105.0249572,7/29/2024 10:16,10:16,5,0,0,W JEWELL AVE & S FEDERAL BLVD,1,1,0,0,1,2,0,0,25,0,0,0,0,0,2,1,11
,2024-033001,39.77947312,-104.7905213,7/10/2024 11:00,11:00,15,0,0,PENA BLVD OB RAMP & GREEN VALLEY RANCH BLVD,1,1,0,0,1,8,0,0,65,0,0,0,0,0,4,2,14
,2024-033002,39.74033858,-105.0393188,8/4/2024 14:37,14:37,3,0,0,W COLFAX AVE & N PERRY ST,1,1,0,0,1,1,0,0,30,0,0,0,0,0,2,2,16
,2024-033004,39.75576501,-105.0144534,8/2/2024 7:45,7:45,15,0,0, SPEER BLVD & I-25 SB RAMPS,1,1,0,0,1,4,0,0,,0,0,0,0,0,4,2,16
,2024-033006,39.77335972,-104.8373757,8/1/2024 7:21,7:21,12,0,0,I-70 & N PEORIA ST,1,1,0,0,1,4,0,0,,0,0,0,0,0,1,4,16
,2024-033007,39.73829106,-104.9280704,8/4/2024 18:10,18:10,10,0,1,E 14TH AVE & N FAIRFAX ST,1,1,0,0,1,1,0,0,35,0,0,0,0,2,4,2,11
,2024-033008,39.78035824,-104.8114754,8/4/2024 11:15,11:15,12,0,1,BOLLING DR & FRASER WY,1,1,0,0,1,4,0,0,,0,0,0,0,1,4,3,16
,2024-033009,39.83202881,-104.776197,8/4/2024 5:10,5:10,5,0,0,PENA BLVD & N TOWER RD,1,3,1,0,2,4,0,0,65,0,0,0,0,0,4,1,2
,2024-033010,39.77396418,-104.8465363,8/3/2024 15:34,15:34,12,0,0,I-70 & N PEORIA ST,1,1,0,0,1,4,0,0,55,0,0,0,0,0,2,2,1
,2024-033012,39.71818816,-104.9593202,8/3/2024 0:31,0:31,3,0,0, UNIVERSITY BLVD & E 1ST AVE,1,3,0,0,1,1,0,0,35,0,0,0,0,0,4,3,16
,2024-033013,39.78363417,-104.7703352,7/5/2024 22:30,22:30,15,0,0,18521 E GREEN VALLEY RANCH BLVD & N TOWER RD,1,3,0,0,1,4,0,0,35,0,0,0,0,0,4,2,10
,2024-033014,39.73150496,-105.0157547,8/3/2024 22:18,22:18,12,0,0,I-25 & W 8TH AVE,1,3,0,0,1,4,0,0,55,0,0,0,0,0,1,2,3
,2024-033015,39.71145246,-104.9972583,7/18/2024 10:15,10:15,15,0,0, SANTA FE DR & W ALAMEDA AVE,1,1,1,0,1,4,0,0,35,0,0,0,0,0,1,2,13
,2024-033016,39.73686387,-104.9964726,7/13/2024 3:23,3:23,11,0,1, SPEER BLVD & W 13TH AVE,1,3,0,0,1,1,0,0,0,0,0,1,0,2,4,1,16
,2024-033017,39.73998684,-104.9634691,7/30/2024 21:50,21:50,10,0,0,E COLFAX AVE & N RACE ST,1,3,0,0,1,1,0,0,35,0,0,0,0,0,2,2,11
,2024-033018,39.70530369,-105.0360625,8/4/2024 4:42,4:42,6,0,0,633  MEADE ST & W CENTER AVE,1,3,0,0,1,4,0,0,20,0,0,0,0,0,4,2,16
,2024-033019,39.77371548,-104.8490884,7/30/2024 13:26,13:26,12,0,4,I-70 EB OFF RAMP & N PEORIA ST,1,1,0,0,1,8,0,0,55,0,0,0,0,1,1,2,13
,2024-033020,39.74752469,-104.9872022,8/3/2024 2:00,2:00,11,0,0,20TH AVE & WELTON ST,1,3,0,0,1,1,0,0,0,0,0,1,0,0,4,1,16
,2024-033021,39.77273493,-104.9034978,8/2/2024 15:35,15:35,12,0,1, QUEBEC ST & E SANDOWN RD,1,1,0,0,1,4,0,0,30,0,0,0,0,1,4,3,6
,2024-033022,39.81302348,-104.7863675,8/4/2024 7:07,7:07,5,0,0,PENA BLVD IB & E 56TH AVE,1,1,0,0,2,4,0,0,65,0,0,0,0,0,4,1,1
,2024-033023,39.74006171,-104.938388,7/25/2024 15:45,15:45,6,0,0,4130 E COLFAX AVE & N ASH ST,14,1,0,7,1,4,0,0,35,0,0,0,0,0,2,2,13
,2024-033024,39.73687419,-104.9733661,7/31/2024 21:30,21:30,5,0,0,13TH ST & DOWNING ST,1,4,0,0,1,9,0,0,25,0,0,0,0,0,4,1,13
,2024-033027,39.73516033,-104.94508,8/4/2024 15:30,15:30,6,0,0,1208  MONROE ST & E 12TH AVE,1,1,0,0,1,3,0,0,20,0,0,0,0,0,4,3,16
,2024-033029,39.73682526,-105.0143282,8/4/2024 7:59,7:59,6,0,0,I-25 & W COLFAX AVE,1,1,3,0,1,4,0,0,55,0,0,0,0,0,1,2,13
,2024-033031,39.69297738,-104.9617408,8/2/2024 13:35,13:35,12,0,0, GAYLORD ST & E LOUISIANA AVE,1,1,0,0,1,3,0,0,30,0,0,0,0,0,4,2,16
,2024-033032,39.84414491,-104.6769999,7/31/2024 19:26,19:26,5,0,0,8148 PENA BLVD & E 85TH AVE,1,1,0,0,5,7,0,0,10,0,0,0,0,0,3,1,16
,2024-033034,39.78561727,-105.0336441,8/1/2024 21:46,21:46,6,0,2,W 49TH AVE & N KING ST,1,3,0,0,1,4,0,0,25,0,0,0,0,2,4,3,16
,2024-033038,39.74034324,-105.0333727,8/1/2024 22:13,22:13,11,0,0,W COLFAX AVE & N KING ST,1,3,0,0,1,1,0,0,25,0,0,1,0,0,2,1,16
,2024-033045,39.78234178,-104.8831581,8/2/2024 7:36,7:36,2,0,2,E 47TH AVE & N CENTRAL PARK BLVD,1,1,0,0,1,1,0,0,20,1,1,0,0,2,4,1,16
,2024-033049,39.72928036,-104.9124384,8/1/2024 8:15,8:15,15,0,0,E 8TH AVE & N MONACO ST PKWY,1,1,0,0,1,3,0,0,30,0,0,0,0,0,4,2,16
,2024-033102,39.78377523,-104.9406006,1/4/2024 17:10,17:10,11,1,0, COLORADO BLVD & E 48TH AVE,1,2,0,0,1,1,0,0,0,0,1,0,0,4,2,1,16
,2024-033137,39.74482763,-104.9721247,8/5/2024 16:00,16:00,1,0,1, MARION ST & E 18TH AVE,11,3,0,7,1,1,0,0,20,0,0,0,0,1,4,2,3
,2024-033265,39.72646915,-105.0139427,7/21/2024 18:27,18:27,12,0,0,I-25 & W COLFAX AVE,1,1,0,0,1,4,0,0,,0,0,0,0,0,1,4,16
,2024-033266,39.7740069,-104.8470299,8/3/2024 15:34,15:34,15,0,0,I-70 EB & N PEORIA ST,1,1,3,0,1,4,0,0,55,0,0,0,0,0,2,2,1
,2024-033267,39.77287898,-104.9406683,8/5/2024 17:04,17:04,12,0,0,E 40TH AVE & COLORADO BLVD,11,1,0,1,1,3,0,0,30,0,0,0,0,0,2,2,16
,2024-033274,39.74719225,-104.894017,8/5/2024 14:00,14:00,6,0,0,1955  ULSTER ST & E MONTVIEW BLVD,1,1,0,0,1,2,0,0,25,0,0,0,0,0,4,2,16
,2024-033275,39.77563188,-104.8637088,8/5/2024 16:09,16:09,12,0,0,I-70 & N HAVANA ST,1,1,0,0,1,4,0,0,55,0,0,0,0,0,1,2,2
,2024-033276,39.72922882,-104.9406251,8/5/2024 13:00,13:00,12,0,0,E 8TH AVE & N COLORADO BLVD,1,1,0,0,1,3,0,0,35,0,0,0,0,0,2,2,13
,2024-033277,39.69477502,-104.964087,8/1/2024 12:30,12:30,6,0,0,E ARIZONA AVE & S RACE ST,1,1,0,0,1,4,0,0,25,0,0,0,0,0,4,2,3
,2024-033278,39.69674956,-105.0250716,8/5/2024 9:26,9:26,12,0,0, FEDERAL BLVD & W MISSISSIPPI AVE,1,1,0,1,1,4,0,0,,0,0,0,0,0,2,2,16
,2024-033279,39.77739569,-104.8840781,8/2/2024 15:55,15:55,12,0,0,I-70 & N CENTRAL PARK BLVD,1,1,0,0,1,4,0,0,55,0,0,0,0,0,1,2,13
,2024-033283,39.77836393,-104.8970986,8/5/2024 9:12,9:12,5,0,1,I-270 & I-70 UNDERPASS,1,1,1,0,1,4,0,0,55,0,0,0,0,2,1,1,1
,2024-033284,39.74326861,-104.9787393,8/5/2024 17:55,17:55,3,0,0, WASHINGTON ST & E 17TH AVE,11,1,0,1,1,1,0,0,20,0,0,0,0,0,4,2,11
,2024-033286,39.73727496,-104.8987477,8/5/2024 13:49,13:49,10,0,0,E 13TH AVE & N SYRACUSE ST,1,1,0,0,1,1,0,0,25,0,0,0,0,0,4,2,7
,2024-033295,39.72174978,-105.0094639,8/4/2024 1:13,1:13,12,0,1,I-25 SB ON RAMP FROM W 6TH AVE & SB ON RAMP ENT,1,4,0,0,1,8,0,0,30,0,0,0,0,1,1,2,13
,2024-033298,39.68303795,-104.9410556,8/1/2024 16:58,16:58,12,0,0,I-25 & S COLORADO BLVD,1,1,0,0,1,4,0,0,55,0,0,0,0,0,1,2,13
,2024-033301,39.74019248,-104.9405762,7/22/2024 18:49,18:49,15,0,1,E COLFAX AVE & N COLORADO BLVD,1,1,0,0,1,3,0,0,,0,0,0,0,2,2,2,16
,2024-033302,39.77335972,-104.8373757,7/25/2024 16:33,16:33,15,0,0,I-70 & N PEORIA ST,1,1,0,0,1,4,0,0,,0,0,0,0,0,1,2,16
,2024-033303,39.74395653,-105.0236694,8/3/2024 18:30,18:30,15,0,0,MILE HIGH STADIUM W CIR & DICK CONNOR AVE,1,1,0,0,1,1,0,0,25,0,0,0,0,0,4,2,1
,2024-033304,39.77383703,-104.8450672,8/2/2024 11:22,11:22,12,0,1,I-70 & N PEORIA ST,1,1,0,0,1,4,0,0,55,0,0,0,0,1,1,4,13
,2024-033305,39.77712621,-105.0029556,7/29/2024 12:11,12:11,11,0,1, MARIPOSA ST & W 44TH AVE,1,1,0,0,1,4,0,0,0,0,1,0,0,1,4,1,16
,2024-033306,39.74744405,-104.8987497,8/4/2024 13:27,13:27,3,0,1, SYRACUSE ST & E MONTVIEW BLVD,1,1,0,0,1,1,0,0,30,0,0,0,0,1,4,3,3
,2024-033307,39.69268921,-104.9769383,8/3/2024 1:56,1:56,5,0,0,E BUCHTEL BLVD & S EMERSON ST,1,3,0,0,2,1,0,0,35,0,0,0,0,0,4,1,16
,2024-033313,39.64775083,-104.8829431,8/4/2024 13:38,13:38,3,0,0,9005 E LEHIGH AVE & S YOSEMITE ST,1,1,0,0,1,2,0,0,25,0,0,0,0,0,4,2,11
,2024-033319,39.73367772,-104.976431,8/4/2024 12:00,12:00,3,0,0, EMERSON ST & E 11TH AVE,1,1,0,0,1,1,0,0,20,0,0,0,0,0,4,2,13
,2024-033320,39.72904632,-104.9899352,8/4/2024 14:19,14:19,3,0,2,W 8TH AVE & N SPEER BLVD,1,1,0,0,1,1,0,0,30,0,0,0,0,2,4,2,13
,2024-033321,39.79479967,-104.812353,8/3/2024 1:48,1:48,6,0,0,E MAXWELL PL & N FAIRPLAY ST,1,3,0,0,1,4,0,0,,0,0,0,0,0,4,2,16
,2024-033322,39.71114655,-105.0203576,8/4/2024 22:39,22:39,1,0,0,W ALAMEDA AVE & S CLAY ST,1,3,0,0,1,1,0,0,35,0,0,0,0,0,2,2,13
,2024-033323,39.77335271,-104.8098812,8/3/2024 7:02,7:02,15,0,0, CHAMBERS RD & E 40TH AVE,1,1,0,0,1,4,0,0,,0,0,0,0,0,4,2,16
,2024-033324,39.72165738,-105.0088559,8/1/2024 14:10,14:10,12,0,0,I-25 & NB ON RAMP EXT TO W 6TH AVE,1,1,0,0,1,4,0,0,45,0,0,0,0,0,1,2,13
,2024-033325,39.77395839,-104.8464695,8/2/2024 13:20,13:20,15,0,0,I-70 & N PEORIA ST,1,1,0,0,1,4,0,0,55,0,0,0,0,0,1,2,13
,2024-033327,39.76633512,-104.9733439,7/30/2024 9:00,9:00,11,0,1, DOWNING ST & 35TH ST,1,1,0,0,1,4,0,0,,0,0,1,0,2,4,1,16
,2024-033328,39.7290891,-104.9890646,7/20/2024 2:58,2:58,5,0,0,W 8TH AVE & N ACOMA ST,1,3,0,0,1,4,0,0,35,0,0,0,0,0,4,1,1
,2024-033332,39.65302552,-104.8803259,8/5/2024 8:54,8:54,12,0,1,E HAMPDEN AVE & S DAYTON ST,1,1,0,0,1,3,0,0,45,0,0,0,0,2,2,2,11
,2024-033343,39.75509375,-104.9933162,7/22/2024 14:05,14:05,15,0,0,BLAKE ST & 21ST ST,1,1,0,0,1,4,0,0,30,0,0,0,0,0,4,2,11
,2024-033347,39.70647917,-104.9966394,8/5/2024 6:02,6:02,12,0,2, SANTA FE DR & I-25 OVERPASS,1,1,0,0,1,3,0,0,45,0,0,0,0,2,2,2,14
,2024-033349,39.6562065,-105.0532235,7/20/2024 11:11,11:11,12,0,0, SHERIDAN BLVD & W DARTMOUTH AVE,1,1,0,0,1,3,0,0,35,0,0,0,0,0,2,3,3
,2024-033350,39.74879055,-104.9944488,7/12/2024 23:23,23:23,11,0,1,17TH ST & ARAPAHOE ST,1,3,0,0,1,1,0,0,30,0,0,1,0,2,4,1,16
,2024-033362,39.73006469,-104.9729447,8/2/2024 13:00,13:00,6,0,1, DOWNING ST & E 9TH AVE,1,1,0,0,1,4,0,0,35,0,0,0,0,1,4,3,16
,2024-033364,39.76911727,-104.9952968,8/5/2024 12:50,12:50,12,0,0, FOX ST & W 38TH AVE,1,1,0,0,1,1,0,0,30,0,0,0,0,0,1,2,11
,2024-033367,39.65302101,-104.8756595,8/4/2024 21:33,21:33,1,0,0, DAYTON ST & E HAMPDEN AVE,1,3,0,0,1,1,0,0,45,0,0,0,0,0,2,2,13
,2024-033370,39.77385143,-104.9406737,8/5/2024 10:05,10:05,3,0,0,E 41ST AVE & N COLORADO BLVD,1,1,0,0,1,1,0,0,40,0,0,0,0,0,2,2,11
,2024-033371,39.76182513,-104.9499149,8/5/2024 1:27,1:27,3,0,1,E MLK JR BLVD & N STEELE ST,1,3,0,0,1,1,0,0,35,0,0,0,0,1,4,2,16
,2024-033374,39.73058408,-104.9183621,8/3/2024 21:00,21:00,6,0,0, JASMINE ST & E 9TH AVE,1,4,0,0,1,4,0,0,20,0,0,0,0,0,4,2,1
,2024-033376,39.65744762,-105.02979,8/3/2024 11:06,11:06,2,0,1,W FLOYD AVE & S IRVING ST,1,1,1,0,1,1,0,0,0,1,0,0,0,2,4,1,16
,2024-033383,39.73828614,-104.9338468,8/2/2024 9:40,9:40,15,0,0, CHERRY ST & E 14TH AVE,1,1,0,0,1,1,0,0,25,0,0,0,0,0,4,2,1
,2024-033393,39.63539228,-104.8969576,7/16/2024 2:29,2:29,11,0,0,I-225 (NON-FARS) & S TAMARAC ST,1,3,0,0,1,4,0,0,0,0,1,0,0,0,1,2,16
,2024-033453,39.70815748,-104.9269733,2/2/2024 23:03,23:03,3,1,2,LEETSDALE DR & S FOREST ST,11,3,0,1,1,1,0,0,35,0,0,0,0,4,2,3,14
,2024-033454,39.74018293,-104.9981285,7/3/2024 23:10,23:10,11,1,0, SPEER BLVD & W COLFAX AVE,1,3,0,0,1,1,0,0,35,0,1,0,0,4,2,1,16
,2024-033474,39.75667262,-105.02992,8/6/2024 14:36,14:36,5,0,0,W 27TH AVE & N IRVING ST,1,1,0,0,2,1,0,0,30,0,0,0,0,0,4,1,13
,2024-033477,39.67239156,-104.8753116,8/6/2024 12:35,12:35,6,0,0, DAYTON WY & E HARVARD AVE,1,1,0,0,1,4,0,0,30,0,0,0,0,0,4,2,3
,2024-033480,39.77797459,-104.7690154,7/12/2024 23:37,23:37,3,0,0, ARGONNE ST & E 45TH AVE,1,3,0,0,1,1,0,0,20,0,0,0,0,0,4,2,11