id,drcog_id,latitude,longitude,crashtime,time,crashtype,numbkilled,numbinjurd,drcoglocat,rdconditin,lightngcon,roadcntgrd,weatherco,location,roaddescrp,schoolzone,constrzone,splimit,bikeinv,pedinv,sctrinv,motoinv,svrty,rdsystem,ttlvehcls,hcf
,2024-033481,39.66262469,-104.922485,7/11/2024 22:22,22:22,15,0,0,I-25 & NB OFF RAMP EXT TO E YALE AVE,1,3,0,0,1,4,0,0,65,0,0,0,0,0,1,2,13
,2024-033486,39.682257,-105.0273714,7/22/2024 17:44,17:44,15,0,0,W JEWELL AVE & S HAZEL CT,1,1,0,0,1,1,0,0,,0,0,0,0,0,4,2,16
,2024-033488,39.72562881,-104.983201,7/21/2024 14:55,14:55,6,0,0,620 E 6TH AVE & N GRANT ST,1,1,0,0,1,4,0,0,30,0,0,0,0,0,4,2,16
,2024-033489,39.83394159,-104.7680847,8/6/2024 13:46,13:46,12,0,2,PENA BLVD OB & N TOWER RD,1,1,0,0,1,4,0,0,65,0,0,0,0,1,4,2,11
,2024-033492,39.67847306,-104.9222662,8/5/2024 15:00,15:00,15,0,0,E EVANS AVE & S HOLLY ST,1,1,0,0,1,1,0,0,30,0,0,0,0,0,4,2,3
,2024-033496,39.71128376,-104.9034949,8/5/2024 14:25,14:25,12,0,0,E ALAMEDA AVE & S QUEBEC ST,1,1,0,0,1,1,0,0,35,0,0,0,0,0,4,2,13
,2024-033500,39.74038413,-105.051106,8/6/2024 12:50,12:50,6,0,0,W COLFAX AVE & YATES ST,1,1,0,0,1,4,0,0,35,0,0,0,0,0,2,2,13
,2024-033501,39.78004854,-104.9836003,8/6/2024 17:36,17:36,12,0,0,I-70 WB OFF RAMP & N WASHINGTON ST,1,1,0,0,1,8,0,0,55,0,0,0,0,0,1,2,11
,2024-033507,39.74001092,-104.9718786,7/15/2024 21:43,21:43,10,0,0,COLFAX AVE & MARION ST,1,3,0,0,1,1,0,0,,0,0,0,0,0,1,2,16
,2024-033508,39.76732095,-104.8904572,7/20/2024 10:16,10:16,3,0,0,E 36TH AVE & N CENTRAL PARK BLVD,1,1,0,0,1,1,0,0,40,0,0,0,0,0,4,2,16
,2024-033512,39.76836939,-104.8657912,8/5/2024 12:40,12:40,12,0,0, HAVANA ST & E SMITH RD,1,1,0,0,1,4,0,0,30,0,0,0,0,0,4,2,11
,2024-033514,39.66258871,-105.0532301,8/4/2024 23:22,23:22,12,0,0, SHERIDAN BLVD & W BATES AVE,1,3,1,0,1,4,0,0,40,0,0,0,0,0,2,2,14
,2024-033515,39.65311274,-104.921736,8/5/2024 14:00,14:00,12,0,0,E HAMPDEN AVE & S IVANHOE ST,1,1,0,0,1,1,0,0,35,0,0,0,0,0,2,2,3
,2024-033517,39.74167717,-104.9835901,8/6/2024 11:35,11:35,3,0,0, GRANT ST & E 16TH AVE,1,1,0,0,1,1,0,0,30,0,0,0,0,0,4,2,13
,2024-033520,39.78364086,-104.7897464,8/6/2024 7:08,7:08,12,0,0,E GREEN VALLEY RANCH BLVD & PENA BLVD,1,1,0,0,1,4,0,0,40,0,0,0,0,0,4,2,11
,2024-033521,39.74326857,-104.9787393,8/6/2024 9:50,9:50,3,0,1,E 17TH AVE & N WASHINGTON ST,1,1,0,0,1,1,0,0,30,0,0,0,0,1,4,2,11
,2024-033525,39.75093185,-104.9986876,8/5/2024 14:05,14:05,15,0,0,BLAKE ST & 17TH ST,1,1,0,0,1,4,0,0,,0,0,0,0,0,4,2,16
,2024-033526,39.74483675,-104.9747776,7/31/2024 16:00,16:00,12,0,0,PARK AVE & E 18TH AVE,1,1,0,0,1,3,0,0,35,0,0,0,0,0,4,2,16
,2024-033541,39.74486919,-104.9835852,8/1/2024 16:45,16:45,12,0,0, GRANT ST & E 18TH AVE,1,1,0,0,1,3,0,0,,0,0,0,0,0,4,2,16
,2024-033542,39.62412099,-104.8897675,8/5/2024 17:15,17:15,1,0,0, DTC BLVD & E BELLEVIEW AVE,11,1,0,0,1,1,0,0,30,0,0,0,0,0,4,2,3
,2024-033544,39.74408087,-104.9270178,7/20/2024 0:29,0:29,6,0,0, FOREST ST & E 17TH AVE,1,4,0,0,1,4,0,0,25,0,0,0,0,0,4,2,16
,2024-033545,39.78004283,-104.9407636,8/6/2024 13:49,13:49,12,0,0, COLORADO BLVD & I-70,1,1,0,0,1,4,0,0,40,0,0,0,0,0,2,2,16
,2024-033546,39.74326861,-104.9787393,8/6/2024 10:00,10:00,3,0,0, WASHINGTON ST & E 17TH AVE,1,1,0,0,1,1,0,0,20,0,0,0,0,0,4,2,14
,2024-033547,39.67864514,-105.0250486,8/5/2024 21:12,21:12,1,0,1,2070  FEDERAL BLVD & W EVANS AVE,1,3,0,0,1,2,0,0,40,0,0,0,0,2,2,2,10
,2024-033551,39.73653265,-104.9810702,8/5/2024 10:15,10:15,5,0,0, PENNSYLVANIA  & E 13TH AVE,1,1,0,0,3,9,0,0,,0,0,0,0,0,4,1,16
,2024-033552,39.70382097,-104.9407895,8/5/2024 12:45,12:45,12,0,0, COLORADO BLVD & E EXPOSITION AVE,1,1,0,0,1,1,0,0,35,0,0,0,0,0,2,2,3
,2024-033553,39.74034397,-105.032277,8/6/2024 2:18,2:18,5,0,0,W COLFAX AVE & N KNOX CT,1,3,0,0,3,1,0,0,30,0,0,0,0,0,2,1,16
,2024-033554,39.78149501,-104.8998557,8/6/2024 1:27,1:27,15,0,0,I-270 & SB EXT RAMP TO SAND CREEK DR,1,3,1,0,1,4,0,0,,0,0,0,0,0,1,2,16
,2024-033555,39.76004394,-104.8961021,8/1/2024 22:51,22:51,8,0,2,E MLK JR BLVD & N TRENTON ST,1,3,0,0,1,4,0,0,35,0,0,0,0,3,4,3,14
,2024-033561,39.68012388,-104.9408883,8/4/2024 1:49,1:49,5,0,0, COLORADO BLVD & E BUCHTEL BLVD,1,3,1,0,2,3,0,0,35,0,0,0,0,0,2,1,13
,2024-033564,39.71423754,-105.0010101,8/6/2024 8:20,8:20,15,0,0,I-25 & W ALAMEDA AVE,1,1,0,0,1,4,0,1,55,0,0,0,0,0,1,2,3
,2024-033567,39.74375981,-104.9407837,8/5/2024 9:55,9:55,1,0,1,E 17TH AVE & N COLORADO BLVD,1,1,0,0,1,1,0,0,30,0,0,0,0,2,2,2,1
,2024-033568,39.66051245,-105.0251647,8/5/2024 19:28,19:28,12,0,0, FEDERAL BLVD & W DARTMOUTH AVE,1,2,0,0,1,3,0,0,35,0,0,0,0,0,2,2,16
,2024-033639,39.84361971,-104.7470266,2/16/2024 18:00,18:00,15,0,0,E-470 & SB OFF RAMP EXT TO PENA BLVD,4,3,0,3,1,4,0,0,75,0,0,0,0,0,4,2,16
,2024-033642,39.77449309,-104.8470334,7/18/2024 14:19,14:19,15,0,0, PEORIA ST & I-70,1,1,0,0,1,4,0,0,,0,0,0,0,0,4,2,16
,2024-033660,39.67473997,-104.874043,8/7/2024 7:50,7:50,1,0,1,E ILIFF AVE & S EMPORIA ST,1,1,0,0,1,1,0,0,35,0,0,0,0,2,4,2,11
,2024-033661,39.67864514,-105.0250486,8/7/2024 6:58,6:58,12,0,0, FEDERAL BLVD & W EVANS AVE,1,1,0,0,1,3,0,0,40,0,0,0,0,0,2,2,16
,2024-033662,39.678433,-104.9209803,8/6/2024 12:45,12:45,14,0,0, IVANHOE ST & E EVANS AVE,1,1,0,0,1,4,0,0,25,0,0,0,0,0,4,2,3
,2024-033672,39.74028006,-105.012349,8/5/2024 22:49,22:49,3,0,2,W COLFAX AVE & I-25 SB OFF RAMP,1,3,0,0,1,1,0,0,30,0,0,0,0,2,2,2,1
,2024-033677,39.68082119,-104.9358261,7/10/2024 10:00,10:00,15,0,0,I-25 & S COLORADO BLVD,1,1,1,0,1,4,0,0,55,0,0,0,0,0,1,2,16
,2024-033678,39.68009619,-104.9408884,8/6/2024 11:00,11:00,12,0,0, COLORADO BLVD & E BUCHTEL BLVD,1,1,0,0,1,1,0,0,35,0,0,0,0,0,2,4,3
,2024-033679,39.68485975,-104.9034431,8/7/2024 5:51,5:51,3,0,1, QUEBEC ST & E CHERRY CREEK S DR,1,1,0,0,1,1,0,0,35,0,0,0,0,1,4,3,2
,2024-033685,39.72932281,-105.0148301,8/5/2024 18:23,18:23,12,0,0,I-25 & W 8TH AVE,1,1,0,0,1,4,0,0,,0,0,0,0,0,2,2,16
,2024-033687,39.7078827,-104.9269714,8/2/2024 19:29,19:29,5,0,0, FOREST ST & LEETSDALE DR,1,1,0,0,3,4,0,0,20,0,0,0,0,0,4,1,16
,2024-033688,39.71942263,-104.9581444,7/19/2024 13:40,13:40,6,0,0,E 2ND AVE & N JOSEPHINE ST,1,1,0,0,1,4,0,0,25,0,0,0,0,0,4,2,13
,2024-033691,39.67528918,-105.02504,8/6/2024 15:44,15:44,1,0,0, FEDERAL BLVD & W ILIFF AVE,1,1,0,0,1,1,0,0,40,0,0,0,0,0,2,2,13
,2024-033692,39.71657696,-104.9875019,8/6/2024 23:36,23:36,3,0,0,E ELLSWORTH AVE & N BROADWAY ST,1,3,0,0,1,1,0,0,30,0,0,0,0,0,4,2,13
,2024-033693,39.77283477,-104.8097891,8/4/2024 16:08,16:08,12,0,0, CHAMBERS RD & E ANDREWS DR,1,1,0,0,1,4,0,0,35,0,0,0,0,0,4,3,3
,2024-033694,39.65705273,-104.8846981,8/7/2024 7:54,7:54,12,0,0, YOSEMITE ST & E EASTMAN AVE,1,1,0,0,1,1,0,0,30,0,0,0,0,0,4,2,13
,2024-033695,39.78780068,-104.8097704,8/7/2024 0:58,0:58,12,0,0, CHAMBERS RD & E 52ND AVE,1,3,0,0,1,4,0,0,45,0,0,0,0,0,4,2,3
,2024-033696,39.71134514,-104.9923962,8/6/2024 18:12,18:12,3,0,0,187 W ALAMEDA AVE & S CHEROKEE ST,1,1,0,0,1,2,0,0,25,0,0,0,0,0,4,2,13
,2024-033697,39.74244873,-105.0075934,6/11/2024 9:05,9:05,16,0,0,777 LAWRENCE WAY & PRIVATE PROPERTY,1,1,0,0,5,7,0,0,,0,0,0,0,0,3,2,16
,2024-033699,39.78195399,-104.9603413,7/22/2024 23:11,23:11,6,0,0,E 47TH AVE & N CLAUDE CT,1,3,0,0,1,4,0,0,,0,0,0,0,0,4,2,16
,2024-033703,39.73020021,-104.9836027,8/5/2024 10:35,10:35,5,0,1, GRANT ST & E 9TH AVE,1,1,0,0,2,4,0,0,30,0,0,0,0,1,4,1,16
,2024-033704,39.79759176,-104.8210596,8/2/2024 21:30,21:30,6,0,0,E RANDOLPH PL & N DILLON ST,1,1,0,0,1,3,0,0,25,0,0,0,0,0,4,2,11
,2024-033705,39.66585559,-104.9243301,8/6/2024 12:22,12:22,15,0,0,I-25 & E YALE AVE,1,1,0,0,1,4,0,0,65,0,0,0,0,0,1,2,13
,2024-033706,39.78335488,-105.0345149,8/7/2024 7:13,7:13,12,0,0,I-70 & N FEDERAL BLVD,1,1,0,0,1,4,0,0,55,0,0,0,0,0,1,2,13
,2024-033711,39.78407524,-104.991177,8/5/2024 17:04,17:04,5,0,1,W 48TH AVE & N BANNOCK ST,1,1,0,7,3,1,0,0,35,0,0,0,0,2,4,1,6
,2024-033714,39.7113915,-104.987569,8/7/2024 15:09,15:09,11,0,1, BROADWAY ST & ALAMEDA AVE,1,1,0,0,1,2,0,0,0,0,0,1,0,2,4,1,16
,2024-033715,39.74007565,-104.9406125,8/6/2024 22:11,22:11,3,0,0,E COLFAX AVE & N COLORADO BLVD,1,3,0,0,1,1,0,0,40,0,0,0,0,0,2,2,13
,2024-033717,39.73469196,-104.9406188,8/6/2024 15:25,15:25,1,0,4, COLORADO BLVD & E 12TH AVE,1,1,0,0,1,1,0,0,35,0,0,0,0,2,2,2,11
,2024-033721,39.71117205,-105.0203485,8/5/2024 14:14,14:14,11,0,1, CLAY ST & W ALAMEDA AVE,1,1,0,0,1,1,0,0,25,0,1,0,0,2,2,1,11
,2024-033725,39.76838946,-104.9948219,8/7/2024 13:40,13:40,1,0,0,PARK AVE W & N FOX ST,1,1,0,0,1,1,0,0,35,0,0,0,0,0,1,2,13
,2024-033726,39.7692123,-104.9920688,8/6/2024 5:24,5:24,12,0,0,I-25 NB OFF RAMP & HOV FLYOVER,1,3,1,0,1,8,0,0,55,0,0,0,0,0,1,2,14
,2024-033727,39.62415554,-105.0912906,8/7/2024 8:33,8:33,3,0,1,W BELLEVIEW AVE & S WADSWORTH WY,1,1,0,0,1,1,0,0,40,0,0,0,0,1,2,3,3
,2024-033728,39.71110892,-104.9745608,8/6/2024 16:00,16:00,5,0,0,E ALAMEDA AVE & S CORONA ST,1,1,0,0,1,1,0,0,30,0,0,0,0,0,4,2,14
,2024-033729,39.70895948,-104.8700017,8/1/2024 8:12,8:12,10,0,0,E DAKOTA AVE & S GALENA WY,1,1,0,0,1,1,0,0,30,0,0,0,0,0,4,2,16
,2024-033732,39.78384275,-105.0067386,7/19/2024 11:30,11:30,3,0,0,W 48TH AVE & N PECOS ST,1,1,0,0,1,6,0,0,,0,0,0,0,0,1,2,16
,2024-033733,39.67665327,-104.9035918,8/7/2024 12:15,12:15,12,0,0,E EVANS AVE & S QUEBEC ST,1,1,0,0,1,1,0,0,35,0,0,0,0,0,4,2,3
,2024-033734,39.63076533,-104.905093,8/1/2024 7:29,7:29,5,1,0,I-225 NB DIRECT CONNECT & I-25 NB,1,1,0,0,2,8,0,0,55,0,0,0,0,4,1,1,10
,2024-033735,39.74580994,-104.9544365,8/7/2024 3:12,3:12,5,0,1,CITY PK RD 23 & CITY PK RD 25,1,4,0,0,2,1,0,0,20,0,0,0,0,2,4,1,1
,2024-033736,39.77866949,-104.9407414,8/7/2024 7:53,7:53,12,0,0, COLORADO BLVD & I-70,1,1,0,0,1,4,0,0,45,0,0,0,0,0,2,2,3
,2024-033737,39.77307826,-104.9735539,8/6/2024 17:44,17:44,12,0,0,39TH ST & WYNKOOP ST,1,1,0,0,1,1,0,0,20,0,0,0,0,0,4,2,13
,2024-033738,39.72390166,-104.8841395,8/6/2024 20:59,20:59,12,0,0, YOSEMITE ST & E LOWRY BLVD,11,3,0,1,1,6,0,0,30,0,0,0,0,0,4,2,13
,2024-033740,39.72541506,-105.0242742,8/7/2024 17:55,17:55,5,0,1,W 6TH AVE & N FEDERAL BLVD,1,1,0,0,2,8,0,0,55,0,0,0,0,2,2,2,16
,2024-033741,39.74327141,-104.9876314,8/7/2024 12:36,12:36,12,0,0,COURT PL & N BROADWAY ST,1,1,0,0,1,4,0,0,30,0,0,0,0,0,4,2,11
,2024-033742,39.73145848,-105.0164017,8/7/2024 7:22,7:22,14,0,0, ZUNI ST & W 8TH AVE,1,1,1,0,6,4,0,0,30,0,0,0,0,0,4,2,1
,2024-033744,39.63486081,-104.9071531,8/6/2024 17:50,17:50,15,0,0,I-25 NB & I-225 NB,1,1,0,0,1,4,0,0,65,0,0,0,0,0,1,2,13
,2024-033745,39.65542301,-104.8857002,8/7/2024 16:20,16:20,6,0,0,8787 E GIRARD AVE & S XENIA ST,1,1,1,0,1,4,0,0,25,0,0,0,0,0,4,2,3
,2024-033746,39.67285856,-105.041714,8/7/2024 16:10,16:10,3,0,1,W HARVARD AVE & S RALEIGH ST,1,1,0,6,1,1,0,0,30,0,0,0,0,2,4,2,11
,2024-033749,39.74054747,-105.0249795,8/7/2024 20:14,20:14,15,0,0,W COLFAX AVE & N FEDERAL BLVD,1,3,0,0,1,4,0,0,45,0,0,0,0,0,2,2,1
,2024-033750,39.72911643,-104.9578648,8/7/2024 18:25,18:25,12,0,0,E 8TH AVE & N COLUMBINE ST,1,1,0,0,1,3,0,0,30,0,0,0,0,0,4,2,13
,2024-033751,39.72542727,-104.9034559,8/2/2024 16:05,16:05,15,0,0,QUEBEC ST & E 6TH AVE,1,1,0,0,1,3,0,0,,0,0,0,0,0,4,2,16
,2024-033752,39.77298222,-104.9754498,7/20/2024 21:50,21:50,12,0,0, 38TH AVE & W BRIGHTON BLVD,1,3,0,1,1,3,0,0,,0,0,0,0,0,4,2,3
,2024-033754,39.7111758,-104.8927364,8/6/2024 21:20,21:20,5,0,2,E ALAMEDA AVE & FAIRMOUNT DR,1,3,0,0,6,4,0,0,40,0,0,0,0,2,4,1,1
,2024-033755,39.70666763,-104.9965606,8/5/2024 15:44,15:44,12,0,0,I-25 & S SANTA FE DR,1,1,1,0,1,4,0,0,55,0,0,0,0,0,1,2,13
,2024-033756,39.7692815,-105.0220616,8/7/2024 9:53,9:53,10,0,0,W 38TH AVE & N DECATUR ST,1,1,0,0,1,1,0,0,35,0,0,0,0,0,4,2,1
,2024-033757,39.78347807,-105.0112112,8/7/2024 6:53,6:53,12,0,0,I-70 & N PECOS ST,1,1,1,0,1,4,0,0,55,0,0,0,0,0,1,2,3
,2024-033758,39.73505084,-104.9610245,8/7/2024 9:26,9:26,3,0,1, GAYLORD ST & E 12TH AVE,1,1,0,0,1,1,0,0,25,0,0,0,0,1,4,2,11
,2024-033766,39.7710043,-104.8351283,8/6/2024 15:07,15:07,14,0,0,E 39TH AVE & N UVALDA ST,1,1,0,0,1,4,0,0,20,0,0,0,0,0,4,2,13
,2024-033769,39.74162537,-104.9613462,8/3/2024 18:31,18:31,11,0,1,E 16TH AVE & N GAYLORD ST,1,1,0,0,1,4,0,0,0,0,1,0,0,1,4,1,16
,2024-033775,39.73501629,-105.0123572,5/28/2024 14:00,14:00,2,0,1, UMATILLA ST & W 12TH AVE,1,1,0,0,1,2,0,0,20,1,0,0,0,2,4,1,14
,2024-033781,39.72730178,-104.9590242,8/6/2024 14:16,14:16,11,0,1,E 7TH AVE PKWY & N JOSEPHINE ST,1,1,0,0,1,1,0,0,25,0,0,1,0,3,4,1,11
,2024-033785,39.77117782,-105.0112116,8/3/2024 10:22,10:22,3,0,0,3616  TEJON ST & 36TH AVE,1,1,0,0,1,2,0,0,30,0,0,0,0,0,4,2,16
,2024-033793,39.73384875,-104.9861304,8/6/2024 11:55,11:55,11,0,1,E 11TH AVE & N LINCOLN ST,1,1,0,0,1,1,0,0,35,0,0,1,0,1,4,1,11
,2024-033796,39.71118119,-104.9269785,8/5/2024 20:59,20:59,3,0,2, FOREST ST & E ALAMEDA AVE,1,4,0,0,1,1,0,0,,0,0,0,0,1,4,2,13
,2024-033850,39.75679986,-104.9806439,6/5/2024 11:31,11:31,3,0,1,CHAMPA ST & 27TH ST,1,1,0,0,1,1,0,0,25,0,0,0,0,2,4,2,13
,2024-033851,39.76163201,-105.0057183,5/4/2024 23:35,23:35,15,0,0,CENTRAL ST & 20TH ST,1,4,0,0,1,1,0,0,,0,0,0,0,0,4,2,16
,2024-033852,39.71147537,-104.9466774,6/15/2024 4:13,4:13,5,0,0,E CHERRY CREEK  DR & E ALAMEDA AVE,1,3,0,7,2,4,0,0,30,0,0,0,0,0,4,1,16
,2024-033853,39.73298369,-105.0251694,5/28/2024 7:19,7:19,15,0,0, FEDERAL BLVD & W 10TH AVE,1,1,0,0,1,4,0,0,,0,0,0,0,0,2,2,16
,2024-033854,39.74555568,-104.9952023,6/12/2024 16:47,16:47,11,0,1,1448 CHAMPA ST & 15TH ST,1,1,0,0,1,9,0,0,25,0,1,0,0,2,4,1,11
,2024-033855,39.68569561,-104.9500525,6/19/2024 9:20,9:20,3,0,1,E MEXICO AVE & S STEELE ST,1,1,0,0,1,1,0,0,20,0,0,0,0,2,4,2,4
,2024-033857,39.71828991,-104.9406266,7/5/2024 13:35,13:35,15,0,0, COLORADO BLVD & E 1ST AVE,1,1,0,0,1,4,0,0,35,0,0,0,0,0,2,2,13
,2024-033863,39.78029586,-105.0439544,8/6/2024 11:45,11:45,3,0,0, TENNYSON ST & W 46TH AVE,1,1,0,0,1,2,0,0,30,0,0,0,0,0,4,2,13
,2024-033865,39.71111975,-104.9617014,8/6/2024 17:30,17:30,3,0,0,E ALAMEDA AVE & S GAYLORD ST,1,1,1,0,1,1,0,0,30,0,0,0,0,0,4,2,16
,2024-033866,39.70392814,-105.0250407,8/7/2024 16:56,16:56,12,0,2,W EXPOSITION AVE & S FEDERAL BLVD,1,1,0,0,1,3,0,0,25,0,0,0,0,1,2,3,16
,2024-033867,39.78389279,-105.0251848,8/8/2024 11:14,11:14,1,0,1, FEDERAL BLVD & I-70 EB RAMPS,1,1,0,0,1,1,0,0,35,0,0,0,0,1,2,2,11
,2024-033868,39.70371967,-104.986276,8/8/2024 7:47,7:47,12,0,0, LINCOLN ST & E EXPOSITION AVE,1,1,0,0,1,4,0,0,30,0,0,0,0,0,4,2,16
,2024-033870,39.85045182,-104.6749903,8/8/2024 7:52,7:52,16,0,0,*8400 PENA BLVD & DOOR? 5W,11,1,0,1,5,8,0,0,10,0,0,0,0,0,3,2,16
,2024-033872,39.68937127,-104.9383923,8/7/2024 16:35,16:35,6,0,0, ASH ST & E FLORIDA AVE,1,1,0,0,1,4,0,0,,0,0,0,0,0,4,2,16
,2024-033873,39.67475988,-104.8708045,8/7/2024 13:15,13:15,3,0,0,E ILIFF AVE & S PARKER RD,1,1,0,0,1,1,0,0,30,0,0,0,0,0,2,3,3
,2024-033874,39.76933726,-105.0519881,8/8/2024 10:45,10:45,5,0,0,W 38TH AVE & N ZENOBIA ST,1,1,0,0,1,4,0,1,20,0,0,0,0,0,4,1,13
,2024-033887,39.7824641,-104.9624076,7/21/2024 3:29,3:29,6,0,3, VINE ST & E 47TH AVE,1,3,0,0,1,4,0,0,20,0,0,0,0,1,4,2,16
,2024-033889,39.77666758,-104.8468845,7/25/2024 18:25,18:25,5,0,0,E 44TH AVE & N PEORIA ST,1,1,0,0,2,3,0,0,40,0,0,0,0,0,4,1,1
,2024-033891,39.7692608,-105.0252317,8/8/2024 6:55,6:55,3,0,0,W 38TH AVE & N FEDERAL BLVD,1,1,0,0,1,1,0,0,30,0,0,0,0,0,2,2,11
,2024-033892,39.72413042,-104.9582562,8/7/2024 15:00,15:00,5,0,0, JOSEPHINE ST & E 5TH AVE,1,1,0,0,3,1,0,0,30,0,0,0,0,0,4,1,10
,2024-033893,39.76924028,-104.9218984,8/7/2024 13:25,13:25,6,0,0,E 38TH AVE & N HOLLY ST,1,1,0,0,1,4,0,1,25,0,0,0,0,0,4,2,11
,2024-033894,39.75733737,-105.0100337,8/7/2024 6:07,6:07,12,0,0,I-25 & N SPEER BLVD,1,2,1,0,1,4,0,0,55,0,0,0,0,0,1,2,3
,2024-033895,39.73955516,-104.8905523,8/7/2024 22:39,22:39,6,0,0, VERBENA ST & E 14TH AVE,1,4,0,0,1,4,0,0,25,0,0,0,0,0,4,3,14
,2024-033899,39.78025936,-105.0249642,8/7/2024 8:52,8:52,12,0,0,W 46TH AVE & N FEDERAL BLVD,1,1,0,0,1,4,0,0,25,0,0,0,0,0,4,2,16
,2024-033900,39.78378909,-104.7982733,8/7/2024 21:49,21:49,12,0,1,E GREEN VALLEY RANCH BLVD & N MEMPHIS ST,1,3,0,0,1,3,0,0,30,0,0,0,0,2,4,2,13
,2024-033901,39.83346425,-104.6929349,8/8/2024 1:15,1:15,12,0,0,PENA BLVD & JACKSON GAP ST,2,3,0,0,1,4,0,1,65,0,0,0,0,0,4,2,8
,2024-033902,39.69456994,-105.0437317,8/8/2024 7:00,7:00,6,0,1, TENNYSON ST & W ARIZONA AVE,1,1,0,0,1,4,0,0,20,0,0,0,0,2,4,4,16
,2024-033903,39.68472479,-104.9594473,7/28/2024 23:27,23:27,12,0,0,I-25 & S UNIVERSITY BLVD,1,3,0,0,1,4,0,0,60,0,0,0,0,0,1,2,16
,2024-033904,39.61833777,-105.091376,8/7/2024 11:43,11:43,3,0,1,W CRESTLINE AVE & S WADSWORTH BLVD,1,1,0,0,1,1,0,0,30,0,0,0,0,1,2,2,3
,2024-033908,39.77913529,-104.9790924,8/7/2024 22:07,22:07,3,0,0,I-70 EB RAMPS & N WASHINGTON ST,1,3,0,0,1,1,0,0,30,0,0,0,0,0,1,2,3
,2024-033909,39.72024836,-105.0287982,8/1/2024 7:08,7:08,6,0,0, HOOKER ST & W 2ND AVE,1,1,0,0,1,4,0,0,20,0,0,0,0,0,4,2,16
,2024-033911,39.72811305,-105.0274226,8/8/2024 17:21,17:21,2,0,1,W 6TH AVE & N HAZEL ST,11,1,0,1,1,3,0,0,0,1,0,0,0,3,4,1,16
,2024-033914,39.76098516,-105.005035,8/7/2024 16:50,16:50,12,0,0,I-25 & 20TH ST,1,1,0,0,1,4,0,0,55,0,0,0,0,0,1,2,13
,2024-033916,39.73658117,-105.0286606,8/8/2024 19:22,19:22,6,0,1,W AVONDALE DR & HOWARD PL,1,1,1,0,3,4,0,0,25,0,0,0,1,2,4,3,1
,2024-033917,39.71133319,-105.053258,8/8/2024 14:18,14:18,15,0,0, SHERIDAN BLVD & W ALAMEDA AVE,1,1,0,0,1,3,0,0,35,0,0,0,0,0,2,2,11
,2024-033918,39.69859572,-104.9035551,8/8/2024 23:45,23:45,12,0,0,E LEETSDALE DR & S QUEBEC ST,1,3,3,0,1,3,0,0,35,0,0,0,0,0,2,2,16
,2024-033919,39.77410443,-104.8825767,8/9/2024 8:45,8:45,12,0,0,E 40TH AVE & N CENTRAL PARK BLVD,1,1,0,0,1,4,0,0,30,0,0,0,0,0,4,2,3
,2024-033920,39.78024053,-104.9669428,8/9/2024 16:20,16:20,12,0,0,I-70 & N BRIGHTON BLVD,1,1,0,0,1,4,0,0,55,0,0,0,0,0,1,2,13
,2024-033922,39.75710257,-104.9907147,8/9/2024 16:12,16:12,15,0,0,PARK AVE W & BLAKE ST,1,1,1,0,1,1,0,0,25,0,0,0,0,0,4,2,11
,2024-033924,39.76938104,-104.9731009,7/4/2024 17:00,17:00,6,0,0,WALNUT ST & N DOWNING ST,1,3,0,0,1,4,0,0,,0,0,0,0,0,4,2,16
,2024-033926,39.68963979,-104.9725962,8/8/2024 12:55,12:55,15,0,0,I-25 & S DOWNING ST,1,1,1,0,1,4,0,0,60,0,0,0,0,0,1,2,13
,2024-033927,39.77400214,-104.8470343,8/8/2024 16:40,16:40,15,0,0,I-70 & N PEORIA ST,11,1,1,1,1,4,0,0,55,0,0,0,0,0,1,2,1
,2024-033928,39.77288115,-104.9405108,8/8/2024 19:22,19:22,11,0,0,E 40TH AVE & N COLORADO BLVD,1,2,0,0,1,1,0,0,30,0,0,1,0,0,2,1,13
,2024-033929,39.75550866,-105.0121933,8/8/2024 11:25,11:25,15,0,0,I-25 & N SPEER BLVD,1,1,0,0,1,4,0,0,55,0,0,0,0,0,1,3,13
,2024-033930,39.70138881,-105.0015307,8/9/2024 11:30,11:30,15,0,0, LIPAN ST & W ALYS PL,1,1,3,0,1,4,0,0,25,0,0,0,0,0,4,2,16
,2024-033931,39.72557816,-104.9729148,8/8/2024 9:00,9:00,12,0,0,E 6TH AVE & N DOWNING ST,11,1,0,1,1,1,0,0,30,0,0,0,0,0,4,2,3
,2024-033936,39.7844113,-104.8135277,8/6/2024 11:15,11:15,3,0,0,E GATEWAY AVE & N FONTANA CT,1,1,0,0,1,1,0,0,30,0,0,0,0,0,4,2,8
,2024-033937,39.67791746,-104.9331913,8/8/2024 14:15,14:15,12,0,0,I-25 & E EVANS AVE,1,1,1,0,1,4,0,0,65,0,0,0,0,0,1,2,13
,2024-033938,39.67854744,-104.995379,8/9/2024 13:27,13:27,8,0,0,W EVANS AVE SVC RD & S FOX ST,1,1,0,0,1,9,0,0,20,0,0,0,0,0,4,2,8
,2024-033939,39.75481137,-104.9901738,8/9/2024 11:00,11:00,15,0,0,22ND ST & LARIMER ST,1,1,0,0,1,4,0,0,20,0,0,0,0,0,4,2,16
,2024-033940,39.73287365,-104.8987459,8/6/2024 14:08,14:08,3,0,1, SYRACUSE ST & E 11TH AVE,1,1,1,0,1,1,0,0,25,0,0,0,0,2,4,2,16