id,drcog_id,latitude,longitude,crashtime,time,crashtype,numbkilled,numbinjurd,drcoglocat,rdconditin,lightngcon,roadcntgrd,weatherco,location,roaddescrp,schoolzone,constrzone,splimit,bikeinv,pedinv,sctrinv,motoinv,svrty,rdsystem,ttlvehcls,hcf
,2024-033949,39.72570933,-105.0001487,8/8/2024 15:00,15:00,15,0,0,E 6TH AVE & N KALAMATH ST,1,1,0,0,1,1,0,0,30,0,0,0,0,0,4,2,1
,2024-033950,39.78024053,-104.9669428,8/9/2024 8:20,8:20,12,0,0,I-70 & N BRIGHTON BLVD,1,1,0,0,1,4,0,0,55,0,0,0,0,0,1,2,2
,2024-033951,39.7733937,-104.8473197,8/8/2024 7:26,7:26,12,0,0,I-70 EB OFF RAMP & N PEORIA ST,1,1,0,0,1,8,0,0,35,0,0,0,0,0,1,2,16
,2024-033955,39.78177376,-104.9895447,8/8/2024 17:19,17:19,12,0,1,I-25 & I-70,1,1,0,0,1,4,0,0,55,0,0,0,0,1,1,2,13
,2024-033956,39.74484904,-104.9775371,8/9/2024 10:50,10:50,3,0,0, CLARKSON ST & E 18TH AVE,1,1,0,0,1,1,0,0,35,0,0,0,0,0,4,2,16
,2024-033957,39.62679478,-104.8904461,8/9/2024 15:20,15:20,5,0,0, DTC BLVD & E BELLEVIEW AVE,1,1,0,0,2,4,0,0,35,0,0,0,0,0,4,1,10
,2024-033958,39.7039744,-105.0109837,8/9/2024 18:02,18:02,3,0,0,W EXPOSITION AVE & S TEJON ST,1,1,1,0,1,1,0,0,20,0,0,0,0,0,4,2,11
,2024-033959,39.78416483,-105.0264493,8/9/2024 13:24,13:24,12,0,0,I-70 & N FEDERAL BLVD,1,1,0,0,1,4,0,0,55,0,0,0,0,0,1,4,13
,2024-033962,39.68805841,-104.970508,8/9/2024 15:48,15:48,12,0,0,I-25 SB ON RAMP & RAMP METER LIGHT,11,1,0,1,1,8,0,0,30,0,0,0,0,0,1,2,13
,2024-033969,39.75949331,-104.9938058,8/8/2024 15:35,15:35,12,0,0,PARK AVE W & WEWATTA ST,1,1,0,0,1,3,0,0,35,0,0,0,0,0,4,2,16
,2024-033970,39.77522369,-104.8098989,8/6/2024 7:15,7:15,15,0,0, CHAMBERS RD & E ANDREWS DR,1,1,0,0,1,4,0,0,35,0,0,0,0,0,4,2,10
,2024-033973,39.69517476,-104.9128906,8/8/2024 18:20,18:20,5,0,1,1207  MONACO ST PKWY & E ARIZONA AVE,11,1,0,0,3,4,0,0,35,0,0,0,0,2,4,1,13
,2024-033974,39.74104647,-105.0143766,8/8/2024 13:33,13:33,12,0,0,I-25 & W COLFAX AVE,1,1,0,0,1,4,0,0,55,0,0,0,0,0,1,2,13
,2024-033975,39.71105989,-104.9035114,8/9/2024 2:54,2:54,5,0,0,365  QUEBEC ST & E ALAMEDA AVE,1,3,0,0,3,4,0,0,35,0,0,0,0,0,4,1,16
,2024-033976,39.73842799,-104.979906,8/9/2024 12:00,12:00,10,0,0,E 14TH AVE & N PEARL ST,1,1,0,0,1,1,0,0,35,0,0,0,0,0,4,2,8
,2024-033977,39.75396264,-105.0532488,8/4/2024 0:18,0:18,5,0,1, SHERIDAN BLVD & W 26TH AVE,1,3,1,0,2,2,0,0,35,0,0,0,0,2,2,1,2
,2024-033978,39.77722947,-104.8822665,8/9/2024 15:21,15:21,12,0,0,I-70 & I-270,1,1,0,0,1,4,0,0,55,0,0,0,0,0,1,2,13
,2024-033979,39.77929869,-104.9496777,8/9/2024 17:02,17:02,15,0,0,I-70 EB OFF RAMP & N STEELE ST,1,1,0,0,1,1,0,0,10,0,0,0,0,0,2,2,13
,2024-033980,39.77715816,-104.8657478,8/6/2024 10:35,10:35,15,0,0, HAVANA ST & I-70 WB OFF RAMP,1,1,0,0,1,3,0,0,35,0,0,0,0,0,4,2,11
,2024-033983,39.72071166,-104.9407881,8/8/2024 13:30,13:30,12,0,3, COLORADO BLVD & E 3RD AVE,1,1,0,0,1,4,0,0,35,0,0,0,0,2,2,3,14
,2024-033984,39.75804078,-105.0205385,8/8/2024 15:35,15:35,3,0,0, CLAY ST & N SPEER BLVD,1,1,1,0,1,1,0,0,30,0,0,0,0,0,4,2,8
,2024-033985,39.78363941,-104.7898894,8/8/2024 7:45,7:45,1,0,0,E GREEN VALLEY RANCH BLVD & PENA BLVD IB RAMPS,1,1,0,0,1,1,0,0,35,0,0,0,0,0,4,2,16
,2024-033993,39.67844992,-104.9344042,8/10/2024 16:00,16:00,3,0,2,E EVANS AVE & I-25 SB RAMPS,11,1,0,1,1,1,0,0,35,0,0,0,0,2,4,3,14
,2024-034000,39.77659878,-104.9923252,8/6/2024 16:11,16:11,3,0,1, DELAWARE ST & W 44TH AVE,1,1,1,0,1,1,0,0,25,0,0,0,0,1,4,2,14
,2024-034007,39.73848491,-105.0532131,8/10/2024 10:47,10:47,12,0,0, SHERDAN BLVD & W 14TH AVE,1,1,0,0,1,1,0,0,35,0,0,0,0,0,2,2,1
,2024-034008,39.78023968,-104.9669583,8/10/2024 9:32,9:32,12,0,0,I-70 & N BRIGHTON BLVD,1,1,0,0,1,4,0,0,55,0,0,0,0,0,2,3,4
,2024-034013,39.71121054,-104.9315657,8/10/2024 7:50,7:50,3,0,0,E ALAMEDA AVE & S DAHLIA ST,1,1,0,0,1,1,0,0,35,0,0,0,0,0,4,2,13
,2024-034016,39.71572722,-105.0244596,8/2/2024 9:16,9:16,6,0,0,W ARCHER PL & S FEDERAL BLVD,1,1,0,0,1,2,0,0,20,0,0,0,0,0,4,2,16
,2024-034017,39.83811314,-104.7135276,8/10/2024 9:00,9:00,10,0,1,23250 E 78TH AVE & GUN CLUB RD,1,1,0,0,1,4,0,0,45,0,0,0,0,2,4,2,11
,2024-034021,39.79840323,-104.7878939,8/10/2024 6:10,6:10,5,0,2,E 56TH AVE & PENA BLVD OB RAMPS,1,1,0,0,3,1,0,0,45,0,0,0,0,3,4,1,16
,2024-034024,39.77971122,-104.9832501,8/6/2024 15:56,15:56,15,0,0,I-70 & N WASHINGTON ST,1,1,0,0,1,8,0,0,55,0,0,0,0,0,1,2,11
,2024-034025,39.71935248,-104.9825764,8/6/2024 17:15,17:15,2,0,1,E 2ND AVE & N LOGAN ST,1,1,0,0,1,1,0,0,25,1,0,0,0,1,4,1,3
,2024-034028,39.78215937,-104.8684825,8/10/2024 9:50,9:50,5,0,0,E 47TH AVE & N GENEVA ST,1,1,0,0,6,4,0,0,30,0,0,0,0,0,4,1,3
,2024-034033,39.66896771,-105.0250867,8/10/2024 1:42,1:42,5,0,0, FEDERAL BLVD & W COLLEGE AVE,1,3,0,0,3,4,0,0,40,0,0,0,0,0,2,1,2
,2024-034044,39.7253397,-104.9125602,8/6/2024 0:33,0:33,3,0,1,E 6TH AVE & N MONACO ST,1,3,0,0,1,1,0,0,35,0,0,0,0,2,4,2,8
,2024-034045,39.69128139,-105.0250486,8/10/2024 1:32,1:32,12,0,0, FEDERAL BLVD & W ARKANSAS AVE,1,3,0,0,1,3,0,0,35,0,0,0,0,0,2,3,16
,2024-034048,39.65330143,-105.0483894,8/10/2024 16:28,16:28,5,0,2,W HAMPDEN AVE & S SHERIDAN BLVD,11,1,0,1,3,4,0,0,65,0,0,0,0,2,2,1,14
,2024-034049,39.72251845,-105.0103258,8/10/2024 14:52,14:52,12,0,1,I-25 & W 6TH AVE,1,1,0,0,1,4,0,0,55,0,0,0,0,2,1,2,16
,2024-034053,39.68109862,-105.0532701,8/7/2024 18:15,18:15,12,0,0, SHERIDAN BLVD & W EVANS AVE,1,1,0,0,1,4,0,0,40,0,0,0,0,0,2,2,16
,2024-034057,39.73724968,-104.8846673,8/5/2024 19:04,19:04,2,0,1, YOSEMITE ST & E 13TH AVE,11,1,0,1,1,3,0,0,,1,0,0,0,1,4,1,16
,2024-034105,39.77480917,-104.8563052,8/11/2024 17:07,17:07,12,0,0,I-70 & N PEORIA ST,1,1,0,0,1,4,0,0,,0,0,0,0,0,1,2,16
,2024-034106,39.75023737,-104.9873903,8/7/2024 22:00,22:00,11,0,1,BROADWAY ST & STOUT ST,1,3,0,0,1,1,0,0,30,0,0,1,0,2,4,1,16
,2024-034107,39.68757369,-104.9919398,8/10/2024 23:40,23:40,1,0,2, SANTA FE DR & W IOWA AVE,1,3,0,0,1,1,0,0,45,0,0,0,0,2,2,3,1
,2024-034109,39.72557892,-104.9740782,8/11/2024 13:04,13:04,3,0,2,E 6TH AVE & N CORONA ST,1,1,0,0,1,1,0,0,30,0,0,0,0,1,4,2,3
,2024-034110,39.68482295,-105.0469102,8/5/2024 21:31,21:31,6,0,0,W MEXICO AVE & S WINONA CT,1,3,0,0,1,4,0,0,20,0,0,0,0,0,4,2,13
,2024-034112,39.72645463,-105.0361978,7/24/2024 0:12,0:12,6,0,0, MEADE ST & W 6TH AVE,1,3,0,0,1,4,0,0,20,0,0,0,0,0,4,2,16
,2024-034124,39.76439113,-104.9760532,8/9/2024 16:32,16:32,15,0,0,LAWRENCE ST & 33RD ST,1,1,0,0,1,4,0,0,30,0,0,0,0,0,4,2,14
,2024-034125,39.75884902,-104.8658665,8/2/2024 13:31,13:31,3,0,2, HAVANA ST & E 29TH DR,1,1,0,0,1,1,0,0,25,0,0,0,0,1,4,3,8
,2024-034126,39.71487347,-105.0014253,8/11/2024 0:50,0:50,15,0,0,I-25 & W ALAMEDA AVE,1,3,0,0,1,4,0,0,55,0,0,0,0,0,1,2,11
,2024-034127,39.74821236,-104.96843,8/1/2024 13:15,13:15,3,0,0,E 21ST AVE & N FRANKLIN ST,1,1,0,0,1,1,0,0,35,0,0,0,0,0,4,2,16
,2024-034128,39.70077573,-104.9328759,8/10/2024 23:18,23:18,6,0,1, DEXTER ST & E KENTUCKY AVE,1,3,1,0,1,4,0,0,20,0,0,0,0,1,4,3,6
,2024-034129,39.784914,-104.8152003,8/11/2024 17:17,17:17,3,0,1, ENID WY & E GATEWAY AVE,1,1,0,0,1,1,0,0,25,0,0,0,0,2,4,3,11
,2024-034130,39.76928511,-105.0239712,8/9/2024 10:30,10:30,8,0,0,W 38TH AVE & N ELIOT ST,1,1,0,0,1,2,0,1,35,0,0,0,0,0,4,2,16
,2024-034134,39.74617576,-104.9787248,8/7/2024 17:15,17:15,2,0,1,E 19TH AVE & N WASHINGTON ST,1,1,0,0,1,1,0,0,35,1,0,0,0,3,4,1,16
,2024-034137,39.7841923,-104.8313065,8/10/2024 17:36,17:36,3,0,0,E ANDREWS DR & N CROWN BLVD,11,1,0,1,1,1,0,0,25,0,0,0,0,0,4,2,11
,2024-034139,39.77854577,-104.9214254,7/20/2024 2:14,2:14,5,0,0,I-70 & N HOLLY ST,1,3,0,0,1,13,0,0,55,0,0,0,0,0,1,1,16
,2024-034141,39.66280109,-104.8999915,8/9/2024 19:09,19:09,2,0,1, ROSEMARY ST & E COLUMBIA PL,11,1,1,0,1,1,0,0,0,1,0,0,0,3,4,1,16
,2024-034142,39.76810169,-104.994644,8/10/2024 22:08,22:08,12,0,0,I-25 & PARK AVE W,1,3,0,0,1,4,0,0,55,0,0,0,0,0,1,2,13
,2024-034143,39.81590422,-104.7677336,8/10/2024 21:06,21:06,3,0,0,E 66TH AVE & N CATHAY ST,1,3,0,0,1,1,0,0,20,0,0,0,0,0,4,3,16
,2024-034144,39.66854523,-105.0242311,8/7/2024 1:10,1:10,6,0,0,W COLLEGE AVE & S DECATUR ST,1,4,0,0,1,4,0,0,25,0,0,0,0,0,4,3,16
,2024-034145,39.75289489,-104.9874153,7/13/2024 11:10,11:10,15,0,0,CURTIS ST & N BROADWAY ST,1,1,0,0,1,1,0,0,,0,0,0,0,0,4,2,16
,2024-034146,39.79484047,-104.7626866,8/9/2024 15:25,15:25,3,0,2, DUNKIRK ST & E MAXWELL PL,1,1,0,0,1,1,0,0,35,0,0,0,0,2,4,2,10
,2024-034147,39.7021225,-105.0298037,8/9/2024 6:29,6:29,6,0,0, IRVING ST & W OHIO AVE,1,1,0,0,1,3,0,0,25,0,0,0,0,0,4,3,16
,2024-034148,39.6712,-105.0250702,7/21/2024 15:40,15:40,3,0,0,W VASSAR AVE & S FEDERAL BLVD,1,1,0,0,1,1,0,0,35,0,0,0,0,0,2,2,16
,2024-034149,39.68946921,-105.0067181,7/7/2024 12:43,12:43,15,0,0,W FLORIDA AVE & S QUIVAS ST,1,1,0,0,1,4,0,0,,0,0,0,0,0,4,2,16
,2024-034151,39.65979417,-104.8942024,7/16/2024 16:30,16:30,6,0,0, ULSTER ST & E DARTMOUTH AVE,1,1,0,0,1,4,0,0,20,0,0,0,0,0,4,2,16
,2024-034152,39.77510937,-104.9223018,7/26/2024 9:05,9:05,12,0,0,E 42ND AVE & N HOLLY ST,14,1,0,7,1,3,0,0,,0,0,0,0,0,4,2,16
,2024-034155,39.78431367,-104.8097938,7/5/2024 14:18,14:18,15,0,0, CHAMBERS RD & E GREEN VALLEY RANCH BLVD,1,1,0,0,1,4,0,0,,0,0,0,0,0,4,2,16
,2024-034156,39.74013708,-104.9428438,7/25/2024 11:55,11:55,5,0,0,E COLFAX AVE & N JACKSON ST,1,1,0,0,3,4,0,0,30,0,0,0,0,0,2,1,16
,2024-034157,39.71118558,-105.0006424,7/14/2024 1:07,1:07,12,0,0,W ALAMEDA AVE & S PLATTE RIVER DR,1,3,0,0,1,3,0,0,,0,0,0,0,0,2,2,16
,2024-034158,39.67845192,-104.9935645,8/10/2024 16:36,16:36,5,0,1, SANTA FE DR & W EVANS AVE,11,1,0,1,2,4,0,0,45,0,0,0,0,2,2,3,1
,2024-034159,39.79840021,-104.7876807,8/10/2024 18:32,18:32,12,0,0,56TH AVE & PENA BLVD OB RAMPS,1,1,0,0,1,3,0,0,40,0,0,0,0,0,4,2,11
,2024-034160,39.81276638,-104.7721169,8/10/2024 20:29,20:29,5,0,0, TOWER RD & E 64TH AVE,1,3,0,0,1,4,0,0,45,0,0,0,0,0,4,1,13
,2024-034161,39.71119469,-104.9988902,8/11/2024 15:10,15:10,12,0,0,I-25 & W ALAMEDA AVE,11,1,1,0,1,4,0,0,55,0,0,0,0,0,1,2,10
,2024-034165,39.71138329,-105.0510459,7/24/2024 9:50,9:50,5,0,0,W ALAMEDA AVE & S YATES ST,1,1,1,0,3,4,0,0,35,0,0,0,0,0,2,1,16
,2024-034166,39.73829089,-104.9752963,2/16/2024 16:30,16:30,6,0,0, OGDEN ST & E 14TH AVE,1,1,0,0,1,4,0,0,,0,0,0,0,0,4,2,16
,2024-034171,39.76772111,-105.042848,7/20/2024 14:16,14:16,6,0,0, STUART ST & W 37TH AVE,1,1,0,0,1,4,0,0,25,0,0,0,0,0,4,2,16
,2024-034172,39.74338392,-104.9163285,8/11/2024 17:07,17:07,3,0,0, KRAMERIA ST & E 17TH AVE,1,1,0,0,1,1,0,0,10,0,0,0,0,0,4,2,11
,2024-034173,39.71815648,-105.034913,8/9/2024 18:45,18:45,3,0,0,W 1ST AVE & N LOWELL BLVD,1,1,0,0,1,1,0,0,30,0,0,0,0,0,4,2,16
,2024-034175,39.76521628,-104.898848,7/26/2024 16:31,16:31,3,0,0,E 35TH AVE & N SYRACUSE ST,1,1,0,0,1,1,0,0,,0,0,0,0,0,4,2,16
,2024-034177,39.71215087,-105.0069704,8/3/2024 5:32,5:32,6,0,1,1465 W BYERS PL & S PECOS ST,1,3,0,0,2,4,0,0,20,0,0,0,0,2,4,2,16
,2024-034178,39.74022024,-104.8987963,8/10/2024 13:11,13:11,15,0,0,E COLFAX AVE & N SYRACUSE ST,1,1,0,0,1,4,0,0,,0,0,0,0,0,2,2,16
,2024-034183,39.68016547,-104.9408882,8/9/2024 4:00,4:00,12,0,0, COLORADO BLVD & E BUCHTEL BLVD,1,3,0,0,1,3,0,0,35,0,0,0,0,0,2,2,16
,2024-034184,39.68594282,-105.0343783,8/11/2024 5:05,5:05,12,0,0, LOWELL BLVD & W MEXICO AVE,1,3,0,0,1,4,0,0,20,0,0,0,0,0,4,2,3
,2024-034185,39.7180337,-104.9535087,8/1/2024 16:00,16:00,12,0,0,2899 E 1ST AVE & N FILLMORE ST,1,1,0,0,1,3,0,0,25,0,0,0,0,0,4,2,16
,2024-034186,39.77267246,-104.8298648,7/19/2024 23:45,23:45,5,0,0,I-70 & I-225 FLYOVER,1,3,0,0,2,4,0,0,65,0,0,0,0,0,1,1,16
,2024-034189,39.73646241,-104.9741344,7/6/2024 7:58,7:58,15,0,0, CORONA ST & E 13TH AVE,1,1,0,0,1,4,0,0,20,0,0,0,0,0,4,2,16
,2024-034192,39.65313381,-104.8814193,8/1/2024 15:15,15:15,11,0,0, AKRON ST & E HAMPDEN AVE,1,1,0,0,1,1,0,0,,0,1,0,0,0,2,1,16
,2024-034193,39.72206379,-105.0250693,8/11/2024 15:14,15:14,12,0,2, FEDERAL BLVD & W 4TH AVE,1,1,0,0,1,4,0,0,40,0,0,0,0,1,2,2,4
,2024-034194,39.74198909,-104.8846523,8/6/2024 17:29,17:29,3,0,0,E 16TH AVE & N YOSEMITE ST,1,1,0,0,1,1,0,0,,0,0,0,0,0,4,3,16
,2024-034195,39.74034893,-105.0486647,8/11/2024 18:09,18:09,12,0,1,W COLFAX AVE & N WOLFF ST,1,1,0,0,1,4,0,0,30,0,0,0,1,1,2,2,3
,2024-034197,39.75095668,-105.002117,8/8/2024 16:30,16:30,11,0,0,WYNKOOP ST & 15TH ST,11,1,0,1,1,1,0,0,,0,1,0,0,0,4,1,16
,2024-034199,39.76137031,-105.0045624,7/29/2024 14:00,14:00,15,0,0,I-25 & W 23RD AVE,1,1,0,0,1,4,0,0,55,0,0,0,0,0,2,2,16
,2024-034202,39.68951538,-105.0156726,7/27/2024 21:24,21:24,12,0,0,W FLORIDA AVE & S ZUNI ST,1,3,0,0,1,3,0,0,,0,0,0,0,0,4,2,16
,2024-034203,39.70386735,-104.9687133,8/9/2024 8:50,8:50,3,0,1, FRANKLIN ST & E EXPOSITION AVE,14,5,3,7,1,1,0,0,25,0,0,0,0,1,4,2,11
,2024-034204,39.70380753,-104.8659642,8/9/2024 5:10,5:10,15,0,1, HAVANA ST & E EXPOSITION AVE,1,3,0,0,1,4,0,0,40,0,0,0,0,1,2,3,16
,2024-034205,39.75305353,-104.9854767,8/10/2024 7:44,7:44,3,0,1,PARK AVE W & CHAMPA ST,1,1,0,0,1,1,0,0,30,0,0,0,0,2,4,2,16
,2024-034206,39.68580131,-105.0442571,8/2/2024 21:52,21:52,6,0,0,1690  TENNYSON ST & W MEXICO AVE,1,3,1,0,1,4,0,0,,0,0,0,0,0,4,2,16
,2024-034207,39.83372378,-104.740031,8/10/2024 22:55,22:55,15,0,0,E-470 NB OFF RAMP & PENA BLVD,1,3,0,0,1,8,0,0,65,0,0,0,0,0,2,2,1
,2024-034276,39.67274483,-104.9922697,4/25/2024 10:00,10:00,16,0,0,2410  DELAWARE ST,1,1,0,0,5,7,0,0,10,0,0,0,0,0,3,1,16
,2024-034277,39.75294975,-105.0532536,7/6/2024 18:14,18:14,14,0,1, SHERIDAN BLVD & W 25TH AVE,1,1,1,0,1,3,0,0,35,0,0,0,0,2,2,3,14
,2024-034278,39.72342173,-105.039452,7/5/2024 1:17,1:17,6,0,0, PERRY ST & W 14TH AVE,1,3,0,0,1,4,0,0,25,0,0,0,0,0,4,3,16
,2024-034284,39.7558944,-104.9988231,8/12/2024 12:11,12:11,15,0,0,19TH ST & WEWATTA ST,1,1,0,0,1,4,0,0,25,0,0,0,0,0,4,2,11
,2024-034285,39.77823322,-104.8995591,8/12/2024 7:43,7:43,12,0,0,I-70 & N QUEBEC ST,1,1,1,0,1,4,0,0,55,0,0,0,0,0,1,2,1
,2024-034287,39.78891252,-104.9782881,8/9/2024 10:10,10:10,12,0,0, WASHINGTON ST & E 51ST AVE,1,1,0,0,1,3,0,0,25,0,0,0,0,0,4,2,16
,2024-034288,39.77658431,-104.8401463,8/11/2024 22:09,22:09,6,0,0, CROWN BLVD & E 42ND AVE,1,4,0,0,6,4,0,0,,0,0,0,0,0,4,2,16
,2024-034290,39.70607009,-104.9407756,8/12/2024 19:09,19:09,12,0,0,E CHERRY CREEK  DR & S COLORADO BLVD,1,2,0,0,1,1,0,0,35,0,0,0,0,0,2,2,16
,2024-034291,39.70040651,-105.0250848,8/11/2024 0:42,0:42,3,0,1, FEDERAL BLVD & W KENTUCKY AVE,1,3,0,0,1,1,0,0,,0,0,0,0,1,2,2,16
,2024-034292,39.7290961,-104.9874042,7/4/2024 9:00,9:00,3,0,2, BROADWAY ST & W 8TH AVE,1,1,0,0,1,1,0,0,30,0,0,0,0,2,4,2,16
,2024-034298,39.76177198,-104.9410822,7/30/2024 14:23,14:23,15,0,0,E MLK JR BLVD & N COLORADO BLVD,1,1,0,0,1,4,0,0,,0,0,0,0,0,4,2,16
,2024-034300,39.74291429,-104.9916534,8/9/2024 23:33,23:33,3,0,0,15TH ST & GLENARM PL,1,3,0,0,1,1,0,0,,0,0,0,0,0,4,2,16
,2024-034301,39.77506567,-105.0393049,8/5/2024 0:58,0:58,6,0,0, PERRY ST & W 43RD AVE,1,3,0,0,1,4,0,0,25,0,0,0,0,0,4,2,7
,2024-034302,39.69666127,-104.9918826,8/12/2024 7:45,7:45,1,0,0,W MISSISSIPPI AVE & S SANTA FE DR,1,1,0,0,1,1,0,0,35,0,0,0,0,0,2,2,3
,2024-034303,39.73647099,-104.9730064,8/2/2024 3:08,3:08,6,0,0,1265  DOWNING ST & E 13TH AVE,1,3,0,0,1,4,0,0,30,0,0,0,0,0,4,5,16
,2024-034304,39.74118279,-105.0139236,8/12/2024 7:05,7:05,15,0,0,I-25 NB OFF RAMP & ON RAMP EXT TO AURARIA PKWY,1,1,0,0,1,8,0,0,55,0,0,0,0,0,1,2,16
,2024-034305,39.75792418,-104.9917669,8/9/2024 22:16,22:16,15,0,0,PARK AVE W & WAZEE ST,1,3,0,0,1,1,0,0,20,0,0,0,1,0,4,2,14
,2024-034308,39.75626174,-104.9920425,8/9/2024 21:17,21:17,12,0,1,22ND ST & BLAKE ST,11,3,0,1,1,3,0,0,25,0,0,0,0,1,4,2,3
,2024-034312,39.73515305,-104.9787,8/11/2024 15:03,15:03,3,0,0,E 12TH AVE & N WASHINGTON ST,11,1,0,1,1,1,0,0,25,0,0,0,0,0,4,2,14
,2024-034313,39.77680773,-104.8773641,8/9/2024 5:50,5:50,15,0,0,I-70 & N CENTRAL PARK BLVD,1,1,0,0,1,8,0,0,,0,0,0,0,0,1,2,16
,2024-034315,39.6820936,-104.9222344,8/7/2024 17:30,17:30,14,0,0,E JEWELL AVE & S HOLLY ST,1,1,0,0,1,1,0,0,,0,0,0,0,0,4,2,16
,2024-034332,39.75801999,-104.903024,7/25/2024 10:12,10:12,15,0,0,E 29TH AVE & N QUEBEC ST,1,1,0,0,1,4,0,0,20,0,0,0,0,0,4,2,13
,2024-034333,39.74283081,-104.9372261,5/5/2024 12:00,12:00,6,0,0,1665  BELLAIRE ST & E BATAVIA PL,1,1,0,0,1,4,0,0,,0,0,0,0,0,4,2,16
,2024-034334,39.66729337,-105.0532539,8/12/2024 8:01,8:01,12,0,0, SHERIDAN BLVD & W YALE AVE,1,1,1,0,1,4,0,0,35,0,0,0,0,0,2,2,13
,2024-034335,39.7933528,-104.8264846,8/4/2024 20:45,20:45,3,0,0, ATCHISON WY & E MAXWELL PL,1,3,0,0,1,1,0,0,20,0,0,0,0,0,4,2,11
,2024-034339,39.7383309,-104.9202129,8/7/2024 19:13,19:13,5,0,0,E 14TH AVE & N IVY ST,1,1,0,0,3,9,0,0,10,0,0,0,0,0,4,1,13
,2024-034343,39.73727517,-104.8896157,8/9/2024 3:33,3:33,5,0,2,E 13TH AVE & N WABASH ST,1,3,0,0,3,4,0,0,30,0,0,0,0,2,4,1,14
,2024-034345,39.74022137,-104.8964055,8/11/2024 23:15,23:15,1,0,0,E COLFAX AVE & N TRENTON ST,1,3,0,0,1,1,0,0,25,0,0,0,0,0,2,2,13
,2024-034346,39.7519805,-105.0147426,8/9/2024 13:30,13:30,2,0,1,WATER ST & 7TH ST,1,1,0,0,1,1,0,0,25,1,0,0,0,2,4,1,11
,2024-034348,39.71070643,-105.0251666,8/3/2024 14:00,14:00,3,0,0,333  FEDERAL BLVD & W ALAMEDA AVE,1,1,0,0,1,2,0,0,35,0,0,0,0,0,2,2,16
,2024-034349,39.72336314,-105.0394518,8/11/2024 8:03,8:03,6,0,0, PERRY ST & W 4TH AVE,1,1,0,0,1,4,0,0,25,0,0,0,0,0,4,2,16
,2024-034350,39.74323939,-104.9687815,8/1/2024 14:06,14:06,15,0,1,17TH AVE & N FRANKLIN ST,1,1,0,0,1,4,0,0,35,0,0,0,0,2,4,3,11
,2024-034351,39.74616681,-104.9861199,8/12/2024 11:38,11:38,12,0,0, LINCOLN ST & E 19TH ST,1,1,0,0,1,3,0,0,25,0,0,0,0,0,4,2,11
,2024-034354,39.76576007,-104.9684259,8/12/2024 18:03,18:03,3,0,0,E 35TH AVE & N FRANKLIN ST,1,1,3,0,1,1,0,0,30,0,0,0,0,0,4,2,13
,2024-034358,39.72922882,-104.9406251,8/8/2024 16:11,16:11,15,0,0,E 8TH AVE & N COLORADO BLVD,1,1,0,0,1,1,0,0,35,0,0,0,0,0,2,2,16
,2024-034359,39.71121355,-104.9130818,8/1/2024 16:00,16:00,12,0,0,6465 E ALAMEDA AVE & S MONACO ST PKWY,1,1,0,0,1,3,0,0,,0,0,0,0,0,4,2,16
,2024-034361,39.72010143,-105.0071704,7/27/2024 9:04,9:04,15,0,0,I-25 & W 6TH AVE,1,1,0,0,1,4,0,0,55,0,0,0,0,0,1,2,16
,2024-034362,39.73827755,-104.9394964,7/27/2024 16:35,16:35,3,0,0, ALBION ST & E 14TH AVE,1,1,0,0,1,1,0,0,25,0,0,0,0,0,4,2,13
,2024-034363,39.77963171,-104.9790329,8/6/2024 18:35,18:35,12,0,1,I-70 & N WASHINGTON ST,1,1,0,0,1,4,0,0,,0,0,0,0,2,2,3,16
,2024-034364,39.78653377,-105.0080424,8/12/2024 11:06,11:06,6,0,0,W 50TH AVE & N RARITAN ST,1,2,0,0,1,4,0,0,,0,0,0,0,0,4,2,16
,2024-034365,39.78256859,-104.8762539,8/12/2024 18:39,18:39,5,0,1, DALLAS ST & E NORTHFIELD BLVD,1,1,0,0,2,1,0,0,30,0,0,0,0,2,4,1,13
,2024-034420,39.73863296,-104.912431,7/25/2024 16:18,16:18,15,0,0,E 14TH AVE & S MONACO ST PKWY,1,1,1,0,1,1,0,0,,0,0,0,0,0,4,2,16
,2024-034421,39.71110094,-104.9780824,8/13/2024 8:12,8:12,3,0,0, CLARKSON ST & E ALAMEDA AVE,1,1,1,0,1,1,0,0,20,0,0,0,0,0,4,2,11
,2024-034433,39.74516674,-105.0299491,8/9/2024 12:51,12:51,14,0,0, IRVING ST & W 18TH AVE,1,1,0,0,1,3,0,0,20,0,0,0,0,0,2,2,16
,2024-034435,39.7284307,-105.0427251,8/5/2024 13:29,13:29,6,0,0, STUART ST & W 7TH AVE,1,1,1,0,1,4,0,0,20,0,0,0,0,0,4,2,14
,2024-034436,39.77976285,-104.9793765,8/10/2024 22:12,22:12,12,0,0,I-70 & N WASHINGTON ST,1,3,0,0,1,4,0,0,55,0,0,0,0,0,1,3,13
,2024-034437,39.67846147,-104.9402687,8/13/2024 15:40,15:40,1,0,1,E EVANS AVE & S COLORADO BLVD,1,1,0,0,1,2,0,0,30,0,0,0,0,2,4,2,11
,2024-034438,39.73852602,-105.0532131,8/13/2024 11:50,11:50,12,0,0, SHERIDAN BLVD & W 14TH AVE,1,1,0,0,1,3,0,0,35,0,0,0,0,0,2,3,1