id,drcog_id,latitude,longitude,crashtime,time,crashtype,numbkilled,numbinjurd,drcoglocat,rdconditin,lightngcon,roadcntgrd,weatherco,location,roaddescrp,schoolzone,constrzone,splimit,bikeinv,pedinv,sctrinv,motoinv,svrty,rdsystem,ttlvehcls,hcf
,2024-034440,39.77412225,-104.8827889,8/13/2024 17:45,17:45,15,0,0, CENTRAL PARK BLVD & E 40TH AVE,1,1,0,0,1,1,0,0,35,0,0,0,0,0,4,2,8
,2024-034441,39.79420709,-104.8149553,8/13/2024 6:58,6:58,5,0,1,E MAXWELL PL & N ELKHART ST,1,1,0,0,3,4,0,0,25,0,0,0,0,1,4,1,10
,2024-034443,39.79355177,-104.9034361,8/13/2024 17:02,17:02,12,0,0, QUEBEC ST & E 53RD PL,1,1,0,0,1,4,0,0,30,0,0,0,0,0,2,2,13
,2024-034444,39.75162096,-105.0029987,7/16/2024 11:32,11:32,6,0,0,WEWATTA ST & 15TH ST,1,1,0,0,1,4,0,0,,0,0,0,0,0,4,2,16
,2024-034445,39.72570932,-105.0001402,8/12/2024 10:00,10:00,12,0,0,W 6TH AVE & N KALAMATH ST,1,1,0,0,1,1,0,0,,0,0,0,0,0,4,2,16
,2024-034448,39.66133033,-104.8750288,8/10/2024 20:00,20:00,16,0,0,E CORNELL AVE & S ELMIRA CT,13,4,3,0,5,10,0,0,25,0,0,0,0,0,3,1,8
,2024-034449,39.72306436,-104.9837979,8/12/2024 11:39,11:39,6,0,0, GRANT ST & N SPEER BLVD,1,1,0,0,1,4,0,0,25,0,0,0,0,0,4,2,16
,2024-034451,39.69676405,-105.049924,8/11/2024 1:22,1:22,6,0,0,W MISSISSIPPI AVE & S XAVIER ST,1,3,0,0,1,4,0,0,25,0,0,0,0,0,4,3,16
,2024-034453,39.7403432,-105.0334258,8/7/2024 7:50,7:50,12,0,0,W COLFAX AVE & N KING ST,1,1,0,0,1,4,0,0,35,0,0,0,0,0,2,3,13
,2024-034454,39.76005658,-104.8658556,8/12/2024 16:30,16:30,3,0,0, HAVANA ST & E MLK JR BLVD,1,1,0,0,1,1,0,0,,0,0,0,0,0,4,2,16
,2024-034455,39.71111012,-104.9734779,7/28/2024 18:25,18:25,12,0,0,E ALAMEDA AVE & S DOWNING ST,1,1,0,0,1,2,0,0,30,0,0,0,0,0,4,3,16
,2024-034456,39.78364709,-104.791998,8/13/2024 7:42,7:42,1,0,0,E GREEN VALLEY RANCH BLVD & PENA BLVD IB,1,1,0,0,1,1,0,0,35,0,0,0,0,0,4,2,13
,2024-034457,39.67953675,-104.8972764,8/13/2024 6:11,6:11,10,0,0,E CHERRY CREEK  DR & E JEWELL AVE,1,1,0,0,1,2,0,0,35,0,0,0,0,0,4,2,16
,2024-034458,39.73661548,-105.0393092,8/9/2024 14:16,14:16,3,0,1,W 13TH AVE & N PERRY ST,1,1,0,0,1,1,0,0,20,0,0,0,0,1,4,2,16
,2024-034459,39.69678815,-105.0093633,8/3/2024 10:30,10:30,11,0,1, RARITAN ST & W MISSISSIPPI AVE,1,1,0,0,1,2,0,0,0,0,1,0,0,3,4,1,16
,2024-034460,39.69672136,-104.9405659,8/12/2024 13:55,13:55,12,0,0, COLORADO BLVD & E MISSISSIPPI AVE,1,1,1,0,1,2,0,0,35,0,0,0,0,0,2,2,3
,2024-034461,39.7983767,-104.8977691,8/13/2024 7:44,7:44,12,0,1,E 56TH AVE & N SPRUCE ST,1,1,0,0,1,4,0,0,45,0,0,0,0,1,4,2,13
,2024-034462,39.76138654,-105.0052188,8/13/2024 7:24,7:24,10,0,1,I-25 SB OFF RAMP & 20TH ST,1,1,0,0,1,1,0,0,30,0,0,0,0,2,2,2,13
,2024-034465,39.72590571,-105.0252134,8/13/2024 8:56,8:56,3,0,2, FEDERAL BLVD & W 6TH AVE WB RAMPS,1,1,0,0,1,1,0,0,35,0,0,0,1,2,2,2,13
,2024-034467,39.66772016,-105.0417515,8/13/2024 19:54,19:54,3,0,0, RALEIGH ST & W YALE AVE,1,1,0,0,1,1,0,0,25,0,0,0,0,0,4,2,10
,2024-034468,39.75369662,-105.0146756,8/13/2024 19:31,19:31,5,0,0,I-25 & NB OF RAMP EXT TO N SPEER BLVD,11,1,0,1,3,4,0,0,55,0,0,0,0,0,2,1,13
,2024-034470,39.75757066,-104.9922212,7/13/2024 2:35,2:35,15,0,0,WAZEE ST & 22ND ST,1,3,0,0,1,4,0,0,30,0,0,0,0,0,4,2,16
,2024-034471,39.74960589,-104.9930769,7/23/2024 10:56,10:56,12,0,0,18TH ST & ARAPAHOE ST,1,1,0,0,1,3,0,0,25,0,0,0,0,0,4,2,16
,2024-034473,39.81277765,-104.7744724,8/13/2024 8:50,8:50,3,0,0, YAMPA ST & E 64TH AVE,1,1,2,0,1,1,0,0,35,0,0,0,0,0,4,2,11
,2024-034474,39.72589077,-105.0249483,8/13/2024 12:40,12:40,3,0,4, FEDERAL BLVD & W 6TH AVE WB RAMPS,1,1,0,0,1,1,0,0,35,0,0,0,0,1,2,2,13
,2024-034475,39.78300577,-104.790494,8/12/2024 10:54,10:54,12,0,0,PENA BLVD IN RAMP & E GREEN VALLEY RANCH BLVD,1,1,1,0,1,8,0,0,35,0,0,0,0,0,4,2,3
,2024-034476,39.78434801,-104.9938782,8/13/2024 12:34,12:34,12,0,0,W 48TH AVE & N FOX ST,1,1,0,0,1,3,0,0,35,0,0,0,0,0,4,2,16
,2024-034477,39.7855232,-104.8879971,8/13/2024 9:02,9:02,3,0,1, WILLOW ST & E NORTHFIELD BLVD,1,1,0,0,1,1,0,0,20,0,0,0,0,1,4,2,13
,2024-034478,39.63812591,-104.912452,8/13/2024 9:39,9:39,3,0,0,E QUINCY AVE & E HAPPY CANYON RD,1,1,1,0,1,1,0,0,35,0,0,0,0,0,4,2,8
,2024-034479,39.73999895,-104.9660809,8/9/2024 18:19,18:19,11,0,1,E COLFAX AVE & N WILLIAMS ST,1,1,0,0,1,2,0,0,0,0,0,1,0,2,2,1,16
,2024-034481,39.70453117,-104.973377,8/13/2024 12:49,12:49,6,0,0, DOWNING ST & E CENTER AVE,1,1,0,0,1,4,0,0,30,0,0,0,0,0,4,3,10
,2024-034483,39.69317584,-104.9405492,8/13/2024 11:26,11:26,15,0,0, COLORADO BLVD & E LOUISIANA AVE,1,1,0,0,1,4,0,0,35,0,0,0,0,0,2,2,3
,2024-034484,39.78463278,-105.0251934,8/13/2024 9:04,9:04,1,0,2, FEDERAL BLVD & I-70 WB RAMPS,1,1,0,0,1,1,0,0,35,0,0,0,0,1,2,2,1
,2024-034485,39.74007893,-104.9014277,8/7/2024 15:55,15:55,12,0,0,E COLFAX AVE & N ROSLYN ST,1,1,0,0,1,4,0,0,30,0,0,0,0,0,1,3,11
,2024-034487,39.73364041,-104.9124393,8/13/2024 11:50,11:50,15,0,0, MONACO ST & E 11TH AVE,1,1,0,0,1,3,0,0,,0,0,0,0,0,4,2,16
,2024-034489,39.75148405,-105.0251362,8/12/2024 15:20,15:20,12,0,1, FEDERAL BLVD & W 23RD AVE,1,1,0,0,1,4,0,0,35,0,0,0,0,1,2,2,13
,2024-034490,39.77331132,-104.8461182,8/13/2024 7:37,7:37,12,0,0,I-70 EB ON RAMP & N PEORIA ST,1,1,0,7,1,8,0,0,55,0,0,0,0,0,1,2,11
,2024-034491,39.78331668,-105.0088197,8/13/2024 7:00,7:00,12,0,0,I-70 & N PECOS ST,1,1,1,0,1,4,0,0,55,0,0,0,0,0,1,2,10
,2024-034493,39.72913318,-104.9483975,8/12/2024 20:52,20:52,15,0,1,E 8TH AVE & N ADAMS ST,1,3,3,0,1,1,0,0,30,0,0,0,0,2,4,2,3
,2024-034494,39.73985412,-105.0159413,8/12/2024 12:45,12:45,15,0,0,W COLFAX AVE & N ZUNI ST,1,1,0,0,1,4,0,0,40,0,0,0,0,0,2,2,11
,2024-034495,39.72413233,-104.9985771,8/12/2024 13:45,13:45,3,0,0,W 5TH AVE & N SANTA FE DR,1,1,0,0,1,1,0,0,25,0,0,0,0,0,4,2,3
,2024-034496,39.77443734,-104.8654272,8/12/2024 16:30,16:30,12,0,0,I-70 EB OFF RAMP & N HAVANNA ST,1,1,0,0,1,8,0,0,25,0,0,0,0,0,4,2,13
,2024-034497,39.77364193,-104.8391972,8/11/2024 21:55,21:55,12,0,0,I-70 WB ON RAMP FROM -270 & WB ON RAMP ENT,1,3,0,0,1,8,0,0,55,0,0,0,0,0,1,2,10
,2024-034498,39.76561625,-104.9948612,8/12/2024 7:25,7:25,15,0,0,PARK AVE W & N GLOBEVILLE RD,1,1,1,0,1,3,0,0,35,0,0,0,0,0,4,3,1
,2024-034501,39.69674956,-105.0250716,8/10/2024 7:47,7:47,3,0,0, FEDERAL BLVD & W MISSISSIPPI AVE,1,1,0,0,1,1,0,0,40,0,0,0,0,0,2,2,3
,2024-034502,39.71156983,-104.9411185,8/13/2024 19:40,19:40,12,0,1,E ALAMEDA AVE & S COLORADO BLVD,1,1,0,0,1,4,0,0,35,0,0,0,0,1,4,2,10
,2024-034505,39.79466196,-104.825921,7/6/2024 2:10,2:10,6,0,0,5535  ATCHISON ST & MAXWELL PL,1,4,0,0,1,4,0,0,25,0,0,0,0,0,4,2,16
,2024-034510,39.75775055,-104.9985751,8/10/2024 1:09,1:09,11,0,1,20TH ST & CHESTNUT PL,1,3,0,0,1,1,0,0,0,0,1,0,0,2,4,1,16
,2024-034517,39.72086858,-104.9787501,8/10/2024 22:01,22:01,3,0,1, WASHINGTON ST & E SPEER BLVD,1,3,0,0,1,1,0,0,25,0,0,0,0,2,4,3,16
,2024-034522,39.8254803,-104.7718878,8/9/2024 19:50,19:50,11,0,1,E 71ST AVE & N TOWER RD,1,1,0,0,1,1,0,0,45,0,1,0,0,3,4,1,14
,2024-034523,39.6785113,-104.9345106,8/8/2024 23:09,23:09,11,0,1,I-25 SB OFF RAMP & E EVANS AVE,1,3,0,0,1,1,0,0,35,0,0,1,0,2,2,1,16
,2024-034525,39.74663276,-104.9938128,8/2/2024 11:30,11:30,11,0,1,CHAMPA ST & 16TH ST,1,1,0,0,1,2,0,0,35,0,0,1,0,1,4,2,1
,2024-034593,39.74346345,-104.9591719,8/14/2024 12:52,12:52,3,0,0,E 17TH AVE & N JOSEPHINE ST,1,1,0,0,1,1,0,0,35,0,0,0,0,0,4,2,13
,2024-034594,39.78200354,-104.9017647,8/14/2024 14:45,14:45,12,0,0, NORTHFIELD QUEBEC ST NB & N SAND CREEK RD,1,1,0,0,1,1,0,0,35,0,0,0,0,0,2,2,3
,2024-034595,39.78243302,-104.9019072,8/14/2024 13:03,13:03,15,0,0, SAND CREEK RD & N NORTHFIELD QUEBEC STREET SLIP RAMP,1,1,0,0,1,8,0,0,30,0,0,0,0,0,4,2,13
,2024-034600,39.78097208,-104.993326,8/14/2024 7:59,7:59,12,0,0,I-70 & I-25,1,1,0,0,1,4,0,0,55,0,0,0,0,0,1,2,3
,2024-034601,39.73507274,-104.9822992,8/13/2024 20:37,20:37,6,0,0,1170  LOGAN ST & E 12TH AVE,1,3,0,0,1,4,0,0,30,0,0,0,0,0,4,2,3
,2024-034602,39.74082479,-104.9761641,8/13/2024 15:30,15:30,6,0,0,1500  EMERSON ST & E COLFAX AVE,1,1,0,0,1,4,0,0,25,0,0,0,0,0,4,2,3
,2024-034603,39.70043189,-105.0532497,6/30/2024 23:15,23:15,3,0,1, SHERIDAN BLVD & W KENTUCKY AVE,1,3,0,0,1,1,0,0,35,0,0,0,0,2,2,2,16
,2024-034606,39.78285424,-104.7554459,8/6/2024 0:10,0:10,5,0,0,E GREEN VALLEY RANCH BLVD & N HIMALAYA RD,1,3,0,0,3,3,0,0,35,0,0,0,0,0,4,1,16
,2024-034607,39.77847792,-104.9858483,7/25/2024 10:07,10:07,6,0,0,LINCOLN ST 4500   & E 45TH AVE,1,1,0,0,1,4,0,0,,0,0,0,0,0,4,2,3
,2024-034608,39.67845212,-104.9337606,7/25/2024 14:30,14:30,12,0,0,I-25 & E EVANS AVE,1,1,0,0,1,4,0,0,60,0,0,0,0,0,1,2,16
,2024-034609,39.71625225,-104.9499392,8/14/2024 18:32,18:32,12,0,0, STEELE ST & E ELLSWORTH AVE,1,2,0,0,1,1,0,0,35,0,0,0,0,0,4,2,11
,2024-034610,39.74480638,-104.9610029,8/14/2024 18:17,18:17,15,0,1,E 18TH AVE & N GAYLORD ST,1,1,0,0,1,4,0,0,30,0,0,0,0,1,4,2,16
,2024-034612,39.72543889,-105.0532715,7/24/2024 16:37,16:37,15,0,0,W 6TH AVE EB OFF RAMP & N SHERIDAN BLVD,1,1,3,0,1,1,0,0,25,0,0,0,0,0,2,2,16
,2024-034613,39.75110074,-105.0252855,8/13/2024 8:30,8:30,12,0,0, FEDERAL BLVD & W 23RD AVE,1,1,0,0,1,3,0,0,35,0,0,0,0,0,2,2,13
,2024-034614,39.78021581,-104.94967,8/14/2024 15:20,15:20,15,0,0,I-70 & STEELE ST,1,1,0,0,1,4,0,0,55,0,0,0,0,0,1,2,1
,2024-034615,39.73061439,-104.991871,8/14/2024 12:15,12:15,15,0,0,1000 N  SPEER BLVD,1,1,0,0,1,4,0,0,35,0,0,0,0,0,4,2,16
,2024-034618,39.74743236,-104.9124435,8/13/2024 17:23,17:23,3,0,0,E MONTVIEW BLVD & N MONACO ST,1,1,0,0,1,1,0,0,30,0,0,0,0,0,4,2,13
,2024-034619,39.73727769,-104.8905645,7/14/2024 3:04,3:04,3,0,0,E 13TH AVE & N VERBENA ST,1,3,0,0,1,1,0,0,30,0,0,0,0,0,4,2,16
,2024-034620,39.71416439,-105.0408885,7/15/2024 8:39,8:39,6,0,0,100  QUITMAN ST & W BAYAUD AVE,1,1,1,0,1,4,0,0,20,0,0,0,0,0,4,3,2
,2024-034621,39.7282149,-104.9590259,7/8/2024 17:01,17:01,12,0,0,799  JOSEPHINE ST & E 8TH AVE,1,1,0,0,1,4,0,0,25,0,0,0,0,0,4,2,16
,2024-034624,39.71607532,-104.9593113,8/14/2024 16:02,16:02,12,0,0, UNIVERSITY BLVD & E CEDAR AVE,1,1,0,0,1,4,0,0,35,0,0,0,0,0,4,2,3
,2024-034626,39.76852498,-104.9305239,8/4/2024 5:33,5:33,6,0,0,3720 EUDORA ST,1,3,0,0,1,1,0,0,25,0,0,0,0,0,4,2,13
,2024-034632,39.73709971,-104.9124827,8/14/2024 9:00,9:00,10,0,0,E 13TH AVE & N MONACO ST,1,1,0,0,1,1,0,0,30,0,0,0,0,0,4,2,13
,2024-034633,39.74003478,-104.9987986,7/29/2024 22:45,22:45,10,0,0,W COLFAX AVE & N SPEER BLVD (SB),1,3,0,0,1,1,0,0,35,0,0,0,0,0,2,2,16
,2024-034634,39.78326481,-105.0064277,7/23/2024 18:00,18:00,15,0,0,I-70 & N PECOS ST EXIT GORE PT,1,1,0,0,1,8,0,0,,0,0,0,0,0,1,2,16
,2024-034635,39.68868665,-104.9706783,8/14/2024 14:25,14:25,12,0,0,I-25 & NB OFF RAMP EXT TO S DOWNING ST,1,1,0,0,1,4,0,0,55,0,0,0,0,0,1,2,11
,2024-034636,39.72562282,-104.9823616,7/8/2024 18:10,18:10,12,0,0,E 6TH AVE & N LOGAN ST,1,1,0,0,1,3,0,0,,0,0,0,0,0,4,2,16
,2024-034640,39.67573557,-104.9312729,8/3/2024 14:24,14:24,12,0,1,I-25 & E EVANS AVE,1,1,1,0,1,4,0,0,55,0,0,0,1,2,1,4,13
,2024-034645,39.75134091,-104.9929286,8/12/2024 10:20,10:20,11,0,1,LAWRENCE ST & 19TH ST,1,1,0,0,1,1,0,0,0,0,0,1,0,3,4,1,16
,2024-034646,39.77430441,-104.8504686,8/6/2024 17:00,17:00,15,0,0,I-70 & N PEORIA ST,1,1,0,0,1,4,0,0,55,0,0,0,0,0,1,2,16
,2024-034647,39.7290679,-104.9752503,8/4/2024 7:39,7:39,10,0,1,E 8TH AVE & N OGDEN ST,1,1,0,0,1,1,0,0,30,0,0,0,0,1,4,2,16
,2024-034648,39.70665358,-104.9965503,7/21/2024 18:48,18:48,12,0,0, SANTA FE DR & I-25,1,1,0,0,1,1,0,0,,0,0,0,0,0,2,2,16
,2024-034651,39.73526164,-104.987401,8/14/2024 8:14,8:14,11,0,0, BROADWAY ST & E 12TH AVE,1,1,0,0,1,3,0,0,25,0,1,0,0,0,4,1,3
,2024-034652,39.75168754,-105.0163628,8/14/2024 11:30,11:30,12,0,0,I-25 & W 23RD AVE,1,1,1,0,1,4,0,0,55,0,0,0,0,0,1,2,10
,2024-034655,39.73682695,-104.9665281,7/5/2024 1:36,1:36,5,0,0,1201  WILLIAMS ST & E 12TH AVE,1,3,0,0,4,3,0,0,25,0,0,0,0,0,4,1,3
,2024-034656,39.69657424,-104.9410247,7/8/2024 10:54,10:54,12,0,0,3900 E MISSISSIPPI AVE S COLORADO BLVD,1,1,0,0,1,4,0,0,30,0,0,0,0,0,4,2,16
,2024-034657,39.65310352,-104.9294523,8/14/2024 8:23,8:23,12,0,0,E HAMPDEN AVE & S ELM ST,1,1,0,0,1,4,0,0,35,0,0,0,0,0,2,2,13
,2024-034658,39.72580486,-104.9227999,8/13/2024 0:00,0:00,6,0,0, HOLLY ST & E 6TH AVE,1,3,0,0,1,4,0,0,,0,0,0,0,0,4,2,16
,2024-034659,39.78743583,-105.0357383,7/29/2024 4:28,4:28,5,0,0,W 50TH AVE & N MEADE ST,1,3,0,0,2,3,0,0,20,0,0,0,0,0,4,1,16
,2024-034660,39.65304887,-104.9024101,8/7/2024 17:57,17:57,15,0,0,HWY 30 & MM 0.852,1,1,0,0,1,1,0,0,35,0,0,0,0,0,2,2,13
,2024-034661,39.70040651,-105.0250848,8/14/2024 8:12,8:12,15,0,0, FEDERAL BLVD & W KENTUCKY AVE,1,1,0,0,1,3,0,0,30,0,0,0,0,0,2,2,1
,2024-034662,39.72020435,-105.0072806,8/14/2024 14:45,14:45,12,0,0,I-25 & 6TH AVE,1,1,0,0,1,4,0,0,60,0,0,0,0,0,1,2,7
,2024-034663,39.71145959,-104.938199,8/13/2024 16:30,16:30,1,0,0,E ALAMEDA AVE & 4200,1,1,0,0,1,2,0,0,,0,0,0,0,0,4,2,3
,2024-034665,39.67730466,-105.0532662,8/11/2024 6:09,6:09,5,0,2,SHERIDAN BLVD & MM 1.658,1,1,0,0,2,4,0,0,40,0,0,0,0,2,2,1,16
,2024-034666,39.63867973,-104.9103236,7/31/2024 4:10,4:10,15,0,0,I-25 & I-225 SB TO EB FLYOVER (G) RAMP,1,3,0,0,1,4,0,0,65,0,0,0,0,0,1,2,16
,2024-034668,39.83185608,-104.6929572,8/13/2024 15:22,15:22,3,0,0, JACKSON GAP & E 75TH AVE,1,1,1,0,1,1,0,1,35,0,0,0,0,0,4,2,3
,2024-034669,39.82189726,-104.7719834,8/14/2024 8:15,8:15,3,0,2,E 69TH AVE & N TOWER RD,1,1,0,0,1,1,0,0,30,0,0,0,1,2,4,2,13
,2024-034670,39.72550926,-105.0416102,7/6/2024 18:56,18:56,12,0,3,W 6TH AVE & N RALEIGH ST,1,3,0,0,1,4,0,0,45,0,0,0,0,1,2,3,16
,2024-034671,39.74000023,-104.9780403,8/8/2024 1:18,1:18,6,0,0,E COLFAX AVE & MM 298.635,1,3,0,0,1,4,0,0,35,0,0,0,0,0,2,2,13
,2024-034672,39.75573709,-104.9768443,8/14/2024 18:10,18:10,3,0,2,28TH ST & WELTON ST,1,1,0,0,1,1,0,0,25,0,0,0,0,1,4,2,16
,2024-034673,39.75022502,-105.0047788,7/30/2024 23:00,23:00,12,0,0, SPEER BLVD & WEWATTA ST,1,3,0,0,1,1,0,0,,0,0,0,0,0,4,2,1
,2024-034674,39.72252205,-104.9824642,8/9/2024 17:24,17:24,15,0,0,500 E SPEER BLVD N LOGAN ST,1,1,0,0,1,4,0,0,,0,0,0,0,0,4,3,16
,2024-034675,39.65311149,-104.9228094,8/14/2024 7:45,7:45,1,0,1,E HAMPDEN AVE & S HOLLY ST,1,1,0,0,1,1,0,0,40,0,0,0,0,1,2,2,14
,2024-034676,39.70202231,-104.9792703,8/14/2024 9:53,9:53,3,0,1,E OHIO AVE & S WASHINGTON ST,1,1,0,0,1,1,0,0,25,0,0,0,0,1,4,2,11
,2024-034677,39.74165032,-104.9696816,8/13/2024 14:40,14:40,3,0,0, HUMBOLDT ST & E 16TH AVE,1,1,0,0,1,1,0,0,25,0,0,0,0,0,4,2,3
,2024-034678,39.70933455,-104.9863925,8/13/2024 11:00,11:00,10,0,0, LINCOLN ST & E DAKOTA AVE,1,1,0,0,1,1,0,0,30,0,0,0,0,0,4,2,3
,2024-034695,39.74658,-105.00457,7/31/2024 23:29,23:29,5,0,0,WALNUT STREET & 11TH STREET,1,3,0,0,3,1,0,0,,0,0,0,0,0,4,1,3
,2024-034735,39.74013261,-104.9914777,7/8/2024 15:30,15:30,12,0,2,W COLFAX AVE & COURT PL,1,1,3,0,1,4,0,0,30,0,0,0,0,2,2,2,3
,2024-034739,39.76207159,-105.0288194,8/14/2024 20:46,20:46,12,0,0, SPEER BLVD & W 32ND AVE,1,3,0,0,1,1,0,0,25,0,0,0,0,0,4,2,1
,2024-034748,39.68201292,-104.8990693,8/14/2024 9:00,9:00,10,0,0,E CHERRY CREEK  DR & E JEWELL AVE,1,1,0,0,1,2,0,0,30,0,0,0,0,0,4,2,3
,2024-034750,39.78379753,-104.8011505,8/14/2024 21:06,21:06,4,0,0,E GREEN VALLEY RANCH BLVD & N KITTREDGE ST,1,3,0,0,1,4,0,0,35,0,0,0,0,0,4,1,11
,2024-034754,39.69774371,-104.9617514,7/19/2024 17:00,17:00,6,0,0, GAYLORD ST & E TENNESSEE AVE,1,1,0,0,1,4,0,0,,0,0,0,0,0,4,2,16
,2024-034755,39.75633669,-104.9899753,8/14/2024 22:57,22:57,15,0,0,MARKET ST & PARK AVE W,1,3,0,0,1,3,0,0,35,0,0,0,0,0,4,2,10
,2024-034756,39.65303786,-104.9362966,8/15/2024 16:41,16:41,12,0,0,E HAMPDEN AVE & S BIRCH ST,1,1,0,0,1,1,0,0,35,0,0,0,0,0,2,2,11
,2024-034757,39.80362657,-104.7691264,8/15/2024 17:27,17:27,3,0,1,E 59TH AVE & N ARGONNE ST,1,1,0,0,1,1,0,0,25,0,0,0,0,2,4,2,14
,2024-034758,39.79102232,-105.006417,8/15/2024 16:55,16:55,14,0,0, PECOS ST & W 52ND AVE,1,1,0,0,6,3,0,0,25,0,0,0,0,0,4,2,10
,2024-034759,39.74198029,-104.9928585,8/15/2024 14:49,14:49,11,0,0,14TH ST & GLENARM,1,1,0,0,1,9,0,0,25,0,0,1,0,0,4,1,11
,2024-034761,39.67099074,-105.022752,8/11/2024 16:23,16:23,15,0,0, DECATUR ST & W HILLSIDE AVE,14,5,3,7,1,4,0,0,,0,0,0,0,0,4,2,16
,2024-034762,39.69639243,-105.0532389,8/15/2024 9:37,9:37,12,0,1, SHERIDAN BLVD & W MISSISSIPPI AVE,1,1,0,0,1,4,0,0,35,0,0,0,0,1,2,2,13
,2024-034763,39.76057354,-105.009812,7/20/2024 9:24,9:24,6,0,0,17TH ST & BOULDER ST,1,1,0,0,1,4,0,0,,0,0,0,0,0,4,2,16
,2024-034764,39.72561028,-104.9522141,6/4/2024 9:30,9:30,10,0,0,E 6TH AVE & N MILWAUKEE ST,1,1,3,0,1,1,0,0,35,0,0,0,0,0,4,2,13
,2024-034765,39.8379354,-104.6870335,8/14/2024 20:20,20:20,10,0,1,25730 E 78TH AVE & JACKSON GAP ST,1,3,0,0,1,1,0,0,35,0,0,0,0,1,4,2,8
,2024-034766,39.75507828,-104.9881009,8/15/2024 7:41,7:41,3,0,0,PARK AVE W & LAWRENCE ST,1,1,0,0,1,1,0,0,30,0,0,0,0,0,4,2,13
,2024-034769,39.77958591,-104.845649,8/15/2024 11:37,11:37,15,0,0,E 46TH AVE & N PEORIA ST,1,1,0,0,1,4,0,0,25,0,0,0,0,0,4,2,11
,2024-034770,39.67845905,-104.9195826,8/15/2024 8:30,8:30,3,0,0,E EVANS AVE & S JASMINE ST,1,1,0,0,1,2,0,0,35,0,0,0,0,0,4,2,14
,2024-034771,39.68622938,-104.9656484,8/15/2024 15:47,15:47,15,0,0,I-25 & S DOWNING ST,1,1,0,0,1,4,0,0,60,0,0,0,0,0,1,2,11
,2024-034772,39.65299755,-104.9236589,8/15/2024 8:10,8:10,12,0,0,E HAMPDEN AVE & S HOLLY ST,1,1,1,0,1,4,0,0,40,0,0,0,0,0,2,3,14
,2024-034773,39.65299766,-104.9235665,8/15/2024 8:10,8:10,12,0,0,E HAMPDEN AVE & S HOLLY ST,1,1,1,0,1,4,0,0,40,0,0,0,0,0,2,2,14
,2024-034774,39.65488526,-104.9316981,8/15/2024 9:30,9:30,3,0,0,E GIRARD AVE & S DAHLIA ST,1,1,0,0,1,1,0,0,25,0,0,0,0,0,4,2,3
,2024-034775,39.70043189,-105.0532497,7/31/2024 6:30,6:30,15,0,0, SHERIDAN BLVD & W KENTUCKY AVE,1,2,1,0,1,4,0,0,,0,0,0,0,0,2,2,16
,2024-034776,39.67230944,-105.0369839,8/14/2024 17:40,17:40,6,0,0,W HARVARD AVE & S NEWTON ST,1,1,0,0,1,4,0,0,25,0,0,0,0,0,4,2,3
,2024-034779,39.78590242,-104.7721289,8/14/2024 8:56,8:56,3,0,2, TOWER RD & E 49TH AVE,1,1,0,0,1,1,0,0,45,0,0,0,0,1,4,2,13
,2024-034780,39.77457195,-104.8535618,8/11/2024 18:36,18:36,12,0,1,I-70 & MM 281.2,1,1,0,0,1,4,0,0,,0,0,0,0,2,1,2,16
,2024-034783,39.63869463,-105.0844135,8/15/2024 15:57,15:57,3,0,1, ZEPHYR ST & W QUINCY AVE,1,1,0,0,1,1,0,0,40,0,0,0,0,1,4,2,11
,2024-034784,39.73870294,-104.8928649,8/15/2024 12:49,12:49,3,0,0, UINTA ST & E 14TH AVE,1,1,0,0,1,1,0,0,30,0,0,0,0,0,4,2,3
,2024-034785,39.73441539,-104.9406191,8/15/2024 15:09,15:09,12,0,0, COLORADO BLVD & E 12TH AVE,1,1,0,0,1,4,0,0,35,0,0,0,0,0,2,2,13
,2024-034786,39.70736022,-104.9407892,6/6/2024 14:18,14:18,15,0,0,E CHERRY CREEK  DR & S COLORADO BLVD,1,1,0,0,1,1,0,0,45,0,0,0,0,0,2,2,16
,2024-034788,39.65575427,-105.0532198,8/14/2024 21:52,21:52,1,0,1, SHERIDAN BLVD & W DARTMOUTH AVE,1,3,0,0,1,2,0,0,30,0,0,0,0,1,2,2,11
,2024-034789,39.64774886,-104.8849437,8/14/2024 12:30,12:30,1,0,0, YOSEMITE ST & E LEHIGH AVE,1,1,0,0,1,1,0,0,30,0,0,0,0,0,4,2,3
,2024-034792,39.70117573,-104.9874955,8/15/2024 15:32,15:32,5,0,1,I-25 & S BROADWAY ST,1,1,0,0,1,4,0,0,65,0,0,0,0,3,1,1,13
,2024-034794,39.74321726,-104.9610079,8/15/2024 12:00,12:00,3,0,0, GAYLORD ST & E 17TH AVE,1,1,0,0,1,1,0,0,35,0,0,0,0,0,4,2,11
,2024-034795,39.74762843,-105.0026479,8/15/2024 14:18,14:18,3,0,0,AURARIA PKWY & N SPEER BLVD,1,1,0,0,1,1,0,0,35,0,0,0,0,0,4,2,13
,2024-034796,39.76574031,-105.0442904,8/5/2024 12:17,12:17,6,0,0,W 35TH AVE & N TENNYSON ST,1,1,0,0,1,4,0,0,,0,0,0,0,0,4,2,16