id,drcog_id,latitude,longitude,crashtime,time,crashtype,numbkilled,numbinjurd,drcoglocat,rdconditin,lightngcon,roadcntgrd,weatherco,location,roaddescrp,schoolzone,constrzone,splimit,bikeinv,pedinv,sctrinv,motoinv,svrty,rdsystem,ttlvehcls,hcf
,2024-034797,39.67229746,-105.034944,8/14/2024 16:51,16:51,2,0,1,W HARVARD AVE & S LOWELL BLVD,1,1,0,7,1,1,0,0,0,1,0,0,0,3,4,1,16
,2024-034805,39.78145532,-104.9020752,8/15/2024 14:43,14:43,12,0,0, NORTHFIELD QUEBEC ST & N SANDCREEK RD,1,1,0,0,1,4,0,0,35,0,0,0,0,0,2,2,16
,2024-034807,39.78650231,-104.8203464,8/13/2024 13:19,13:19,3,0,1, DEEPHAVEN CT & E 51ST AVE,1,1,0,0,1,1,0,0,25,0,0,0,0,2,4,2,11
,2024-034808,39.69365968,-105.0117708,8/5/2024 8:32,8:32,6,0,0, TEJON ST & W LOUISIANA AVE,1,2,0,0,1,4,0,0,,0,0,0,0,0,4,2,16
,2024-034809,39.68399594,-104.9875454,8/11/2024 20:37,20:37,15,0,0, BROADWAY ST & E COLORADO AVE,1,3,0,0,1,3,0,0,35,0,0,0,0,0,4,2,11
,2024-034811,39.65299721,-104.9239558,8/15/2024 12:00,12:00,12,0,0,E HAMPDEN AVE & S HUDSON ST,1,1,0,0,1,1,0,0,35,0,0,0,0,0,2,2,3
,2024-034812,39.7038628,-104.9129417,8/15/2024 15:51,15:51,3,0,0,E EXPOSITION AVE & S MONACO ST PKWY,1,1,0,0,1,1,0,0,35,0,0,0,0,0,4,2,7
,2024-034816,39.72559351,-105.0420182,8/14/2024 22:27,22:27,12,0,0,W 6TH AVE & N RALEIGH ST,1,3,0,0,1,4,0,1,45,0,0,0,0,0,2,2,14
,2024-034817,39.71119525,-104.997141,8/15/2024 15:15,15:15,12,0,0, SANTA FE DR & W ALAMEDA AVE,1,1,0,0,1,1,0,0,35,0,0,0,0,0,4,2,3
,2024-034818,39.72570938,-105.0001487,8/15/2024 16:00,16:00,15,0,0, KALAMATH ST & W 6TH AVE,1,1,0,0,1,1,0,0,,0,0,0,0,0,4,2,16
,2024-034819,39.83812786,-104.7154712,8/15/2024 13:15,13:15,12,0,0, GUN CLUB RD & E 78TH AVE,1,1,0,0,1,1,0,0,35,0,0,0,0,0,4,2,1
,2024-034820,39.74019234,-104.9407931,8/14/2024 14:00,14:00,12,0,0, COLORADO BLVD & E COLFAX AVE,1,1,0,0,1,1,0,0,35,0,0,0,0,0,2,4,3
,2024-034821,39.71532158,-104.9592341,8/14/2024 8:00,8:00,12,0,0,E CHERRY CREEK  DR & S UNIVERSITY BLVD,1,1,0,0,1,4,0,0,30,0,0,0,0,0,4,2,3
,2024-034822,39.69659879,-104.9325931,8/5/2024 6:06,6:06,3,0,0,E MISSISSIPPI AVE & S DEXTER ST,1,1,0,0,1,2,0,0,25,0,0,0,0,0,4,2,7
,2024-034823,39.76214043,-105.0357748,8/15/2024 17:26,17:26,3,0,0, MEADE ST & W 32ND AVE,1,1,0,0,1,1,0,0,25,0,0,0,0,0,4,2,11
,2024-034824,39.83110841,-104.771882,8/14/2024 20:19,20:19,1,0,0, TOWER RD & PENA BLVD IB RAMPS,1,3,0,0,1,1,0,0,,0,0,0,0,0,4,2,16
,2024-034825,39.65319031,-104.9040549,8/10/2024 10:44,10:44,1,0,0,E HAMPDEN AVE & S TAMARAC DR,1,1,1,0,1,2,0,0,40,0,0,0,0,0,2,2,16
,2024-034826,39.74376598,-104.9151628,8/15/2024 19:38,19:38,6,0,1,E 17TH AVE PKWY & LEYDEN ST,1,2,0,0,1,3,0,0,30,0,0,0,0,2,4,2,13
,2024-034839,39.70042022,-105.0481214,8/15/2024 18:15,18:15,3,0,1,MORRISON RD & W KENTUCKY AVE,1,1,0,0,1,1,0,0,35,0,0,0,0,2,4,2,13
,2024-034842,39.71128381,-104.9034949,8/16/2024 15:57,15:57,12,0,0, QUEBEC ST & E ALAMEDA AVE,1,1,0,0,1,4,0,0,45,0,0,0,0,0,4,2,3
,2024-034843,39.67846361,-104.9128118,8/16/2024 19:05,19:05,3,0,0, MONACO ST PKWY & E EVANS AVE,1,2,0,0,1,1,0,0,35,0,0,0,0,0,4,3,11
,2024-034846,39.79843653,-104.7626953,8/16/2024 9:20,9:20,1,0,0,E 56TH AVE & N DUNKIRK ST,1,1,0,0,1,1,0,0,45,0,0,0,0,0,4,2,11
,2024-034847,39.75749589,-104.9797468,8/15/2024 23:45,23:45,6,0,0,CHAMPA ST & 28TH ST,1,3,0,0,1,4,0,0,20,0,0,0,0,0,4,2,16
,2024-034848,39.7002224,-104.9617201,8/16/2024 17:15,17:15,6,0,0, GAYLORD ST & E KENTUCKY AVE,1,1,0,0,1,4,0,0,20,0,0,0,0,0,4,2,16
,2024-034849,39.6791603,-105.0532681,8/15/2024 21:36,21:36,1,0,2, SHERIDAN BLVD & W EVANS AVE,1,1,0,0,1,1,0,0,20,0,0,0,0,3,2,2,8
,2024-034850,39.70261534,-104.9123631,8/16/2024 6:36,6:36,15,0,0,LEETSDALE DR & S MONACO ST,1,1,0,0,1,4,0,0,35,0,0,0,0,0,2,3,1
,2024-034851,39.70545551,-104.9129551,8/16/2024 15:31,15:31,12,0,0, MONACO ST PKWY & E CENTER AVE,1,1,0,0,1,4,0,0,35,0,0,0,0,0,4,2,12
,2024-034854,39.7284746,-104.8872684,8/16/2024 7:46,7:46,3,0,2,E 7TH AVE & YOSEMITE ST,1,1,0,0,1,1,0,0,35,0,0,0,0,1,4,2,11
,2024-034855,39.72144513,-104.9127595,8/16/2024 12:39,12:39,8,0,0, MONACO ST PKWY & E 4TH AVE,1,1,0,0,6,4,0,0,35,0,0,0,0,0,4,2,10
,2024-034856,39.74482551,-104.9696763,8/16/2024 10:12,10:12,10,0,0,E 18TH AVE & N HUMBOLDT ST,1,1,0,0,1,1,0,0,25,0,0,0,0,0,4,2,8
,2024-034857,39.77745059,-104.7640101,8/15/2024 16:17,16:17,12,0,0,E 45TH AVE & N CEYLON ST,1,1,0,0,1,4,0,0,20,0,0,0,0,0,4,2,1
,2024-034861,39.65299602,-104.9249997,8/16/2024 8:17,8:17,12,0,0,E HAMPDEN AVE & S GRAPE ST,1,1,0,0,1,1,0,0,35,0,0,0,0,0,2,2,14
,2024-034862,39.73568378,-105.025147,8/13/2024 8:39,8:39,12,0,0, FEDERAL BLVD & W HOLDEN PL,1,1,0,0,1,4,0,0,40,0,0,0,0,0,2,2,16
,2024-034863,39.67862926,-105.0086642,8/15/2024 14:22,14:22,2,0,1,W EVANS AVE & S RARITAN ST,1,1,0,0,1,1,0,0,0,1,0,0,0,2,2,1,16
,2024-034866,39.75569843,-105.012326,8/16/2024 18:15,18:15,12,0,1,I-25 & N SPEER BLVD,1,1,0,0,1,4,0,0,65,0,0,0,0,1,1,3,8
,2024-034867,39.69728397,-104.9927628,8/15/2024 19:45,19:45,5,0,0,900  PLATTE RIVER DR,1,1,0,0,2,4,0,0,40,0,0,0,0,0,2,1,6
,2024-034868,39.67864514,-105.0250486,8/16/2024 10:53,10:53,12,0,0, FEDERAL BLVD & W EVANS AVE,1,1,0,0,1,4,0,0,35,0,0,0,0,0,2,2,13
,2024-034870,39.74730758,-104.9981308,8/16/2024 10:30,10:30,6,0,0,LAWRENCE ST & 15TH ST,1,1,0,0,1,4,0,0,35,0,0,0,0,0,4,2,16
,2024-034874,39.70040651,-105.0250848,8/15/2024 16:15,16:15,12,0,1, FEDERAL BLVD & W KENTUCKY AVE,1,1,0,0,1,4,0,0,40,0,0,0,0,1,2,2,3
,2024-034875,39.77753483,-104.8783488,8/16/2024 16:42,16:42,12,0,0,I-70 WB OFF RAMP & N CENTRAL PARK BLVD,1,1,0,0,1,8,0,0,35,0,0,0,0,0,1,2,10
,2024-034878,39.77238872,-104.7592517,8/16/2024 13:10,13:10,6,0,0,E 41ST AVE & ESPANA ST,1,1,0,0,1,4,0,0,20,0,0,0,0,0,4,2,13
,2024-034880,39.74004924,-105.0000555,8/16/2024 18:51,18:51,1,0,0,W COLFAX AVE & N KALAMATH ST,1,1,0,0,1,1,0,0,25,0,0,0,0,0,2,2,16
,2024-034882,39.68768653,-105.0250411,8/16/2024 0:19,0:19,12,0,0, FEDERAL BLVD & W IOWA AVE,1,3,0,0,1,12,0,0,40,0,0,0,0,0,2,3,16
,2024-034883,39.79837645,-104.861047,8/15/2024 17:38,17:38,12,0,1,E 56TH AVE & JOLIET ST,1,1,0,0,1,4,0,0,40,0,0,0,0,1,4,2,13
,2024-034884,39.77719738,-104.8835693,8/16/2024 6:29,6:29,15,0,0,I-70 & N HAVANA ST,1,1,0,0,1,4,0,0,55,0,0,0,0,0,1,2,13
,2024-034885,39.78041598,-104.9495343,8/16/2024 15:02,15:02,15,0,1, VASQUEZ BLVD & I-70,1,1,0,0,1,4,0,0,35,0,0,0,0,2,2,3,13
,2024-034886,39.77701885,-104.7721491,8/17/2024 12:50,12:50,5,0,1, TOWER RD & E 45TH AVE,1,1,0,0,2,4,0,0,40,0,0,0,0,1,4,1,1
,2024-034887,39.84928164,-104.6726895,8/17/2024 5:45,5:45,16,0,0,PENA BLVD & JACKSON GAP,1,1,3,0,5,4,0,0,15,0,0,0,0,0,3,2,13
,2024-034888,39.85046803,-104.6749902,8/14/2024 10:29,10:29,6,0,0,8400  PENA BLVD,1,1,0,0,5,4,0,0,15,0,0,0,0,0,3,2,16
,2024-034889,39.78375991,-105.0345722,8/16/2024 22:02,22:02,3,0,0, LOWELL BLVD & W 48TH S DR,1,4,0,0,1,1,0,0,30,0,0,0,0,0,1,2,16
,2024-034894,39.75106904,-104.9828869,7/21/2024 1:05,1:05,3,0,0,WELTON ST & PARK AVE W,1,3,0,0,1,1,0,0,,0,0,0,0,0,4,2,16
,2024-034895,39.77289998,-105.0253116,8/16/2024 18:45,18:45,8,0,0, FEDERAL BLVD & W 41ST AVE,1,1,0,0,6,1,0,0,35,0,0,0,0,0,2,2,2
,2024-034906,39.73103304,-104.9394305,8/14/2024 12:20,12:20,3,0,0,E 9TH AVE & N ALBION ST,1,1,0,0,1,1,0,0,25,0,0,0,0,0,4,3,11
,2024-034910,39.69060694,-104.9732888,8/17/2024 16:25,16:25,12,0,0,I-25 NB OFF RAMP & S DOWNING ST,1,1,0,0,1,8,0,0,20,0,0,0,0,0,1,2,3
,2024-034911,39.76421943,-105.0015347,8/16/2024 7:37,7:37,12,0,0,I-25 & 20TH ST,1,1,0,0,1,13,0,0,55,0,0,0,0,0,1,2,13
,2024-034913,39.74971183,-104.981093,8/17/2024 11:08,11:08,3,0,0,PARK AVE W & TREMONT PL,1,1,0,0,1,1,0,0,25,0,0,0,0,0,4,2,13
,2024-034917,39.65299832,-104.9229869,8/17/2024 13:06,13:06,12,0,1,E HAMPDEN AVE & S HOLLY ST,1,1,0,0,1,3,0,0,35,0,0,0,0,3,2,3,11
,2024-034919,39.79835147,-104.7795024,8/16/2024 21:50,21:50,12,0,1,E 56TH AVE & N TELLURIDE ST,1,4,0,0,1,4,0,0,40,0,0,0,0,1,4,2,13
,2024-034920,39.69311529,-105.0250363,8/17/2024 2:28,2:28,8,0,0,W LOUISIANA AVE & S FEDERAL BLVD,1,3,0,0,1,1,0,0,30,0,0,0,0,0,2,2,1
,2024-034923,39.69725947,-104.9824877,8/17/2024 15:50,15:50,12,0,0,I-25 & MM 206.6,14,1,0,0,1,4,0,0,65,0,0,0,0,0,1,2,3
,2024-034932,39.71133319,-105.053258,8/13/2024 19:49,19:49,1,0,0, SHERIDAN BLVD & W ALAMEDA AVE,1,3,0,0,1,1,0,0,35,0,0,0,0,0,2,3,16
,2024-034934,39.77172383,-105.0112148,8/12/2024 22:10,22:10,2,0,1,W 40TH AVE & N TEJON ST,1,4,3,0,1,1,0,0,,1,0,0,0,1,4,1,16
,2024-034935,39.77318931,-105.0064378,8/12/2024 21:30,21:30,1,0,1, PECOS ST & W 41ST ST,1,3,1,0,1,4,0,0,25,0,0,0,1,3,4,2,16
,2024-034938,39.75198051,-105.0147427,8/14/2024 16:29,16:29,11,0,0,7TH ST & WATER ST,1,1,0,0,1,1,0,0,20,0,0,1,0,0,4,1,11
,2024-034940,39.78671771,-104.8811976,8/13/2024 12:55,12:55,2,0,1,4975  BEELER ST & E 50TH AVE,1,1,0,0,1,2,0,0,0,1,0,0,0,2,4,1,16
,2024-034946,39.74000093,-104.9776406,8/16/2024 20:06,20:06,1,0,1,E COLFAX AVE & N CLARKSON ST,1,1,0,0,1,1,0,0,35,0,0,0,1,3,2,2,1
,2024-034949,39.69300917,-104.9827771,7/14/2024 19:51,19:51,11,0,1, LOGAN ST & E LOUISIANA AVE,1,1,0,0,1,1,0,0,30,0,1,0,0,2,4,1,10
,2024-034953,39.73344446,-105.0052729,8/3/2024 16:00,16:00,16,0,0,1099  OSAGE ST,1,1,0,0,5,7,0,0,10,0,0,0,0,0,3,2,16
,2024-034958,39.7785545,-104.9887822,8/16/2024 7:23,7:23,12,0,0,I-25 NB OFF RAMP TO -70 & I-70 WB,1,1,1,0,1,8,0,0,55,0,0,0,0,0,1,2,13
,2024-034959,39.75308644,-104.997625,8/17/2024 0:40,0:40,1,0,0,18TH ST & WAZEE ST,1,3,0,0,1,1,0,0,30,0,0,0,0,0,4,2,13
,2024-034962,39.66760215,-104.9259127,8/15/2024 14:15,14:15,15,0,1,I-25 & E YALE AVE,1,1,0,0,1,4,0,0,,0,0,0,1,1,1,2,16
,2024-034978,39.73721155,-105.0532151,8/8/2024 12:02,12:02,15,0,0, SHERIDAN BLVD & W 13TH AVE,1,1,0,0,1,4,0,0,30,0,0,0,0,0,2,2,8
,2024-035059,39.69302276,-104.9862588,8/18/2024 19:41,19:41,1,0,0,E LOUISIANA AVE & S LINCOLN ST,1,3,0,0,1,1,0,0,25,0,0,0,0,0,4,2,16
,2024-035087,39.68954771,-105.0532506,8/17/2024 20:54,20:54,1,0,3, SHERIDAN BLVD & W FLORIDA AVE,1,3,0,0,1,1,0,0,35,0,0,0,0,3,2,2,2
,2024-035088,39.66818138,-104.9262565,8/8/2024 2:30,2:30,5,0,0,I-25 & E YALE AVE,1,3,0,0,3,4,0,0,65,0,0,0,0,0,1,1,16
,2024-035089,39.78012723,-104.9887248,8/15/2024 10:51,10:51,15,0,0,I-70 WB & I-25,1,1,0,0,1,4,0,0,35,0,0,0,0,0,1,2,13
,2024-035090,39.74163251,-104.9656589,8/17/2024 19:54,19:54,3,0,0,E 16TH AVE & WILLIAMS ST,1,3,0,0,1,9,0,0,20,0,0,0,0,0,4,2,11
,2024-035092,39.70469464,-104.9792528,7/18/2024 1:32,1:32,6,0,0, WASHINGTON ST & E EXPOSITION AVE,1,4,0,0,1,4,0,0,25,0,0,0,0,0,4,3,16
,2024-035093,39.62998421,-105.087222,8/17/2024 23:42,23:42,3,0,0,W LAYTON AVE & S WADSWORTH WY,1,3,0,0,1,1,0,0,45,0,0,0,0,0,2,2,16
,2024-035094,39.65307905,-104.8987255,8/17/2024 23:26,23:26,3,0,3, TAMARAC DR & E HAMPDEN AVE,1,3,1,0,1,1,0,0,30,0,0,0,0,2,2,2,13
,2024-035095,39.74212322,-104.8916818,8/12/2024 15:45,15:45,6,0,0, VALENTIA ST & E 16TH AVE,1,1,0,0,1,4,0,0,20,0,0,0,0,0,4,3,14
,2024-035096,39.71003601,-104.8706597,8/17/2024 12:20,12:20,5,0,1,E ALAMEDA AVE & S GALENA WY,1,1,0,0,6,1,0,0,40,0,0,0,0,2,4,1,10
,2024-035097,39.78959018,-104.8272668,8/11/2024 0:09,0:09,6,0,0,5142  CROWN BLVD & E 51ST AVE,1,3,0,0,3,4,0,0,30,0,0,0,0,0,4,4,16
,2024-035098,39.74021261,-104.9127933,8/2/2024 14:54,14:54,12,0,0,E COLFAX AVE & N MONACO ST PKWY,14,5,3,7,1,3,0,0,,0,0,0,0,0,2,2,16
,2024-035099,39.78384248,-105.0061682,8/12/2024 16:40,16:40,3,0,0, PECOS ST & W 48TH AVE,1,1,0,0,1,6,0,0,,0,0,0,0,0,1,2,16
,2024-035100,39.77558838,-104.8653223,8/15/2024 16:36,16:36,12,0,0,I-70 & N HAVANA ST,1,1,0,0,1,4,0,0,55,0,0,0,0,0,1,3,13
,2024-035101,39.77822352,-104.9039291,8/16/2024 9:00,9:00,12,0,0,I-70 & N QUEBEC ST,1,1,0,0,1,4,0,0,,0,0,0,0,0,1,2,16
,2024-035102,39.66533528,-105.0251163,8/18/2024 3:16,3:16,14,0,1,2765  FEDERAL BLVD & W AMHERST AVE,1,3,0,0,6,4,0,0,40,0,0,0,0,2,2,2,16
,2024-035103,39.73562801,-104.9034585,8/18/2024 14:18,14:18,12,0,0, QUEBEC ST & E 12TH AVE,1,1,0,0,1,1,0,0,30,0,0,0,0,0,4,2,13
,2024-035104,39.71800104,-104.9511859,8/18/2024 5:43,5:43,5,0,1,E 1ST AVE & N ST PAUL ST,1,2,0,0,6,1,0,0,35,0,0,0,0,1,4,1,16
,2024-035105,39.63266905,-105.085186,8/17/2024 23:35,23:35,3,0,0,W TUFTS AVE & S WADSWORTH BLVD,1,3,0,0,1,2,0,0,,0,0,0,0,0,4,2,16
,2024-035106,39.79840369,-104.7879311,8/17/2024 11:05,11:05,1,0,0,E 56TH AVE & PENA BLVD OB RAMPS,1,1,0,0,1,1,0,0,40,0,0,0,0,0,4,2,16
,2024-035107,39.68480706,-104.9594455,8/17/2024 22:28,22:28,5,0,0,I-25 NB OFF RAMP & S UNIVERSITY BLVD,1,3,0,0,6,1,0,0,35,0,0,0,0,0,4,1,9
,2024-035108,39.67680637,-105.0176756,8/15/2024 6:00,6:00,6,0,0,2576 W WARREN AVE & S BRYANT ST,1,1,0,0,1,4,0,0,,0,0,0,0,0,4,2,16
,2024-035109,39.63922138,-104.885228,8/14/2024 19:10,19:10,12,0,1,I-225 & S YOSEMITE ST,1,2,0,0,1,4,0,0,65,0,0,0,0,1,1,3,11
,2024-035111,39.78052088,-104.9629569,8/18/2024 14:15,14:15,15,0,0,I-70 & WB OFF RAMP EXT TO N BRIGHTON BLVD,1,1,0,0,1,4,0,0,,0,0,0,0,0,2,2,16
,2024-035114,39.78419868,-105.0257132,8/17/2024 20:57,20:57,15,0,0,I-70 & N FEDERAL BLVD,1,3,0,0,1,4,0,0,55,0,0,0,0,0,1,2,14
,2024-035115,39.77728011,-104.8828548,7/30/2024 7:35,7:35,12,0,0,I-70 & N CENTRAL PARK BLVD,1,1,0,0,1,4,0,0,55,0,0,0,0,0,1,2,16
,2024-035116,39.65305234,-104.9047182,8/17/2024 18:39,18:39,1,0,1,E HAMPDEN AVE & S POPLAR ST,1,1,0,0,1,1,0,0,40,0,0,0,0,1,2,2,11
,2024-035117,39.7667095,-104.9990609,8/17/2024 17:30,17:30,12,0,0,I-25 & SB OFF RAMP EXT TO 20TH ST,1,2,0,0,1,4,0,0,65,0,0,0,0,0,1,2,13
,2024-035118,39.69666127,-104.9918826,8/17/2024 21:42,21:42,1,0,0,W MISSISSIPPI AVE & S SANTA FE DR,1,3,0,0,1,1,0,0,35,0,0,0,0,0,2,2,16
,2024-035119,39.75388906,-104.9913826,8/16/2024 19:42,19:42,2,0,1,21ST ST & LARIMER ST,1,2,0,0,1,1,0,0,0,1,0,0,0,2,4,1,16
,2024-035120,39.74723703,-105.0081296,8/17/2024 13:59,13:59,15,0,0,CHOPPER CIR & 9TH ST,1,1,0,0,1,6,0,0,20,0,0,0,0,0,4,2,6
,2024-035121,39.77598235,-104.8677768,8/16/2024 14:08,14:08,12,0,1,I-70 & N HAVANA ST,1,1,0,0,1,4,0,0,55,0,0,0,0,1,1,2,13
,2024-035124,39.78469781,-105.02395,8/15/2024 3:02,3:02,5,0,0,W 48TH AVE & N ELIOT ST,1,3,0,0,4,1,0,0,30,0,0,0,0,0,4,1,16
,2024-035125,39.73117805,-105.0156883,8/17/2024 15:45,15:45,12,0,1,I-25 & SB OFF RAMP EXT TO W 8TH AVE,1,1,0,0,1,8,0,0,,0,0,0,0,2,1,2,16
,2024-035126,39.72563179,-104.9836192,8/16/2024 18:02,18:02,10,0,0,E 6TH AVE & N GRANT ST,1,3,0,0,1,2,0,0,30,0,0,0,0,0,4,2,13
,2024-035127,39.71531424,-104.9593071,8/17/2024 13:30,13:30,1,0,0, UNIVERSITY BLVD & E CHERRY CREEK S DR,1,1,0,0,1,1,0,0,35,0,0,0,0,0,4,2,11
,2024-035128,39.78054016,-104.9496484,8/17/2024 13:59,13:59,12,0,0,I-70 & N STEELE ST,1,1,0,0,1,4,0,0,55,0,0,0,0,0,1,2,16
,2024-035129,39.74162538,-104.9610131,8/16/2024 18:55,18:55,3,0,0, GAYLORD ST & E 16TH AVE,1,1,0,0,1,1,0,0,30,0,0,0,0,0,4,2,13
,2024-035131,39.73464281,-104.9622576,8/11/2024 10:11,10:11,6,0,0, VINE ST & E 12TH AVE,1,1,0,0,1,4,0,0,20,0,0,0,0,0,4,2,16
,2024-035132,39.71120569,-104.9983912,8/18/2024 12:48,12:48,1,0,2,W ALAMEDA AVE & S KALAMATH ST,1,1,0,0,1,1,0,0,40,0,0,0,0,1,2,2,16
,2024-035133,39.72966885,-105.0149416,7/5/2024 18:51,18:51,12,0,1,I-25 & W ALAMEDA AVE,1,1,0,0,1,4,0,0,65,0,0,0,0,2,1,4,11
,2024-035134,39.72541474,-105.0240701,7/22/2024 8:57,8:57,5,1,0,W 6TH AVE WB COLLECTOR RAMP GORE PT & N FEDERAL BLVD OVERPASS,1,1,1,0,6,8,0,0,55,0,0,0,0,4,2,1,16
,2024-035135,39.78381267,-104.9480136,8/17/2024 22:48,22:48,12,0,0, VASQUEZ BLVD & E 48TH AVE,1,3,0,0,1,3,0,0,45,0,0,0,0,0,2,2,10
,2024-035136,39.69047739,-105.03205,8/17/2024 9:30,9:30,6,0,0, KNOX CT & W ARKANSAS AVE,1,1,0,0,1,4,0,0,25,0,0,0,0,0,4,2,14
,2024-035139,39.6287256,-104.9596505,8/18/2024 10:59,10:59,14,0,2, UNIVERSITY BLVD & CHERRY HILLS FARM DR,1,1,0,0,6,4,0,0,40,0,0,0,0,2,2,2,9
,2024-035140,39.78445197,-105.0515313,8/16/2024 15:34,15:34,15,0,0,I-70 & N SHERIDAN BLVD,1,1,0,0,1,4,0,0,55,0,0,0,0,0,1,2,13
,2024-035141,39.74000712,-104.9861326,8/16/2024 10:00,10:00,15,0,0, LINCOLN ST & E COLFAX AVE,1,1,0,0,1,1,0,0,30,0,0,0,0,0,2,2,14
,2024-035142,39.82189748,-104.7719489,8/17/2024 6:58,6:58,3,0,1,E 69TH AVE & N TOWER RD,1,1,0,0,1,1,0,0,45,0,0,0,0,3,4,3,14
,2024-035143,39.78362735,-104.7721144,8/16/2024 22:25,22:25,1,0,3, TOWER RD & E GREEN VALLEY RANCH BLVD,1,3,0,0,1,1,0,0,35,0,0,0,0,2,4,2,11
,2024-035144,39.75576556,-104.9889558,8/17/2024 11:26,11:26,10,0,0,PARK AVE W & LARIMER ST,1,1,0,0,1,1,0,0,30,0,0,0,0,0,4,2,3
,2024-035145,39.70149559,-104.9874855,8/12/2024 12:44,12:44,12,0,0,I-25 & S BROADWAY,1,1,2,0,1,4,0,0,55,0,0,0,0,0,1,3,1
,2024-035146,39.69753556,-104.8753142,8/7/2024 18:13,18:13,15,0,0, DAYTON ST & S EMPORIA ST,14,5,3,7,1,1,0,0,20,0,0,0,0,0,4,2,16
,2024-035151,39.74000026,-104.9904765,8/15/2024 12:15,12:15,15,0,0,W COLFAX AVE & N BANNOCK ST,1,1,0,0,1,3,0,0,30,0,0,0,0,0,2,2,8
,2024-035160,39.76383481,-104.9909919,7/14/2024 17:20,17:20,16,0,0,3355 DENARGO ST,1,1,0,0,5,7,0,0,10,0,0,0,0,0,3,2,16
,2024-035165,39.76816073,-104.9684148,8/14/2024 23:48,23:48,6,0,1,E 37TH AVE & N FRANKLIN ST,1,3,0,0,1,4,0,0,20,0,0,0,0,1,4,2,16
,2024-035169,39.74380484,-104.9547738,8/15/2024 13:50,13:50,11,0,2, DETROIT ST & E 17TH AVE,1,1,0,0,1,1,0,0,30,0,0,1,0,2,4,1,13
,2024-035173,39.77670335,-105.0427282,8/16/2024 13:45,13:45,3,0,0, STUART ST & W 44TH AVE,1,1,0,0,1,1,0,0,20,0,0,0,0,0,4,2,13
,2024-035174,39.79083602,-104.9602875,8/15/2024 17:44,17:44,6,0,0,4975  BRIGHTON BLVD,1,1,0,0,5,7,0,0,,0,0,0,0,0,3,2,16
,2024-035287,39.77368379,-104.8431882,8/19/2024 6:42,6:42,12,0,0,I-70 & I-225 RAMP EXT,1,1,0,0,1,4,0,0,55,0,0,0,0,0,1,2,13
,2024-035301,39.71123942,-105.0251718,8/11/2024 2:13,2:13,3,0,0,W ALAMEDA AVE & S FEDERAL BLVD,1,3,0,0,1,1,0,0,35,0,0,0,0,0,2,2,13
,2024-035302,39.74788099,-104.9956879,8/17/2024 2:24,2:24,5,0,0,16TH ST & ARAPAHOE ST,1,3,0,0,1,1,0,0,20,0,0,0,0,0,4,1,16
,2024-035307,39.65301741,-104.9146799,8/19/2024 15:11,15:11,12,0,0,E HAMPDEN AVE & S MOANCO ST PKWY,1,1,0,0,1,4,0,0,45,0,0,0,0,0,2,2,13
,2024-035312,39.78548342,-104.9001804,8/18/2024 14:10,14:10,15,0,0, QUEBEC ST SB OFF RAMP & E NORTHFIELD BLVD,1,1,0,0,1,1,0,0,40,0,0,0,0,0,2,2,8
,2024-035321,39.68935671,-104.9035124,8/19/2024 1:08,1:08,14,0,0, QUEBEC ST & E FLORIDA AVE,1,3,0,0,1,1,0,0,30,0,0,0,0,0,4,2,14
,2024-035322,39.69759626,-105.0506623,7/17/2024 13:12,13:12,6,0,0,W TENNESSEE AVE & MORRISON RD,1,1,0,0,1,4,0,0,20,0,0,0,0,0,4,2,6
,2024-035323,39.69959418,-104.9062738,8/19/2024 7:51,7:51,12,0,0,LEETSDALE DR & S ONEIDA ST,1,1,0,0,1,3,0,0,40,0,0,0,0,0,2,3,3
,2024-035324,39.77438636,-104.8657462,8/13/2024 22:52,22:52,1,0,2, HAVANA ST & I-70 EB RAMPS,1,3,0,0,1,1,0,0,35,0,0,0,0,3,4,2,14
,2024-035326,39.76712,-104.8605,8/18/2024 23:35,23:35,16,0,0,10900 E SMITH RD & N HAVANA ST,1,3,0,0,5,7,0,0,,0,0,0,0,0,3,2,11
,2024-035327,39.69674956,-105.0250716,8/16/2024 9:01,9:01,3,0,0, FEDERAL BLVD & W MISSISSIPPI AVE,1,1,0,0,1,2,0,0,,0,0,0,0,0,2,2,13
,2024-035335,39.79153081,-104.8386018,8/16/2024 17:15,17:15,12,0,0,5375  TULSA WAY & E ELMENDORF PL,1,1,0,0,1,4,0,0,20,0,0,0,0,0,4,2,7
,2024-035343,39.77053012,-105.0027424,8/11/2024 0:15,0:15,5,0,0,W 39TH AVE & N MARIPOSA ST,1,4,0,0,3,4,0,0,,0,0,0,0,0,4,2,16
,2024-035344,39.73793085,-105.0298535,7/26/2024 2:50,2:50,3,0,0,W HOWARD PL & N IRVING ST,1,3,0,0,1,1,0,0,25,0,0,0,0,0,4,2,16
,2024-035349,39.71121111,-104.9024927,8/19/2024 15:25,15:25,12,0,0,E ALAMEDA AVE & S QUEBEC ST,1,1,0,7,1,3,0,0,40,0,0,0,0,0,4,2,16
,2024-035352,39.74476891,-104.9597905,8/19/2024 11:25,11:25,3,0,0, JOSEPHINE ST & E 18TH AVE,1,1,0,0,1,1,0,0,30,0,0,0,0,0,4,2,11