id,drcog_id,latitude,longitude,crashtime,time,crashtype,numbkilled,numbinjurd,drcoglocat,rdconditin,lightngcon,roadcntgrd,weatherco,location,roaddescrp,schoolzone,constrzone,splimit,bikeinv,pedinv,sctrinv,motoinv,svrty,rdsystem,ttlvehcls,hcf
,2024-035353,39.76141866,-104.9034354,8/19/2024 6:33,6:33,3,0,1,E MLK JR BLVD & N QUEBEC ST,1,1,0,0,1,1,0,0,35,0,0,0,0,1,4,2,13
,2024-035354,39.69294345,-104.940549,8/18/2024 22:09,22:09,1,0,1,E LOUISIANA AVE & S COLORADO BLVD,1,3,0,0,1,1,0,0,40,0,0,0,0,2,2,2,13
,2024-035355,39.72569483,-105.0394602,8/12/2024 14:23,14:23,12,0,0,W 6TH AVE & N PERRY ST,1,1,0,0,1,1,0,0,55,0,0,0,0,0,2,2,1
,2024-035356,39.7611988,-104.9027528,8/17/2024 7:17,7:17,12,0,0, QUEBEC ST & E MLK JR BLVD,1,1,0,0,1,3,0,0,35,0,0,0,0,0,4,2,3
,2024-035364,39.78079344,-104.9885525,8/19/2024 9:50,9:50,15,0,0,I-70 WB OFF RAMP & I-25 NB,1,1,0,0,1,8,0,0,45,0,0,0,0,0,4,2,13
,2024-035365,39.71118523,-104.9924341,7/27/2024 3:54,3:54,5,0,0,W ALAMEDA AVE & S CHEROKEE ST,1,3,0,0,3,1,0,0,35,0,0,0,0,0,4,1,2
,2024-035373,39.72558164,-105.0134127,8/19/2024 13:20,13:20,12,0,1,I-25 & W 6TH AVE,1,1,0,0,1,4,0,0,55,0,0,0,0,1,1,2,11
,2024-035376,39.78333448,-105.009013,8/19/2024 7:02,7:02,12,0,0,I-70 & N PECOS ST,1,1,1,0,1,4,0,0,55,0,0,0,0,0,1,3,13
,2024-035377,39.79759563,-104.8200776,8/19/2024 8:17,8:17,10,0,0,E RANDOLPH PL & N CROWN BLVD,1,1,0,0,1,3,0,0,25,0,0,0,0,0,4,2,12
,2024-035393,39.74004915,-105.0000673,8/16/2024 9:13,9:13,15,0,0,W COLFAX AVE & N KALAMATH ST,1,1,0,0,1,1,0,0,30,0,0,0,0,0,2,2,11
,2024-035396,39.69859579,-104.9035551,8/5/2024 23:06,23:06,3,0,1, QUEBEC ST & LEETSDALE DR,1,3,0,0,1,1,0,0,35,0,0,0,0,3,2,2,13
,2024-035399,39.758408,-105.0161838,8/16/2024 13:34,13:34,6,0,0,W 29TH AVE & N ZUNI ST,1,1,1,1,1,4,0,0,35,0,0,0,0,0,4,2,16
,2024-035400,39.67257111,-105.0288435,8/19/2024 6:45,6:45,6,0,0, HOOKER ST & W HARVARD AVE,1,1,0,0,1,4,0,0,20,0,0,0,0,0,4,2,16
,2024-035401,39.76075252,-104.9708862,8/17/2024 3:05,3:05,3,0,0, LAFAYETTE ST & E 31ST AVE,1,3,0,0,1,1,0,0,,0,0,0,0,0,4,2,16
,2024-035402,39.72736665,-104.9406272,8/18/2024 9:45,9:45,12,0,0, COLORADO BLVD & E 7TH AVE,1,1,0,0,1,1,0,0,30,0,0,0,0,0,2,2,3
,2024-035407,39.74007555,-104.9405412,8/18/2024 3:21,3:21,5,0,0,E COLFAX AVE & N COLORADO BLVD,1,3,0,0,6,4,0,0,30,0,0,0,0,0,2,1,16
,2024-035408,39.77852911,-104.9108723,8/15/2024 12:16,12:16,12,0,0,I-70 & N NORTHFIELD QUEBEC ST,1,1,0,0,1,4,0,0,55,0,0,0,0,0,1,2,7
,2024-035409,39.67087178,-104.8752294,8/18/2024 2:00,2:00,6,0,0, DAYTON WY & E HARVARD AVE,1,3,1,0,1,4,0,0,25,0,0,0,0,0,4,3,16
,2024-035410,39.78419152,-104.823024,8/19/2024 0:30,0:30,6,0,0,14425 E 50TH AVE & BOLLING DR,1,3,0,0,1,4,0,0,,0,0,0,0,0,4,2,16
,2024-035414,39.76911722,-104.9952968,8/18/2024 22:49,22:49,1,0,0,W 38TH AVE & N FOX ST,1,3,1,0,1,1,0,0,30,0,0,0,0,0,1,2,11
,2024-035415,39.7443353,-104.995012,8/18/2024 5:52,5:52,15,0,0,STOUT ST & 14TH ST,1,1,0,0,1,2,0,0,20,0,0,0,0,0,4,2,13
,2024-035416,39.750225,-105.0047788,8/18/2024 11:48,11:48,3,0,1,WEWATTA ST & N SPEER BLVD,1,1,0,0,1,1,0,0,30,0,0,0,0,1,4,3,13
,2024-035419,39.69713356,-104.9405909,8/9/2024 2:37,2:37,5,0,0, COLORADO BLVD & E MISSISSIPPI AVE,1,3,0,0,3,4,0,0,,0,0,0,0,0,2,1,16
,2024-035420,39.77304464,-104.8336826,8/11/2024 21:50,21:50,12,0,1,I-70 & N PEORIA ST,1,3,0,0,1,8,0,0,55,0,0,0,0,2,1,2,16
,2024-035424,39.72528232,-105.0132098,8/18/2024 21:00,21:00,12,0,0,I-25 & W 6TH AVE,1,3,0,0,1,4,0,0,,0,0,0,0,0,1,2,16
,2024-035427,39.78015418,-105.006447,8/16/2024 6:40,6:40,2,0,1, PECOS ST & W 46TH AVE,1,1,0,0,1,1,0,0,0,1,0,0,0,2,4,1,16
,2024-035428,39.67847619,-104.9234244,8/17/2024 14:00,14:00,1,0,0,E EVANS AVE & S HUDSON ST,1,1,0,0,1,1,0,0,30,0,0,0,0,0,4,2,2
,2024-035429,39.62418794,-105.0944564,8/14/2024 20:21,20:21,1,1,1,W BELLEVIEW AVE & S DUDLEY ST,1,3,0,0,1,1,0,0,35,0,0,0,1,4,4,2,1
,2024-035431,39.75491595,-105.0381462,8/16/2024 21:34,21:34,6,0,1, OSCEOLA ST & W 26TH AVE,1,3,0,0,1,4,0,0,25,0,0,0,0,1,4,3,16
,2024-035434,39.78027659,-105.025278,7/28/2024 17:30,17:30,12,0,0, FEDERAL BLVD & W 46TH AVE,1,1,0,0,1,3,0,0,,0,0,0,0,0,2,2,16
,2024-035435,39.73846205,-104.9968959,8/18/2024 10:42,10:42,3,0,1, SPEER BLVD & W 14TH AVE,1,1,0,0,1,1,0,0,35,0,0,0,0,2,4,2,13
,2024-035437,39.73515201,-104.9574377,7/31/2024 9:46,9:46,2,0,1,E 12TH AVE & N COLUMBINE ST,1,1,0,0,1,1,0,0,,1,0,0,0,2,4,1,16
,2024-035438,39.72552599,-105.0228483,7/29/2024 5:45,5:45,15,0,0,W 6TH AVE & N FEDERAL BLVD,1,1,0,0,1,4,0,0,45,0,0,0,0,0,2,2,13
,2024-035440,39.70931071,-104.9809621,8/17/2024 10:27,10:27,5,0,0, PENNSYLVANIA ST ALLEY & E DAKOTA AVE,1,1,1,0,3,9,0,0,15,0,0,0,0,0,4,1,14
,2024-035442,39.78196351,-104.8017286,8/9/2024 1:29,1:29,6,0,0, KITTREDGE ST & E WARNER DR,1,3,1,0,1,4,0,0,,0,0,0,0,0,4,2,16
,2024-035460,39.77836664,-105.0474351,8/17/2024 14:14,14:14,2,0,1, WINONA CT & W 45TH AVE,1,1,0,0,1,1,0,0,25,1,0,0,0,2,4,1,13
,2024-035571,39.74883389,-105.0251651,6/13/2024 13:30,13:30,15,0,0,W 22ND AVE & W 21ST AVE,1,1,0,0,1,4,0,0,40,0,0,0,0,0,2,2,13
,2024-035572,39.76521628,-104.898848,7/26/2024 16:31,16:31,3,0,0,E 35TH AVE & N SYRACUSE ST,1,1,0,0,1,1,0,0,,0,0,0,0,0,4,2,1
,2024-035575,39.77724687,-104.8841083,8/20/2024 9:44,9:44,12,0,0,I-70 & N CENTRAL PARK BLVD,1,1,0,0,1,4,0,0,55,0,0,0,0,0,1,2,13
,2024-035597,39.66777874,-105.0517818,8/20/2024 8:23,8:23,3,0,3, ZURICH CT & W YALE AVE,1,1,0,0,1,1,0,0,25,0,0,0,0,2,4,3,13
,2024-035598,39.80557167,-104.7721181,8/19/2024 14:10,14:10,3,0,0,E 60TH AVE & N TOWER RD,1,1,0,0,1,2,0,0,20,0,0,0,0,0,4,2,1
,2024-035599,39.74321722,-104.9610079,8/19/2024 11:15,11:15,10,0,0,E 17TH AVE & N GAYLORD ST,1,1,0,0,1,1,0,0,30,0,0,0,0,0,4,2,3
,2024-035600,39.72413233,-104.9985771,8/19/2024 16:53,16:53,3,0,1,W 5TH AVE & N SANTA FE DR,11,1,0,1,1,1,0,0,30,0,0,0,0,2,4,3,11
,2024-035605,39.73681838,-104.9610522,7/25/2024 3:40,3:40,6,0,0,E 13TH AVE & N GAYLORD ST,1,3,0,0,1,3,0,0,30,0,0,0,0,0,4,3,16
,2024-035606,39.74274251,-105.0323653,8/18/2024 17:00,17:00,6,0,0,W 16TH AVE & JULIAN ST,1,1,0,0,1,4,0,0,25,0,0,0,0,0,4,2,13
,2024-035611,39.71053033,-104.9988497,8/20/2024 13:45,13:45,15,0,1,I-25 SB OFF RAMP & OFF RAMP TO SANTA FE DR GORE PT,1,1,0,0,1,8,0,0,,0,0,0,0,2,1,2,16
,2024-035615,39.7000326,-104.9075173,8/16/2024 6:52,6:52,1,0,1,6910 LEETSDALE DR & S ONEIDA ST,1,1,0,0,1,2,0,0,35,0,0,0,0,1,2,2,14
,2024-035616,39.78957468,-104.7721427,8/19/2024 8:30,8:30,15,0,0, TOWER RD & E 51ST AVE,1,1,0,0,1,3,0,0,40,0,0,0,0,0,4,2,16
,2024-035617,39.78416609,-105.0532753,8/19/2024 14:48,14:48,12,0,0, SHERIDAN BLVD & W 48TH AVE,1,1,0,0,1,4,0,0,30,0,0,0,0,0,2,2,3
,2024-035618,39.72563389,-104.9848786,8/19/2024 10:15,10:15,15,0,0,E 6TH AVE & N SHERMAN ST,1,1,0,0,1,1,0,0,30,0,0,0,0,0,4,2,3
,2024-035619,39.71835593,-104.9862385,8/20/2024 8:51,8:51,10,0,2, LINCOLN ST & E 1ST AVE,1,1,0,0,1,1,0,0,30,0,0,0,0,2,4,2,13
,2024-035620,39.70301881,-104.9947676,8/4/2024 18:00,18:00,15,0,1, SANTA FE DR & W MISSISSIPPI AVE,1,1,0,0,1,4,0,0,55,0,0,0,0,1,2,2,13
,2024-035621,39.73686645,-104.9916491,8/19/2024 16:15,16:15,10,0,2,W 13TH AVE & N CHEROKEE ST,1,1,0,0,1,1,0,0,30,0,0,0,0,1,4,2,13
,2024-035622,39.81462014,-104.7720774,8/20/2024 9:28,9:28,3,0,1,E 65TH AVE & N TOWER RD,1,1,0,0,1,1,0,0,20,0,0,0,0,1,4,2,13
,2024-035623,39.73845002,-104.9903081,7/20/2024 21:23,21:23,8,0,0,W 14TH AVE & BANNOCK ST,11,3,0,1,1,4,0,0,,0,0,0,0,0,4,2,16
,2024-035624,39.6940937,-104.9734132,8/20/2024 7:41,7:41,6,0,1, DOWNING ST & E LOUISIANA AVE,1,1,0,0,1,4,0,0,30,0,0,0,0,2,4,2,10
,2024-035625,39.72650341,-105.0139606,8/20/2024 10:18,10:18,15,0,0,I-25 & W 6TH AVE,1,1,0,0,1,4,0,0,55,0,0,0,0,0,1,2,13
,2024-035626,39.72561841,-105.014002,8/20/2024 17:54,17:54,12,0,0,W 6TH AVE & I-25,1,1,0,0,1,4,0,0,55,0,0,0,0,0,2,2,13
,2024-035627,39.73870282,-104.9034649,8/20/2024 7:33,7:33,3,0,1, QUEBEC ST & E 14TH AVE,1,1,0,0,1,1,0,0,20,0,0,0,0,1,4,2,13
,2024-035628,39.7753175,-104.8468059,8/20/2024 8:14,8:14,12,0,0,I-70 WB OFF RAMP SLIP & N PEORIA ST,14,1,3,0,1,8,0,0,45,0,0,0,0,0,1,2,13
,2024-035629,39.72932072,-105.0139883,8/16/2024 23:06,23:06,11,0,0, WYANDOT ST & W 8TH AVE,1,3,0,0,1,1,0,0,0,0,1,1,0,0,1,1,16
,2024-035630,39.79222509,-104.8144489,8/17/2024 23:05,23:05,6,0,0, EAGLE ST & E 53RD AVE,1,4,0,0,1,4,0,0,20,0,0,0,0,0,4,4,16
,2024-035631,39.78049163,-104.9585649,8/10/2024 13:27,13:27,12,0,0,I-70 & N YORK ST,1,1,0,0,1,4,0,0,,0,0,0,0,0,1,2,16
,2024-035632,39.7785545,-104.9887822,8/18/2024 14:52,14:52,5,0,5,I-25 NB OFF RAMP TO -70 & I-70 WB,1,1,0,0,2,8,0,0,55,0,0,0,0,3,1,1,16
,2024-035633,39.72386717,-104.9862483,8/20/2024 13:22,13:22,12,0,0, LINCOLN  ST & E 5TH AVE,1,1,0,0,1,3,0,0,30,0,0,0,0,0,4,2,8
,2024-035635,39.78391926,-105.0532781,8/20/2024 13:49,13:49,12,0,0, SHERIDAN BLVD & W 48TH AVE,1,1,1,7,1,3,0,0,35,0,0,0,0,0,2,2,3
,2024-035636,39.74747962,-104.9734937,8/19/2024 14:40,14:40,5,0,1,E 20TH AVE & N DOWNING ST,1,1,0,0,4,1,0,0,25,0,0,0,0,1,4,1,14
,2024-035638,39.72098357,-104.959435,6/23/2024 21:14,21:14,3,0,4, UNIVERSITY BLVD & E 3RD AVE,1,3,0,0,1,1,0,0,30,0,0,0,1,3,4,2,4
,2024-035639,39.78023797,-104.9669898,8/19/2024 13:35,13:35,15,0,0,I-70 & N BRIGHTON BLVD,1,1,1,0,1,4,0,0,,0,0,0,0,0,1,2,16
,2024-035640,39.77376943,-104.8421187,8/20/2024 8:32,8:32,12,0,0,I-70 & N PEORIA ST,1,1,1,0,1,4,0,0,55,0,0,0,0,0,1,2,2
,2024-035641,39.76031074,-105.0252437,8/12/2024 17:50,17:50,14,0,0, FEDERAL BLVD & N SPEER BLVD,1,1,0,0,6,1,0,0,,0,0,0,0,0,2,2,16
,2024-035642,39.74402568,-105.0252086,8/15/2024 15:11,15:11,11,0,1, FEDERAL BLVD & W 17TH AVE,1,1,0,0,1,1,0,0,35,0,1,0,0,2,2,1,13
,2024-035643,39.77412225,-104.8827889,8/19/2024 7:30,7:30,14,0,0, CENTRAL PARK BLVD & E 40TH AVE,1,1,1,0,1,1,0,0,35,0,0,0,0,0,4,2,14
,2024-035644,39.77727332,-104.7707875,8/19/2024 12:15,12:15,6,0,0, ANDES CT & N ANDES WY,1,1,0,0,1,4,0,0,20,0,0,0,0,0,4,2,13
,2024-035645,39.68039778,-105.0052478,8/15/2024 15:07,15:07,5,0,0, OSAGE ST & W ASBURY AVE,1,1,1,0,3,2,0,0,20,0,0,0,0,0,4,1,3
,2024-035646,39.77297997,-104.9388479,8/18/2024 18:08,18:08,6,0,1,4055  ALBION ST & N COLORADO BLVD,1,1,0,0,1,12,0,0,25,0,0,0,0,1,4,4,1
,2024-035647,39.6822722,-105.0250198,6/17/2024 13:30,13:30,12,0,0, FEDERAL BLVD & W JEWELL AVE,1,1,0,0,1,1,0,0,,0,0,0,0,0,2,2,16
,2024-035648,39.77620384,-104.8829811,8/18/2024 12:26,12:26,2,0,0,I-70 EB OFF RAMP & N CENTRAL PARK BLVD,1,1,0,0,1,1,0,0,40,1,0,0,0,0,4,1,16
,2024-035649,39.79839407,-104.7721172,8/12/2024 4:40,4:40,3,0,2, TOWER RD & E 56TH AVE,1,3,0,0,1,1,0,0,35,0,0,0,0,2,4,2,16
,2024-035650,39.69113564,-104.9405476,8/19/2024 15:30,15:30,12,0,0, COLORADO BLVD & E ARKANSAS AVE,1,1,0,0,1,1,0,0,30,0,0,0,0,0,2,2,3
,2024-035653,39.66036924,-105.0251661,8/20/2024 8:00,8:00,14,0,0,W DARTMOUTH AVE & S PANCRATIA ST,1,1,0,0,1,1,0,0,20,0,0,0,0,0,4,2,14
,2024-035654,39.75465598,-104.9923493,8/17/2024 17:25,17:25,14,0,0,21ST ST & MARKET ST,1,1,1,1,1,4,0,0,20,0,0,0,0,0,4,2,14
,2024-035656,39.69288571,-104.9874693,8/9/2024 19:25,19:25,12,0,0, BROADWAY ST & W LOUISIANA AVE,1,3,0,0,1,4,0,0,30,0,0,0,0,0,4,3,3
,2024-035661,39.77448727,-104.7905577,8/20/2024 8:28,8:28,12,0,0,PENA BLVD & E 40TH AVE,1,1,1,0,1,4,0,0,55,0,0,0,0,0,4,2,16
,2024-035662,39.76939804,-105.0296261,8/5/2024 15:00,15:00,12,0,0,W 38TH AVE & N IRVING ST,1,1,0,0,1,4,0,0,35,0,0,0,0,0,4,3,16
,2024-035663,39.71696076,-104.8957836,8/8/2024 18:10,18:10,15,0,0,E LOWRY BLVD & E FAIRMOUNT DR,1,1,0,0,1,6,0,0,35,0,0,0,0,0,4,2,16
,2024-035664,39.72260308,-104.9940034,8/19/2024 14:15,14:15,6,0,0, ELATI ST & E 4TH AVE,1,1,0,0,1,4,0,0,,0,0,0,0,0,4,2,16
,2024-035667,39.75014602,-104.9962084,7/7/2024 16:10,16:10,2,0,0,17TH ST & LARIMER ST,1,1,0,0,1,1,0,0,0,1,0,0,0,0,4,1,16
,2024-035668,39.72570817,-104.9985729,8/16/2024 14:27,14:27,15,0,0, SANTA FE DR & W 6TH AVE,1,1,0,0,1,4,0,0,25,0,0,0,0,0,4,2,13
,2024-035669,39.75121054,-105.0252855,8/18/2024 13:20,13:20,1,0,1, FEDERAL BLVD & 23RD AVE,1,1,1,0,1,1,0,0,,0,0,0,0,1,2,2,16
,2024-035670,39.77368379,-104.8431882,8/19/2024 8:51,8:51,12,0,0,I-70 & I-225 RAMP EXT,1,1,0,0,1,4,0,0,55,0,0,0,0,0,1,2,3
,2024-035671,39.77480899,-104.8563032,8/20/2024 7:41,7:41,15,0,0,I-70 & S PEORIA ST,1,1,0,0,1,4,0,0,55,0,0,0,0,0,1,3,7
,2024-035672,39.7983383,-104.8758252,8/20/2024 20:08,20:08,15,0,0,E 56TH AVE & N DALLAS ST,1,3,0,0,1,4,0,0,,0,0,0,0,0,4,2,16
,2024-035673,39.77945046,-104.7721394,8/20/2024 14:25,14:25,12,0,0, TOWER RD & E 45TH AVE,1,1,1,0,1,4,0,0,40,0,0,0,0,0,4,2,1
,2024-035674,39.72580853,-105.0532502,8/20/2024 7:55,7:55,12,0,0,W 6TH AVE & N SHERIDAN BLVD,1,1,0,0,1,4,0,0,55,0,0,0,0,0,2,2,3
,2024-035675,39.74028116,-105.0124023,8/20/2024 3:28,3:28,3,0,0,W COLFAX AVE & I-25 SB OFF RAMP,1,3,0,0,1,1,0,0,35,0,0,0,0,0,2,2,16
,2024-035676,39.73562725,-104.8917155,8/10/2024 2:16,2:16,6,0,0,E 12TH AVE & N VALENTIA ST,1,3,0,0,1,4,0,0,30,0,0,0,0,0,4,2,16
,2024-035677,39.74004275,-104.9835797,8/16/2024 13:00,13:00,12,0,1,E COLFAX AVE & N GRANT ST,1,1,0,0,1,1,0,0,35,0,0,0,0,1,2,3,3
,2024-035678,39.75934889,-104.903197,8/19/2024 13:10,13:10,1,0,2, QUEBEC ST & E 29TH DR,1,1,0,0,1,1,0,0,25,0,0,0,0,2,4,2,11
,2024-035679,39.66771915,-105.0251113,8/20/2024 7:49,7:49,12,0,1, FEDERAL BLVD & W YALE AVE,1,1,0,0,1,4,0,0,35,0,0,0,0,1,2,2,13
,2024-035680,39.83013037,-104.7468864,8/6/2024 4:53,4:53,12,0,1,E-470 & PENA BLVD,1,3,0,0,1,4,0,0,75,0,0,0,1,3,1,2,14
,2024-035682,39.77563274,-104.8658359,8/20/2024 9:27,9:27,15,0,0,I-70 & HAVANA ST,1,1,0,0,1,4,0,0,55,0,0,0,0,0,1,2,13
,2024-035683,39.72372891,-105.0115294,8/20/2024 13:00,13:00,15,0,0,I-25 & W 6TH AVE,1,1,0,0,1,4,0,0,55,0,0,0,0,0,1,2,13
,2024-035684,39.77612538,-104.7905429,8/19/2024 14:15,14:15,12,0,0,PENA BLVD OB OFF RAMP & E 40TH AVE OFF RAMP GORE PT,1,1,0,0,1,8,0,0,65,0,0,0,0,0,2,2,14
,2024-035685,39.77860032,-104.9222475,8/20/2024 15:34,15:34,12,0,0,I-70 & HOLLY ST,1,1,0,0,1,4,0,0,55,0,0,0,0,0,1,2,7
,2024-035686,39.65436107,-105.0531222,8/20/2024 7:01,7:01,12,0,0, SHERIDAN BLVD & W HAMPDEN AVE FRTG RD,1,1,3,0,1,3,0,0,40,0,0,0,0,0,2,2,16
,2024-035687,39.81277762,-104.774466,8/20/2024 10:22,10:22,3,0,0, YAMPA ST & E 64TH AVE,1,1,0,0,1,1,0,0,20,0,0,0,0,0,4,2,13
,2024-035688,39.79795638,-104.8471792,8/20/2024 7:13,7:13,15,0,0, PEORIA ST & E 56TH AVE,1,1,0,0,1,4,0,0,45,0,0,0,0,0,4,2,3
,2024-035689,39.67842448,-104.9651423,8/20/2024 9:59,9:59,12,0,0,E EVANS AVE & S HIGH ST,1,1,0,0,1,3,0,0,35,0,0,0,0,0,4,2,1
,2024-035690,39.63107554,-104.9060924,8/20/2024 9:38,9:38,15,0,0,I-225 SB OFF RAMP & SB CONNECTOR RAMP TO E BELLEVIEW MERGE PT,1,1,0,0,1,8,0,0,55,0,0,0,0,0,1,2,10
,2024-035733,39.75508787,-105.0132836,3/29/2024 21:04,21:04,12,0,0,I-25 & SB OFF RAMP EXIT TO W 23RD AVE,1,3,0,0,1,4,0,0,55,0,0,0,0,0,1,3,16
,2024-035734,39.70141195,-104.9873871,6/11/2024 6:31,6:31,15,0,0,I-25 & S BROADWAY,1,1,3,0,1,4,0,0,55,0,0,0,0,0,1,2,1
,2024-035735,39.64918964,-104.8978928,7/31/2024 13:25,13:25,12,0,0, TAMARAC DR & E KENYON AVE,1,1,3,0,1,3,0,0,30,0,0,0,0,0,4,2,13
,2024-035739,39.70574732,-105.0431859,8/20/2024 18:56,18:56,3,0,0, STUART ST & W CENTER AVE,1,1,1,0,1,1,0,0,25,0,0,0,0,0,4,3,8
,2024-035741,39.65305327,-104.9185139,8/21/2024 18:42,18:42,12,0,0,I-25 & E YALE AVE,11,1,0,1,1,4,0,0,65,0,0,0,0,0,1,2,11
,2024-035743,39.76242215,-105.0035158,8/20/2024 14:34,14:34,12,0,0,I-25 & W 20TH ST,1,1,0,0,1,4,0,0,,0,0,0,0,0,1,4,16
,2024-035744,39.72499007,-105.0161914,8/21/2024 13:25,13:25,12,0,0,W 6TH AVE & I-25 RAMP SPLIT,1,1,3,0,1,8,0,0,55,0,0,0,0,0,2,2,7
,2024-035745,39.78375726,-104.8097976,8/20/2024 22:40,22:40,3,0,1, CHAMBERS RD & E GATEWAY AVE,1,3,0,0,1,1,0,0,45,0,0,0,0,2,4,2,16
,2024-035752,39.75971023,-104.9844058,8/4/2024 1:47,1:47,6,0,0,27TH ST & LARIMER ST,1,3,0,0,1,4,0,0,30,0,0,0,0,0,4,3,16
,2024-035753,39.76143258,-105.0044941,8/20/2024 15:58,15:58,12,0,1,I-25 & 20TH ST,1,1,0,0,1,4,0,0,55,0,0,0,0,2,1,2,2
,2024-035754,39.70395082,-105.0250877,8/16/2024 22:35,22:35,15,0,1, FEDERAL BLVD & W EXPOSITION AVE,1,3,0,0,1,3,0,0,,0,0,0,0,2,2,3,16
,2024-035759,39.62806135,-104.906911,8/21/2024 17:30,17:30,11,0,2,E UNION AVE & S NEWPORT ST,1,1,1,0,1,1,0,0,,0,0,1,0,3,4,1,16
,2024-035769,39.725674,-105.0132201,8/5/2024 18:30,18:30,12,0,0,I-25 & W 6TH AVE,1,2,0,0,1,4,0,0,55,0,0,0,0,0,1,2,16
,2024-035774,39.75289491,-104.9874153,8/19/2024 16:22,16:22,15,0,0,BROADWAY & CURTIS ST,1,1,0,0,1,1,0,0,30,0,0,0,0,0,4,2,14
,2024-035775,39.78285424,-104.7554459,8/21/2024 9:15,9:15,3,0,0,E GREEN VALLEY RANCH BLVD & N HIMALAYA RD,1,1,0,0,1,1,0,0,30,0,0,0,0,0,4,2,13
,2024-035776,39.73386774,-104.9935153,8/21/2024 8:50,8:50,15,0,0,W 11TH AVE & N SPEER BLVD,1,1,0,0,1,4,0,0,30,0,0,0,0,0,4,2,13
,2024-035780,39.74028116,-105.0124023,8/21/2024 15:38,15:38,3,0,0,W COLFAX AVE & I-25 NB OFF RAMP,1,1,0,0,1,1,0,0,40,0,0,0,0,0,2,2,13
,2024-035781,39.74000712,-104.9861326,8/20/2024 2:30,2:30,3,0,0, LINCOLN ST & E COLFAX AVE,1,3,0,0,1,1,0,0,30,0,0,0,0,0,2,2,3
,2024-035782,39.77940992,-104.9858507,8/21/2024 8:20,8:20,3,0,1,E 46TH AVE & N LINCOLN ST,1,1,0,0,1,1,0,0,20,0,0,0,0,2,4,2,11
,2024-035783,39.743803,-104.953616,8/20/2024 15:19,15:19,3,0,1,E 17TH AVE & DETROIT ST,1,1,0,0,1,1,0,0,15,0,0,0,0,2,4,2,13
,2024-035784,39.77295807,-104.8302398,4/12/2024 16:24,16:24,15,0,2,I-70 WB FLYOVER ON RAMP FROM NB -224 & I-70 ML UNDERPASS,14,1,3,7,1,8,0,0,55,0,0,0,0,2,1,2,16
,2024-035785,39.76061369,-104.9001075,8/11/2024 17:00,17:00,12,0,0,E MLK BLVD & N ROSLYN ST,1,1,0,0,1,4,0,0,35,0,0,0,0,0,4,2,16
,2024-035789,39.78065839,-104.9417199,8/9/2024 15:17,15:17,15,0,0,I-70 WB ON RAMP & COLORADO BLVD,1,1,1,0,1,8,0,0,30,0,0,0,0,0,1,2,3
,2024-035791,39.72893866,-105.0028429,8/21/2024 10:59,10:59,3,0,0, MARIPOSA ST & W 8TH AVE,1,1,1,0,1,1,0,0,20,0,0,0,0,0,4,2,14
,2024-035792,39.78123565,-104.8470153,8/21/2024 12:28,12:28,12,0,0, PEORIA ST & E 47TH AVE,1,1,0,0,1,4,0,0,35,0,0,0,0,0,4,2,13
,2024-035793,39.72005141,-104.8908629,7/29/2024 7:39,7:39,15,0,1,E LOWRY BLVD & N UNITA WAY,1,1,0,0,1,6,0,0,35,0,0,0,0,2,4,2,10
,2024-035794,39.77568005,-104.8663837,7/16/2024 16:30,16:30,12,0,1,I-70 & N HAVANA ST,1,1,0,0,1,4,0,0,55,0,0,0,0,1,1,2,16
,2024-035795,39.73289609,-104.9081912,8/14/2024 6:08,6:08,5,0,0,E 11TH AVE & N ONEIDA ST,1,3,0,0,3,1,0,0,20,0,0,0,0,0,4,1,16
,2024-035796,39.62565706,-104.9028221,8/16/2024 8:40,8:40,15,0,0,I-25 & E BELLEVIEW AVE,1,1,0,0,1,4,0,0,65,0,0,0,0,0,1,2,16
,2024-035799,39.77108816,-104.8470353,8/20/2024 9:35,9:35,3,0,0,E 39TH AVE & N PEORIA ST,1,1,0,0,1,1,0,0,35,0,0,0,0,0,4,2,16
,2024-035800,39.67501085,-105.025042,8/20/2024 15:45,15:45,1,0,3, FEDERAL BLVD & W ILIFF AVE,1,1,0,0,1,1,0,0,35,0,0,0,0,1,2,2,11
,2024-035803,39.76182436,-104.9093586,8/21/2024 7:57,7:57,12,0,0,E MLK BLVD & N NEWPORT ST,1,1,0,0,1,4,0,0,35,0,0,0,0,0,4,2,16
,2024-035804,39.73685885,-104.9953081,8/16/2024 7:31,7:31,2,0,1,W 13TH AVE & N FOX ST,1,1,0,0,1,1,0,0,35,1,0,0,0,2,4,1,16
,2024-035805,39.67846341,-104.93238,7/29/2024 8:00,8:00,15,0,0,E EVANS AVE & I-25 NB RAMPS,1,1,0,0,1,4,0,0,,0,0,0,0,0,4,2,16
,2024-035806,39.72932336,-105.0150501,8/20/2024 15:29,15:29,12,0,0,I-25 & W 8TH AVE,1,1,0,0,1,4,0,0,55,0,0,0,0,0,1,3,13
,2024-035808,39.75884091,-104.864373,8/20/2024 23:00,23:00,5,0,0,10664 E MLK JR BLVD,1,3,0,0,3,9,0,0,25,0,0,0,0,0,4,1,14
,2024-035810,39.72412909,-105.0119527,7/28/2024 10:57,10:57,12,0,0,I-25 & W 6TH AVE,1,1,0,0,1,4,0,0,55,0,0,0,0,0,1,2,11