id,drcog_id,latitude,longitude,crashtime,time,crashtype,numbkilled,numbinjurd,drcoglocat,rdconditin,lightngcon,roadcntgrd,weatherco,location,roaddescrp,schoolzone,constrzone,splimit,bikeinv,pedinv,sctrinv,motoinv,svrty,rdsystem,ttlvehcls,hcf
,2024-035811,39.70570534,-104.9839817,7/27/2024 23:36,23:36,3,0,0, GRANT ST & E CENTER AVE,1,3,0,0,1,1,0,0,20,0,0,0,0,0,4,2,16
,2024-035813,39.76206592,-104.9027442,8/20/2024 13:30,13:30,12,0,1,QUEBEC ST & E MLK BLVD,1,1,0,0,1,4,0,0,35,0,0,0,0,2,4,2,11
,2024-035814,39.76935412,-105.0274401,8/20/2024 19:06,19:06,3,0,0,W 38TH AVE & GROVE ST,1,1,0,0,1,1,0,0,35,0,0,0,0,0,4,2,13
,2024-035815,39.69311534,-105.0250363,7/28/2024 2:14,2:14,12,0,0, FEDERAL BLVD & W LOUISIANA AVE,1,3,0,0,1,3,0,0,35,0,0,0,0,0,2,2,11
,2024-035816,39.71652001,-104.9875024,8/10/2024 2:13,2:13,12,0,0, BROADWAY & E ELLSWORTH AVE,1,3,0,0,1,4,0,0,,0,0,0,0,0,4,3,16
,2024-035817,39.77997156,-104.9656987,8/21/2024 12:45,12:45,15,0,0,I-70 & N BRIGHTON BLVD,1,1,0,0,1,4,0,0,55,0,0,0,0,0,1,2,13
,2024-035818,39.76074902,-104.959759,8/21/2024 7:33,7:33,3,0,1, YORK ST & E 31ST AVE,1,1,0,0,1,1,0,0,20,0,0,0,0,1,4,2,16
,2024-035822,39.71120954,-104.9015641,8/17/2024 10:10,10:10,12,0,2,E ALAMEDA AVE & S QUEBEC ST,1,1,0,0,1,4,0,0,40,0,0,0,0,1,4,3,10
,2024-035828,39.72922983,-104.9338308,8/20/2024 15:30,15:30,3,0,0,E 8TH AVE & N CHERRY ST,1,1,0,0,1,1,0,0,25,0,0,0,0,0,4,3,11
,2024-035829,39.71119469,-104.9988902,8/20/2024 14:30,14:30,6,0,1,I-25 & W ALAMEDA AVE,1,1,0,0,3,4,0,0,55,0,0,0,0,2,1,2,3
,2024-035830,39.74327318,-104.982339,8/18/2024 14:49,14:49,2,0,1, LOGAN ST & E 17TH AVE,1,1,0,0,1,1,0,0,0,1,0,0,0,2,4,1,16
,2024-035834,39.71814891,-105.0397023,8/21/2024 9:21,9:21,3,0,1,W 1ST AVE & N PERRY ST,1,1,0,0,1,1,0,0,30,0,0,0,0,1,4,2,16
,2024-035835,39.7367941,-104.9505586,8/20/2024 13:30,13:30,2,0,1,E 13TH AVE & SAINT PAUL ST,1,1,0,0,1,1,0,0,0,1,0,0,0,2,4,1,16
,2024-035838,39.74004921,-105.0000595,8/21/2024 15:32,15:32,15,0,0,W COLFAX AVE & N KALAMATH ST,1,1,0,0,1,1,0,0,35,0,0,0,0,0,2,2,16
,2024-035839,39.7765122,-105.0064342,8/21/2024 16:37,16:37,11,0,1, PECOS ST & W 44TH AVE,1,1,0,7,1,1,0,0,0,0,0,1,0,2,4,1,16
,2024-035840,39.76188556,-104.9909929,8/21/2024 8:01,8:01,3,0,1,WEWATTA WAY & DENARGO ST,1,1,0,0,1,1,0,0,25,0,0,0,0,1,4,2,11
,2024-035843,39.75836219,-104.9838551,8/21/2024 16:46,16:46,6,0,0,2600 LAWRENCE ST,1,1,0,0,1,4,0,0,15,0,0,0,0,0,4,2,13
,2024-035845,39.76700496,-104.9994258,8/20/2024 8:15,8:15,14,0,0, JASON ST & W 36TH AVE,1,1,0,0,6,4,0,0,30,0,0,0,0,0,4,2,13
,2024-035931,39.72761025,-104.9880817,5/4/2024 19:55,19:55,15,0,0, SPEER BLVD & BRROADWAY,1,3,0,0,1,4,0,0,,0,0,0,0,0,4,2,16
,2024-035933,39.74311368,-104.9931264,7/5/2024 16:00,16:00,6,0,0,GLENARM WELTON ALY & 14TH ST,1,1,0,0,1,9,0,0,35,0,0,0,0,0,4,2,11
,2024-035934,39.7437626,-104.9407837,7/29/2024 10:40,10:40,15,0,0, COLORADO BLVD & E 17TH AVE,1,1,0,0,1,1,0,0,,0,0,0,0,0,2,2,16
,2024-035935,39.70283004,-105.0192293,8/4/2024 20:54,20:54,6,0,1, CANOSA CT & W OHIO AVE,1,4,0,0,1,4,0,0,20,0,0,0,0,3,4,3,1
,2024-035936,39.65307983,-104.8958893,8/7/2024 17:57,17:57,15,0,0,E HAMPDEN AVE & S TAMARAC DR,1,1,0,0,1,3,0,0,35,0,0,0,0,0,2,2,11
,2024-035940,39.76899735,-105.0064564,8/22/2024 8:40,8:40,6,0,0,PECOS ST & W 38TH AVE,1,1,0,0,3,4,0,0,25,0,0,0,0,0,4,2,14
,2024-035941,39.73685719,-104.9941214,8/22/2024 8:31,8:31,3,0,0,W 13TH AVE & N ELATI ST,1,1,0,0,1,1,0,0,20,0,0,0,0,0,4,2,16
,2024-035943,39.74275707,-104.9918562,8/10/2024 14:41,14:41,3,0,0,GLENARM PL & 15TH ST,1,1,0,0,1,2,0,0,30,0,0,0,0,0,4,2,11
,2024-035944,39.72124155,-105.0087084,8/1/2024 17:55,17:55,12,0,0,I-25 & SB ON RAMP ENT FROM W 6TH AVE,1,1,0,0,1,4,0,0,60,0,0,0,0,0,1,2,13
,2024-035951,39.71268978,-104.9978533,8/8/2024 8:45,8:45,10,0,0,200 S SANTA FE DR,11,1,0,1,1,2,0,0,,0,0,0,0,0,4,2,16
,2024-035954,39.78054889,-104.9490504,8/22/2024 10:35,10:35,15,0,0,I-70 & N STEELE ST,1,1,0,0,1,4,0,0,55,0,0,0,0,0,1,2,13
,2024-035955,39.73834481,-104.9461711,8/15/2024 9:26,9:26,3,0,0,E 14TH AVE & N MADISON ST,1,1,0,0,1,1,0,0,25,0,0,0,0,0,4,4,11
,2024-035957,39.61833244,-105.0910729,5/17/2024 17:00,17:00,12,0,0,W CRESTLINE AVE & S WADSWORTH BLVD,1,1,0,0,1,1,0,0,25,0,0,0,0,0,2,2,16
,2024-035958,39.69807062,-105.0514496,8/15/2024 21:13,21:13,3,0,1,MORRISON RD & W TENNESSEE AVE,1,3,0,0,1,1,0,0,30,0,0,0,0,3,4,2,13
,2024-035959,39.79825534,-104.821472,8/16/2024 7:45,7:45,15,0,0,E 56TH AVE & N CROWN BLVD,1,1,0,0,1,4,0,0,,0,0,0,0,0,4,2,16
,2024-035960,39.74028116,-105.0124023,8/9/2024 0:23,0:23,12,0,0,W COLFAX AVE & I-25 SB OFF RAMP,1,3,0,0,1,3,0,0,40,0,0,0,0,0,2,2,16
,2024-035961,39.65310606,-104.9273698,8/22/2024 9:17,9:17,12,0,0,E HAMPDEN AVE & S FOREST ST,1,1,0,0,1,4,0,0,35,0,0,0,0,0,2,4,13
,2024-035962,39.68501446,-104.9441875,8/16/2024 3:00,3:00,6,0,0, GARFIELD ST & E MEXICO AVE,1,4,0,0,1,4,0,0,20,0,0,0,0,0,4,2,16
,2024-035963,39.76927843,-105.0028527,8/4/2024 2:50,2:50,5,0,0,W 38TH AVE & N MARIPOSA ST,1,3,0,0,1,4,0,1,,0,0,0,0,0,4,1,16
,2024-035964,39.77340431,-104.8378917,8/22/2024 7:53,7:53,12,0,1,I-70 & PEORIA ST,1,1,0,0,1,4,0,0,55,0,0,0,0,1,1,2,13
,2024-035967,39.69536761,-104.9317001,8/21/2024 9:30,9:30,6,0,0,1100 S DAHLIA ST,1,1,0,0,1,4,0,0,,0,0,0,0,0,4,2,16
,2024-035968,39.72728543,-104.9835549,8/21/2024 14:00,14:00,6,0,0,E 7TH AVE & N GRANT ST,1,1,0,0,1,3,0,0,25,0,0,0,0,0,4,2,3
,2024-035969,39.74736354,-104.9034488,8/22/2024 9:15,9:15,12,0,0,QUEBEC ST & E MONTVIEW BLVD,1,1,0,0,1,3,0,0,30,0,0,0,0,0,4,2,13
,2024-035970,39.73727354,-104.897556,8/22/2024 2:39,2:39,6,0,0,E 13TH AVE & N SPRUCE ST,1,4,0,0,1,4,0,0,25,0,0,0,0,0,4,2,16
,2024-035972,39.69034009,-104.9384103,8/3/2024 3:24,3:24,6,0,0, ASH ST & E ARKANSAS AVE,1,3,0,0,1,9,0,0,20,0,0,0,0,0,4,3,16
,2024-035973,39.69660709,-104.921865,8/22/2024 7:30,7:30,12,0,0,E CHERRY CREEK  DR & S HOLLY ST,1,1,0,0,1,4,0,0,20,0,0,0,0,0,4,2,16
,2024-035974,39.72565715,-105.0532501,8/22/2024 6:40,6:40,12,0,0,W 6TH AVE & N SHERIDAN BLVD,1,1,0,0,1,8,0,0,35,0,0,0,0,0,2,2,13
,2024-035975,39.6785142,-104.9734307,8/21/2024 11:30,11:30,3,0,0, DOWNING ST & E EVANS AVE,1,1,0,0,1,1,0,0,30,0,0,0,0,0,4,2,3
,2024-035976,39.74028322,-105.0125017,8/22/2024 11:58,11:58,3,0,2,I-25 NB OFF RAMP & W COLFAX AVE,1,1,3,0,1,1,0,0,45,0,0,0,0,1,2,2,11
,2024-035977,39.71133511,-104.9364799,8/22/2024 16:10,16:10,1,0,1,E ALAMEDA AVE & LEETSDALE DR,11,1,0,1,1,2,0,0,35,0,0,0,0,1,2,2,16
,2024-035981,39.77289546,-104.9594365,8/1/2024 19:28,19:28,12,0,0,E 40TH AVE & YORK ST,1,2,0,0,1,3,0,0,,0,0,0,0,0,4,2,16
,2024-035984,39.6822722,-105.0250198,8/12/2024 18:08,18:08,15,0,0, FEDERAL BLVD & W JEWELL AVE,1,1,0,0,1,4,0,0,35,0,0,0,0,0,2,2,16
,2024-035985,39.6530794,-104.9182339,8/22/2024 12:14,12:14,12,0,0,I-25 & E HAMPDEN AVE,1,1,1,0,1,4,0,0,65,0,0,0,0,0,1,2,10
,2024-035986,39.78363496,-105.0439418,8/22/2024 9:16,9:16,15,0,0,I-70 & N TENNYSON ST,1,1,0,0,1,4,0,0,55,0,0,0,0,0,1,2,16
,2024-035987,39.69597461,-105.0173508,8/7/2024 3:30,3:30,6,0,0,W MOSIER PL & S BEACH CT,1,4,0,0,1,4,0,0,20,0,0,0,0,0,4,3,16
,2024-035988,39.73998753,-105.0028216,8/6/2024 8:00,8:00,12,0,0,MARIPOSA ST & W COLFAX AVE,1,1,0,0,1,1,0,0,35,0,0,0,0,0,2,2,13
,2024-035989,39.81276632,-104.7721169,8/17/2024 3:46,3:46,3,0,0,E 64TH AVE & N TOWER RD,1,3,0,0,1,1,0,0,,0,0,0,0,0,4,2,16
,2024-035990,39.7403543,-105.0095962,8/13/2024 13:53,13:53,15,0,0,W COLFAX AVE & I-25 SB ON RAMP FROM,1,1,0,0,1,3,0,0,40,0,0,0,0,0,2,3,1
,2024-035991,39.72566041,-104.9904601,8/22/2024 10:04,10:04,12,0,0,W 6TH AVE & N BANNOCK ST,1,1,0,0,1,3,0,0,30,0,0,0,0,0,2,2,11
,2024-035992,39.72564821,-104.9862615,8/21/2024 13:00,13:00,15,0,0, LINCOLN ST & E 6TH AVE,1,1,0,0,1,1,0,0,30,0,0,0,0,0,4,2,8
,2024-035993,39.7740069,-104.8470299,8/17/2024 23:49,23:49,12,0,1,I-70 & EB OFF RAMP TO N PEORIA ST,1,3,0,0,1,4,0,0,,0,0,0,0,1,1,3,16
,2024-035996,39.77869041,-104.9014321,8/4/2024 0:59,0:59,5,0,0,I-70 WB OFF RAMP & N QUEBEC ST,1,3,0,0,2,4,0,0,,0,0,0,0,0,1,1,16
,2024-035997,39.77467038,-104.7721683,7/30/2024 22:08,22:08,12,0,0, TOWER RD & E 43RD AVE,1,3,0,0,1,1,0,0,45,0,0,0,0,0,4,2,16
,2024-035998,39.76945852,-105.0404996,8/22/2024 11:55,11:55,1,0,2,W 38TH AVE & N QUITMAN ST,1,1,0,0,1,1,0,0,35,0,0,0,0,2,4,2,13
,2024-035999,39.78377876,-104.9222746,8/21/2024 9:19,9:19,1,0,2,E 48TH AVE & N HOLLY ST,1,1,0,0,1,1,0,0,20,0,0,0,0,1,4,2,16
,2024-036000,39.68225525,-105.0276685,8/12/2024 17:23,17:23,5,0,0,1895 S HAZEL CT,1,1,0,0,3,4,0,0,30,0,0,0,0,0,4,1,16
,2024-036001,39.73684366,-104.9846902,8/11/2024 22:39,22:39,6,0,0,E 13TH AVE & N SHERMAN ST,1,3,1,0,1,4,0,0,35,0,0,0,0,0,4,2,16
,2024-036002,39.77118879,-104.9683947,7/31/2024 13:55,13:55,6,0,0, FRANKLIN ST & E 39TH AVE,1,1,0,0,1,4,0,0,25,0,0,0,0,0,4,2,16
,2024-036003,39.77406436,-104.847694,8/20/2024 18:33,18:33,15,0,1,I-70 & N PEORIA ST,1,1,0,0,1,13,0,0,55,0,0,0,1,3,1,3,1
,2024-036006,39.70373525,-104.9258213,8/21/2024 15:45,15:45,6,0,0, FLAMINGO CT & E EXPOSITION AVE,1,1,0,0,1,4,0,0,25,0,0,0,0,0,4,2,14
,2024-036007,39.69276801,-105.0532112,6/9/2024 1:00,1:00,15,0,1, SHERIDAN BLVD & W LOUISIANA AVE,1,3,0,0,1,3,0,0,,0,0,0,0,2,2,2,16
,2024-036008,39.65303484,-104.9362966,8/22/2024 17:57,17:57,12,0,0,E HAMPDEN AVE & S BIRCH ST,11,1,0,0,1,4,0,0,45,0,0,0,0,0,2,2,13
,2024-036009,39.66748316,-104.9272674,8/22/2024 13:07,13:07,12,0,0, GLENCO ST & E YALE AVE,1,1,0,7,1,4,0,0,35,0,0,0,0,0,4,2,1
,2024-036010,39.78249102,-104.8488823,8/20/2024 11:10,11:10,6,0,0, PARIS ST & E 47TH AVE,1,1,0,0,1,4,0,0,25,0,0,0,0,0,4,2,16
,2024-036012,39.78349287,-104.9003569,8/20/2024 7:35,7:35,12,0,0,QUEBEC ST & I-270 WB RAMP,1,1,1,0,1,4,0,0,35,0,0,0,0,0,2,2,16
,2024-036013,39.75987257,-104.9749345,8/7/2024 16:00,16:00,3,0,0,31ST ST & STOUT ST,1,1,0,0,1,1,0,0,,0,0,0,0,0,4,2,16
,2024-036014,39.72413967,-104.9891905,8/22/2024 9:17,9:17,6,0,0,W 5TH AVE & N ACOMA ST,1,1,0,0,1,4,0,0,10,0,0,0,0,0,4,2,16
,2024-036015,39.75484325,-105.000665,8/21/2024 22:45,22:45,15,0,1,17TH ST & WEWATTA ST,1,3,0,0,1,4,0,0,30,0,0,0,1,2,4,2,1
,2024-036016,39.77198462,-104.9697243,8/13/2024 21:48,21:48,3,0,0,WALNUT ST & 40TH ST,1,3,0,0,1,2,0,0,30,0,0,0,0,0,4,2,11
,2024-036017,39.75442213,-104.9873775,8/21/2024 15:01,15:01,12,0,2,BROADWAY & PARK AVE W,1,1,0,0,1,1,0,0,30,0,0,0,0,1,4,2,16
,2024-036018,39.72568773,-104.9951801,8/22/2024 5:42,5:42,10,0,1,W 6TH AVE & N FOX ST,1,3,0,0,1,1,0,0,30,0,0,0,0,2,4,2,13
,2024-036021,39.71119469,-104.9988902,8/22/2024 8:12,8:12,12,0,0,I-25 NB ON RAMP FROM  SANTA FE DR & W ALAMEDA AVE OVERPASS,1,1,1,0,1,8,0,0,55,0,0,0,0,0,1,2,10
,2024-036023,39.7488,-104.9962008,8/2/2024 8:13,8:13,11,0,1,1600 LAWRENCE ST,1,1,0,0,1,4,0,0,0,0,0,1,1,2,4,1,16
,2024-036026,39.68227216,-105.0250198,8/22/2024 12:20,12:20,3,0,1,W JEWELL AVE & S FEDERAL BLVD,1,1,0,0,1,1,0,0,40,0,0,0,0,1,2,3,1
,2024-036032,39.77852206,-104.9138004,8/23/2024 15:53,15:53,12,0,0,I-70 & MM 278,1,1,0,0,1,4,0,0,65,0,0,0,0,0,1,2,4
,2024-036037,39.7925383,-104.7721477,8/22/2024 11:15,11:15,1,0,0, TOWER RD & E ELMENDORF DR,1,1,0,0,1,1,0,0,45,0,0,0,0,0,4,2,11
,2024-036038,39.7801415,-104.9633441,8/22/2024 12:29,12:29,12,0,0,I-70 & WB OFF RAMP EXIT TO N BRIGHTON ST,1,1,0,0,1,4,0,0,,0,0,0,0,0,1,2,16
,2024-036039,39.72299216,-105.0106351,8/2/2024 17:15,17:15,12,0,0,I-25 & W 6TH AVE,1,1,0,0,1,4,0,0,55,0,0,0,0,0,1,2,16
,2024-036041,39.82013932,-104.6658512,6/20/2024 21:40,21:40,15,0,0,E 68TH AVE & VALLEY HEAD ST,1,3,0,0,1,4,0,0,50,0,0,0,0,0,4,2,16
,2024-036042,39.75155468,-104.9856881,8/23/2024 13:15,13:15,6,0,0,STOUT ST & 22ND ST,1,1,0,0,1,3,0,0,35,0,0,0,0,0,4,2,11
,2024-036043,39.75175195,-104.9958687,8/22/2024 14:00,14:00,15,0,0,MARKET ST & 18TH ST,1,1,0,0,1,3,0,0,35,0,0,0,0,0,4,2,8
,2024-036044,39.65970896,-104.9214623,8/22/2024 23:08,23:08,9,0,1,I-25 & E HAMPDEN AVE,1,3,0,0,1,4,0,0,65,0,0,0,0,2,1,1,13
,2024-036046,39.76590925,-104.9428518,8/5/2024 13:51,13:51,6,0,0, JACKSON ST & E 35TH AVE,1,1,0,0,1,4,0,0,25,0,0,0,0,0,4,2,16
,2024-036047,39.69666133,-104.9918826,8/22/2024 12:00,12:00,15,0,0, SANTA FE DR & W MISSISSIPPI AVE,1,1,0,0,1,1,0,0,35,0,0,0,0,0,2,2,3
,2024-036048,39.6389529,-105.0500678,8/23/2024 8:00,8:00,12,0,0,W QUINCY AVE & S ZENOBIA ST,1,1,0,0,1,4,0,0,35,0,0,0,0,0,4,2,16
,2024-036049,39.78313483,-105.0064256,8/23/2024 6:48,6:48,12,0,0,I-70 & N PECOS ST,1,1,0,0,1,4,0,0,55,0,0,0,0,0,1,2,13
,2024-036050,39.7111009,-104.9780824,8/23/2024 9:10,9:10,1,0,0,E ALAMEDA AVE & S CLARKSON ST,1,1,1,0,1,1,0,0,30,0,0,0,0,0,4,2,13
,2024-036051,39.75454787,-104.9406248,8/22/2024 17:26,17:26,10,0,2,E 26TH AVE & COLORADO BLVD,11,1,0,1,1,4,0,0,25,0,0,0,0,3,4,2,13
,2024-036052,39.77894348,-104.8219458,8/16/2024 19:30,19:30,6,0,0,E 46TH AVE & N DURHAM CT,1,1,0,0,1,4,0,0,,0,0,0,0,0,4,2,16
,2024-036053,39.72504214,-105.0127442,8/9/2024 15:24,15:24,12,0,0,I-25 & W 6TH AVE,1,1,1,0,1,4,0,0,60,0,0,0,0,0,1,2,16
,2024-036056,39.66534768,-105.0532441,8/20/2024 12:27,12:27,12,0,0, SHERIDAN BLVD & W AMHERST AVE,1,1,0,0,1,4,0,0,40,0,0,0,0,0,2,2,16
,2024-036057,39.74044344,-105.0139599,8/23/2024 6:45,6:45,12,0,0,I-25 & W COLFAX AVE,1,1,0,0,1,4,0,0,55,0,0,0,0,0,1,2,13
,2024-036058,39.7605286,-104.9758484,8/23/2024 15:08,15:08,6,0,1,CHAMPA ST & 31ST ST,1,1,0,0,1,4,0,0,30,0,0,0,0,1,4,3,14
,2024-036059,39.65307905,-104.8987255,8/22/2024 16:45,16:45,3,0,0, TAMARAC DR & E HAMPDEN AVE,1,1,0,0,1,1,0,0,,0,0,0,0,0,2,2,16
,2024-036061,39.78219154,-104.8327798,8/22/2024 16:13,16:13,15,0,0,BLACKHAWK WAY & N CROWNE BLVD,1,1,0,0,1,4,0,0,20,0,0,0,0,0,4,2,13
,2024-036063,39.77436415,-104.8658616,8/23/2024 7:44,7:44,15,0,0, HAVANA ST & I-70 OFF RAMP,1,1,0,0,1,1,0,0,30,0,0,0,0,0,4,2,13
,2024-036066,39.72931476,-105.0251486,8/23/2024 15:52,15:52,15,0,0, FEDERAL BLVD & W 8TH AVE,1,1,0,0,1,1,0,0,35,0,0,0,0,0,2,2,7
,2024-036067,39.72884463,-104.9394587,8/23/2024 16:38,16:38,6,0,0,ALBION ST & 7TH AVE,1,1,0,0,1,4,0,0,15,0,0,0,0,0,4,2,13
,2024-036068,39.67880036,-104.9339312,8/23/2024 6:32,6:32,15,0,0,I-25 & NB OFF RAMP EXIT TO COLORADO BLVD,1,2,0,0,1,4,0,0,55,0,0,0,0,0,1,2,1
,2024-036069,39.62802345,-104.8999175,8/22/2024 13:45,13:45,3,0,0,E UNION AVE & S SYRACUSE ST,1,1,0,0,1,1,0,0,25,0,0,0,0,0,4,2,3
,2024-036072,39.72904632,-104.9899352,8/1/2024 11:55,11:55,3,0,0,W 8TH AVE & N SPEER BLVD,1,1,0,0,1,1,0,0,,0,0,0,0,0,4,2,16
,2024-036073,39.74000428,-104.9672324,8/22/2024 17:35,17:35,3,0,0,E COLFAX AVE & N GILPIN ST,11,1,0,1,1,1,0,0,20,0,0,0,0,0,2,2,11
,2024-036074,39.65311155,-104.9228095,8/23/2024 7:14,7:14,15,0,0, HOLLY ST & E HAMPDEN AVE,1,1,0,0,1,1,0,0,30,0,0,0,0,0,2,2,16
,2024-036075,39.73681273,-104.959785,8/23/2024 4:00,4:00,3,0,0,E 13TH AVE & N YORK ST,1,3,0,0,1,1,0,0,30,0,0,0,0,0,4,2,1
,2024-036076,39.71111736,-104.9971041,8/22/2024 9:00,9:00,5,0,0, SANTA FE DR & W ALAMEDA AVE,1,1,0,0,3,4,0,0,35,0,0,0,0,0,4,1,1
,2024-036080,39.74183584,-105.0147368,8/3/2024 23:52,23:52,12,0,0,I-25 SB ON RAMP FLYOVER FROM WB COLFAX AVE & I-25 ML OVERPASS,1,3,1,0,1,8,0,0,35,0,0,0,0,0,1,2,16
,2024-036082,39.66763939,-104.9091884,8/23/2024 17:33,17:33,12,0,1,E YALE AVE & S MONACO ST,1,1,0,0,1,4,0,0,35,0,0,0,0,1,4,2,7
,2024-036083,39.78024569,-104.9476222,8/23/2024 18:32,18:32,3,0,0,E 46TH AVE  & COOK ST,1,1,0,0,1,1,0,0,30,0,0,0,0,0,4,2,13
,2024-036084,39.733456,-104.9597958,8/23/2024 16:04,16:04,3,0,0,E 11TH AVE & N YORK ST,1,1,0,0,1,1,0,0,25,0,0,0,0,0,4,2,11
,2024-036088,39.720305,-105.0073884,8/23/2024 9:30,9:30,12,0,1,I-25 & W 6TH AVE FWY,1,1,1,0,1,4,0,0,55,0,0,0,0,1,1,3,7
,2024-036091,39.76321292,-104.9909923,8/21/2024 17:00,17:00,5,0,0,DENARGO ST & DELANY ST,1,2,0,0,3,1,0,0,,0,0,0,0,0,4,1,16
,2024-036092,39.7463827,-104.9889023,8/23/2024 8:14,8:14,11,0,0,18TH ST & WELTON ST,1,1,0,0,1,1,0,0,0,0,0,1,0,0,4,1,16
,2024-036093,39.78955,-104.78175,8/23/2024 15:55,15:55,1,0,0, TELLURIDE ST & E 51ST AVE,1,1,0,0,1,1,0,0,40,0,0,0,0,0,4,4,16
,2024-036094,39.68569078,-104.9391623,8/23/2024 13:11,13:11,16,0,0,E MEXICO AVE,1,1,0,0,5,7,0,0,15,0,0,0,0,0,3,1,13
,2024-036097,39.78561336,-105.0252058,8/24/2024 13:00,13:00,1,0,3, FEDERAL BLVD & W 49TH AVE,1,1,0,0,1,1,0,0,35,0,0,0,0,2,2,3,11
,2024-036106,39.72911069,-104.9601928,7/20/2024 22:44,22:44,3,0,2, YORK ST & E 8TH AVE,11,4,0,1,1,1,0,0,30,0,0,0,0,3,4,2,8
,2024-036107,39.74020276,-104.9275267,8/23/2024 14:48,14:48,15,0,0,E COLFAX AVE & N FILBERT CT,1,1,0,0,1,4,0,0,25,0,0,0,0,0,2,2,13
,2024-036109,39.76074896,-104.9597589,8/24/2024 7:07,7:07,3,0,0,E 31ST AVE & N YORK ST,1,1,0,0,1,1,0,0,30,0,0,0,0,0,4,2,16
,2024-036110,39.73970296,-104.9622372,8/23/2024 18:46,18:46,6,0,3, VINE ST & E COLFAX AVE,1,1,0,0,1,4,0,0,20,0,0,0,0,2,4,4,3
,2024-036111,39.74000901,-104.9729963,8/23/2024 23:49,23:49,12,0,0,E COLFAX AVE & N DOWNING ST,1,3,0,0,1,4,0,0,35,0,0,0,0,0,4,2,16
,2024-036118,39.73870282,-104.9034649,8/24/2024 11:14,11:14,3,0,2,QUEBEC ST & E 14TH AVE,1,1,0,0,1,1,0,0,35,0,0,0,0,2,4,3,13
,2024-036119,39.738288,-104.9406146,8/24/2024 1:27,1:27,1,0,0, COLORADO BLVD & E 14TH AVE,1,3,0,0,1,1,0,0,35,0,0,0,0,0,4,2,1
,2024-036124,39.73514199,-104.9776005,8/24/2024 1:53,1:53,12,0,0,E 12TH AVE & N CLARKSON ST,1,4,1,0,1,4,0,0,30,0,0,0,0,0,4,2,7
,2024-036132,39.73507093,-104.9965939,8/23/2024 21:23,21:23,6,0,0,GALAPAGO ST & W 12TH AVE,1,3,0,0,1,4,0,0,20,0,0,0,0,0,4,3,3
,2024-036133,39.69458105,-105.0121555,8/23/2024 19:18,19:18,11,0,1, TEJON ST & W LOUISIANA AVE,1,3,0,0,1,4,0,0,0,0,1,0,0,3,4,1,16
,2024-036134,39.7350931,-104.9407671,8/23/2024 22:27,22:27,3,0,1,E 12TH AVE & N COLORADO BLVD,1,3,0,0,1,1,0,0,35,0,0,0,0,1,2,2,1
,2024-036140,39.75383684,-104.9961717,6/28/2024 15:50,15:50,11,0,1,19TH ST & WAZEE ST,1,1,0,0,1,2,0,0,20,0,0,1,0,2,4,1,16
,2024-036146,39.74164284,-104.9706169,8/20/2024 20:29,20:29,2,0,1,E 16TH AVE & PARK AVE,1,3,1,7,1,1,0,0,,1,0,0,0,2,4,1,16
,2024-036153,39.73648497,-104.9351881,8/10/2024 11:17,11:17,15,0,0,E 13TH AVE & N CLERMONT ST,1,1,0,0,1,1,0,0,30,0,0,0,0,0,4,2,13
,2024-036154,39.74870903,-104.9963203,8/20/2024 18:24,18:24,11,0,1,LAWRENCE ST & 16TH ST,1,1,0,0,1,2,0,0,0,0,0,1,0,2,4,1,16
,2024-036166,39.75122432,-105.026825,8/20/2024 7:45,7:45,2,0,2, GROVE ST & W 23RD AVE,1,1,0,0,1,1,0,0,20,1,0,0,0,3,4,1,11
,2024-036226,39.7240718,-104.9752352,3/4/2024 14:50,14:50,11,0,0, OGDEN ST & E 5TH AVE,1,1,0,0,1,1,0,0,,0,1,0,0,0,4,1,16
,2024-036249,39.76695548,-104.9745053,8/25/2024 1:39,1:39,3,0,2,35TH ST & LARIMER ST,1,3,0,0,1,1,0,0,30,0,0,0,0,3,4,2,3
,2024-036250,39.74378078,-104.9733835,8/24/2024 21:21,21:21,3,0,1,PARK AVE & N DOWNING ST,1,3,0,0,1,1,0,0,35,0,0,0,1,3,4,2,11
,2024-036251,39.71554327,-105.0532888,8/25/2024 13:58,13:58,12,0,1, SHERIDAN BLVD & W BAYAUD AVE,1,1,0,0,1,4,0,0,35,0,0,0,0,1,2,3,16
,2024-036253,39.77659686,-104.8099048,8/24/2024 19:13,19:13,3,0,0,E 46TH AVE & N CHAMBERS RD,1,1,0,0,1,1,0,0,40,0,0,0,0,0,4,2,11
,2024-036255,39.78238168,-104.9656122,8/24/2024 21:46,21:46,6,0,0,WILLIAMS ST & E 47TH AVE,1,3,0,0,1,4,0,0,30,0,0,0,0,0,4,2,13
,2024-036256,39.67846127,-104.9208075,8/24/2024 22:20,22:20,12,0,1,E EVANS AVE & S IVANHOE ST,1,3,0,0,1,4,0,0,30,0,0,0,0,1,4,3,14
,2024-036257,39.70298045,-104.9129144,8/25/2024 18:02,18:02,8,0,0,LEETSDALE DR & S MONACO ST,1,1,3,0,6,1,0,0,,0,0,0,0,0,2,2,16
,2024-036258,39.76445485,-104.9511938,8/25/2024 12:30,12:30,3,0,1,E BRUCE RANDOLPH AVE & N ST PAUL ST,1,1,1,0,1,1,0,0,35,0,0,0,0,1,4,2,1