id,drcog_id,latitude,longitude,crashtime,time,crashtype,numbkilled,numbinjurd,drcoglocat,rdconditin,lightngcon,roadcntgrd,weatherco,location,roaddescrp,schoolzone,constrzone,splimit,bikeinv,pedinv,sctrinv,motoinv,svrty,rdsystem,ttlvehcls,hcf
,2024-036259,39.70034274,-105.0324115,8/25/2024 11:08,11:08,1,0,0,W KENTUCKY AVE & S KNOX CT,1,1,0,0,1,3,0,0,25,0,0,0,0,0,4,2,16
,2024-036260,39.75986476,-104.8905221,8/25/2024 17:01,17:01,3,0,0,E MLK JR BLVD & N ASH ST,1,1,0,0,1,1,0,0,30,0,0,0,0,0,4,2,13
,2024-036261,39.73089339,-104.9406231,8/22/2024 16:51,16:51,12,0,0, COLORADO BLVD & E 9TH AVE,11,1,0,1,1,3,0,0,35,0,0,0,0,0,2,2,13
,2024-036262,39.77288812,-105.0112214,8/20/2024 18:40,18:40,5,0,0, TEJON ST & W 41ST AVE,1,1,0,0,3,4,0,0,35,0,0,0,0,0,4,2,13
,2024-036263,39.79629603,-104.8471655,8/24/2024 19:50,19:50,3,0,1, PEORIA ST & E 55TH AVE,1,3,0,0,1,1,0,0,45,0,0,0,0,2,4,2,11
,2024-036265,39.70769825,-105.0508674,8/25/2024 11:23,11:23,6,0,0, YATES ST & W VIRGINIA AVE,1,1,0,0,1,4,0,0,25,0,0,0,0,0,4,3,14
,2024-036266,39.7716732,-104.9028064,8/24/2024 17:13,17:13,3,0,0,E SMITH RD & N QUEBEC ST,1,1,0,0,1,1,0,0,35,0,0,0,0,0,4,2,14
,2024-036267,39.7405859,-105.0236793,8/25/2024 18:08,18:08,12,0,0,W COLFAX AVE & N ELIOT ST,1,1,0,0,1,3,0,0,35,0,0,0,0,0,2,2,13
,2024-036268,39.68222508,-105.0320868,8/25/2024 10:58,10:58,3,0,1,W JEWELL AVE & S KNOX CT,1,1,0,0,1,1,0,0,30,0,0,0,0,2,4,2,11
,2024-036269,39.68743665,-104.9919418,8/25/2024 12:00,12:00,15,0,0, SANTA FE DR & W IOWA AVE,1,1,0,0,1,4,0,0,45,0,0,0,0,0,2,2,1
,2024-036270,39.78522158,-105.0064251,8/24/2024 16:18,16:18,1,0,3, PECOS ST & W 48TH AVE,1,1,0,0,1,2,0,0,30,0,0,0,0,1,4,2,13
,2024-036271,39.68945523,-105.0366958,8/25/2024 18:49,18:49,3,0,3,W FLORIDA AVE & S NEWTON ST,1,1,0,0,1,1,0,0,35,0,0,0,0,3,4,2,7
,2024-036272,39.76936589,-105.0441208,8/25/2024 13:17,13:17,15,0,0,W 38TH AVE & N TENNYSON ST,1,1,0,0,1,4,0,0,35,0,0,0,0,0,4,2,10
,2024-036275,39.75613908,-104.9918761,8/24/2024 21:09,21:09,5,0,0,22ND ST & BLAKE ST,1,3,0,0,3,3,0,0,25,0,0,0,0,0,4,1,14
,2024-036276,39.68311279,-104.9405292,8/24/2024 13:16,13:16,12,0,0,I-25 & S COLORADO BLVD,1,1,0,0,1,4,0,0,65,0,0,0,0,0,1,2,3
,2024-036279,39.67864514,-105.0250486,8/20/2024 20:12,20:12,15,0,0, FEDERAL BLVD & W EVANS AVE,1,3,0,0,1,1,0,0,35,0,0,0,0,0,2,2,16
,2024-036284,39.74379197,-104.8928586,8/20/2024 11:06,11:06,3,0,1,E 17TH AVE & N UINTA ST,1,1,0,0,1,1,0,0,20,0,0,0,0,1,4,2,16
,2024-036292,39.74379027,-104.9490663,8/21/2024 10:00,10:00,6,0,0,E 17TH AVE & N ADAMS ST,1,1,0,0,1,4,0,0,30,0,0,0,0,0,4,3,16
,2024-036293,39.73112172,-105.0321273,7/30/2024 13:00,13:00,11,0,1, KNOX CT & W 9TH AVE,1,1,1,0,1,3,0,0,30,0,0,1,0,3,4,1,13
,2024-036299,39.67820033,-105.0297294,8/22/2024 17:02,17:02,11,0,1,W EVANS AVE & S IRVING ST,11,1,0,0,1,4,0,0,30,0,1,0,0,2,4,1,13
,2024-036300,39.79028913,-105.0064282,8/22/2024 8:10,8:10,11,0,0, PECOS ST & W BERKELEY PL,1,1,0,0,1,1,0,0,0,0,0,1,0,0,4,1,16
,2024-036301,39.69674956,-105.0250716,8/16/2024 20:28,20:28,15,0,0, FEDERAL BLVD & W MISSISSIPPI AVE,1,1,0,0,1,1,0,0,40,0,0,0,0,0,2,2,16
,2024-036302,39.74327313,-104.982339,8/10/2024 0:36,0:36,11,0,1,E 17TH AVE & N LOGAN ST,1,3,0,0,1,1,0,0,0,0,0,1,0,2,4,1,16
,2024-036307,39.71430016,-105.0010981,8/20/2024 17:30,17:30,12,0,0,I-25 & SB OFF RAMP EXIT W ALAMEDA AVE,1,1,0,0,1,4,0,0,60,0,0,0,0,0,1,3,16
,2024-036309,39.69630436,-105.0015185,8/22/2024 6:43,6:43,9,0,1, LIPAN ST & W MISSISSIPPI AVE,1,1,0,0,1,4,0,0,20,0,0,0,1,2,4,1,16
,2024-036367,39.78401082,-105.0218478,6/1/2024 20:32,20:32,12,0,0,I-70 & WB OFF RAMP EXIT TO N FEDERAL BLVD,1,3,0,0,1,4,0,0,55,0,0,0,0,0,1,3,16
,2024-036375,39.69280547,-104.9405489,8/9/2024 20:57,20:57,12,0,0, COLORADO BLVD & E LOUISIANA AVE,1,3,0,0,1,4,0,0,,0,0,0,0,0,2,2,16
,2024-036380,39.74028116,-105.0124023,8/25/2024 7:11,7:11,3,0,0,W COLFAX AVE & I-25 SB OFF RAMP,1,1,0,0,1,1,0,0,40,0,0,0,0,0,2,2,16
,2024-036381,39.65307901,-104.8987255,8/24/2024 14:36,14:36,3,0,0,E HAMPDEN AVE & S TAMARAC DR,1,1,0,0,1,1,0,0,30,0,0,0,0,0,2,2,11
,2024-036387,39.73326292,-105.044022,8/24/2024 11:18,11:18,6,0,0,TENNYSON ST & W 10TH AVE,1,1,0,0,1,4,0,0,,0,0,0,0,0,4,2,16
,2024-036388,39.68291525,-104.9405276,8/26/2024 3:49,3:49,15,0,0,I-25 & S COLORADO BLVD,1,3,1,0,1,4,0,0,55,0,0,0,0,0,1,2,2
,2024-036389,39.68229407,-105.0531908,8/25/2024 21:38,21:38,3,0,0,W JEWELL AVE & S SHERIDAN BLVD,11,3,1,1,1,1,0,0,,0,0,0,0,0,2,2,16
,2024-036390,39.74129637,-105.0142024,8/24/2024 22:02,22:02,9,0,1,I-25 & AURARIA PKWY,1,3,1,0,1,4,0,0,55,0,0,0,1,2,1,2,16
,2024-036392,39.6893163,-104.9441886,8/22/2024 17:05,17:05,3,0,0, GARFIELD ST & E FLORIDA AVE,11,1,0,1,1,1,0,0,30,0,0,0,0,0,4,2,13
,2024-036393,39.65427679,-104.8987331,8/26/2024 18:09,18:09,3,0,0, TAMARAC DR & E GIRARD AVE,1,1,0,0,1,1,0,0,35,0,0,0,0,0,4,2,13
,2024-036394,39.75248862,-105.0252858,8/17/2024 16:39,16:39,12,0,0, FEDERAL BLVD & W 24TH AVE,1,1,0,0,1,4,0,0,,0,0,0,0,0,2,2,16
,2024-036395,39.78899134,-104.8470838,8/25/2024 13:05,13:05,15,0,0, PEORIA ST & E 51ST AVE,1,1,0,0,1,4,0,0,35,0,0,0,0,0,4,2,13
,2024-036396,39.65310705,-104.9265492,8/26/2024 8:05,8:05,12,0,0,E HAMPDEN AVE & S GLENCOE ST,1,1,1,0,1,3,0,0,40,0,0,0,0,0,2,2,3
,2024-036397,39.7783302,-104.9794005,8/26/2024 9:10,9:10,12,0,0,E 45TH AVE & WASHINGTON ST,1,1,0,0,1,3,0,0,25,0,0,0,0,0,4,2,11
,2024-036398,39.74050519,-104.9887388,8/16/2024 1:02,1:02,5,0,0,W COLFAX AVE & 15TH ST,1,3,0,0,3,4,0,0,,0,0,0,0,0,2,1,3
,2024-036399,39.74375986,-104.9407837,7/20/2024 23:17,23:17,3,0,0, COLORADO BLVD & E 17TH AVE,11,3,0,0,1,1,0,0,35,0,0,0,0,0,2,2,16
,2024-036400,39.77669786,-104.9036129,8/22/2024 14:42,14:42,12,0,1,I-70 EB OFF RAMP SB SLIP & QUEBEC ST,1,1,1,0,1,8,0,0,25,0,0,0,0,2,2,2,3
,2024-036401,39.73386777,-104.9935154,8/26/2024 8:21,8:21,15,0,0, SPEER BLVD & W 11TH AVE,1,1,0,0,1,1,0,0,35,0,0,0,0,0,4,2,13
,2024-036402,39.77581915,-104.9787251,8/26/2024 18:21,18:21,1,0,1, WASHINGTON ST & RINGSBY CT,1,1,1,0,1,1,0,0,35,0,0,0,0,1,4,2,10
,2024-036403,39.78039722,-104.9312913,8/26/2024 16:12,16:12,12,0,0,I-70 & N COLORADO BLVD,1,1,0,0,1,4,0,0,65,0,0,0,0,0,1,2,14
,2024-036404,39.79839407,-104.7721172,8/25/2024 20:50,20:50,3,0,0, TOWER RD & E 56TH AVE,1,3,0,0,1,1,0,0,,0,0,0,0,0,4,2,16
,2024-036405,39.75624001,-105.0381426,8/26/2024 17:04,17:04,6,0,0, OSCEOLA ST & W 26TH AVE,1,1,0,0,1,4,0,0,25,0,0,0,0,0,4,2,11
,2024-036406,39.78252,-104.89198,8/25/2024 22:56,22:56,6,0,0, MAIN ST & E 47TH AVE,1,3,0,0,1,4,0,0,20,0,0,0,0,0,4,2,14
,2024-036407,39.74179887,-105.0137576,8/25/2024 14:39,14:39,5,0,0,I-25 SB ON RAMP FROM WB W COLFAX AVE & AURARIA PKWY OVERPASS,1,1,1,0,3,8,0,0,40,0,0,0,0,0,1,1,12
,2024-036408,39.71471452,-105.0001212,8/24/2024 10:00,10:00,15,0,0, KALAMATH ST & W BAYAUD AVE,1,1,0,0,1,4,0,0,35,0,0,0,0,0,4,2,16
,2024-036409,39.77803349,-104.8470317,8/23/2024 11:45,11:45,1,0,0, PEORIA ST & E 45TH AVE,1,1,0,0,1,1,0,0,35,0,0,0,0,0,4,2,11
,2024-036412,39.77527617,-104.8617084,8/26/2024 7:25,7:25,12,0,0,I-70 & EB ON RAMP ENT FROM HAVANA ST,1,1,1,0,1,4,0,0,,0,0,0,0,0,1,2,16
,2024-036413,39.79263349,-104.7787272,8/24/2024 11:31,11:31,1,0,0, VENTURA ST & E 53RD AVE,1,1,0,0,1,2,0,0,20,0,0,0,0,0,4,2,11
,2024-036414,39.65327714,-105.0321503,8/25/2024 1:04,1:04,5,0,0,W HAMPDEN AVE & S KNOX CT,1,3,0,0,6,4,0,0,,0,0,0,0,0,2,2,16
,2024-036416,39.72892521,-105.0002267,8/14/2024 23:45,23:45,12,0,0,W 8TH AVE & N KALAMATH ST,1,3,0,0,1,3,0,0,35,0,0,0,0,0,4,2,16
,2024-036421,39.65616523,-105.0532235,8/23/2024 15:31,15:31,3,0,1, SHERIDAN BLVD & W DARTMOUTH AVE,1,1,0,0,1,2,0,0,35,0,0,0,0,2,2,5,16
,2024-036422,39.76719008,-104.9948255,8/25/2024 21:05,21:05,11,0,1,I-25 NB ON RAMP & W PARK AVE,11,3,0,1,1,1,0,0,0,0,0,1,0,2,1,1,16
,2024-036427,39.72563827,-104.9124527,8/24/2024 11:07,11:07,3,0,0, MONACO ST & E 6TH AVE,1,1,0,0,1,1,0,0,30,0,0,0,0,0,4,2,10
,2024-036428,39.74004921,-105.0000595,8/24/2024 22:11,22:11,3,0,1,W COLFAX AVE & N KALAMATH ST,1,3,0,0,1,1,0,0,35,0,0,0,1,3,2,2,16
,2024-036429,39.75993311,-104.8705259,8/24/2024 17:31,17:31,3,0,1,E MLK BLVD & N FULTON ST,1,1,0,0,1,1,0,0,35,0,0,0,0,2,4,2,3
,2024-036430,39.73516038,-104.9738392,8/26/2024 8:31,8:31,6,0,0,1100 E 12TH AVE,1,1,0,0,1,4,0,0,25,0,0,0,0,0,4,2,11
,2024-036431,39.65405776,-104.9405609,8/26/2024 8:00,8:00,12,0,0, COLORADO BLVD & E HAMPDEN AVE,1,1,0,0,1,4,0,0,40,0,0,0,0,0,2,2,13
,2024-036432,39.70993205,-105.0109898,8/26/2024 8:07,8:07,6,0,0, TEJON ST & W NEVADA PL,1,1,1,0,1,4,0,0,20,0,0,0,0,0,4,2,16
,2024-036433,39.7823848,-104.8505921,8/26/2024 17:12,17:12,15,0,0,E 47TH AVE & N OAKLAND ST,1,1,0,0,1,3,0,0,35,0,0,0,0,0,4,2,8
,2024-036434,39.71782926,-104.9473787,8/26/2024 14:45,14:45,3,0,0, COOK ST & E 1ST AVE,1,1,0,0,1,1,0,0,30,0,0,0,0,0,4,2,11
,2024-036435,39.73001185,-104.92576,8/25/2024 11:48,11:48,3,0,0,E HALE PKWY & N GLENCOE ST,1,1,0,0,1,1,0,0,20,0,0,0,0,0,4,2,11
,2024-036436,39.6530541,-104.8846076,8/12/2024 18:00,18:00,15,0,0,E HAMPDEN AVE & S YOSEMITE ST,1,1,0,0,1,4,0,0,35,0,0,0,0,0,2,2,1
,2024-036437,39.74061333,-104.9886696,8/24/2024 10:20,10:20,15,0,0,W COLFAX AVE & 15TH ST,1,1,0,0,1,4,0,0,30,0,0,0,0,0,2,2,11
,2024-036439,39.69578487,-104.9222678,8/18/2024 10:17,10:17,12,0,0, HOLLY ST & E CHERRY CREEK S DR,1,1,0,0,1,3,0,0,30,0,0,0,0,0,4,2,10
,2024-036440,39.72731639,-104.9983043,8/25/2024 13:20,13:20,6,0,0,W 7TH AVE & N SANTA FE DR,1,1,0,0,1,4,0,0,25,0,0,0,0,0,4,2,11
,2024-036441,39.78050493,-104.9529201,8/26/2024 11:59,11:59,12,0,0,I-70 & N FILLMORE ST,1,1,0,0,1,4,0,0,55,0,0,0,0,0,1,2,10
,2024-036442,39.75424435,-105.0101022,8/26/2024 6:25,6:25,5,0,0,WATER ST & N SPEER BLVD,1,1,0,0,1,4,0,0,30,0,0,0,0,0,4,2,14
,2024-036443,39.75486117,-105.036247,8/25/2024 6:51,6:51,6,0,0,W 26TH AVE & N MEADE ST,1,1,0,0,1,4,0,0,25,0,0,0,0,0,4,2,16
,2024-036444,39.68795802,-105.0128883,8/24/2024 15:50,15:50,15,0,0, UMATILLA ST & W GUNNISON PL,1,1,0,0,1,2,0,0,20,0,0,0,0,0,4,2,11
,2024-036445,39.65131712,-104.8848149,8/26/2024 15:20,15:20,12,0,2,E JEFFERSON AVE & S YOSEMITE ST,1,1,0,0,1,4,0,0,,0,0,0,0,2,4,2,10
,2024-036446,39.72382977,-104.9985772,8/23/2024 11:33,11:33,12,0,0, SANTA FE DR & W 5TH AVE,1,1,0,1,1,4,0,0,35,0,0,0,0,0,4,2,16
,2024-036447,39.78003019,-104.9405047,8/23/2024 13:44,13:44,15,0,0,I-70 & N COLORADO BLVD,1,1,0,0,1,4,0,0,55,0,0,0,0,0,1,2,16
,2024-036448,39.72471126,-105.0124861,8/23/2024 12:20,12:20,12,0,0,I-25 & W 6TH AVE,1,1,0,0,1,4,0,0,55,0,0,0,0,0,1,3,13
,2024-036467,39.71125131,-104.9995493,8/21/2024 23:34,23:34,2,0,1,I-25 SB OFF RAMP & W ALAMEDA AVE,1,3,1,0,1,1,0,0,35,1,0,0,0,2,2,1,11
,2024-036470,39.73833461,-104.9161566,8/21/2024 15:04,15:04,11,0,1,E 14TH AVE & KRAMERIA ST,1,1,0,0,1,1,0,0,30,0,0,1,0,2,4,1,16
,2024-036471,39.73998596,-104.9979869,8/21/2024 14:41,14:41,15,0,0, SPEER BLVD & W COLFAX AVE,1,1,0,0,1,1,0,0,30,0,0,0,0,0,2,2,13
,2024-036476,39.73681852,-104.9621693,8/23/2024 19:40,19:40,2,0,1,E 13TH AVE & N VINE ST,1,4,0,0,1,4,0,0,0,1,0,0,0,2,4,1,16
,2024-036486,39.74167708,-104.9823321,8/16/2024 12:50,12:50,2,0,1,E 16TH AVE & N LOGAN ST,1,1,0,0,1,1,0,0,,1,0,0,0,3,4,1,16
,2024-036492,39.73846112,-104.9979706,8/23/2024 12:50,12:50,11,0,1,E 14TH AVE & N SPEER BLVD,1,1,0,0,1,2,0,0,10,0,0,1,0,2,4,1,3
,2024-036493,39.71130999,-105.0420759,8/24/2024 15:59,15:59,1,0,0,W ALAMEDA AVE & S RALEIGH ST,1,1,0,0,1,1,0,0,35,0,0,0,0,0,2,2,16
,2024-036495,39.73582978,-104.8894031,8/22/2024 13:51,13:51,6,0,0, WABASH ST & E 12TH AVE,1,1,0,0,1,4,0,0,25,0,0,0,0,0,4,2,16
,2024-036582,39.71301265,-105.020335,3/20/2024 22:14,22:14,3,0,0,W CEDAR AVE & S CLAY ST,1,3,0,0,1,1,0,0,25,0,0,0,0,0,4,2,8
,2024-036583,39.77658431,-104.8401463,8/11/2024 22:09,22:09,6,0,0, CROWN BLVD & E 42ND AVE,1,4,0,0,1,4,0,0,,0,0,0,0,0,4,3,16
,2024-036590,39.74624563,-104.9960265,8/26/2024 10:05,10:05,15,0,0,CURTIS ST & 15TH ST,1,1,0,0,1,1,0,0,25,0,0,0,0,0,4,2,3
,2024-036591,39.74162518,-104.9622443,8/27/2024 13:04,13:04,3,0,1, VINE ST & E 16TH AVE,1,1,0,0,1,1,0,0,20,0,0,0,0,1,4,2,11
,2024-036593,39.7845952,-104.8310242,8/26/2024 16:45,16:45,6,0,0,4911  CROWN BLVD & E ANDREWS DR,1,1,1,0,1,4,0,0,25,0,0,0,0,0,4,2,12
,2024-036594,39.7776508,-104.851024,8/27/2024 15:45,15:45,15,0,0,E 45TH AVE & N PARIS ST,1,1,0,0,1,4,0,0,25,0,0,0,0,0,4,2,10
,2024-036603,39.75426728,-104.9821831,8/16/2024 14:57,14:57,3,0,0,STOUT ST & 25TH ST,1,1,0,0,1,1,0,0,,0,0,0,0,0,4,2,16
,2024-036613,39.79393642,-104.8936326,8/27/2024 5:14,5:14,3,0,0, UINTA ST & E PRAIRIE MEADOW DR,1,3,0,0,1,1,0,0,35,0,0,0,0,0,4,2,7
,2024-036619,39.71146895,-104.9875669,8/27/2024 8:26,8:26,12,0,0, BROADWAY ST & W ALAMEDA AVE,1,1,0,0,1,4,0,0,30,0,0,0,0,0,4,2,13
,2024-036620,39.74061333,-104.9886696,8/27/2024 10:05,10:05,15,0,0,W COLFAX AVE & 15TH ST,1,1,0,0,1,1,0,0,25,0,0,0,0,0,2,2,8
,2024-036625,39.63426534,-105.1099017,8/26/2024 12:00,12:00,3,0,2, KIPLING ST & W STANFORD AVE,1,1,0,0,1,1,0,0,40,0,0,0,0,2,4,4,10
,2024-036626,39.71116017,-104.9991774,8/26/2024 12:08,12:08,12,0,0,I-25 & W ALAMEDA AVE,1,1,0,0,1,4,0,0,55,0,0,0,0,0,1,2,3
,2024-036627,39.720032,-105.0074063,8/27/2024 5:47,5:47,15,0,1,I-25 & W 6TH AVE,1,3,0,0,1,4,0,0,55,0,0,0,0,2,1,3,13
,2024-036628,39.66316297,-105.0791398,8/27/2024 2:30,2:30,6,0,0, WEBSTER ST & W DARTMOUTH AVE,1,3,0,0,1,4,0,0,20,0,0,0,0,0,4,3,16
,2024-036629,39.77616607,-104.9034084,8/26/2024 12:10,12:10,15,0,0, QUEBEC ST & E AIRLAWN RD,1,1,1,0,1,3,0,0,35,0,0,0,0,0,4,2,13
,2024-036630,39.67851327,-104.9732092,8/27/2024 15:24,15:24,15,0,0,E EVANS AVE & S DOWNING ST,1,1,0,0,1,2,0,0,30,0,0,0,0,0,4,2,11
,2024-036633,39.63154585,-104.8852176,8/26/2024 8:08,8:08,15,0,0, YOSEMITE ST & E UNION AVE,1,1,0,0,1,4,0,0,35,0,0,0,0,0,4,2,11
,2024-036634,39.74378772,-104.9485209,8/26/2024 10:38,10:38,6,0,1,E 17TH AVE & N ADAMS ST,1,1,0,0,1,4,0,0,30,0,0,0,0,2,4,3,10
,2024-036635,39.83213981,-104.7759489,8/23/2024 13:31,13:31,15,0,0,PENA BLVD OB & MM 5.75,1,1,0,0,1,4,0,0,65,0,0,0,0,0,2,2,1
,2024-036636,39.71803353,-104.9534114,8/26/2024 15:45,15:45,12,0,0,E 1ST AVE & N FILLMORE ST,1,1,0,0,1,1,0,0,,0,0,0,0,0,4,2,16
,2024-036637,39.78218999,-104.8657301,8/26/2024 8:50,8:50,15,0,0, HAVANA ST & E 47TH AVE,1,1,0,0,1,3,0,0,35,0,0,0,0,0,4,2,16
,2024-036638,39.65305096,-104.9037813,8/27/2024 17:09,17:09,12,0,1,E HAMPDEN AVE & S POPLAR ST,1,1,0,0,1,4,0,0,35,0,0,0,0,2,2,2,14
,2024-036639,39.72532905,-104.9278822,8/27/2024 8:34,8:34,6,0,0,E 6TH AVE & S FAIRFAX ST,1,1,0,0,1,4,0,0,30,0,0,0,0,0,4,2,14
,2024-036640,39.72563827,-104.9124527,8/27/2024 8:13,8:13,3,0,1, MONACO ST PKWY & E 6TH AVE,1,1,0,0,1,1,0,0,30,0,0,0,0,1,4,2,3
,2024-036641,39.65486892,-104.940497,8/27/2024 7:14,7:14,3,0,1,E GIRARD AVE & S COLORADO BLVD,1,1,0,0,1,1,0,0,30,0,0,0,0,1,2,2,14
,2024-036642,39.71531424,-104.9593071,8/26/2024 16:45,16:45,10,0,0, UNIVERSITY BLVD & E CHERRY CREEK S DR,1,1,0,0,1,1,0,0,30,0,0,0,0,0,4,2,3
,2024-036643,39.7181813,-104.963953,8/20/2024 7:40,7:40,15,0,0,E 1ST AVE & S UNIVERSITY BLVD,1,1,0,0,1,4,0,0,30,0,0,0,0,0,4,2,11
,2024-036644,39.74010744,-105.0001499,8/17/2024 17:13,17:13,15,0,0, KALAMATH ST & W COLFAX AVE,1,1,0,0,1,1,0,0,25,0,0,0,0,0,2,2,16
,2024-036645,39.78023964,-104.9857847,8/27/2024 12:45,12:45,12,0,1, LINCOLN ST & E 46TH AVE,1,1,0,0,1,4,0,0,30,0,0,0,0,1,4,2,16
,2024-036646,39.78407524,-104.991177,8/27/2024 8:10,8:10,12,0,0,W 48TH AVE & N BANNOCK ST,1,1,0,0,1,1,0,0,35,0,0,0,0,0,4,2,13
,2024-036647,39.77722125,-104.882171,8/27/2024 6:57,6:57,12,0,0,I-70 & N CENTRAL PARK BLVD,1,1,0,0,1,13,0,0,55,0,0,0,0,0,1,2,14
,2024-036648,39.7400035,-104.9916533,8/27/2024 10:30,10:30,2,0,1,W COLFAX AVE & N CHEROKEE ST,1,1,0,0,1,1,0,0,,1,0,0,0,2,2,1,16
,2024-036649,39.74006302,-104.9292244,8/26/2024 12:30,12:30,10,0,0,E COLFAX AVE & N ELM ST,1,1,0,0,1,1,0,0,30,0,0,0,0,0,2,2,3
,2024-036650,39.74028116,-105.0124023,8/26/2024 23:09,23:09,3,0,2,W COLFAX AVE & I-25 SB OFF RAMP,1,3,0,0,1,1,0,0,40,0,0,0,0,2,2,3,16
,2024-036651,39.78004971,-104.882741,8/26/2024 10:20,10:20,1,0,1, CENTRAL PARK BLVD & E 46TH AVE,1,1,1,0,1,1,0,0,35,0,0,0,0,1,4,2,3
,2024-036652,39.74757895,-105.0252232,8/27/2024 12:45,12:45,3,0,0, FEDERAL BLVD & W 20TH AVE,1,1,0,0,1,1,0,0,35,0,0,0,0,0,2,2,1
,2024-036653,39.72489743,-105.012914,8/27/2024 15:42,15:42,12,0,0,I-25 & W 6TH AVE,1,1,0,0,1,4,0,0,55,0,0,0,0,0,1,3,13
,2024-036654,39.70530458,-104.9954099,8/27/2024 13:46,13:46,12,0,0,I-25 NB ON RAMP FROM  SANTA FE DR & I-25 UNDERPASS,1,1,1,0,1,8,0,0,55,0,0,0,0,0,1,2,10
,2024-036655,39.7387064,-104.8981837,8/23/2024 9:24,9:24,5,0,0,E 14TH AVE & N SYRACUSE ST,1,1,0,0,3,4,0,0,30,0,0,0,0,0,4,1,13
,2024-036656,39.74760296,-104.9977487,7/26/2024 14:25,14:25,10,0,0,LAWRENCE ST & 15TH ST,1,1,0,0,1,1,0,0,20,0,0,0,0,0,4,2,16
,2024-036657,39.78363941,-104.7898894,8/27/2024 6:46,6:46,1,0,0,E GREEN VALLEY RANCH BLVD & PENA BLVD IB RAMPS,1,1,0,0,1,1,0,0,35,0,0,0,0,0,4,2,11
,2024-036658,39.68412016,-105.0180338,8/27/2024 7:15,7:15,3,0,1,W COLORADO AVE & S BRYANT ST,1,1,0,0,1,1,0,0,25,0,0,0,0,1,4,2,3
,2024-036659,39.71996009,-104.9594376,8/26/2024 6:24,6:24,5,0,0, UNIVERSITY BLVD & E 2ND AVE,1,1,0,0,3,4,0,0,30,0,0,0,0,0,4,1,16
,2024-036660,39.73681745,-104.9574417,8/27/2024 17:30,17:30,3,0,1, COLUMBINE ST & E 13TH AVE,1,1,0,0,1,1,0,0,35,0,0,0,0,3,4,2,13
,2024-036661,39.65301361,-104.9320253,8/27/2024 6:56,6:56,12,0,0,E HAMPDEN AVE & S DEXTER ST,1,1,0,0,1,4,0,0,40,0,0,0,0,0,2,4,3
,2024-036662,39.78473602,-104.7903997,8/26/2024 18:57,18:57,12,0,1,PENA BLVD & GREEN VALLEY RANCH BLVD,1,1,0,0,1,4,0,0,65,0,0,0,0,1,4,3,3
,2024-036663,39.68229352,-105.0533341,8/10/2024 16:51,16:51,12,0,0,W JEWELL AVE & S SHERIDAN BLVD,1,1,0,0,1,3,0,0,,0,0,0,0,0,2,2,16
,2024-036665,39.68938082,-104.973433,8/25/2024 0:48,0:48,1,0,1, DOWNING ST & I-25 SB RAMP,1,3,0,0,1,1,0,0,30,0,0,0,1,2,1,2,16
,2024-036667,39.78890941,-105.0079086,8/23/2024 16:54,16:54,6,0,0,W 51ST AVE & N PECOS ST,1,1,0,0,1,4,0,0,20,0,0,0,0,0,4,3,16
,2024-036789,39.72732733,-105.0015976,8/27/2024 15:50,15:50,3,0,0, LIPAN ST & W 7TH AVE,1,1,0,0,1,1,0,0,35,0,0,0,0,0,4,2,16
,2024-036790,39.72890689,-105.0016238,8/28/2024 5:00,5:00,11,0,1,W 8TH AVE & N LIPAN ST,1,4,0,0,1,9,0,0,20,0,1,0,0,2,4,1,11
,2024-036791,39.73287365,-104.8987459,8/28/2024 7:51,7:51,2,0,1, SYRACUSE ST & E 11TH AVE,1,1,0,0,1,1,0,0,30,1,0,0,0,2,4,1,11
,2024-036806,39.74091989,-104.9697117,8/28/2024 7:56,7:56,3,0,0, HUMBOLDT ST & PARK AVE,1,1,1,0,1,1,0,0,25,0,0,0,0,0,4,2,13
,2024-036807,39.78053371,-104.9500903,8/27/2024 20:40,20:40,5,0,2,I-70 & N VASQUEZ BLVD,1,3,0,0,2,4,0,0,55,0,0,0,0,1,1,1,16
,2024-036810,39.70386058,-104.9617126,8/27/2024 15:00,15:00,3,0,0, GAYLORD ST & E EXPOSITION AVE,1,1,0,0,1,1,0,0,25,0,0,0,0,0,4,2,3
,2024-036811,39.67864747,-105.0243433,8/27/2024 16:51,16:51,3,0,0,W EVANS AVE & S FEDERAL BLVD,1,1,0,0,1,2,0,0,10,0,0,0,0,0,4,2,11
,2024-036812,39.72580106,-105.0488457,8/20/2024 15:53,15:53,15,0,0,W 6TH AVE & WB OFF RAMP EXT TO N SHERIDAN BLVD,1,1,0,0,1,8,0,0,,0,0,0,0,0,2,2,3
,2024-036813,39.68229407,-105.0531908,8/28/2024 16:02,16:02,12,0,1,W JEWELL AVE & S SHERIDAN BLVD,1,1,0,0,1,1,0,0,35,0,0,0,0,2,2,2,16
,2024-036814,39.73669259,-104.9406165,8/17/2024 23:30,23:30,3,0,0, COLORADO BLVD & E 13TH AVE,1,3,0,0,1,1,0,0,,0,0,0,0,0,2,2,16