id,drcog_id,latitude,longitude,crashtime,time,crashtype,numbkilled,numbinjurd,drcoglocat,rdconditin,lightngcon,roadcntgrd,weatherco,location,roaddescrp,schoolzone,constrzone,splimit,bikeinv,pedinv,sctrinv,motoinv,svrty,rdsystem,ttlvehcls,hcf
,2024-036817,39.72510745,-105.0198423,8/28/2024 8:20,8:20,12,0,0,W 6TH AVE & N FEDERAL BLVD,1,1,0,0,1,4,0,0,65,0,0,0,0,0,2,2,13
,2024-036818,39.6676264,-104.9035093,8/28/2024 9:50,9:50,12,0,0,E YALE AVE & S QUEBEC ST,1,1,1,0,1,12,0,0,30,0,0,0,0,0,4,2,3
,2024-036822,39.73727323,-104.9069408,8/27/2024 15:15,15:15,3,0,0, OLIVE ST & E 13TH AVE,1,1,0,0,1,1,0,0,25,0,0,0,0,0,4,2,11
,2024-036823,39.69650548,-104.875218,8/27/2024 12:30,12:30,5,0,0,E MISSISSIPPI AVE & S DAYTON ST,1,1,0,0,6,4,0,0,30,0,0,0,0,0,4,1,3
,2024-036828,39.79013627,-104.8658284,8/28/2024 12:17,12:17,1,0,1,E 51ST AVE & N HAVANA ST,1,1,0,0,1,1,0,0,40,0,0,0,0,1,4,2,13
,2024-036830,39.74867372,-105.0020585,8/16/2024 18:03,18:03,15,0,0,14TH CT & BLAKE ST,1,1,0,0,1,1,0,0,30,0,0,0,0,0,4,2,13
,2024-036831,39.7402596,-104.9688024,8/28/2024 7:43,7:43,14,0,0,PARK AVE & E COLFAX AVE,1,1,0,0,1,3,0,0,30,0,0,0,0,0,4,2,14
,2024-036832,39.71819789,-104.9732324,8/27/2024 16:50,16:50,15,0,0, DOWNING ST & E 1ST AVE,1,1,0,0,1,1,0,0,30,0,0,0,0,0,4,2,1
,2024-036833,39.6298697,-104.9049295,8/28/2024 8:19,8:19,12,0,0,I-25 & I-225 NB MERGE PT,1,1,0,0,1,8,0,0,55,0,0,0,0,0,1,2,14
,2024-036834,39.78595112,-104.8185175,8/28/2024 8:02,8:02,3,0,1,E GATEWAY AVE & N DURHAM CT,1,1,0,0,1,1,0,0,20,0,0,0,0,1,4,2,13
,2024-036837,39.76577085,-104.9721103,8/28/2024 19:33,19:33,3,0,0, MARION ST & E 35TH AVE,1,2,0,0,1,1,0,0,25,0,0,0,0,0,4,2,13
,2024-036838,39.69844754,-104.9128915,8/28/2024 7:34,7:34,15,0,0,E TENNESSEE AVE & S MONACO ST PKWY,1,1,0,0,1,1,0,0,35,0,0,0,0,0,4,2,16
,2024-036842,39.78363959,-104.7898725,8/28/2024 11:49,11:49,12,0,0,PENA BLVD IB OFF RAMP & E GREEN VALLEY RANCH BLVD,1,1,0,0,1,3,0,0,30,0,0,0,0,0,4,2,13
,2024-036844,39.67032599,-105.0349429,8/28/2024 14:34,14:34,3,0,0,W VASSAR AVE & S LOWELL BLVD,1,1,0,0,1,1,0,0,25,0,0,0,0,0,4,2,11
,2024-036845,39.78317368,-105.0058384,8/28/2024 15:32,15:32,12,0,0,I-70 & N PECOS ST,1,1,1,0,1,4,0,0,55,0,0,0,0,0,1,3,3
,2024-036851,39.6396851,-104.8851075,8/28/2024 7:50,7:50,15,0,1,I-225 & S YOSEMITE ST,1,1,3,0,1,4,0,0,55,0,0,0,1,3,1,2,1
,2024-036857,39.78024081,-104.9367116,8/28/2024 15:47,15:47,12,0,0,I-70 & N COLORADO BLVD,1,1,0,0,1,4,0,0,55,0,0,0,0,0,1,2,10
,2024-036863,39.79658445,-104.8027515,8/26/2024 3:40,3:40,6,0,1,5577  JASPER ST & E RANDOLPH PL,1,3,0,0,1,4,0,0,20,0,0,0,0,1,4,2,16
,2024-036868,39.77480947,-104.8563087,8/28/2024 6:47,6:47,12,0,0,I-70 & N PEORIA ST,1,1,0,0,1,4,0,0,55,0,0,0,0,0,1,2,13
,2024-036869,39.70895128,-104.8751587,8/28/2024 8:03,8:03,12,0,0,E ALAMEDA AVE & S DAYTON ST,1,1,0,0,1,4,0,0,35,0,0,0,0,0,4,2,14
,2024-036873,39.6967261,-105.0065468,8/27/2024 19:56,19:56,11,0,1,W MISSISSIPPI AVE & S QUIVAS ST,1,3,0,0,1,3,0,0,0,0,1,0,0,1,4,1,16
,2024-036881,39.73685147,-104.9873938,8/5/2024 12:56,12:56,3,0,0, BROADWAY ST & E 13TH AVE,1,1,0,0,1,1,0,0,35,0,0,0,0,0,4,2,16
,2024-036883,39.7586738,-104.9782273,8/27/2024 9:25,9:25,2,0,1,CHAMPA ST & 29TH ST,1,1,0,0,1,1,0,0,,1,0,0,0,2,4,1,16
,2024-036885,39.69313948,-105.0155935,8/28/2024 16:58,16:58,3,0,0,W LOUISIANA AVE & S ZUNI ST,1,1,0,0,1,1,0,0,25,0,0,0,0,0,4,2,13
,2024-036886,39.7500995,-104.987568,8/27/2024 9:04,9:04,3,0,0,2000 STOUT ST,1,1,0,0,1,9,0,0,20,0,0,0,0,0,4,3,16
,2024-036890,39.72540972,-105.013006,8/25/2024 23:36,23:36,5,0,0,I-25 NB ON RAMP FROM EB W 6TH AVE & I-25 UNDERPASS,11,3,1,0,2,8,0,0,55,0,0,0,0,0,1,1,16
,2024-036891,39.74000297,-104.9764761,8/27/2024 13:20,13:20,10,0,0,E COLFAX AVE & N EMERSON ST,1,1,0,0,1,1,0,0,25,0,0,0,0,0,2,2,16
,2024-036892,39.75776441,-105.0012728,8/4/2024 21:00,21:00,6,0,0,19TH ST & CHESTNUT PL,14,5,3,7,1,4,0,0,,0,0,0,0,0,4,2,8
,2024-036893,39.75898885,-104.8923812,8/25/2024 10:40,10:40,6,0,0,E 29TH PL & N UINTA ST,1,1,0,0,1,4,0,0,25,0,0,0,0,0,4,2,16
,2024-036907,39.73048766,-105.0152305,8/5/2024 6:41,6:41,12,0,0,I-25 & W 13TH AVE,1,1,1,0,1,4,0,0,55,0,0,0,0,0,1,2,14
,2024-036908,39.79823201,-104.8470096,8/26/2024 12:00,12:00,12,0,0,E 56TH AVE & N PEORIA ST,1,1,0,0,1,3,0,0,40,0,0,0,0,0,4,2,13
,2024-036995,39.75230236,-105.0038707,8/29/2024 6:01,6:01,10,0,0,15TH ST & DELGANY ST,1,3,0,0,1,1,0,0,30,0,0,0,0,0,4,2,13
,2024-037001,39.72569455,-104.9963661,8/29/2024 12:03,12:03,3,0,0,W 6TH AVE & N GALAPAGO ST,1,1,0,0,1,1,0,0,30,0,0,0,0,0,2,2,7
,2024-037002,39.76396417,-105.0369597,8/29/2024 12:30,12:30,3,0,1, NEWTON ST & W 33RD AVE,1,1,0,0,1,1,0,0,25,0,0,0,0,2,4,3,11
,2024-037003,39.74368678,-104.9810833,8/28/2024 17:20,17:20,15,0,0, PENNSYLVANIA ST & E 17TH AVE,1,1,0,0,1,4,0,0,35,0,0,0,0,0,4,3,11
,2024-037004,39.66832415,-104.9406167,8/28/2024 14:15,14:15,1,0,0, COLORADO BLVD & E YALE AVE,1,1,0,0,1,1,0,0,35,0,0,0,0,0,2,2,3
,2024-037007,39.76561408,-104.9223068,8/29/2024 12:25,12:25,3,0,1,E 35TH AVE & N HOLLY ST,1,1,0,0,1,1,0,0,20,0,0,0,0,1,4,2,14
,2024-037008,39.78211171,-104.8470117,8/29/2024 14:58,14:58,15,0,0, PEORIA ST & E 47TH AVE,1,1,0,1,1,4,0,0,40,0,0,0,0,0,4,2,13
,2024-037009,39.76009705,-105.0062271,8/29/2024 5:52,5:52,12,0,0,I-25 & N SPEER BLVD,1,1,0,0,1,4,0,0,55,0,0,0,0,0,1,2,16
,2024-037010,39.63117872,-104.8924131,8/29/2024 13:05,13:05,3,0,1, DTC BLVD & E UNION AVE,1,1,0,0,1,1,0,0,30,0,0,0,0,1,4,2,16
,2024-037011,39.69183135,-104.9405481,8/29/2024 11:48,11:48,12,0,0, COLORADO BLVD & E ARKANSAS AVE,1,1,0,0,1,4,0,0,35,0,0,0,0,0,2,2,3
,2024-037012,39.70782381,-104.9251409,8/29/2024 6:43,6:43,12,0,1,LEETSDALE DR & S FOREST ST,1,1,0,0,1,4,0,0,30,0,0,0,0,1,2,2,3
,2024-037013,39.73845521,-104.9953011,8/29/2024 8:14,8:14,11,0,1,W 14TH AVE & N FOX ST,1,1,0,0,1,1,0,0,0,0,0,1,0,2,4,1,16
,2024-037014,39.6571731,-105.0532245,8/27/2024 7:39,7:39,1,0,0, SHERIDAN BLVD & W COLGATE PL,1,1,0,0,1,1,0,0,35,0,0,0,0,0,2,2,16
,2024-037015,39.63117872,-104.8924131,8/28/2024 9:50,9:50,1,0,0, DTC BLVD & E UNION AVE,1,1,0,0,1,1,0,0,30,0,0,0,0,0,4,2,3
,2024-037016,39.67475988,-104.8708045,8/29/2024 12:18,12:18,3,0,0,E ILIFF AVE & S PARKER RD,1,1,0,0,1,1,0,0,35,0,0,0,0,0,2,2,14
,2024-037017,39.71029918,-105.0532643,8/29/2024 10:34,10:34,1,0,0, SHERIDAN BLVD & W NEVADA PL,1,1,0,0,1,1,0,0,30,0,0,0,0,0,2,2,11
,2024-037018,39.70749229,-104.9714071,8/29/2024 10:15,10:15,15,0,0,E VIRGINIA AVE & S LAFAYETTE ST,1,1,0,0,1,4,0,0,25,0,0,0,0,0,4,3,11
,2024-037019,39.79842026,-104.7775229,8/29/2024 20:04,20:04,12,0,1,E 56TH AVE & N TELLURIDE ST,1,4,0,0,1,4,0,0,40,0,0,0,0,1,4,2,12
,2024-037021,39.75121054,-105.0252855,8/29/2024 14:55,14:55,3,0,0, FEDERAL BLVD & W 23RD AVE,1,1,0,0,1,1,0,0,35,0,0,0,0,0,2,2,13
,2024-037022,39.71779637,-104.9406263,8/28/2024 15:30,15:30,15,0,1, COLORADO BLVD & E 1ST AVE,1,1,0,0,1,1,0,0,35,0,0,0,0,1,2,3,3
,2024-037023,39.65178786,-105.0531465,8/29/2024 6:12,6:12,12,0,1, SHERIDAN BLVD & W HAMPDEN AVE,1,2,0,0,1,3,0,0,35,0,0,0,1,2,2,2,16
,2024-037024,39.78238977,-104.8470106,8/29/2024 15:31,15:31,15,0,0,E 47TH AVE & N PEORIA ST,1,1,0,0,1,3,0,0,30,0,0,0,0,0,4,2,13
,2024-037025,39.72901385,-104.9407791,8/29/2024 9:09,9:09,12,0,0, COLORADO BLVD & E 8TH AVE,1,1,0,0,1,3,0,0,35,0,0,0,0,0,2,2,13
,2024-037026,39.77581479,-104.8658316,8/29/2024 5:40,5:40,12,0,0,I-70 & N HAVANA ST,1,1,0,0,1,4,0,0,55,0,0,0,0,0,4,2,13
,2024-037027,39.72564815,-104.9862615,8/29/2024 17:43,17:43,15,0,1,E 6TH AVE & E SPEER BLVD,1,1,0,0,1,3,0,0,30,0,0,0,1,2,4,2,13
,2024-037028,39.70385023,-104.9490338,8/29/2024 15:16,15:16,16,0,1,3245 E EXPOSITION AVE,1,1,0,0,5,7,0,0,10,0,0,0,0,2,3,2,11
,2024-037029,39.74748383,-105.0181153,8/29/2024 6:33,6:33,12,0,0,I-25 & W 23RD AVE,1,2,0,0,1,4,0,0,55,0,0,0,0,0,1,2,3
,2024-037030,39.74760698,-105.0026278,8/29/2024 16:24,16:24,12,0,0, SPEER BLVD & AURARIA PKWY,1,1,0,0,1,3,0,0,35,0,0,0,0,0,4,3,16
,2024-037031,39.7530146,-105.0532533,8/25/2024 20:35,20:35,1,0,2, SHERIDAN BLVD & W BYRON PL,11,3,0,1,1,1,0,0,45,0,0,0,0,3,2,2,11
,2024-037032,39.68434452,-105.0531979,8/29/2024 17:30,17:30,12,0,1, SHERIDAN BLVD & W FLORIDA AVE,1,1,1,0,1,4,0,0,40,0,0,0,0,2,2,2,2
,2024-037033,39.73582756,-104.8870243,8/29/2024 19:27,19:27,6,0,0,1220  XANTHIA ST & E 12TH AVE,1,4,0,0,1,3,0,0,25,0,0,0,0,0,4,2,14
,2024-037034,39.73648561,-104.9350056,8/22/2024 10:34,10:34,10,0,0,E 13TH AVE & N CLERMONT ST,1,1,0,0,1,1,0,0,30,0,0,0,0,0,4,2,13
,2024-037035,39.74601783,-104.9980845,8/27/2024 17:51,17:51,15,0,0,14TH ST & ARAPAHOE ST,1,1,0,0,1,4,0,0,20,0,0,0,0,0,4,2,13
,2024-037039,39.74999765,-105.0346113,8/29/2024 10:55,10:55,3,0,0,W 22ND AVE & N LOWELL BLVD,1,1,0,0,1,1,0,1,20,0,0,0,0,0,4,2,13
,2024-037041,39.73511608,-104.9472811,8/28/2024 17:30,17:30,15,0,0,E 12TH AVE & N COOK ST,1,1,0,0,1,1,0,0,,0,0,0,0,0,4,2,16
,2024-037042,39.7109609,-104.9987514,8/28/2024 5:57,5:57,12,0,1,I-25 & W ALAMEDA AVE,1,1,3,0,1,4,0,0,55,0,0,0,0,2,1,2,16
,2024-037044,39.75448625,-104.9975568,8/30/2024 13:23,13:23,15,0,0,WYNKOOP ST & 19TH ST,1,1,0,0,1,4,0,0,25,0,0,0,0,0,4,2,8
,2024-037045,39.74218091,-104.9908667,8/29/2024 16:13,16:13,11,0,1,TREMONT PL & 15TH ST,1,1,0,0,1,2,0,0,0,0,0,1,0,1,4,1,16
,2024-037047,39.71133746,-104.9425599,8/30/2024 7:00,7:00,12,0,0, JACKSON ST & E ALAMEDA AVE,1,1,0,0,1,4,0,0,20,0,0,0,0,0,4,2,3
,2024-037048,39.70970342,-104.9035117,8/30/2024 10:22,10:22,15,0,0, QUEBEC ST & E ALAMEDA AVE,1,1,0,0,1,4,0,0,30,0,0,0,0,0,4,2,14
,2024-037049,39.71803381,-104.9535736,8/30/2024 11:54,11:54,15,0,0,E 1ST AVE & N FILLMORE ST,1,1,0,0,1,4,0,0,30,0,0,0,0,0,4,2,13
,2024-037051,39.77802109,-104.9225766,8/30/2024 8:58,8:58,15,0,0,E 44TH AVE & N HOLLY ST,1,1,0,0,1,4,0,0,35,0,0,0,0,0,4,2,11
,2024-037053,39.73836036,-104.9494762,8/30/2024 14:52,14:52,3,0,1, STEELE ST & E 14TH AVE,1,1,0,0,1,1,0,0,20,0,0,0,0,2,4,2,13
,2024-037054,39.73867232,-105.048676,8/26/2024 22:30,22:30,6,0,0, WOLFF ST & W 14TH AVE,1,4,0,0,1,4,0,0,20,0,0,0,0,0,4,2,16
,2024-037055,39.75286732,-104.9997198,8/29/2024 12:30,12:30,16,0,0,1701 WYNKOOP ST,1,1,0,0,5,7,0,0,15,0,0,0,0,0,3,1,14
,2024-037058,39.77621914,-104.9790737,8/30/2024 10:37,10:37,12,0,0,RINGSBY CT & N WASHINGTON ST,1,1,0,0,1,3,0,0,25,0,0,0,0,0,4,2,6
,2024-037059,39.75244592,-105.0160978,8/30/2024 1:52,1:52,15,0,0,I-25 & N SPEER BLVD,1,3,0,0,1,4,0,0,55,0,0,0,0,0,1,3,1
,2024-037061,39.66749693,-104.9407894,8/21/2024 16:08,16:08,12,0,0, COLORADO BLVD & E YALE AVE,1,1,1,0,1,4,0,0,35,0,0,0,0,0,2,2,13
,2024-037062,39.72892966,-104.9905769,8/29/2024 9:30,9:30,10,0,0,W 8TH AVE & N SPEER BLVD,1,1,0,0,1,1,0,0,30,0,0,0,0,0,4,2,3
,2024-037063,39.75011628,-105.0046348,8/30/2024 7:15,7:15,12,0,0, SPEER BLVD & WEWATTA ST,1,1,0,0,1,3,0,0,35,0,0,0,0,0,4,2,16
,2024-037065,39.75848788,-105.0266413,8/30/2024 14:18,14:18,15,0,0,W 29TH AVE & GROVE ST,1,1,0,0,1,4,0,0,30,0,0,0,0,0,4,2,13
,2024-037066,39.75832035,-104.987445,8/30/2024 1:47,1:47,5,0,2, BROADWAY ST & WALNUT ST,1,3,0,0,2,1,0,0,30,0,0,0,0,2,4,1,14
,2024-037067,39.71211791,-104.940623,8/29/2024 22:19,22:19,9,0,1, COLORADO BLVD & E ALAMEDA AVE,1,3,0,0,1,4,0,0,40,0,0,0,1,2,2,1,16
,2024-037070,39.7619927,-104.9599469,8/29/2024 21:09,21:09,15,0,0,E MLK JR BLVD & N YORK ST,1,3,0,0,1,4,0,0,35,0,0,0,0,0,4,2,11
,2024-037071,39.7474589,-104.894205,8/29/2024 21:16,21:16,12,0,0,E MONTVIEW BLVD & N ULSTER ST,1,3,0,0,1,4,0,0,40,0,0,0,0,0,4,3,16
,2024-037072,39.779526,-104.9855417,8/24/2024 8:19,8:19,12,0,0,I-70 EB ON RAMP & ON RAMP SPLIT,1,1,0,0,1,8,0,0,55,0,0,0,0,0,1,2,8
,2024-037073,39.76443986,-105.0096115,8/30/2024 15:03,15:03,3,0,0,W 34TH AVE & N SHOSHONE ST,1,1,0,0,1,1,0,0,25,0,0,0,0,0,4,2,13
,2024-037074,39.7234924,-105.0250231,8/30/2024 3:07,3:07,1,0,0, FEDERAL BLVD & W 5TH AVE,1,3,0,0,1,1,0,0,40,0,0,0,0,0,2,2,13
,2024-037079,39.78026222,-104.9349823,8/29/2024 22:18,22:18,12,0,2,I-70 & WB OFF RAMP EXT TO N COLORADO BLVD,1,3,0,0,1,4,0,0,65,0,0,0,0,2,1,2,3
,2024-037082,39.70205548,-104.9769244,8/30/2024 10:36,10:36,3,0,0,E OHIO AVE & S EMERSON ST,1,1,0,0,1,1,0,0,20,0,0,0,0,0,4,2,16
,2024-037083,39.75232968,-105.0236144,8/30/2024 8:43,8:43,6,0,0, ELIOT ST & W 24TH AVE,1,1,0,0,1,4,0,0,25,0,0,0,0,0,4,3,13
,2024-037084,39.72928036,-104.9124384,8/29/2024 14:54,14:54,3,0,2,E 8TH AVE & N MONACO ST PKWY,1,1,0,0,1,1,0,0,30,0,0,0,0,2,4,2,14
,2024-037085,39.7311364,-104.9861312,8/30/2024 12:45,12:45,11,0,1, LINCOLN ST & E 9TH AVE,1,1,0,0,1,4,0,0,0,0,0,1,0,2,4,1,16
,2024-037093,39.71118491,-105.0396995,8/30/2024 20:59,20:59,3,0,1, PERRY ST & W ALAMEDA AVE,1,3,0,0,1,1,0,0,35,0,0,0,0,2,2,2,11
,2024-037094,39.78193671,-104.9666996,8/30/2024 21:51,21:51,2,0,1,E 47TH AVE & N BRIGHTON BLVD,1,3,0,0,1,3,0,0,35,1,0,0,0,2,2,1,11
,2024-037095,39.64571554,-104.9128066,8/30/2024 21:45,21:45,6,0,0,6520 E MANSFIELD AVE & S MONACO ST PKWY,1,3,0,0,1,4,0,0,25,0,0,0,0,0,4,2,13
,2024-037096,39.73329945,-104.9034575,8/31/2024 13:02,13:02,12,0,0,1105  QUEBEC ST & E 11TH AVE,1,1,0,0,1,3,0,0,25,0,0,0,0,0,4,2,11
,2024-037097,39.66771968,-105.0251473,8/31/2024 15:33,15:33,12,0,0,W YALE AVE & S FEDERAL BLVD,1,1,0,0,1,3,0,0,30,0,0,0,0,0,2,2,13
,2024-037101,39.68363273,-104.9406789,8/31/2024 13:09,13:09,15,0,0, COLORADO BLVD & I-25,1,1,0,0,1,1,0,0,35,0,0,0,0,0,2,2,16
,2024-037102,39.76953841,-105.0343646,8/31/2024 20:00,20:00,3,0,0,W 38TH AVE & N LOWELL BLVD,1,3,0,0,1,9,0,0,35,0,0,0,0,0,4,2,11
,2024-037107,39.78116765,-104.8827348,8/30/2024 20:11,20:11,12,0,1, CENTRAL PARK BLVD & E 40TH AVE,1,3,0,0,1,4,0,0,35,0,0,0,1,1,4,2,11
,2024-037108,39.71111921,-104.9592612,8/30/2024 17:24,17:24,1,0,2, UNIVERSITY BLVD & E ALAMEDA AVE,1,1,1,0,1,1,0,0,35,0,0,0,0,2,4,2,1
,2024-037109,39.78362809,-104.7775386,8/31/2024 12:45,12:45,12,0,0,E GREEN VALLEY RANCH BLVD & N WALDEN ST,1,1,0,0,1,1,0,0,35,0,0,0,0,0,4,2,7
,2024-037110,39.75630505,-105.0158358,8/31/2024 3:19,3:19,5,0,1, ZUNI ST & N SPEER BLVD,1,3,0,0,6,1,0,0,35,0,0,0,0,2,4,1,16
,2024-037111,39.76565331,-104.9404964,8/30/2024 8:11,8:11,3,0,0, COLORADO BLVD & E 35TH AVE,1,1,0,0,1,1,0,0,30,0,0,0,0,0,2,3,13
,2024-037116,39.68948573,-105.0297065,8/30/2024 16:18,16:18,15,0,0, IRVING ST & W FLORIDA AVE,1,1,0,0,1,3,0,0,25,0,0,0,0,0,4,2,13
,2024-037117,39.76001609,-104.890774,8/31/2024 17:07,17:07,3,0,0,E MLK BLVD & N CENTRAL PARK BLVD,1,1,0,0,1,1,0,0,35,0,0,0,0,0,4,2,1
,2024-037126,39.73515309,-104.9787,8/30/2024 22:56,22:56,15,0,0, WASHINGTON ST & E 12TH AVE,1,3,0,0,1,1,0,0,20,0,0,0,0,0,4,2,13
,2024-037134,39.75268259,-104.9946714,8/31/2024 23:23,23:23,12,0,0,MARKET ST & 19TH ST,1,3,0,0,1,3,0,0,30,0,0,0,0,0,4,2,16
,2024-037136,39.7656837,-104.9948635,9/1/2024 17:08,17:08,12,0,0,PARK AVE W & N GLOBEVILLE RD,1,1,0,0,1,3,0,0,35,0,0,0,0,0,4,2,13
,2024-037137,39.7265843,-104.9861729,8/31/2024 17:57,17:57,10,0,0, LINCOLN ST & E SPEER BLVD,1,1,0,0,1,1,0,0,35,0,0,0,0,0,4,2,8
,2024-037140,39.79147161,-104.8453922,8/31/2024 4:31,4:31,5,0,0,12218 E 52ND AVE DR & E 53RD AVE,14,5,3,7,1,4,0,0,,0,0,0,0,0,4,1,16
,2024-037141,39.71450816,-105.0446416,8/28/2024 11:37,11:37,5,0,0, WEIR DR & S UTICA ST,1,1,0,0,3,4,0,0,25,0,0,0,0,0,4,1,16
,2024-037145,39.70441996,-104.9951226,9/1/2024 16:00,16:00,12,0,0,I-25 SB ON RAMP & SB ON RAMP SPLIT MERGE PT,1,1,1,0,1,8,0,0,35,0,0,0,0,0,1,2,13
,2024-037146,39.78077499,-104.9495324,9/1/2024 8:15,8:15,3,0,0,E 46TH AVE & N VASQUEZ BLVD,1,1,0,0,1,1,0,0,35,0,0,0,0,0,2,2,11
,2024-037147,39.75299481,-104.9926533,9/1/2024 0:31,0:31,10,0,0,20TH ST & LARIMER ST,1,3,0,0,1,9,0,0,20,0,0,0,1,0,4,2,13
,2024-037148,39.76382726,-104.90274,8/31/2024 1:06,1:06,15,0,0, QUEBEC ST & 33RD AVE,1,3,0,0,1,1,0,0,35,0,0,0,0,0,4,2,1
,2024-037149,39.65508424,-104.870283,9/1/2024 17:49,17:49,1,0,0,E GIRARD AVE & S GALENA ST,1,1,0,0,1,1,0,0,25,0,0,0,0,0,4,2,13
,2024-037150,39.73663296,-105.053216,9/1/2024 18:01,18:01,12,0,0, SHERIDAN BLVD & W 13TH AVE,1,1,0,0,1,3,0,0,35,0,0,0,0,0,2,2,16
,2024-037153,39.67868498,-105.0156957,9/1/2024 14:55,14:55,12,0,0,W EVANS AVE & S ZUNI ST,1,1,0,0,1,3,0,0,25,0,0,0,0,0,4,2,13
,2024-037157,39.72076793,-104.8988555,8/29/2024 12:00,12:00,16,0,0,175  RAMPART WAY & E FIRST PL,1,5,0,7,5,7,0,0,,0,0,0,0,0,3,1,16
,2024-037161,39.76009442,-104.898978,8/31/2024 16:30,16:30,3,0,2,E MLK JR BLVD & N SYRACUSE ST,1,1,0,0,1,1,0,0,35,0,0,0,0,2,4,2,16
,2024-037162,39.7105128,-105.0432082,8/30/2024 21:50,21:50,3,0,1,W NEVADA PL & S STUART ST,1,3,0,0,1,1,0,0,25,0,0,0,0,2,4,2,11
,2024-037163,39.73304821,-105.0155402,9/1/2024 15:31,15:31,9,0,0,I-25 & W 6TH AVE,1,1,0,0,1,4,0,0,55,0,0,0,0,0,1,1,14
,2024-037164,39.67487398,-105.0017728,8/30/2024 15:34,15:34,12,0,0, LIPAN ST & W ILIFF AVE,1,1,0,0,1,3,0,0,25,0,0,0,0,0,4,2,13
,2024-037165,39.77412221,-104.8827889,8/31/2024 18:31,18:31,10,0,0,E 40TH AVE & N CENTRAL PARK BLVD,1,1,0,0,1,1,0,0,20,0,0,0,0,0,4,2,11
,2024-037169,39.77722913,-104.8839151,8/30/2024 21:21,21:21,9,0,0,I-70 & N CENTRAL PARK BLVD,1,3,0,0,1,4,0,0,55,0,0,0,0,0,1,2,14
,2024-037170,39.76937025,-105.0252319,9/1/2024 1:41,1:41,3,0,1, FEDERAL BLVD & W 38TH AVE,1,3,0,0,1,2,0,0,35,0,0,0,0,1,2,2,16
,2024-037171,39.75962489,-104.9733266,8/31/2024 2:40,2:40,6,0,1, DOWNING ST & E 30TH AVE,1,3,0,0,1,4,0,0,30,0,0,0,0,2,4,2,14
,2024-037181,39.74130543,-104.989543,8/27/2024 15:03,15:03,11,0,1,15TH ST & COURT PL,1,1,0,0,1,2,0,0,15,0,0,1,0,1,4,1,13
,2024-037226,39.73456251,-104.9372945,6/2/2024 17:38,17:38,6,0,0,1238  BELLAIRE ST & E 12TH AVE,1,1,0,0,1,2,0,0,20,0,0,0,0,0,4,2,16
,2024-037227,39.76481487,-105.050692,5/8/2024 8:50,8:50,3,0,0, YATES ST & W 34TH AVE,1,1,3,0,1,1,0,0,25,0,0,0,0,0,4,2,16
,2024-037228,39.71486594,-104.9875243,5/10/2024 2:00,2:00,12,0,0, BROADWAY ST & E BAYAUD AVE,1,3,0,0,1,3,0,0,35,0,0,0,0,0,4,2,16
,2024-037229,39.7368589,-104.9953081,4/28/2024 18:00,18:00,6,0,0, FOX ST & W 13TH AVE,1,3,0,0,1,4,0,0,,0,0,0,0,0,4,2,16
,2024-037230,39.76979843,-104.9126947,5/12/2024 5:20,5:20,5,0,1, MONACO ST PKWY & E 38TH AVE,11,3,0,1,2,4,0,0,35,0,0,0,0,1,4,1,16
,2024-037231,39.6983985,-104.959329,5/2/2024 12:30,12:30,15,0,0, UNIVERSITY BLVD & E TENNESSEE AVE,1,1,0,0,1,1,0,0,,0,0,0,0,0,4,2,1
,2024-037232,39.79919607,-104.7863572,5/30/2024 3:55,3:55,15,0,0,PENA BLVD & 56TH AVE,1,3,0,0,1,8,0,0,65,0,0,0,0,0,4,2,16
,2024-037233,39.76132796,-105.0046088,7/29/2024 14:00,14:00,15,0,0,I-25 & W 23RD AVE,1,1,0,0,1,4,0,0,55,0,0,0,0,0,2,2,13
,2024-037234,39.70043189,-105.0532497,7/31/2024 6:30,6:30,15,0,0, SHERIDAN BLVD & W KENTUCKY AVE,1,2,1,0,1,4,0,0,,0,0,0,0,0,2,2,16
,2024-037235,39.73970296,-104.9622372,8/23/2024 18:46,18:46,6,0,3, VINE ST & E COLFAX AVE,1,1,0,0,1,4,0,0,20,0,0,0,0,2,4,4,3
,2024-037237,39.73999854,-104.965992,9/2/2024 3:59,3:59,12,0,0,E COLFAX AVE & N WILLIAMS ST,1,3,0,0,1,1,0,0,30,0,0,0,0,0,2,2,3
,2024-037240,39.77339811,-104.8399461,9/2/2024 3:52,3:52,12,0,0,I-70 & N PEORIA ST,1,3,0,0,1,4,0,0,,0,0,0,0,0,1,2,16
,2024-037241,39.72569801,-105.0004504,8/28/2024 14:53,14:53,12,0,1,W 6TH AVE & N KALAMATH ST,1,1,0,0,1,3,0,0,30,0,0,0,0,2,4,2,11
,2024-037242,39.67304207,-104.9617324,9/1/2024 21:30,21:30,5,0,0,E WESLEY AVE & S GAYLORD ST,1,3,3,0,1,1,0,0,,0,0,0,0,0,4,1,13
,2024-037243,39.78365997,-104.7611402,9/1/2024 23:47,23:47,12,0,0,E GREEN VALLEY RANCH BLVD & N FLANDERS WY,1,3,0,0,1,3,0,0,35,0,0,0,0,0,4,2,10
,2024-037244,39.69860186,-104.9035709,9/2/2024 1:38,1:38,12,0,1,LEETSDALE DR & S QUEBEC ST,1,3,0,0,1,3,0,0,40,0,0,0,0,2,2,2,16