id,drcog_id,latitude,longitude,crashtime,time,crashtype,numbkilled,numbinjurd,drcoglocat,rdconditin,lightngcon,roadcntgrd,weatherco,location,roaddescrp,schoolzone,constrzone,splimit,bikeinv,pedinv,sctrinv,motoinv,svrty,rdsystem,ttlvehcls,hcf
,2024-037252,39.77684115,-104.8777525,8/24/2024 3:02,3:02,5,0,1,I-70 & N CENTRAL PARK BLVD,1,3,0,0,3,4,0,0,55,0,0,0,0,1,1,1,16
,2024-037256,39.7632216,-104.9490593,8/25/2024 1:55,1:55,6,0,0,E 13TH AVE & N ADAMS ST,1,4,0,0,1,4,0,0,30,0,0,0,1,0,4,2,4
,2024-037257,39.70550088,-104.9745691,8/6/2024 23:27,23:27,6,0,0, CORONA ST & E CENTER AVE,1,3,0,0,1,4,0,0,,0,0,0,0,0,4,2,16
,2024-037262,39.72412085,-104.9461722,6/29/2024 15:52,15:52,3,0,1, MADISON ST & E 5TH AVE,1,1,0,0,1,1,0,0,35,0,0,0,0,3,4,2,13
,2024-037263,39.68590571,-105.0250217,9/1/2024 13:44,13:44,12,0,0, FEDERAL BLVD & W MEXICO AVE,1,1,1,0,1,3,0,0,35,0,0,0,0,0,2,3,14
,2024-037270,39.77160515,-104.902325,8/20/2024 10:15,10:15,15,0,0, QUEBEC ST & E SMITH RD,1,1,0,0,1,4,0,0,,0,0,0,0,0,4,2,16
,2024-037271,39.74735376,-104.9406042,9/2/2024 9:00,9:00,12,0,0, COLORADO BLVD & MONTIVIEW BLVD,1,1,0,0,1,3,0,0,35,0,0,0,0,0,2,2,16
,2024-037272,39.71149911,-104.94256,8/12/2024 11:30,11:30,3,0,0, JACKSON ST & E ALAMEDA AVE,1,1,0,0,1,1,0,0,,0,0,0,0,0,4,2,16
,2024-037273,39.74055559,-105.0248068,8/21/2024 17:53,17:53,12,0,0,W COLFAX AVE & N FEDERAL BLVD,1,1,0,0,1,4,0,0,,0,0,0,0,0,2,2,16
,2024-037274,39.73671201,-104.970689,7/20/2024 12:54,12:54,6,0,0, LAFAYETTE ST & W 13TH AVE,1,1,0,0,1,4,0,0,20,0,0,0,0,0,4,2,1
,2024-037275,39.7088428,-104.8756127,9/1/2024 18:01,18:01,12,0,0,E ALAMEDA AVE & S DAYTON ST,1,1,0,0,1,4,0,0,35,0,0,0,0,0,4,2,16
,2024-037276,39.74002484,-104.9980148,8/27/2024 15:28,15:28,11,0,0, SPEER BLVD & W COLFAX AVE,1,1,3,0,1,4,0,0,,0,0,1,0,0,4,1,14
,2024-037278,39.72317586,-105.0108753,9/1/2024 2:02,2:02,5,0,0,I-25 & W 6TH AVE,1,4,1,0,2,4,0,0,65,0,0,0,0,0,1,2,1
,2024-037280,39.70203827,-104.9881292,8/15/2024 0:20,0:20,15,0,0,I-25 & S BROADWAY ST,1,3,2,0,1,4,0,0,55,0,0,0,0,0,1,2,16
,2024-037282,39.6791603,-105.0532681,9/2/2024 20:44,20:44,1,0,2, SHERIDAN BLVD & W EVANS AVE,1,3,0,0,1,1,0,0,40,0,0,0,0,2,2,2,11
,2024-037283,39.83300614,-104.6929454,9/1/2024 22:30,22:30,15,0,0,PENA BLVD IB RAMPS & JACKSON GAP,1,3,0,0,1,1,0,0,10,0,0,0,0,0,4,2,8
,2024-037284,39.7344316,-104.9257605,8/27/2024 17:00,17:00,6,0,0,1145  GLENCOE ST & E 12TH AVE,1,1,0,0,1,4,0,0,,0,0,0,0,0,4,2,16
,2024-037285,39.76445737,-104.9405012,8/26/2024 11:20,11:20,3,0,0, COLORADO BLVD & E BRUCE RANDOLPH AVE,1,1,0,0,1,1,0,0,35,0,0,0,0,0,2,2,13
,2024-037286,39.74002055,-104.9811022,8/23/2024 19:46,19:46,11,0,1,E COLFAX AVE & N PENNSYLVANIA ST,14,1,3,7,1,1,0,0,,0,0,1,0,1,2,1,16
,2024-037287,39.75721844,-104.9835938,9/1/2024 3:23,3:23,5,0,0,ARAPAHOE ST & 26TH AVE,1,3,0,0,3,1,0,0,30,0,0,0,0,0,4,1,16
,2024-037288,39.74015415,-104.9502553,8/28/2024 15:28,15:28,15,0,0,E COLFAX AVE & N STEELE ST,1,1,0,0,1,4,0,0,,0,0,0,0,0,2,2,16
,2024-037289,39.78364278,-104.7677733,8/27/2024 7:48,7:48,16,0,0,18607 E GREEN VALLEY RANCH BLVD & N ANDES ST,1,1,0,0,5,7,0,0,10,0,0,0,0,0,3,2,13
,2024-037291,39.72260412,-104.9740738,7/22/2024 21:48,21:48,6,0,0, CORONA ST & E 4TH AVE,1,3,0,0,3,4,0,0,25,0,0,0,0,0,4,2,16
,2024-037292,39.76742528,-104.9948236,8/28/2024 16:44,16:44,15,0,0,PARK AVE W & I-25 NB RAMPS,1,1,0,0,1,3,0,0,30,0,0,0,0,0,4,2,8
,2024-037293,39.7746238,-104.9222805,7/14/2024 19:49,19:49,15,0,0,E SMITH RD & N HOLLY ST,1,2,3,0,1,3,0,0,,0,0,0,0,0,4,2,16
,2024-037294,39.74562234,-104.9022275,8/20/2024 0:19,0:19,6,0,0,E 19TH AVE & N QUINCE ST,1,3,0,0,1,4,0,0,20,0,0,0,0,0,4,2,16
,2024-037298,39.71818205,-104.9635982,8/29/2024 17:55,17:55,12,0,1,E 1ST AVE & N RACE ST,1,1,0,0,1,3,0,0,30,0,0,0,0,1,4,3,13
,2024-037300,39.69181748,-105.0532039,9/2/2024 18:30,18:30,3,0,1, SHERIDAN BLVD & W WYOMING PL,1,1,0,0,1,2,0,0,40,0,0,0,0,2,2,2,11
,2024-037301,39.78022813,-105.0439541,8/29/2024 9:55,9:55,11,0,1,W 46TH AVE & N TENNYSON ST,1,1,0,0,1,1,0,0,30,0,1,0,0,1,4,1,13
,2024-037307,39.71109464,-105.0299251,7/17/2024 23:13,23:13,5,0,0,W ALAMEDA AVE & S IRVING ST,1,3,0,0,6,3,0,0,35,0,0,0,0,0,2,1,16
,2024-037308,39.73381545,-104.9775895,8/30/2024 4:27,4:27,3,0,0, CLARKSON ST & E 11TH AVE,1,3,0,0,1,1,0,0,30,0,0,0,0,0,4,2,16
,2024-037310,39.8021752,-104.8820478,8/19/2024 11:00,11:00,6,0,0, BEELER ST & E 58TH AVE,1,1,0,0,1,4,0,0,20,0,0,0,0,0,4,2,1
,2024-037311,39.74042864,-105.0314949,8/13/2024 12:10,12:10,14,0,0, JULIAN ST & W COLFAX AVE,1,1,0,0,1,3,0,0,,0,0,0,0,0,2,2,16
,2024-037312,39.79826875,-104.8191135,8/31/2024 17:20,17:20,15,0,0,E 56TH AVE & N CROWN BLVD,1,1,0,0,1,4,0,0,35,0,0,0,0,0,4,2,11
,2024-037313,39.77291167,-104.8478134,8/26/2024 14:12,14:12,15,0,0, PEORIA ST & E 40TH AVE,1,1,0,0,1,1,0,0,,0,0,0,0,0,1,2,16
,2024-037314,39.78403548,-104.8097957,8/3/2024 12:52,12:52,15,0,0, CHAMBERS RD & E GATEWAY AVE,1,1,0,0,1,4,0,0,,0,0,0,0,0,4,2,16
,2024-037317,39.77346708,-104.8438039,8/14/2024 16:00,16:00,12,0,0,I-70 EB ON RAMP FROM  PEORIA ST & RAMP TRAFFIC METER LIGHT,1,1,0,0,1,8,0,0,,0,0,0,0,0,2,2,16
,2024-037318,39.77799038,-104.8470315,9/2/2024 0:11,0:11,12,0,0, PEORIA ST & E 45TH AVE,1,3,0,0,1,3,0,0,35,0,0,0,0,0,4,2,13
,2024-037319,39.70856017,-105.0324405,9/2/2024 7:45,7:45,15,0,0, KNOX CT & W ALASKA PL,1,1,0,0,1,1,0,0,25,0,0,0,0,0,4,2,1
,2024-037322,39.7210606,-104.9546278,8/16/2024 12:50,12:50,6,0,0, DETROIT ST & E 3RD AVE,1,1,0,0,3,4,0,0,,0,0,0,0,0,4,2,16
,2024-037323,39.72930343,-105.0325094,8/18/2024 0:26,0:26,5,0,0,W 8TH AVE & N KNOX CT,1,3,1,0,2,3,0,0,25,0,0,0,0,0,4,1,16
,2024-037325,39.73926544,-104.8869911,8/25/2024 19:19,19:19,5,0,0, XANTHIA & E 14TH AVE,1,1,0,0,2,9,0,0,10,0,0,0,0,0,4,1,16
,2024-037329,39.71466348,-104.9499455,8/29/2024 11:40,11:40,11,0,1, STEELE ST & E BAYAUD AVE,1,1,0,0,1,1,0,0,30,0,0,1,0,1,4,2,14
,2024-037334,39.76198106,-104.9947559,8/29/2024 2:25,2:25,2,0,1,PARK AVE W & WEWATTA ST,1,3,0,0,1,4,0,0,0,1,0,0,0,2,4,1,16
,2024-037336,39.73848906,-105.046736,8/30/2024 13:25,13:25,11,0,0,W 14TH AVE & N VRAIN ST,1,1,0,0,1,4,0,0,30,0,0,1,0,0,4,1,13
,2024-037344,39.73086748,-105.0321245,8/30/2024 18:12,18:12,6,0,1, KNOX CT & W 9TH AVE,1,1,1,0,1,4,0,0,20,0,0,0,0,2,4,2,16
,2024-037348,39.69676381,-105.0153807,8/30/2024 9:29,9:29,12,0,0,W MISSISSIPPI AVE & S ZUNI ST,1,1,0,0,1,4,0,0,30,0,0,0,0,0,4,2,16
,2024-037420,39.76141866,-104.9034354,6/2/2024 20:45,20:45,15,0,0,E MLK JR BLVD & N QUEBEC ST,1,3,0,0,1,4,0,0,,0,0,0,0,0,4,2,16
,2024-037422,39.76440502,-104.9866306,8/16/2024 17:25,17:25,16,0,0,2890  BRIGHTON BLVD & 28TH ST,1,1,0,0,5,7,0,0,,0,0,0,0,0,3,1,16
,2024-037439,39.77468062,-104.8526755,9/3/2024 18:05,18:05,12,0,0,I-70 & ON RAMP ENT FROM N PEORIA ST,1,1,0,0,1,4,0,0,35,0,0,0,0,0,2,2,13
,2024-037440,39.76999066,-104.9740333,9/2/2024 10:55,10:55,6,0,0,BLAKE ST & N DOWNING ST,1,1,0,0,1,4,0,0,30,0,0,0,0,0,4,2,16
,2024-037441,39.78021117,-104.9674834,8/30/2024 14:07,14:07,15,0,0,I-70 & N BRIGHTON BLVD,1,1,0,0,1,4,0,0,55,0,0,0,0,0,1,2,7
,2024-037442,39.72359167,-105.0532667,9/3/2024 9:05,9:05,12,0,0,SHERIDAN BLVD & W 5TH AVE,1,1,0,0,1,4,0,0,35,0,0,0,0,0,2,2,13
,2024-037443,39.69843332,-104.9746233,9/2/2024 17:00,17:00,6,0,0,E TENNESSEE AVE & S CORONA ST,1,1,0,0,1,9,0,0,,0,0,0,0,0,4,2,3
,2024-037444,39.75197604,-104.9684165,8/31/2024 8:59,8:59,3,0,0,E 24TH AVE & N FRANKLIN ST,1,1,0,0,1,1,0,0,20,0,0,0,0,0,4,2,13
,2024-037445,39.70362622,-104.9916288,8/25/2024 1:52,1:52,15,0,0,I-25 & NB OFF RAMP EXT TO S SANTA FE DR,1,3,0,0,1,4,0,0,,0,0,0,0,0,1,2,16
,2024-037446,39.76006367,-104.8671819,8/31/2024 7:58,7:58,10,0,0,E MLK JR BLVD & N GENEVA CT,1,1,0,0,1,2,0,0,35,0,0,0,0,0,4,2,8
,2024-037447,39.74544834,-104.9900951,8/31/2024 12:00,12:00,3,0,0,WELTON ST & 17TH ST,1,1,0,0,1,1,0,0,30,0,0,0,0,0,4,2,11
,2024-037448,39.745952,-105.002495,8/17/2024 13:08,13:08,12,0,0,12TH ST & PARK AVE W,1,3,0,0,1,3,0,0,,0,0,0,0,0,4,2,16
,2024-037449,39.74182769,-105.014746,9/3/2024 8:23,8:23,15,0,0,I-25 & W COLFAX AVE,1,1,0,0,1,4,0,0,,0,0,0,0,0,1,3,16
,2024-037450,39.71678279,-105.037305,9/2/2024 13:30,13:30,6,0,0, NEWTON ST & W ELLSWORTH BLVD,1,1,1,0,1,4,0,0,,0,0,0,0,0,4,2,16
,2024-037451,39.75608693,-105.0137242,9/1/2024 2:51,2:51,9,1,1,I-25 SB OFF RAMP & N SPEER BLVD,1,3,1,0,1,8,0,0,55,0,0,0,1,4,1,1,1
,2024-037454,39.69295802,-104.9374259,9/3/2024 1:25,1:25,6,0,0,E LOUISIANA AVE & S BELLAIRE ST,1,3,0,0,1,4,0,0,25,0,0,0,0,0,4,2,14
,2024-037455,39.67162441,-104.9851946,8/8/2024 2:00,2:00,5,0,0, SHERMAN ST & E HARVARD AVE,1,3,0,0,3,4,0,0,25,0,0,0,0,0,4,1,16
,2024-037456,39.7434859,-104.9926467,9/1/2024 15:20,15:20,12,0,0,WELTON ST & 15TH ST,1,1,0,0,1,2,0,0,20,0,0,0,0,0,4,2,11
,2024-037458,39.67352637,-104.8693419,9/3/2024 12:25,12:25,12,0,0, PARKER RD & E ILIFF AVE,1,1,0,0,1,3,0,0,45,0,0,0,0,0,2,2,3
,2024-037459,39.68768653,-105.0250411,9/3/2024 15:32,15:32,12,0,0, FEDERAL BLVD & W IOWA AVE,1,1,0,0,1,1,0,0,35,0,0,0,0,0,2,2,13
,2024-037460,39.7782344,-104.9792472,9/3/2024 7:55,7:55,12,0,0, WASHINGTON ST & E 45TH AVE,1,1,0,0,1,3,0,0,30,0,0,0,0,0,4,2,3
,2024-037462,39.72514415,-105.0131087,8/29/2024 16:25,16:25,15,0,1,I-25 & W 6TH AVE,1,1,0,0,1,4,0,0,55,0,0,0,0,1,1,3,13
,2024-037463,39.74378167,-104.9464998,8/29/2024 17:00,17:00,3,0,0, MADISON ST & E 17TH AVE,1,1,0,0,1,1,0,0,,0,0,0,0,0,4,2,16
,2024-037464,39.71449457,-105.0011779,8/29/2024 12:15,12:15,15,0,0,I-25 & W 6TH AVE,1,1,0,0,1,4,0,0,55,0,0,0,0,0,1,2,11
,2024-037465,39.75933287,-104.9935976,8/27/2024 14:40,14:40,12,0,1,PARK AVE W & DELGANY ST,1,1,0,0,1,3,0,0,35,0,0,0,1,1,4,3,16
,2024-037466,39.78135277,-104.7590485,8/30/2024 15:40,15:40,6,0,0,19763 E 47TH AVE & N FLANDERS WY,1,1,0,0,1,3,0,0,20,0,0,0,0,0,4,2,16
,2024-037468,39.7802744,-104.9403904,8/30/2024 8:37,8:37,12,0,0,I-70 & N COLORADO BLVD,1,1,1,0,1,4,0,0,,0,0,0,0,0,1,4,16
,2024-037469,39.78716521,-104.8314668,9/2/2024 13:30,13:30,3,0,0,E 50TH AVE & N BILLINGS ST,1,1,0,0,1,1,0,0,20,0,0,0,0,0,4,2,11
,2024-037470,39.69843295,-104.9738501,9/1/2024 11:05,11:05,10,0,0,E TENNESSEE AVE & S DOWNING ST,1,1,0,0,1,2,0,0,20,0,0,0,0,0,4,2,13
,2024-037471,39.77959627,-104.8466787,9/1/2024 10:47,10:47,10,0,0,E 46TH AVE & N PEORIA AVE,1,1,0,0,1,2,0,0,20,0,0,0,0,0,4,2,1
,2024-037475,39.78328848,-105.0085134,8/29/2024 17:29,17:29,12,0,0,I-70 & N PECOS ST,1,1,0,0,1,4,0,0,55,0,0,0,0,0,1,2,3
,2024-037478,39.70606108,-104.9406194,9/3/2024 15:54,15:54,12,0,0, COLORADO BLVD & CHERRY CREEK DR S,1,1,0,0,1,4,0,0,35,0,0,0,0,0,2,3,3
,2024-037479,39.74045656,-104.9211372,9/1/2024 7:55,7:55,6,0,0, IVANHOE ST & E COLFAX AVE,1,1,0,0,1,4,0,0,20,0,0,0,0,0,4,2,16
,2024-037480,39.77908373,-104.9898478,9/3/2024 7:20,7:20,12,0,0,I-70 EB ON RAMP FROM -25 SB & I-25 UNDERPASS,1,1,1,0,1,8,0,0,45,0,0,0,0,0,4,2,13
,2024-037481,39.68009619,-104.9408884,9/2/2024 15:50,15:50,12,0,0, COLORADO BLVD & E BUCHTEL BLVD,1,1,0,0,1,1,0,0,35,0,0,0,0,0,2,2,3
,2024-037482,39.7402094,-104.9179117,9/1/2024 2:24,2:24,2,0,1,E COLFAX AVE & N KEARNEY ST,1,3,0,0,1,4,0,0,30,1,0,0,0,2,2,1,16
,2024-037483,39.71128376,-104.9034949,8/4/2024 22:25,22:25,1,0,3,E ALAMEDA AVE & S QUEBEC ST,1,3,0,0,1,1,0,0,35,0,0,0,0,2,4,2,16
,2024-037484,39.70040651,-105.0250848,8/20/2024 20:54,20:54,11,0,1, FEDERAL BLVD & W KENTUCKY AVE,1,3,0,0,1,1,0,0,,0,1,0,0,2,2,1,16
,2024-037486,39.7383015,-104.9235211,9/3/2024 16:29,16:29,15,0,0,E 14TH AVE & N HUDSON ST,1,3,0,0,1,4,0,0,35,0,0,0,0,0,4,2,13
,2024-037487,39.73870545,-104.8858307,8/4/2024 0:47,0:47,6,0,0,1440  XENIA ST & E 14TH AVE,1,3,0,0,3,4,0,0,25,0,0,0,0,0,4,2,16
,2024-037491,39.72589677,-104.950914,8/30/2024 23:28,23:28,6,0,0, ST PAUL ST & E 6TH AVE,1,3,0,0,1,4,0,0,20,0,0,0,0,0,4,3,16
,2024-037493,39.77696414,-104.879182,9/3/2024 10:27,10:27,15,0,0,I-70 & N CENTRAL PARK BLVD,1,1,0,0,1,4,0,0,55,0,0,0,0,0,1,2,10
,2024-037494,39.68950314,-105.0203788,9/3/2024 11:15,11:15,12,0,0, CLAY ST & W FLORIDA AVE,1,1,0,0,1,1,0,0,25,0,0,0,0,0,4,2,3
,2024-037495,39.78432688,-104.8848804,9/1/2024 5:11,5:11,6,0,1,E 48TH AVE & N YOSEMITE ST,1,3,0,0,1,4,0,0,25,0,0,0,0,2,4,2,16
,2024-037496,39.78742921,-105.0218137,8/25/2024 15:15,15:15,8,0,0,W 50TH AVE & N DECATUR ST,1,1,0,0,6,4,0,0,20,0,0,0,0,0,4,2,16
,2024-037499,39.72727703,-104.9874158,8/27/2024 0:08,0:08,3,1,2,W SPEER BLVD & N BROADWAY ST,1,3,0,0,1,1,0,0,20,0,0,0,1,4,4,2,16
,2024-037500,39.65604192,-105.0532233,9/1/2024 12:50,12:50,12,0,0, SHERIDAN BLVD & W DARTMOUTH AVE,1,1,0,0,1,3,0,0,40,0,0,0,0,0,2,2,11
,2024-037501,39.78545942,-105.0052517,9/3/2024 14:04,14:04,10,0,0,W DIXIE PL & N OSAGE ST,1,1,0,0,1,2,0,0,25,0,0,0,0,0,4,2,13
,2024-037502,39.74009606,-104.965992,9/3/2024 10:11,10:11,6,0,0, WILLIAMS ST & E COLFAX AVE,1,1,0,0,1,4,0,0,20,0,0,0,0,0,4,2,16
,2024-037503,39.65318885,-104.9017128,9/1/2024 15:21,15:21,12,0,0,E HAMPDEN AVE & S TAMARAC DR,1,1,1,0,1,3,0,0,40,0,0,0,0,0,2,2,4
,2024-037504,39.72545169,-104.9473807,9/3/2024 7:00,7:00,6,0,0, COOK ST & E 6TH AVE,1,1,0,0,1,4,0,0,25,0,0,0,0,0,4,2,11
,2024-037506,39.71332362,-105.0532836,9/3/2024 18:50,18:50,3,0,1, SHERIDAN BLVD & W CEDAR AVE,1,1,0,0,1,1,0,0,30,0,0,0,0,1,2,2,4
,2024-037508,39.77809761,-104.9079496,9/2/2024 21:15,21:15,5,0,0,I-70 & N QUEBEC ST WB OFF RAMP,1,3,0,0,3,8,0,0,65,0,0,0,0,0,1,1,1
,2024-037511,39.70736022,-104.9407892,9/2/2024 13:55,13:55,5,0,0,E CHERRY CREEK  DR & S COLORADO BLVD,1,1,0,0,6,1,0,0,30,0,0,0,0,0,2,1,14
,2024-037512,39.7451597,-105.0270032,9/3/2024 7:30,7:30,1,0,0,W 18TH AVE & N GROVE ST,1,1,0,0,1,2,0,0,25,0,0,0,0,0,4,2,13
,2024-037513,39.66830339,-104.9398472,9/3/2024 9:54,9:54,1,0,1,E YALE AVE & S COLORADO BLVD,1,1,0,0,1,2,0,0,30,0,0,0,0,2,4,2,11
,2024-037514,39.78855573,-104.8282841,9/1/2024 13:43,13:43,3,0,0,E 51ST AVE & N CROWN BLVD,1,1,0,0,1,1,0,0,,0,0,0,0,0,4,2,13
,2024-037515,39.68950314,-105.0203788,9/3/2024 11:15,11:15,3,0,0, CLAY ST & W FLORIDA AVE,1,1,0,0,1,1,0,0,25,0,0,0,0,0,4,2,11
,2024-037519,39.75637344,-105.0113566,8/8/2024 11:30,11:30,12,0,0,I-25 & 20TH ST,1,1,0,0,1,4,0,0,55,0,0,0,0,0,1,2,16
,2024-037522,39.78077091,-104.9497831,8/26/2024 11:34,11:34,3,0,0, VASQUEZ BLVD & E 46TH AVE N,1,1,0,0,1,1,0,0,45,0,0,0,0,0,2,2,1
,2024-037523,39.7983882,-104.7857921,8/31/2024 10:28,10:28,12,0,0,W 56TH AVE & PENA BLVD NB RAMPS,1,1,0,0,1,1,0,0,40,0,0,0,0,0,4,4,3
,2024-037524,39.70756502,-104.9234663,8/30/2024 14:52,14:52,12,0,0,LEETSDALE DR & S HUDSON ST,1,1,0,0,1,4,0,0,35,0,0,0,0,0,2,2,11
,2024-037526,39.76448467,-104.9318505,9/1/2024 9:25,9:25,12,0,0, DAHLIA ST & E BRUCE RANDOLPH AVE,1,1,0,0,1,1,0,0,25,0,0,0,0,0,4,2,16
,2024-037528,39.70708138,-104.9210252,7/18/2024 8:59,8:59,12,0,0,LEETSDALE DR & S HOLLY ST,1,1,0,0,1,4,0,0,,0,0,0,0,0,2,2,16
,2024-037530,39.73266933,-105.0532222,9/3/2024 17:33,17:33,12,0,1, SHERIDAN BLVD & W 9TH AVE,1,1,0,0,1,4,0,0,35,0,0,0,0,2,2,5,14
,2024-037531,39.76443326,-105.0080277,8/17/2024 22:44,22:44,6,0,0,W 34TH AVE & N QUIVAS ST,1,3,0,0,1,3,0,0,25,0,0,0,0,0,4,2,16
,2024-037532,39.72488574,-105.0126222,9/2/2024 11:57,11:57,15,0,0,I-25 & W 6TH AVE,1,1,0,0,1,4,0,0,55,0,0,0,0,0,1,4,7
,2024-037534,39.69656073,-104.8659309,9/2/2024 14:15,14:15,3,0,0,E MISSISSIPPI AVE & S HAVANA RD,1,1,0,0,1,2,0,0,25,0,0,0,0,0,4,2,3
,2024-037536,39.65318482,-104.8999066,9/2/2024 12:44,12:44,15,0,0,E HAMPDEN AVE & S TAMARAC ST,1,1,1,0,1,4,0,0,40,0,0,0,0,0,2,2,11
,2024-037537,39.71120187,-104.9987939,8/29/2024 11:49,11:49,12,0,0,I-25 & W ALAMEDA AVE,1,1,0,0,1,4,0,0,55,0,0,0,0,0,1,2,7
,2024-037538,39.72562282,-104.9823616,8/31/2024 7:44,7:44,3,0,0,E 6TH AVE & N LOGAN ST,1,1,0,0,1,1,0,0,30,0,0,0,0,0,4,2,13
,2024-037540,39.70238977,-104.8800347,8/24/2024 17:00,17:00,6,0,0,700  ALTON WY & S CLINTON ST,1,1,0,0,1,12,0,0,35,0,0,0,0,0,4,3,3
,2024-037541,39.74987801,-104.9745676,8/21/2024 14:30,14:30,6,0,0, OGDEN ST & E 22ND AVE,1,1,0,0,1,4,0,0,35,0,0,0,0,0,4,2,16
,2024-037542,39.76163201,-105.0057183,7/28/2024 2:09,2:09,5,0,0,20TH ST & CENTRAL ST,11,3,0,0,3,1,0,0,30,0,1,0,0,0,4,1,1
,2024-037543,39.79620423,-104.813648,9/3/2024 3:00,3:00,6,0,0,E PENSACOLA PL & N FAIRPLAY ST,1,3,0,0,1,4,0,0,20,0,0,0,0,0,4,3,2
,2024-037544,39.77695637,-104.7417045,8/31/2024 8:26,8:26,8,0,0, MALTA ST & E MITCHELL PL,1,1,0,0,1,4,0,0,20,0,0,0,0,0,4,2,1
,2024-037545,39.74696566,-104.9775445,7/27/2024 11:25,11:25,3,0,0, CLARKSON ST & PARK AVE,1,1,0,0,1,1,0,0,25,0,0,0,0,0,4,2,13
,2024-037546,39.68040024,-104.92404,8/30/2024 15:32,15:32,10,0,2,E ASBURY AVE & S HOLLY ST,1,1,0,0,1,4,0,0,25,0,0,0,0,2,4,2,10
,2024-037547,39.78399836,-105.0158394,9/1/2024 0:14,0:14,10,0,1,W 48TH AVE & N ZUNI ST,1,3,0,0,1,1,0,0,25,0,0,0,1,2,4,2,16
,2024-037548,39.73828795,-104.9406146,8/25/2024 2:00,2:00,15,0,0,E 14TH AVE & N COLORADO BLVD,1,3,0,0,1,1,0,0,,0,0,0,0,0,2,2,16
,2024-037549,39.70483554,-104.9406187,4/17/2024 17:50,17:50,15,0,0, COLORADO BLVD & E EXPOSITION AVE,1,1,0,0,1,4,0,0,,0,0,0,0,0,2,2,16
,2024-037551,39.78924444,-105.0251804,9/3/2024 18:13,18:13,3,0,1,W 51ST AVE & N FEDERAL BLVD,1,1,0,0,1,1,0,0,35,0,0,0,0,2,2,2,13
,2024-037553,39.65305574,-104.8847851,8/19/2024 20:00,20:00,12,0,0,E HAMPDEN AVE & S YOSEMITE ST,1,3,0,0,1,3,0,0,40,0,0,0,0,0,2,2,13
,2024-037555,39.74017883,-104.9572125,8/31/2024 13:00,13:00,6,0,0,E COLFAX AVE & N COLUMBINE ST,1,1,0,0,1,4,0,0,30,0,0,0,0,0,2,2,11
,2024-037558,39.71318655,-105.053283,8/18/2024 0:22,0:22,12,0,0, SHERIDAN BLVD & W CEDAR AVE,1,3,0,0,1,3,0,0,35,0,0,0,0,0,2,3,16
,2024-037559,39.73527594,-104.9861235,9/1/2024 8:17,8:17,3,0,0,E 12TH AVE & N LINCOLN ST,1,1,0,0,1,1,0,0,30,0,0,0,0,0,4,2,4
,2024-037560,39.75648414,-104.9405328,8/31/2024 14:15,14:15,1,0,0, COLORADO BLVD & E 28TH AVE,1,1,0,0,1,1,0,0,35,0,0,0,0,0,2,2,11
,2024-037561,39.77633502,-104.8739704,9/2/2024 10:58,10:58,5,0,0,I-70 & N CENTRAL PARK BLVD,1,1,0,0,1,4,0,0,55,0,0,0,0,0,1,2,13
,2024-037562,39.74004275,-104.9835797,9/1/2024 13:00,13:00,10,0,0,E COLFAX AVE & N GRANT ST,1,1,0,0,1,1,0,0,30,0,0,0,0,0,2,2,13
,2024-037563,39.76928398,-105.0158689,9/3/2024 17:54,17:54,3,0,0,W 38TH AVE & N ZUNI ST,1,1,1,0,1,1,0,0,35,0,0,0,0,0,4,3,10
,2024-037564,39.72736665,-104.9406272,6/26/2024 7:43,7:43,12,0,0, COLORADO BLVD & E 7TH AVE,1,1,0,0,1,4,0,0,,0,0,0,0,0,2,2,16
,2024-037565,39.76197536,-104.9826718,8/30/2024 12:17,12:17,10,0,0,WALNUT ST & 29TH ST,1,1,0,0,1,4,0,0,20,0,0,0,0,0,4,2,16
,2024-037566,39.63979217,-105.0532892,9/3/2024 2:32,2:32,5,0,0, SHERIDAN BLVD & W QUINCY AVE,1,3,0,0,6,3,0,0,40,0,0,0,0,0,4,1,2
,2024-037649,39.74040577,-105.0123975,8/30/2024 2:04,2:04,12,0,0,W COLFAX AVE & I-25 NB OFF RAMP,1,3,0,0,1,1,0,0,35,0,0,0,0,0,2,2,7
,2024-037651,39.77494745,-104.924613,9/4/2024 12:15,12:15,3,0,1, GRAPE ST & E SMITH RD,1,1,0,0,1,1,0,0,35,0,0,0,0,1,4,2,11
,2024-037652,39.65310451,-104.9153404,9/3/2024 14:45,14:45,3,0,0, LOCUST ST & E HAMPDEN AVE,1,1,0,0,1,2,0,0,25,0,0,0,0,0,4,2,3
,2024-037653,39.73065049,-104.9986334,9/4/2024 8:42,8:42,15,0,0, SANTA FE DR & W 10TH AVE,1,1,0,0,1,4,0,0,25,0,0,0,0,0,2,2,8
,2024-037654,39.68620456,-104.9405438,9/3/2024 19:13,19:13,12,0,0, COLORADO BLVD & E MEXICO AVE,1,3,0,0,1,4,0,0,35,0,0,0,1,0,2,2,16
,2024-037656,39.68902803,-104.9919641,9/4/2024 11:03,11:03,15,0,0, SANTA FE DR & W FLORIDA AVE,1,1,0,0,1,4,0,0,40,0,0,0,0,0,2,2,3