id,drcog_id,latitude,longitude,crashtime,time,crashtype,numbkilled,numbinjurd,drcoglocat,rdconditin,lightngcon,roadcntgrd,weatherco,location,roaddescrp,schoolzone,constrzone,splimit,bikeinv,pedinv,sctrinv,motoinv,svrty,rdsystem,ttlvehcls,hcf
,2024-037657,39.73515436,-104.9861241,9/4/2024 13:52,13:52,12,0,0, LINCOLN ST & E 12TH AVE,1,1,0,0,1,3,0,0,30,0,0,0,0,0,4,3,8
,2024-037658,39.75513305,-105.0002583,8/30/2024 15:40,15:40,15,0,1,WEWATTA ST & 18TH ST,1,1,0,0,1,1,0,0,30,0,0,0,0,1,4,2,8
,2024-037659,39.74197827,-104.9004887,7/7/2024 16:50,16:50,5,0,4,1584  ROSLYN ST ALLEY & E 16TH AVE,1,1,0,0,3,9,0,0,,0,0,0,0,2,4,1,9
,2024-037663,39.68483804,-104.9621812,9/3/2024 15:55,15:55,12,0,0,I-25 & S UNIVERSITY BLVD,1,1,0,0,1,4,0,0,55,0,0,0,0,0,1,2,7
,2024-037664,39.74786512,-104.9861062,9/3/2024 10:45,10:45,6,0,0, LINCOLN ST & 20TH ST,1,1,0,0,1,4,0,0,30,0,0,0,0,0,4,2,3
,2024-037665,39.74398198,-105.0532228,9/3/2024 13:10,13:10,3,0,0,W 17TH AVE & N SHERIDAN BLVD,1,1,0,0,1,1,0,0,30,0,0,0,0,0,2,2,8
,2024-037667,39.79832483,-104.8844456,6/30/2024 16:36,16:36,3,0,0,E 56TH AVE & N CENTRAL PARK BLVD,1,1,3,0,1,1,0,0,,0,0,0,0,0,4,2,16
,2024-037668,39.70297279,-104.9128998,9/3/2024 15:45,15:45,12,0,0, MONACO ST PKWY & LEETSDALE DR,1,1,0,0,1,3,0,0,30,0,0,0,0,0,2,2,3
,2024-037669,39.66173116,-105.0228093,9/3/2024 20:35,20:35,6,0,0, DECATUR ST & W CORNELL AVE,1,3,0,0,1,4,0,0,25,0,0,0,0,0,4,3,2
,2024-037670,39.70765731,-105.0250819,9/3/2024 11:35,11:35,3,0,0,W VIRGINIA & S FEDERAL,1,1,0,0,1,9,0,0,15,0,0,0,0,0,4,2,13
,2024-037671,39.63454635,-105.082637,9/3/2024 11:51,11:51,12,0,0, WADSWORTH BLVD & W STANFORD AVE,1,1,0,0,1,4,0,0,45,0,0,0,0,0,2,2,16
,2024-037675,39.78746599,-105.0252217,9/4/2024 8:17,8:17,1,0,0,W 50TH AVE & N FEDERAL BLVD,1,1,0,0,1,1,0,0,30,0,0,0,0,0,2,2,13
,2024-037678,39.66832415,-104.9406167,9/4/2024 16:36,16:36,1,0,0, COLORADO BLVD & E YALE AVE,1,1,0,0,1,1,0,0,45,0,0,0,0,0,2,2,16
,2024-037679,39.68595442,-105.0531857,9/4/2024 15:50,15:50,1,0,4, SHERIDAN BLVD & W OREGON PL,11,1,0,1,1,1,0,0,40,0,0,0,0,2,2,2,11
,2024-037681,39.72872838,-105.0148538,9/4/2024 0:02,0:02,15,0,0,I-25 & SB OFF RAMP EXT TO W 6TH AVE,1,3,1,0,1,8,0,0,55,0,0,0,0,0,1,3,16
,2024-037684,39.73574363,-105.0455815,9/3/2024 13:00,13:00,6,0,0, UTICA ST & W WELLS PL,1,1,1,0,1,4,0,0,20,0,0,0,0,0,4,2,3
,2024-037686,39.72890681,-104.9985464,9/4/2024 15:59,15:59,15,0,1,W 8TH AVE & N SANTA FE DR,11,1,0,1,1,3,0,0,35,0,0,0,0,2,4,3,14
,2024-037692,39.62984719,-104.9049171,7/10/2024 13:15,13:15,15,0,0,I-25 & I-225 NB RAMP ENT,1,1,0,0,1,8,0,0,65,0,0,0,0,0,1,2,16
,2024-037693,39.77955598,-104.9747516,9/4/2024 9:56,9:56,15,0,0,I-70 EB ON RAMP FROM  WASHINGTON ST & EB ON RAMP MERGE PT,1,1,0,0,1,8,0,0,55,0,0,0,0,0,1,2,1
,2024-037694,39.7384251,-104.9752968,9/4/2024 10:25,10:25,3,0,0, OGDEN ST & E 14TH AVE,1,1,0,0,1,1,0,0,35,0,0,0,0,0,4,3,11
,2024-037695,39.77992424,-104.9316636,9/4/2024 10:19,10:19,15,0,0,I-70 & N DAHLIA ST,1,1,0,0,1,4,0,0,55,0,0,0,0,0,1,2,10
,2024-037697,39.7668764,-104.9977888,8/6/2024 17:45,17:45,15,0,0,I-25 & MM 212.6,1,1,3,0,1,13,0,0,55,0,0,0,0,0,1,2,16
,2024-037703,39.72559067,-105.0394553,9/4/2024 9:21,9:21,12,0,0,W 6TH AVE & N PERRY ST,1,1,0,0,1,4,0,0,,0,0,0,0,0,2,5,16
,2024-037705,39.76544878,-104.9879587,8/24/2024 5:00,5:00,11,0,1,1901 29TH ST & DELGANY ST,1,3,0,0,1,4,0,0,,0,1,0,0,3,4,1,16
,2024-037707,39.78377739,-104.9876014,9/2/2024 3:04,3:04,11,0,1, BROADWAY ST & E 48TH AVE,1,4,0,0,1,1,0,0,,0,1,0,0,3,4,1,16
,2024-037708,39.77872128,-104.9222935,9/2/2024 3:43,3:43,12,0,1, HOLLY ST & N 45TH S DR,1,3,0,0,1,3,0,0,55,0,0,0,0,2,4,2,16
,2024-037710,39.68229411,-105.0531909,9/4/2024 16:02,16:02,12,0,4, SHERIDAN BLVD & W JEWELL AVE,11,1,1,1,1,4,0,0,35,0,0,0,0,1,2,2,3
,2024-037711,39.65860137,-104.9233692,9/3/2024 17:00,17:00,5,0,0, HOLLY ST & E EASTMAN AVE,1,1,0,0,1,4,0,0,25,0,0,0,0,0,4,1,2
,2024-037712,39.78892965,-104.78938,8/26/2024 14:25,14:25,12,0,0,PENA BLVD OB & MM 2.5,1,1,0,0,1,4,0,0,65,0,0,0,0,0,2,2,13
,2024-037713,39.78546251,-104.7744603,9/3/2024 8:28,8:28,3,0,0, YAMPA ST & E GREEN VALLEY RANCH BLVD,1,1,0,0,1,2,0,0,20,0,0,0,0,0,4,4,13
,2024-037714,39.71482666,-105.0067742,9/3/2024 7:06,7:06,10,0,1,W BAYAUD AVE & S PECOS ST,1,1,0,0,1,4,0,0,25,0,0,0,0,2,4,2,13
,2024-037715,39.6894759,-105.0078858,9/4/2024 20:11,20:11,3,0,1,W FLORIDA AVE & S QUIETO CT,11,3,1,1,1,2,0,0,35,0,0,0,0,2,4,2,3
,2024-037716,39.78026677,-104.9346015,9/4/2024 7:28,7:28,15,0,1,I-70 & N COLORADO BLVD,1,1,0,0,1,4,0,0,55,0,0,0,0,1,1,2,13
,2024-037717,39.67987133,-104.9377921,9/1/2024 1:02,1:02,15,0,0,I-25 & E EVANS AVE SB OFF RAMP EXT,1,3,0,0,1,4,0,0,55,0,0,0,0,0,1,2,16
,2024-037718,39.75285622,-104.9997348,8/3/2024 19:28,19:28,6,0,0,17TH ST & WYNKOOP ST,1,1,0,0,1,1,0,0,25,0,0,0,0,0,4,2,8
,2024-037719,39.74268776,-104.9034588,9/3/2024 16:50,16:50,12,0,1, QUEBEC ST & E BATAVIA PL,1,1,0,0,1,4,0,0,25,0,0,0,0,2,4,3,11
,2024-037720,39.84116873,-104.6701177,9/4/2024 4:00,4:00,15,0,0,SHADY GROVE ST & E 80TH AVE,1,3,0,0,1,1,0,0,25,0,0,0,0,0,4,2,16
,2024-037721,39.68854279,-104.9708744,7/13/2024 2:58,2:58,12,0,0,I-25 & SB OFF RAMP EXT TO S UNIVERSITY BLVD,1,3,0,0,1,4,0,0,55,0,0,0,0,0,1,3,16
,2024-037722,39.70374922,-105.0433802,9/4/2024 6:13,6:13,6,0,0,MORRISON RD & S STUART ST,1,1,0,0,1,4,0,0,35,0,0,0,0,0,4,3,16
,2024-037723,39.78057849,-104.9452202,9/4/2024 15:53,15:53,10,0,0,E 46TH  AVE & N MONROE ST,1,1,0,0,1,1,0,0,35,0,0,0,0,0,4,2,14
,2024-037724,39.69484041,-104.9593368,9/4/2024 7:57,7:57,12,0,1, UNIVERSITY BLVD & E ARIZONA AVE,1,1,0,0,1,3,0,0,30,0,0,0,0,2,4,2,3
,2024-037728,39.72909005,-104.9706219,9/2/2024 18:01,18:01,1,0,1,E 8TH AVE & N LAFAYETTE ST,1,1,0,0,1,1,0,0,30,0,0,0,0,3,4,2,16
,2024-037733,39.7313361,-105.0532242,9/4/2024 15:57,15:57,14,0,1, SHERIDAN BLVD & W 9TH AVE,11,1,0,1,6,3,0,0,35,0,0,0,0,2,2,2,7
,2024-037734,39.74013985,-104.8964094,9/4/2024 8:44,8:44,6,0,0, TRENTON ST & E COLFAX AVE,1,1,0,1,1,2,0,0,20,0,0,0,0,0,4,2,13
,2024-037735,39.7410596,-105.0143816,9/3/2024 16:41,16:41,12,0,0,I-25 & W COLFAX AVE,1,1,0,0,1,4,0,0,55,0,0,0,0,0,1,2,13
,2024-037739,39.72802993,-104.9902643,7/8/2024 9:00,9:00,16,0,0,777  BANNOCK ST,1,1,3,0,5,7,0,0,,0,0,0,0,0,3,2,16
,2024-037807,39.71120569,-104.9983912,9/4/2024 14:00,14:00,12,0,0,W ALAMEDA AVE & S KALAMATH ST,1,1,0,0,1,1,0,0,35,0,0,0,0,0,2,2,3
,2024-037808,39.66255307,-105.05323,9/5/2024 16:54,16:54,12,0,2, SHERIDAN BLVD & W BATES AVE,1,1,1,0,1,3,0,0,35,0,0,0,0,1,2,2,13
,2024-037817,39.7435405,-104.8858185,9/5/2024 8:47,8:47,10,0,0,1624  XENIA ST & E 17TH AVE,1,1,0,0,1,2,0,0,25,0,0,0,0,0,4,2,13
,2024-037820,39.7129114,-104.9769173,9/5/2024 8:31,8:31,3,0,0,E CEDAR AVE & S EMERSON ST,1,1,0,0,1,1,0,0,25,0,0,0,0,0,4,2,8
,2024-037823,39.78017084,-104.9891608,9/5/2024 9:35,9:35,15,0,0,I-25 & I-70,1,1,0,0,1,4,0,0,55,0,0,0,0,0,1,2,7
,2024-037824,39.78363941,-104.7898894,9/5/2024 7:37,7:37,1,0,2,E GREEN VALLEY RANCH BLVD & PENA BLVD IB RAMPS,1,1,0,0,1,1,0,0,35,0,0,0,0,1,4,2,13
,2024-037825,39.77482666,-104.8467863,9/5/2024 6:12,6:12,12,0,0,I-70 WB OFF RAMP & N PEORIA ST,1,2,0,0,1,8,0,0,55,0,0,0,0,0,1,2,13
,2024-037827,39.78740534,-104.9949811,9/5/2024 13:02,13:02,3,0,0, FOX ST & W 50TH AVE,1,1,0,0,1,2,0,0,30,0,0,0,0,0,4,2,13
,2024-037828,39.7794589,-104.9908303,9/4/2024 16:55,16:55,12,0,0,I-25 & I-70,1,1,0,0,1,4,0,0,55,0,0,0,0,0,1,2,13
,2024-037832,39.77320526,-104.8377139,9/4/2024 16:25,16:25,12,0,0,I-70 & EB OFF RAMP EXT TO I-225,11,1,0,0,1,4,0,0,,0,0,0,0,0,1,2,16
,2024-037833,39.68940129,-104.9827924,9/4/2024 10:45,10:45,3,0,0,E FLORIDA AVE & S LOGAN ST,1,1,0,0,1,1,0,0,25,0,0,0,0,0,4,2,3
,2024-037835,39.74618463,-104.9886432,9/5/2024 14:49,14:49,3,0,0,18TH ST & WELTON ST,1,1,0,0,1,2,0,0,30,0,0,0,0,0,4,2,8
,2024-037836,39.71003601,-104.8706597,9/5/2024 6:30,6:30,3,0,0,E ALAMEDA AVE & S GALENA WY,1,1,0,0,1,1,0,0,35,0,0,0,0,0,4,2,16
,2024-037837,39.72095083,-104.9406282,9/5/2024 9:04,9:04,12,0,0,E 3RD AVE & N COLORADO BLVD,1,1,0,0,1,3,0,0,20,0,0,0,0,0,2,3,5
,2024-037838,39.66646969,-104.9352276,9/5/2024 11:17,11:17,6,0,0,2775  BROOK DR & E AMHERST AVE,14,5,3,7,1,4,0,0,,0,0,0,0,0,4,2,16
,2024-037839,39.77536836,-104.8601225,9/5/2024 5:35,5:35,12,0,1,I-70 & WB OFF RAMP EXT TO N HAVANA ST,1,2,0,0,1,4,0,0,55,0,0,0,0,1,1,3,13
,2024-037840,39.7583622,-104.8645392,9/5/2024 5:35,5:35,15,0,0, IOLA ST & E 29TH DR,1,3,0,0,1,4,0,0,20,0,0,0,0,0,4,2,13
,2024-037841,39.75313452,-105.0080532,9/5/2024 9:04,9:04,12,0,0, SPEER BLVD & LITTLE RAVEN ST,1,1,0,0,1,4,0,0,35,0,0,0,0,0,4,2,13
,2024-037842,39.82599943,-104.7466247,9/4/2024 11:21,11:21,5,0,0,E-470 & NB OFF RAMP MERGE PT,1,1,0,0,3,8,0,1,75,0,0,0,0,0,2,1,8
,2024-037843,39.74612055,-104.9909669,8/14/2024 4:00,4:00,5,0,0,17TH ST & CALIFORNIA ST,1,3,0,0,3,1,0,0,25,0,0,0,0,0,4,1,16
,2024-037844,39.77107628,-104.9498899,9/5/2024 15:50,15:50,12,0,0, STEELE ST & E 39TH AVE,1,1,0,0,1,4,0,0,30,0,0,0,0,0,4,2,4
,2024-037845,39.70696016,-104.9035096,9/5/2024 7:44,7:44,12,0,0, QUEBEC ST & E VIRGINIA AVE,1,1,0,0,1,3,0,0,35,0,0,0,0,0,4,2,16
,2024-037846,39.6677776,-105.0672976,9/5/2024 8:32,8:32,3,0,0, LAMAR ST & W YALE AVE,1,1,0,0,1,1,0,0,25,0,0,0,0,0,4,2,11
,2024-037847,39.76058927,-104.9945982,9/5/2024 7:44,7:44,15,0,0,PARK AVE W & WEWATTA ST,1,1,1,0,1,4,0,0,35,0,0,0,0,0,4,2,3
,2024-037848,39.6313741,-105.0898589,9/5/2024 14:19,14:19,3,0,0,W UNION AVE & S BALSAM WY,1,1,0,0,1,1,0,0,25,0,0,0,0,0,4,2,13
,2024-037849,39.78016578,-104.9582393,9/5/2024 9:44,9:44,15,0,0,E 46TH AVE & N JOSEPHINE ST,1,1,0,0,1,1,0,0,30,0,0,0,0,0,4,2,13
,2024-037850,39.77305551,-104.8098453,9/5/2024 8:25,8:25,12,0,0, CHAMBERS RD & E 40TH AVE,1,1,1,0,1,3,0,0,35,0,0,0,0,0,4,2,16
,2024-037852,39.74480638,-104.9610029,9/4/2024 17:00,17:00,15,0,0,E 18TH AVE & N GAYLORD ST,1,1,0,0,1,3,0,0,35,0,0,0,0,0,4,2,11
,2024-037853,39.69854246,-104.9035564,9/4/2024 20:04,20:04,1,0,0, QUEBEC ST & S PARKER RD,11,3,0,1,1,1,0,0,35,0,0,0,0,0,2,2,16
,2024-037854,39.78053894,-104.9529489,9/5/2024 19:00,19:00,12,0,2,I-70 & N FILLMORE ST,1,3,0,0,1,4,0,0,55,0,0,0,0,2,1,3,13
,2024-037855,39.71531424,-104.9593071,9/5/2024 8:37,8:37,1,0,1, UNIVERSITY BLVD & E CHERRY CREEK S DR,1,1,3,0,1,1,0,0,30,0,0,0,0,1,4,2,13
,2024-037856,39.729758,-104.9904843,9/5/2024 13:25,13:25,12,0,0, SPEER BLVD & N BANNOCK ST,1,1,0,0,1,4,0,0,35,0,0,0,0,0,4,2,11
,2024-037857,39.71295692,-104.9034383,9/4/2024 15:05,15:05,15,0,0, QUEBEC ST & E CEDAR PL,1,1,0,0,1,1,0,0,30,0,0,0,0,0,4,2,3
,2024-037859,39.7789297,-104.9555009,9/5/2024 13:21,13:21,12,0,0,I-70 & N VASQUEZ BLVD,1,1,0,0,1,4,0,0,55,0,0,0,0,0,1,3,10
,2024-037860,39.67838645,-104.9595601,9/5/2024 6:35,6:35,15,0,0,E EVANS AVE & S UNIVERSITY BLVD,1,1,0,0,1,3,0,0,30,0,0,0,0,0,4,3,8
,2024-037861,39.68557582,-104.9641631,9/5/2024 6:46,6:46,12,0,0,I-25 & NB OFF RAMP MERGE PT FROM S UNIVERSITY BLVD,1,1,0,0,1,8,0,0,55,0,0,0,0,0,2,2,16
,2024-037862,39.78573028,-104.883067,9/1/2024 17:14,17:14,3,0,4,NORTHFIELD BLVD & CENTRAL PARK BLVD,1,1,0,0,1,1,0,0,35,0,0,0,0,3,4,2,3
,2024-037863,39.74000953,-104.9873904,9/5/2024 7:00,7:00,2,0,1,W COLFAX AVE & N BROADWAY ST,11,1,0,0,1,1,0,0,0,1,0,0,0,1,2,1,16
,2024-037864,39.78345003,-105.0105184,9/3/2024 5:45,5:45,15,0,0,I-70 & WB OFF RAMP EXT TO N PECOS ST,1,3,0,0,1,4,0,0,,0,0,0,0,0,1,2,16
,2024-037865,39.78375869,-104.9666927,9/5/2024 14:17,14:17,3,0,1,E 48TH AVE & N BRIGHTON BLVD,1,1,0,0,1,1,0,0,35,0,0,0,0,1,4,2,14
,2024-037866,39.74257194,-104.9406097,9/5/2024 19:40,19:40,12,0,0, COLORADO BLVD & E BATAVIA PL,1,3,0,0,1,1,0,0,,0,0,0,0,0,2,2,16
,2024-037869,39.74580845,-104.987408,7/6/2024 21:00,21:00,5,1,0, BROADWAY ST & 19TH ST,1,3,3,0,4,1,0,0,30,0,0,0,1,4,4,1,1
,2024-037870,39.77982958,-104.9495375,9/5/2024 13:41,13:41,3,0,1, STEELE ST & E 46TH S AVE,1,1,0,0,1,1,0,0,35,0,0,0,0,2,2,2,1
,2024-037871,39.73795112,-105.0070242,9/4/2024 14:32,14:32,16,0,0,1350  RIO CT,1,1,0,0,5,7,0,0,,0,0,0,0,0,3,2,16
,2024-037872,39.76138859,-105.0052491,9/5/2024 18:05,18:05,10,0,1,I-25 SB OFF RAMP & 20TH ST,1,1,1,0,1,1,0,0,20,0,0,0,0,1,1,2,1
,2024-037873,39.71133511,-104.9364799,6/27/2024 14:33,14:33,1,0,0,E ALAMEDA AVE & LEETSDALE DR,1,1,0,0,1,2,0,0,45,0,0,0,0,0,4,4,3
,2024-037874,39.77577874,-104.8654132,9/5/2024 16:22,16:22,12,0,0,I-70 & N HAVANA ST,1,1,0,0,1,4,0,0,55,0,0,0,0,0,1,3,3
,2024-037878,39.71108422,-105.0249415,9/6/2024 10:07,10:07,12,0,0, FEDERAL BLVD & W ALAMEDA AVE,1,1,0,0,1,3,0,0,35,0,0,0,0,0,2,3,13
,2024-037879,39.83695,-104.68049,9/6/2024 6:54,6:54,1,0,1,26296 E 78TH AVE,1,1,0,0,5,3,0,0,15,0,0,0,0,2,3,2,13
,2024-037880,39.7836407,-104.7897621,9/2/2024 18:25,18:25,12,0,0,PENA BLVD IB OFF RAMP SLIP & E GREEN VALLEY RANCH BLVD,1,1,1,0,1,8,0,0,20,0,0,0,0,0,4,2,3
,2024-037881,39.70690988,-104.9967296,9/6/2024 8:01,8:01,15,0,0,I-25 & W ALAMEDA AVE,1,1,1,0,1,4,0,0,55,0,0,0,0,0,1,2,11
,2024-037882,39.66503998,-105.0251412,9/6/2024 10:58,10:58,5,0,1, FEDERAL BLVD & W AMHERST AVE,1,1,0,0,3,3,0,0,40,0,0,0,0,1,2,1,16
,2024-037883,39.762041,-105.0086649,9/5/2024 19:47,19:47,15,0,0,W 32ND AVE & BOULDER RD,1,2,1,0,1,4,0,0,25,0,0,0,0,0,4,3,11
,2024-037887,39.7204181,-105.0078219,9/6/2024 13:11,13:11,12,0,0,I-25 & MM 209,1,1,0,0,1,4,0,0,65,0,0,0,0,0,1,2,3
,2024-037888,39.72501973,-105.018056,9/6/2024 12:42,12:42,15,0,1,W 6TH AVE EB OFF RAMP & MM 284.20,1,1,0,0,1,8,0,0,45,0,0,0,0,1,2,2,13
,2024-037894,39.73975778,-104.9823256,9/5/2024 16:29,16:29,15,0,0, LOGAN ST & E COLFAX AVE,1,1,0,0,1,4,0,0,20,0,0,0,0,0,4,4,7
,2024-037895,39.68469403,-104.96037,9/4/2024 15:34,15:34,12,0,0,I-25 & S UNIVERSITY BLVD,11,1,0,1,1,4,0,0,55,0,0,0,0,0,1,2,3
,2024-037896,39.68311473,-104.9405375,9/6/2024 13:34,13:34,15,0,0,I-25 & S COLORADO BLVD,1,1,0,7,1,4,0,0,60,0,0,0,0,0,1,2,11
,2024-037902,39.72468303,-105.0124616,9/6/2024 8:02,8:02,12,0,0,I-25 & W 6TH AVE,1,1,0,0,1,4,0,0,55,0,0,0,0,0,1,3,13
,2024-037903,39.75322051,-104.9635403,9/5/2024 18:21,18:21,6,0,0,E 25TH AVE & N RACE ST,1,1,0,0,2,4,0,0,25,0,0,0,0,0,4,2,6
,2024-037904,39.73526164,-104.987401,9/6/2024 11:35,11:35,15,0,0, BROADWAY ST & E 12TH AVE,1,1,0,0,1,1,0,0,35,0,0,0,0,0,4,2,1
,2024-037905,39.78368456,-105.00612,9/6/2024 8:04,8:04,3,0,0,I-70 WB RAMPS & N PECOS ST,1,1,0,0,1,6,0,0,20,0,0,0,0,0,1,2,16
,2024-037906,39.63810412,-104.9040926,9/5/2024 20:28,20:28,5,0,0, QUEBEC ST & E QUINCY AVE,1,3,1,0,6,4,0,0,35,0,0,0,0,0,4,1,12
,2024-037911,39.74034262,-105.0341809,9/5/2024 20:53,20:53,6,0,0,W COLFAX AVE & N LOWELL BLVD,1,3,0,0,1,4,0,0,35,0,0,0,0,0,2,2,16
,2024-037912,39.76865244,-104.9948646,9/5/2024 22:33,22:33,15,0,0,I-25 SB OFF RAMP & N FOX ST,1,3,0,0,1,8,0,0,40,0,0,0,0,0,1,2,11
,2024-037913,39.75483057,-105.0220791,9/6/2024 14:40,14:40,6,0,0, DECATUR ST & W 26TH AVE,1,1,0,0,1,1,0,0,,0,0,0,0,0,4,2,16
,2024-037920,39.76182864,-104.9124088,9/5/2024 15:15,15:15,1,0,2,E MLK JR BLVD & N MONACO ST PKWY,1,1,0,0,1,1,0,0,35,0,0,0,0,1,4,2,8
,2024-037921,39.63190698,-104.8928049,9/6/2024 6:57,6:57,15,0,0, DTC BLVD & E UNION AVE,1,1,3,0,1,4,0,0,35,0,0,0,0,0,4,2,1
,2024-037922,39.75220821,-104.9047348,9/6/2024 22:06,22:06,6,0,0,E 24TH AVE & N POPLAR ST,1,4,0,0,1,4,0,0,25,0,0,0,0,0,4,3,1
,2024-037923,39.74022143,-105.0052351,9/6/2024 22:17,22:17,3,0,0,W COLFAX AVE & N OSAGE ST,1,3,0,0,1,1,0,0,30,0,0,0,0,0,2,2,9
,2024-037926,39.74018075,-104.9163311,9/6/2024 12:59,12:59,1,0,0, KRAMERIA ST & E COLFAX AVE,1,1,0,0,1,1,0,0,30,0,0,0,0,0,2,2,13
,2024-037927,39.76917104,-104.9406475,9/6/2024 14:37,14:37,15,0,0, COLORADO BLVD & E 38TH AVE,1,1,0,0,1,3,0,0,40,0,0,0,0,0,2,2,13
,2024-037931,39.78390947,-104.7816921,9/6/2024 8:10,8:10,16,0,1, TELLURIDE ST & E GREEN VALLEY RANCH BLVD,1,1,0,0,5,4,0,0,,1,0,0,0,2,3,1,16
,2024-037932,39.7462849,-105.0252289,9/6/2024 12:21,12:21,12,0,0, FEDERAL BLVD & W 19TH AVE,1,1,0,0,1,3,0,0,35,0,0,0,0,0,2,2,13
,2024-037933,39.7013902,-105.029791,9/6/2024 16:54,16:54,3,0,1, IRVING ST & W OHIO AVE,1,1,0,0,1,9,0,0,20,0,0,0,0,1,4,2,11
,2024-037934,39.78363943,-105.006106,9/6/2024 7:10,7:10,3,0,0,I-70 WB RAMP & N PECOS ST,1,1,0,0,1,6,0,0,20,0,0,0,0,0,1,2,16
,2024-037935,39.72145529,-105.0086328,9/6/2024 12:03,12:03,12,0,1,I-25 & NB OFF RAMP EXT TO W 6TH AVE,1,1,0,0,1,4,0,0,55,0,0,0,0,1,1,3,13
,2024-037936,39.7925383,-104.7721477,9/5/2024 12:24,12:24,1,0,3, TOWER RD & E ELMENDORF DR,1,1,0,0,1,1,0,0,40,0,0,0,0,3,4,3,3
,2024-037939,39.71120569,-104.9983912,9/5/2024 14:23,14:23,1,0,1,E ALAMEDA AVE & S KALAMATH ST,1,1,0,0,1,1,0,0,40,0,0,0,0,3,2,2,11
,2024-037940,39.77947664,-104.9766324,9/6/2024 17:26,17:26,5,0,1,I-70 & N BRIGTON BLVD,1,1,0,0,2,13,0,0,65,0,0,0,0,1,1,2,14
,2024-037941,39.77339057,-104.8471418,9/6/2024 14:58,14:58,12,0,2,I-70 & N PEORIA ST,1,1,0,0,1,1,0,0,65,0,0,0,0,1,1,3,16
,2024-037942,39.76764341,-104.9967454,9/6/2024 7:08,7:08,12,0,0,I-25 & PARK AVE W,1,1,0,0,1,4,0,0,55,0,0,0,0,0,1,3,13
,2024-037943,39.69651908,-104.8704019,9/7/2024 11:05,11:05,12,0,0,E MISSISSIPPI AVE & S FULTON ST,1,1,0,0,1,3,0,0,40,0,0,0,0,0,4,2,16
,2024-037945,39.71112656,-105.0157049,9/6/2024 12:55,12:55,1,0,1, ZUNI ST & W ALAMEDA AVE,1,1,0,0,1,1,0,0,40,0,0,0,0,2,2,2,16
,2024-037946,39.6784651,-104.9251965,9/6/2024 7:34,7:34,12,0,0,E EVANS AVE & S GRAPE ST,1,1,0,0,1,3,0,0,35,0,0,0,0,0,4,2,3
,2024-037950,39.66771915,-105.0251113,8/20/2024 21:35,21:35,1,0,4, FEDERAL BLVD & W YALE AVE,1,3,0,0,1,1,0,0,35,0,1,0,0,3,2,2,1
,2024-037954,39.75933287,-104.9935976,8/29/2024 12:16,12:16,2,0,1,PARK AVE W & DELGANY ST,1,1,0,0,1,1,0,0,0,1,0,0,0,1,4,1,16
,2024-037956,39.682081,-104.9128937,9/6/2024 15:35,15:35,1,0,0, MONACO ST PKWY & E JEWELL AVE,1,1,0,0,1,1,0,0,30,0,0,0,0,0,4,2,13
,2024-037961,39.68995955,-104.9874938,9/7/2024 12:41,12:41,6,0,1, BROADWAY ST & E FLORIDA AVE,1,1,0,0,1,4,0,0,30,0,0,0,0,1,4,3,2
,2024-037964,39.67822216,-104.912901,8/15/2024 8:49,8:49,15,0,0, MONACO ST PKWY & E EVANS AVE,1,1,0,0,1,4,0,0,35,0,0,0,0,0,4,2,16
,2024-037965,39.63869463,-105.0844135,9/7/2024 13:26,13:26,1,0,1,W QUINCY AVE & S ZEPHYR ST,1,1,0,0,1,1,0,0,35,0,0,0,0,1,4,2,10
,2024-037966,39.70536761,-104.9593341,9/7/2024 14:20,14:20,12,0,0, UNIVERSITY BLVD & E EXPOSITION AVE,1,1,0,0,1,4,0,0,30,0,0,0,0,0,4,2,13
,2024-037968,39.66771915,-105.0251113,9/3/2024 5:48,5:48,12,0,0, FEDERAL BLVD & W YALE AVE,1,2,0,0,1,4,0,0,40,0,0,0,0,0,2,2,7
,2024-037970,39.84170497,-104.7466819,9/7/2024 18:35,18:35,5,0,1,E-470 NB ON RAMP FROM PENA BLVD OB & E-470 ON RAMP MERGE PT,1,1,0,0,2,8,0,1,55,0,0,0,0,2,4,1,12
,2024-037971,39.78348388,-104.9645534,9/2/2024 2:36,2:36,6,0,0, HIGH ST & E 48TH AVE,1,3,0,0,1,4,0,0,20,0,0,0,0,0,4,2,16
,2024-037972,39.72511363,-105.0127994,9/7/2024 15:09,15:09,12,0,1,I-25 & W 6TH AVE,1,1,0,0,1,11,0,0,55,0,0,0,0,2,1,3,13
,2024-037973,39.754842,-105.0252863,9/6/2024 14:40,14:40,15,0,0, FEDERAL BLVD & W 26TH AVE,1,1,0,0,1,1,0,0,35,0,0,0,0,0,2,2,7
,2024-037978,39.72553611,-105.0388678,9/2/2024 7:16,7:16,5,0,1,W 6TH AVE & N PERRY ST,1,1,1,0,2,4,0,0,55,0,0,0,0,1,2,1,16
,2024-037986,39.76646556,-104.9837524,8/30/2024 15:06,15:06,11,0,1, BRIGHTON BLVD & 31ST ST,1,1,0,0,1,2,0,0,,0,0,1,0,1,4,1,16
,2024-037988,39.74000707,-104.9861326,9/4/2024 11:45,11:45,2,0,1,E COLFAX AVE & N LINCOLN ST,1,1,0,0,1,1,0,0,0,1,0,0,0,3,2,1,16
,2024-037990,39.74031659,-105.0092358,9/6/2024 19:06,19:06,12,0,0,W COLFAX AVE & I-25 NB ON RAMP ENT,1,3,0,0,1,4,0,0,35,0,0,0,0,0,2,2,11