id,drcog_id,latitude,longitude,crashtime,time,crashtype,numbkilled,numbinjurd,drcoglocat,rdconditin,lightngcon,roadcntgrd,weatherco,location,roaddescrp,schoolzone,constrzone,splimit,bikeinv,pedinv,sctrinv,motoinv,svrty,rdsystem,ttlvehcls,hcf
,2024-037995,39.77839668,-104.9792456,9/7/2024 14:04,14:04,12,0,0, WASHINGTON ST & E 45TH AVE,1,1,0,0,1,3,0,0,35,0,0,0,0,0,4,2,13
,2024-037997,39.77686387,-104.8897859,9/3/2024 16:46,16:46,12,0,2,I-270 SB OFF RAMP TO EB -70 & EB OFF RAMP EXT TO N CENTRAL PARK BLVD,1,1,1,0,1,8,0,0,55,0,0,0,0,2,2,2,16
,2024-038004,39.66859745,-104.9406178,9/4/2024 15:00,15:00,2,0,1, COLORADO BLVD & E YALE AVE,1,1,0,0,1,2,0,0,35,1,0,0,0,2,2,1,11
,2024-038006,39.71466344,-104.9499455,8/29/2024 10:49,10:49,2,0,1,E BAYAUD AVE & S STEELE ST,1,1,3,0,1,1,0,0,30,1,0,0,0,2,4,1,11
,2024-038007,39.75135357,-105.016154,9/3/2024 21:16,21:16,11,0,1,I-25 NB OFF RAMP & W 23RD AVE,1,3,1,0,1,1,0,0,30,1,0,0,0,3,4,1,13
,2024-038161,39.7432413,-104.9726887,5/10/2024 22:17,22:17,3,0,0,E 17TH AVE & PARK AVE,1,3,0,0,1,1,0,0,30,0,0,0,0,0,4,2,16
,2024-038163,39.7558944,-104.9988231,8/12/2024 12:11,12:11,15,0,0,19TH ST & WEWATTA ST,1,1,0,0,1,4,0,0,25,0,0,0,0,0,4,2,11
,2024-038178,39.78363417,-104.7703352,9/7/2024 11:10,11:10,3,0,0,18609 E GREEN VALLEY RANCH BLVD & TOWER RD,1,1,0,0,1,2,0,0,40,0,0,0,0,0,4,2,11
,2024-038180,39.76942724,-105.0307078,8/20/2024 19:00,19:00,16,0,0,3320 W 38TH AVE,1,2,0,0,5,7,0,0,,0,0,0,0,0,3,2,16
,2024-038181,39.77177077,-104.9034923,9/8/2024 15:09,15:09,15,0,0, QUEBEC ST & E SMITH RD,1,1,1,0,1,4,0,0,45,0,0,0,0,0,4,2,7
,2024-038182,39.75106903,-104.982887,8/31/2024 1:49,1:49,3,0,0,PARK AVE W & WELTON ST,1,3,0,0,1,1,0,0,30,0,0,0,0,0,4,2,16
,2024-038183,39.7170246,-104.8955714,9/6/2024 16:25,16:25,15,0,1,E LOWRY BLVD & E FAIRMONT DR,1,1,0,0,1,6,0,0,15,0,0,0,0,2,4,2,16
,2024-038185,39.65315917,-104.9153405,9/6/2024 10:11,10:11,1,0,0,E HAMPDEN AVE & S LOCUST ST,1,1,0,0,1,1,0,0,40,0,0,0,0,0,2,2,16
,2024-038186,39.74327316,-104.9810845,9/7/2024 14:47,14:47,3,0,1, PENNSLYVANIA ST & E 17TH AVE,1,1,0,0,1,1,0,0,20,0,0,0,1,1,4,2,11
,2024-038187,39.73284877,-104.8846979,9/8/2024 16:30,16:30,1,0,0,E 11TH AVE & N YOSEMITE ST,1,1,0,0,1,1,0,0,30,0,0,0,0,0,4,2,10
,2024-038188,39.74008092,-104.8987596,9/8/2024 17:00,17:00,1,0,0,E COLFAX AVE & N SYRACUSE ST,1,1,3,0,1,1,0,0,30,0,0,0,0,0,2,2,13
,2024-038189,39.76198239,-104.9739934,9/6/2024 14:14,14:14,12,0,0,1000 E MLK JR BLVD,14,5,3,7,1,4,0,0,30,0,0,0,0,0,4,3,13
,2024-038190,39.63852132,-104.8992857,9/4/2024 14:23,14:23,3,0,1,4343  SYRACUSE ST & E QUINCY AVE,1,1,0,0,1,2,0,0,30,0,0,0,1,2,4,2,14
,2024-038191,39.69610796,-104.9221593,8/9/2024 9:35,9:35,15,0,0, HOLLY ST & E CHERRY CREEK S DR,1,1,0,0,1,3,0,0,30,0,0,0,0,0,4,2,16
,2024-038192,39.74008513,-104.892866,8/21/2024 20:20,20:20,15,0,0, UINTA ST & E COLFAX AVE,1,3,0,0,1,1,0,0,,0,0,0,0,0,2,2,16
,2024-038193,39.6722973,-105.0349258,9/4/2024 7:52,7:52,3,0,0,W HARVARD AVE & S LOWELL BLVD,1,1,0,0,1,1,0,0,25,0,0,0,0,0,4,2,14
,2024-038195,39.68905986,-104.9719213,8/17/2024 15:58,15:58,15,0,0,I-25 & SB OFF RAMP EXT TO S UNIVERSITY BLVD,14,5,3,7,1,4,0,0,,0,0,0,0,0,4,2,16
,2024-038196,39.77395606,-104.8464425,9/7/2024 12:06,12:06,12,0,0,I-70 & N PEORIA ST,1,1,0,0,1,4,0,0,55,0,0,0,0,0,1,2,3
,2024-038197,39.68220791,-105.0043726,8/24/2024 1:26,1:26,5,0,0,W JEWELL AVE & S NAVAJO ST,1,3,1,0,2,4,0,0,35,0,0,0,0,0,4,1,16
,2024-038198,39.77563642,-104.8658786,8/20/2024 12:30,12:30,15,0,0,I-70 & N HAVANA ST,1,1,0,0,1,4,0,0,55,0,0,0,0,0,1,2,16
,2024-038199,39.79832138,-104.8096321,9/6/2024 13:43,13:43,1,0,0,E 56TH AVE & N CHAMBERS RD,1,1,0,0,1,1,0,0,45,0,0,0,0,0,4,2,13
,2024-038200,39.72974893,-104.9912323,9/7/2024 2:53,2:53,3,0,0, SPEER BLVD & N BANNOCK ST,1,3,0,0,1,1,0,0,35,0,0,0,0,0,4,2,1
,2024-038201,39.79026653,-104.8097541,9/5/2024 20:57,20:57,12,0,0, CHAMBERS RD & E 53RD AVE,1,1,0,0,1,1,0,0,40,0,0,0,0,0,4,3,16
,2024-038202,39.7257155,-105.0249402,8/24/2024 19:40,19:40,3,0,0, FEDERAL BLVD & W 6TH AVE WB OFF RAMP,1,2,0,0,1,1,0,0,,0,0,0,0,0,2,3,16
,2024-038203,39.78353504,-105.013939,8/26/2024 16:34,16:34,15,0,1,I-70 & N PECOS ST,1,1,0,0,1,4,0,0,55,0,0,0,1,3,1,2,16
,2024-038204,39.74503852,-105.0175425,8/10/2024 2:19,2:19,15,0,1,I-25 & NB OFF RAMP EXT TO W 17TH AVE,1,3,0,0,1,8,0,0,55,0,0,0,0,2,1,2,14
,2024-038207,39.72564815,-104.9862615,8/23/2024 11:56,11:56,10,0,0,E 6TH AVE & N LINCOLN ST,1,1,0,0,1,1,0,0,30,0,0,0,0,0,4,2,16
,2024-038208,39.73838705,-104.9571539,9/8/2024 8:58,8:58,15,0,1,E 14TH AVE & N ELIZABETH ST,1,1,0,0,1,4,0,0,30,0,0,0,0,1,4,2,14
,2024-038209,39.74375986,-104.9407837,8/16/2024 18:27,18:27,12,0,0, COLORADO BLVD & E 17TH AVE,1,1,0,0,1,3,0,0,35,0,0,0,0,0,2,2,16
,2024-038210,39.67499156,-105.0250422,9/4/2024 17:19,17:19,12,0,0, FEDERAL BLVD & W ILIFF AVE,1,1,0,0,1,1,0,0,,0,0,0,0,0,2,2,16
,2024-038211,39.69643014,-105.0066332,9/6/2024 23:30,23:30,6,0,0,1145  QUIVAS ST & W MISSISSIPPI AVE,1,3,0,0,1,4,0,0,25,0,0,0,0,0,4,4,3
,2024-038212,39.72510869,-105.0130827,8/28/2024 17:30,17:30,15,0,0,I-25 & W 6TH AVE,1,1,0,0,1,4,0,0,60,0,0,0,0,0,1,2,16
,2024-038213,39.83756006,-104.6785126,9/4/2024 7:44,7:44,16,0,0,26410 E 78TH AVE,1,1,0,0,5,7,0,0,15,0,0,0,0,0,3,1,13
,2024-038214,39.70205548,-104.9769244,8/14/2024 12:34,12:34,3,0,0,E OHIO AVE & S EMERSON ST,1,1,0,0,1,1,0,0,25,0,0,0,0,0,4,2,16
,2024-038215,39.73861634,-105.0273376,8/7/2024 20:45,20:45,3,0,0,W HOWARD PL & W 14TH AVE,1,3,1,0,1,1,0,0,,0,0,0,0,0,4,2,16
,2024-038216,39.77282977,-104.7905735,8/29/2024 4:49,4:49,12,0,2,PENA BLVD & E 40TH AVE,1,3,0,0,1,4,0,0,,0,0,0,0,2,4,2,16
,2024-038217,39.72555403,-105.0260629,8/17/2024 10:36,10:36,15,0,0,W 6TH AVE & N FEDERAL BLVD,1,1,0,0,1,4,0,0,65,0,0,0,0,0,2,2,13
,2024-038218,39.6784271,-104.9593727,9/8/2024 2:08,2:08,12,0,0,E EVANS AVE & S UNIVERSITY BLVD,1,3,0,0,1,3,0,0,35,0,0,0,0,0,4,2,12
,2024-038219,39.78927957,-104.8470876,9/3/2024 18:42,18:42,15,0,0, PEORIA ST & E 51ST AVE,1,1,0,0,1,1,0,0,,0,0,0,0,0,4,2,13
,2024-038220,39.7217678,-105.0089828,9/8/2024 14:35,14:35,12,0,2,I-25 & NB OFF RAMP EXT TO W 6TH AVE,1,1,0,0,1,8,0,0,55,0,0,0,0,2,1,3,13
,2024-038221,39.71782096,-104.9449653,9/5/2024 14:21,14:21,3,0,2, MONROE ST & E 1ST AVE,1,1,0,0,1,1,0,0,30,0,0,0,0,2,4,2,11
,2024-038222,39.76809654,-104.9948174,9/7/2024 23:27,23:27,12,0,1,PARK AVE W & N FOX ST,1,3,0,0,1,4,0,0,30,0,0,0,0,2,1,2,13
,2024-038223,39.76695902,-104.9597458,8/16/2024 9:17,9:17,3,0,2,E 36TH AVE & N YORK ST,1,1,0,0,1,1,0,0,20,0,0,0,0,1,4,2,16
,2024-038224,39.7656837,-104.9948635,9/5/2024 15:07,15:07,10,0,0,PARK AVE W & N GLOBEVILLE RD,1,1,0,0,1,1,0,0,25,0,0,0,0,0,4,2,13
,2024-038225,39.63961327,-104.8851093,9/5/2024 17:23,17:23,12,0,0,I-225 & S YOSEMITE ST,1,1,0,0,1,4,0,0,40,0,0,0,0,0,4,3,13
,2024-038226,39.77293051,-104.8345078,9/5/2024 18:51,18:51,15,0,0,I-70 & EB OFF RAMP EXT TO I-225,1,1,0,0,1,4,0,0,55,0,0,0,0,0,2,3,16
,2024-038227,39.77030234,-104.9719161,8/21/2024 20:24,20:24,12,0,0,38TH ST & WALNUT ST,1,3,0,0,1,1,0,0,,0,0,0,0,0,4,2,16
,2024-038228,39.77718075,-104.8808995,9/5/2024 7:30,7:30,12,0,1,I-70 & CENTRAL PARK BLVD,1,1,1,0,1,4,0,0,,0,0,0,0,1,1,2,16
,2024-038230,39.67485537,-104.9129473,9/5/2024 4:57,4:57,3,0,0, MONACO ST PKWY & E ILIFF AVE,11,3,0,0,1,1,0,0,,0,0,0,0,0,4,2,16
,2024-038231,39.78000671,-104.9789581,9/7/2024 16:32,16:32,3,0,1, WASHINGTON ST & I-70 WB RAMPS,1,1,0,0,1,1,0,0,30,0,0,0,0,2,4,2,13
,2024-038232,39.79835788,-104.7813728,9/6/2024 21:29,21:29,3,0,0, TELLURIDE ST & E 56TH AVE,1,3,0,0,1,1,0,0,30,0,0,0,0,0,4,2,11
,2024-038233,39.7472003,-104.9948106,8/26/2024 1:38,1:38,5,0,0,CURTIS ST & 16TH ST,11,3,0,1,4,4,0,1,,0,0,0,0,0,4,1,16
,2024-038236,39.66758252,-104.9175198,9/8/2024 12:00,12:00,12,0,0,E YALE AVE & S KEARNEY ST,1,1,2,0,1,3,0,0,30,0,0,0,0,0,4,2,16
,2024-038237,39.67842952,-104.9522475,9/7/2024 22:09,22:09,5,0,0, MILWAUKEE ST & E EVANS AVE,1,3,0,0,6,4,0,0,35,0,0,0,0,0,4,1,12
,2024-038239,39.79839407,-104.7721172,9/4/2024 17:28,17:28,12,0,0, TOWER RD & E 56TH AVE,1,1,0,0,1,3,0,0,40,0,0,0,0,0,4,2,16
,2024-038240,39.77293471,-104.9406686,9/5/2024 21:07,21:07,12,0,1, COLORADO BLVD & E 40TH AVE,1,3,0,0,1,3,0,0,45,0,0,0,0,3,2,2,16
,2024-038241,39.74004275,-104.9835797,9/1/2024 4:11,4:11,3,0,0,E COLFAX AVE & N GRANT ST,1,3,0,0,1,1,0,0,,0,0,0,0,0,2,2,16
,2024-038242,39.7399937,-104.964948,9/4/2024 18:41,18:41,11,0,1,E COLFAX AVE & N HIGH ST,1,1,2,0,1,4,0,0,0,0,0,1,0,2,2,1,16
,2024-038244,39.67846463,-104.9316689,9/7/2024 23:52,23:52,12,0,0,E EVANS AVE & S DAHLIA ST,1,3,0,0,1,3,0,0,35,0,0,0,0,0,4,2,4
,2024-038247,39.71332362,-105.0532836,8/30/2024 17:51,17:51,3,0,1, SHERIDAN BLVD & W CEDAR AVE,1,1,0,0,1,1,0,0,35,0,0,0,0,1,2,2,16
,2024-038248,39.73276694,-105.0158147,8/19/2024 14:50,14:50,12,0,0,I-25 & W 8TH AVE,1,1,0,0,1,4,0,0,55,0,0,0,0,0,1,2,5
,2024-038249,39.74007565,-104.9406125,8/28/2024 20:22,20:22,12,0,0,E COLFAX AVE & N COLORADO BLVD,1,3,0,0,1,1,0,0,,0,0,0,0,0,2,2,16
,2024-038256,39.71466351,-104.9498536,9/4/2024 12:20,12:20,11,0,1,E BAYAUD AVE & N STEELE ST,1,1,0,0,1,4,0,0,25,0,0,1,0,2,4,1,3
,2024-038258,39.67485924,-104.9640708,9/4/2024 17:10,17:10,3,0,0, RACE ST & E ILIFF AVE,1,1,0,0,1,1,0,0,25,0,0,0,0,0,4,2,3
,2024-038262,39.76928507,-104.7534306,9/8/2024 16:00,16:00,5,0,0,E 38TH AVE & N HIMALAYA RD,1,1,0,0,3,1,0,0,35,0,0,0,0,0,4,1,16
,2024-038267,39.77913803,-104.9791947,9/7/2024 18:28,18:28,1,0,1, WASHINGTON ST & I-70 EB RAMPS,1,1,0,0,1,1,0,0,,0,0,0,1,3,4,2,16
,2024-038268,39.7347611,-105.025521,9/6/2024 17:58,17:58,16,0,0,1205  FEDERAL BLVD,1,1,0,0,5,7,0,0,,0,0,0,0,0,3,2,16
,2024-038271,39.75158218,-104.987384,9/2/2024 16:20,16:20,3,0,1, BROADWAY ST & CHAMPA ST,1,1,0,0,1,1,0,0,30,0,0,0,1,3,4,2,13
,2024-038283,39.78194264,-104.955881,9/6/2024 16:00,16:00,11,0,2, ELIZABETH ST & E 47TH AVE,1,1,0,0,1,3,0,0,,0,0,1,0,2,4,1,16
,2024-038448,39.68221558,-105.0382762,9/8/2024 20:11,20:11,3,0,2, PATTON CT & W JEWELL AVE,1,1,0,0,1,1,0,0,25,0,0,0,0,2,4,2,11
,2024-038449,39.7802325,-104.9893774,8/29/2024 18:25,18:25,15,0,0,I-70 & I-25,1,1,0,0,1,4,0,0,55,0,0,0,0,0,2,2,16
,2024-038450,39.70184179,-104.9878928,9/5/2024 16:01,16:01,15,0,0,I-25 & S BROADWAY ST,1,1,1,0,1,4,0,0,55,0,0,0,0,0,1,2,10
,2024-038451,39.75423135,-105.0143054,9/6/2024 11:16,11:16,12,0,0,I-25 & N SPEER BLVD,1,1,0,0,1,4,0,0,55,0,0,0,0,0,1,2,10
,2024-038457,39.73832651,-104.9622454,9/9/2024 9:10,9:10,12,0,0, VINE ST & E 14TH AVE,1,1,0,0,1,3,0,0,20,0,0,0,0,0,4,2,13
,2024-038458,39.76807918,-104.9759706,9/7/2024 10:15,10:15,6,0,0,35TH ST & BLAKE ST,1,1,0,0,1,4,0,0,25,0,0,0,0,0,4,2,11
,2024-038460,39.78460608,-105.0252093,9/9/2024 11:50,11:50,3,0,1, FEDERAL BLVD & I-70 WB RAMPS,1,1,0,0,1,1,0,0,35,0,0,0,1,3,2,2,3
,2024-038463,39.77963155,-104.9790329,9/9/2024 12:57,12:57,15,0,0,I-70 & N WASHINGTON ST,1,1,0,0,1,4,0,0,55,0,0,0,0,0,1,2,10
,2024-038464,39.73982516,-104.9835818,9/5/2024 19:04,19:04,6,0,0, GRANT ST & E 14TH AVE,1,2,0,0,1,4,0,0,30,0,0,0,0,0,4,2,8
,2024-038465,39.78254607,-104.8657302,9/6/2024 11:22,11:22,12,0,0, HAVANA ST & E 47TH AVE,1,1,0,0,1,3,0,0,40,0,0,0,0,0,4,2,11
,2024-038466,39.77311332,-104.9498213,9/6/2024 10:51,10:51,12,0,0, STEELE ST & E 40TH AVE,1,1,0,0,1,2,0,0,20,0,0,0,0,0,4,3,11
,2024-038468,39.70543152,-104.8706197,9/6/2024 19:48,19:48,6,0,2, FULTON ST & S GALENA WY,1,3,0,0,1,4,0,0,20,0,1,0,0,2,4,3,11
,2024-038471,39.70893236,-104.9959836,9/5/2024 16:36,16:36,14,0,0, SANTA FE DR & S CHEROKEE ST,1,1,0,0,1,1,0,0,15,0,0,0,0,0,2,2,10
,2024-038473,39.75087035,-104.9745638,9/9/2024 18:47,18:47,6,0,1, OGDEN ST & E 23RD AVE,1,1,0,0,1,4,0,0,25,0,0,0,0,2,4,2,1
,2024-038474,39.84796748,-104.6750282,9/9/2024 7:50,7:50,16,0,0,PENA BLVD IB & E 84TH AVE,1,1,0,0,5,4,0,0,10,0,0,0,0,0,2,1,11
,2024-038475,39.75698313,-104.9499241,9/9/2024 9:11,9:11,3,0,1, STEELE ST & E 28TH AVE,1,1,0,0,1,1,0,0,15,0,0,0,0,2,4,2,13
,2024-038481,39.77542583,-105.0428325,9/9/2024 3:01,3:01,6,0,0, STUART ST & W 43RD AVE,1,4,0,0,1,4,0,0,20,0,0,0,0,0,4,2,3
,2024-038482,39.75033687,-104.9034252,8/31/2024 10:20,10:20,12,0,1, QUEBEC ST & E 23RD AVE,1,1,0,0,1,4,0,0,35,0,0,0,0,1,4,2,3
,2024-038483,39.7275154,-105.0198511,9/9/2024 7:10,7:10,15,0,1,W 7TH AVE & N CANOSA CT,1,1,0,0,1,1,0,0,30,0,0,0,0,1,4,2,14
,2024-038484,39.78381056,-104.9477774,9/8/2024 20:00,20:00,12,0,0, VASQUEZ BLVD & E 48TH AVE,1,3,0,0,1,3,0,0,45,0,0,0,0,0,2,2,14
,2024-038485,39.69481187,-104.9189062,9/8/2024 15:46,15:46,10,0,1,E CHERRY CREEK  DR & S HOLLY ST,1,1,0,0,1,4,0,0,35,0,0,0,0,1,4,2,1
,2024-038489,39.73685835,-104.9949335,9/8/2024 13:20,13:20,12,0,0,W 13TH AVE & N FOX ST,1,1,0,0,1,4,0,0,25,0,0,0,0,0,4,2,13
,2024-038492,39.7630154,-104.8904947,9/9/2024 17:55,17:55,3,0,0,E 33RD AVE & N CENTRAL PARK BLVD,1,1,0,0,1,1,0,0,30,0,0,0,0,0,4,2,13
,2024-038493,39.78389248,-105.0251918,9/8/2024 15:33,15:33,3,0,0, FEDERAL BLVD & I-70 EB RAMPS,1,1,0,0,1,1,0,0,35,0,0,0,0,0,2,2,13
,2024-038495,39.67842785,-104.9590649,9/6/2024 7:40,7:40,3,0,0,E EVANS AVE & S UNIVERSITY BLVD,1,1,0,0,1,2,0,0,,0,0,0,0,0,4,2,11
,2024-038499,39.76447534,-104.9486104,9/7/2024 13:00,13:00,6,0,0,E BRUCE RANDOLPH AVE & N ADAMS ST,1,1,1,0,1,4,0,0,30,0,0,0,0,0,4,2,16
,2024-038500,39.64691514,-104.9032628,9/8/2024 1:15,1:15,6,0,0, QUEBEC ST & E MANSFIELD AVE,1,4,0,0,1,4,0,0,20,0,0,0,0,0,4,2,3
,2024-038501,39.7681657,-104.9721118,9/6/2024 13:52,13:52,3,0,0,E 37TH AVE & N MARION ST,1,1,0,0,1,1,0,0,20,0,0,0,0,0,4,2,8
,2024-038502,39.72972532,-104.9418361,8/27/2024 17:57,17:57,2,0,1,832  HARRISON ST ALLEY & E 8TH AVE,1,1,0,0,1,9,0,0,10,1,0,0,0,2,4,1,1
,2024-038508,39.72890593,-104.9978095,9/8/2024 14:07,14:07,15,0,0,W 8TH AVE & N INCA ST,1,1,0,0,1,4,0,0,30,0,0,0,0,0,4,2,1
,2024-038511,39.7547542,-104.9924828,9/8/2024 23:57,23:57,12,0,0,21ST ST & MARKET ST,1,3,0,0,1,9,0,0,25,0,0,0,0,0,4,2,13
,2024-038512,39.76629801,-104.9839599,9/9/2024 6:54,6:54,12,0,0, BRIGHTON BLVD & 31ST ST,1,1,0,0,1,4,0,0,30,0,0,0,0,0,4,2,10
,2024-038513,39.63592192,-104.9081902,9/6/2024 16:21,16:21,12,0,0,I-25 & SB OFF RAMP EXT TO E BELLEVIEW AVE,1,1,0,0,1,4,0,0,55,0,0,0,0,0,1,2,13
,2024-038514,39.70040413,-104.9086114,9/9/2024 6:14,6:14,12,0,0,LEETSDALE DR & S ONEIDA ST,1,1,0,0,1,4,0,0,45,0,0,0,0,0,2,2,3
,2024-038518,39.74167113,-105.0299437,8/16/2024 17:15,17:15,11,0,1, IRVING ST & W CONEJOS PL,1,1,0,0,1,9,0,0,0,0,1,0,0,2,4,1,16
,2024-038527,39.73833684,-104.9505927,9/7/2024 17:16,17:16,10,0,0,E 14TH AVE & N ST PAUL ST,1,1,0,0,1,1,0,0,,0,0,0,0,0,4,3,16
,2024-038534,39.74041913,-105.0428376,9/9/2024 14:43,14:43,6,0,0, STUART ST & W COLFAX AVE,1,1,0,0,1,4,0,0,25,0,0,0,0,0,2,2,16
,2024-038535,39.73663104,-105.0381474,9/9/2024 17:34,17:34,6,0,0, OSCEOLA ST & W 13TH AVE,1,1,1,0,1,3,0,0,,0,0,0,0,0,4,2,16
,2024-038538,39.66763656,-104.910932,9/9/2024 9:27,9:27,12,0,1,E YALE AVE & S MONACO ST PKWY,1,1,1,0,1,4,0,0,30,0,0,0,0,2,4,2,3
,2024-038539,39.70956563,-104.9875942,9/9/2024 13:47,13:47,6,0,1, BROADWAY ST & E DAKOTA AVE,1,1,0,0,1,4,0,0,35,0,0,0,0,2,4,2,8
,2024-038543,39.70395054,-104.9939811,9/9/2024 8:44,8:44,15,0,0,I-25 SB ON RAMP & S SANTA FE DR,1,1,1,0,1,8,0,0,,0,0,0,0,0,4,2,13
,2024-038545,39.67339985,-105.0193979,9/9/2024 19:09,19:09,3,0,2, CLAY ST & W WESLEY AVE,1,1,0,0,1,1,0,0,25,0,0,0,0,3,4,4,13
,2024-038546,39.73688491,-104.9810971,9/9/2024 10:30,10:30,10,0,0,E 13TH AVE & N PENNSYLVANIA ST,1,1,0,0,1,1,0,0,30,0,0,0,0,0,4,2,13
,2024-038554,39.75455042,-105.0131341,8/29/2024 13:49,13:49,12,0,1,I-25 & N SPEER BLVD,1,1,0,0,1,4,0,0,55,0,0,0,0,2,1,5,7
,2024-038557,39.78303883,-104.9783515,9/9/2024 15:39,15:39,15,0,0, WASHINGTON ST & E 48TH AVE,1,1,0,0,1,4,0,0,30,0,0,0,0,0,4,2,13
,2024-038560,39.66049815,-105.0229316,9/9/2024 5:40,5:40,3,0,0, DECATUR ST & W DARTMOUTH AVE,1,3,0,0,1,1,0,0,20,0,0,0,0,0,4,2,13
,2024-038561,39.71114635,-104.9986948,9/9/2024 7:23,7:23,15,0,0,I-25 NB ON RAMP & W ALAMEDA AVE,1,1,1,0,1,8,0,0,55,0,0,0,0,0,1,2,1
,2024-038565,39.70038696,-105.0275248,9/9/2024 15:19,15:19,3,0,0,W KENTUCKY AVE & S HAZEL CT,1,1,0,0,1,1,0,0,25,0,0,0,0,0,4,2,13
,2024-038567,39.74501464,-104.9861182,9/7/2024 6:30,6:30,12,0,0, LINCOLN ST & E 18TH AVE,1,1,0,0,1,4,0,0,,0,0,0,0,0,4,2,16
,2024-038568,39.7401448,-104.9461683,9/7/2024 11:00,11:00,10,0,1,3503 E COLFAX AVE & N MADISON ST,1,1,0,0,1,2,0,0,30,0,0,0,1,1,2,2,11
,2024-038569,39.65699312,-104.8663964,9/7/2024 9:18,9:18,12,0,0, HAVANA ST & E GIRARD AVE,1,1,0,0,1,4,0,0,45,0,0,0,0,0,2,2,11
,2024-038570,39.81115256,-104.7626281,9/9/2024 18:50,18:50,15,0,0, DUNKIRK ST & E 63RD AVE,1,1,0,0,1,1,0,0,30,0,0,0,0,0,4,2,11
,2024-038572,39.76736658,-104.8996534,9/1/2024 12:26,12:26,15,0,0,E 36TH AVE & N SYRACUSE ST,1,1,0,0,1,1,0,0,30,0,0,0,0,0,4,2,11
,2024-038583,39.74484412,-105.009341,8/27/2024 19:36,19:36,12,0,0,7TH ST & AURARIA PKWY,1,2,0,0,1,3,0,0,,0,0,0,0,0,4,2,13
,2024-038586,39.74659,-105.00457,8/11/2024 4:11,4:11,5,0,0,11TH ST & WALNUT ST,1,3,0,0,2,1,0,0,15,0,0,0,0,0,4,1,16
,2024-038620,39.74021322,-105.0054772,8/22/2024 14:07,14:07,12,0,0,7TH ST SLIP & W COLFAX AVE,1,1,0,0,1,3,0,0,30,0,0,0,0,0,2,2,7
,2024-038714,39.73391423,-104.9764319,8/13/2024 14:23,14:23,6,0,0, EMERSON ST & E 11TH AVE,1,1,0,0,1,4,0,0,25,0,0,0,0,0,4,3,14
,2024-038720,39.7035978,-104.9140856,9/9/2024 20:30,20:30,1,0,1,LEETSDALE DR & S LOCUST ST,1,3,0,0,1,1,0,0,35,0,0,0,0,1,2,3,16
,2024-038721,39.75417278,-105.0143838,7/17/2024 18:11,18:11,12,0,6,I-25 & N SPEER BLVD,1,1,0,0,1,8,0,0,55,0,0,0,0,2,1,5,13
,2024-038722,39.65313264,-104.8988293,9/9/2024 16:30,16:30,15,0,0,E HAMPDEN AVE & S TAMARAC ST,1,1,0,0,1,4,0,0,35,0,0,0,0,0,2,2,3
,2024-038723,39.66751594,-104.8661331,9/10/2024 8:13,8:13,1,0,2,E YALE AVE & S HAVANA ST,1,1,0,0,1,1,0,0,30,0,0,0,0,2,2,2,8
,2024-038727,39.70930776,-104.8659673,9/10/2024 12:29,12:29,15,0,0, HAVANA ST & E DAKOTA AVE,1,1,0,0,1,4,0,0,45,0,0,0,0,0,2,2,11
,2024-038728,39.73299182,-104.8846969,9/2/2024 14:00,14:00,10,0,0,YOSEMITE ST & E 11TH AVE,1,1,0,0,1,2,0,0,30,0,0,0,0,0,4,2,13
,2024-038735,39.77165944,-104.909792,9/5/2024 23:05,23:05,3,0,0, NEWPORT ST & E 39TH AVE,1,3,0,0,1,2,0,0,,0,0,0,0,0,4,2,16
,2024-038737,39.70043616,-104.9087096,9/9/2024 6:13,6:13,12,0,0,LEETSDALE DR & S ONEIDA  ST,1,1,0,0,1,2,0,0,45,0,0,0,0,0,2,2,7
,2024-038738,39.69566304,-104.9035085,9/8/2024 12:25,12:25,2,0,3, QUEBEC ST & E MISSISSIPPI AVE,1,1,0,0,1,1,0,0,35,1,0,0,0,3,4,2,16
,2024-038739,39.71806975,-104.9511405,8/30/2024 15:45,15:45,15,0,0,E 1ST AVE & N ST PAUL ST,1,1,0,0,1,4,0,0,30,0,0,0,0,0,4,3,11
,2024-038741,39.69723705,-104.8917206,9/10/2024 18:08,18:08,1,0,2, VALENTIA ST & E MISSISSIPPI AVE,1,1,0,0,1,2,0,0,30,0,0,0,0,1,4,2,11
,2024-038743,39.73839059,-104.9597774,9/10/2024 10:57,10:57,3,0,1, YORK ST & E 14TH AVE,1,1,0,0,1,1,0,0,20,0,0,0,0,1,4,2,10
,2024-038744,39.74379553,-104.8963847,9/10/2024 16:09,16:09,3,0,0,E 17TH AVE & N TRENTON ST,1,1,3,0,1,1,0,0,30,0,0,0,0,0,4,2,11
,2024-038745,39.7329966,-105.0393241,9/10/2024 12:44,12:44,3,0,0, PERRY ST & W 10TH AVE,1,1,1,0,1,1,0,0,20,0,0,0,0,0,4,2,13
,2024-038746,39.84928164,-104.6726895,9/9/2024 7:47,7:47,6,0,1,8400 PENA BLVD,1,1,0,0,5,4,0,0,15,0,0,0,0,3,3,3,10
,2024-038747,39.6240796,-104.9089599,9/10/2024 12:04,12:04,12,0,0,E BELLEVIEW AVE & S NIAGARA ST,1,1,0,0,1,3,0,0,35,0,0,0,0,0,2,2,4