id,drcog_id,latitude,longitude,crashtime,time,crashtype,numbkilled,numbinjurd,drcoglocat,rdconditin,lightngcon,roadcntgrd,weatherco,location,roaddescrp,schoolzone,constrzone,splimit,bikeinv,pedinv,sctrinv,motoinv,svrty,rdsystem,ttlvehcls,hcf
,2024-038750,39.78384201,-105.0064371,8/28/2024 13:30,13:30,6,0,0,4855  PECOS ST & W 48TH AVE,1,1,0,0,5,7,0,0,,0,0,0,0,0,3,2,16
,2024-038751,39.7399797,-104.9619377,9/10/2024 10:24,10:24,6,0,0,E COLFAX AVE & N VINE ST,1,1,0,0,1,4,0,0,30,0,0,0,0,0,2,2,13
,2024-038752,39.74000953,-104.9873904,9/2/2024 17:04,17:04,3,0,1,W COLFAX AVE & N BROADWAY ST,1,1,0,0,1,1,0,0,30,0,0,0,0,2,2,2,16
,2024-038758,39.75004379,-105.0045387,9/10/2024 14:20,14:20,12,0,0, SPEER BLVD & WEWATTA ST,1,1,0,0,1,4,0,0,35,0,0,0,0,0,4,2,13
,2024-038759,39.6822722,-105.0250198,9/9/2024 11:25,11:25,12,0,0, FEDERAL BLVD & W JEWELL AVE,1,1,0,0,1,3,0,0,,0,0,0,0,0,2,2,16
,2024-038764,39.77988801,-104.9671647,9/10/2024 19:25,19:25,12,0,0, BRIGHTON BLVD & E 46TH AVE,1,3,0,0,1,3,0,0,35,0,0,0,0,0,2,3,14
,2024-038765,39.74027476,-104.9881184,9/1/2024 15:35,15:35,15,0,0,W COLFAX AVE & CHEYENNE PL,1,1,0,0,1,1,0,0,,0,0,0,0,0,2,2,16
,2024-038767,39.71156901,-104.9414067,8/19/2024 18:20,18:20,12,0,0,E ALAMEDA AVE & N HARRISON ST,1,1,0,0,1,3,0,0,35,0,0,0,0,0,4,2,11
,2024-038772,39.74007544,-104.9405233,9/5/2024 20:18,20:18,11,0,1,E COLFAX AVE & N COLORADO BLVD,1,3,3,0,1,4,0,0,0,0,1,0,0,3,2,1,16
,2024-038779,39.72068682,-104.9407881,9/10/2024 17:27,17:27,12,0,1, COLORADO BLVD & E 3RD AVE,1,1,0,0,1,4,0,0,35,0,0,0,0,2,2,3,11
,2024-038781,39.72564821,-104.9862615,9/9/2024 11:55,11:55,15,0,0, LINCOLN ST & E 6TH AVE,1,1,0,0,1,1,0,0,30,0,0,0,0,0,4,2,3
,2024-038783,39.72564217,-105.0483273,9/10/2024 9:18,9:18,12,0,0,W 6TH AVE & N SHERIDAN BLVD,1,1,0,0,1,4,0,0,55,0,0,0,0,0,2,2,13
,2024-038784,39.73685136,-104.9873596,9/9/2024 18:13,18:13,12,0,0,E 13TH AVE & N BROADWAY ST,1,1,3,7,1,3,0,0,20,0,0,0,0,0,4,3,10
,2024-038785,39.7765518,-104.7905401,9/10/2024 14:16,14:16,15,0,0,PENA BLVD OB & E 40TH AVE,1,1,0,7,1,4,0,0,65,0,0,0,0,0,2,2,14
,2024-038788,39.74981761,-104.9123845,9/8/2024 2:28,2:28,14,0,0,2221  MONACO ST & E 22ND AVE,1,3,0,0,1,4,0,0,35,0,0,0,0,0,4,2,16
,2024-038789,39.77141052,-104.8854553,9/10/2024 15:41,15:41,15,0,2, CENTRAL PARK BLVD & E 40TH AVE,1,1,2,0,1,4,0,0,35,0,0,0,0,2,4,4,10
,2024-038790,39.6782041,-104.9334267,9/6/2024 12:14,12:14,15,0,1,I-25 NB OFF RAMP & E EVANS AVE,1,1,1,0,1,8,0,0,50,0,0,0,0,2,1,2,16
,2024-038793,39.72563179,-104.9836192,9/9/2024 14:50,14:50,12,0,0,E 6TH AVE & N GRANT ST,1,1,0,0,1,1,0,0,35,0,0,0,0,0,4,2,3
,2024-038795,39.74019931,-104.9321173,9/10/2024 7:47,7:47,12,0,1,E COLFAX AVE & N DAHLIA ST,1,1,0,0,1,4,0,0,35,0,0,0,0,2,2,3,13
,2024-038796,39.85078834,-104.6665368,9/10/2024 13:37,13:37,15,0,0,PENA BLVD IB & E 85TH AVE,1,1,1,0,1,4,0,0,35,0,0,0,0,0,4,2,11
,2024-038797,39.70583139,-104.9959263,9/10/2024 9:26,9:26,12,0,1,I-25 & N SANTA FE DR,1,1,0,0,1,4,0,0,55,0,0,0,0,1,1,2,13
,2024-038798,39.77449641,-104.8526883,9/10/2024 7:59,7:59,12,0,1,I-70 & N PEORIA ST,1,1,0,0,1,4,0,0,55,0,0,0,0,2,1,4,13
,2024-038799,39.76568196,-104.9943347,9/10/2024 6:49,6:49,1,0,0, GLOBEVILLE RD & PARK AVE W,1,1,0,0,1,2,0,0,30,0,0,0,0,0,4,2,11
,2024-038800,39.73846147,-104.9980518,9/10/2024 8:24,8:24,12,0,0,W 14TH AVE & N SPEER BLVD,1,1,0,0,1,3,0,0,30,0,0,0,0,0,4,2,11
,2024-038801,39.7651506,-104.8904761,9/9/2024 12:35,12:35,3,0,1, CENTRAL PARK BLVD & E 35TH AVE,1,1,0,0,1,1,0,0,25,0,0,0,0,2,4,2,16
,2024-038804,39.6784651,-104.9251965,8/27/2024 14:00,14:00,1,0,0,E EVANS AVE & S GRAPE ST,1,1,0,0,1,1,0,0,,0,0,0,0,0,4,2,16
,2024-038805,39.66762064,-104.9134305,9/10/2024 7:55,7:55,3,0,0,E YALE AVE & S MONACO ST PKWY,1,1,0,0,1,2,0,0,10,0,0,0,0,0,4,2,11
,2024-038807,39.75322602,-104.9659423,9/9/2024 7:56,7:56,2,0,2, WILLIAMS ST & E 25TH AVE,1,1,0,0,1,1,0,0,20,1,0,0,0,2,4,1,11
,2024-038808,39.75848861,-105.0267415,9/9/2024 22:00,22:00,6,0,0,W 29TH AVE & N GROVE ST,1,3,0,0,1,4,0,0,30,0,0,0,0,0,4,2,16
,2024-038809,39.70726494,-104.8659801,9/9/2024 16:44,16:44,6,0,1,505  HAVANA ST & E VIRGINIA AVE,1,1,0,0,2,4,0,0,20,0,0,0,0,3,2,2,16
,2024-038811,39.74286097,-104.9823372,9/9/2024 10:15,10:15,6,0,0, LOGAN ST & E 17TH AVE,1,1,0,0,1,4,0,0,,0,0,0,0,0,4,2,16
,2024-038812,39.73659852,-104.9764485,9/10/2024 0:00,0:00,6,0,0, EMERSON ST & E 13TH AVE,1,3,0,0,1,4,0,0,,0,0,0,0,0,4,3,16
,2024-038816,39.77872128,-104.9222935,9/9/2024 8:50,8:50,15,0,0, HOLLY ST & E 45TH N DR,1,1,0,0,1,1,0,0,25,0,0,0,0,0,4,2,16
,2024-038817,39.7038786,-104.9146184,9/6/2024 18:59,18:59,12,0,0,LEETSDALE DR & E EXPOSITION AVE,1,1,0,0,1,3,0,0,,0,0,0,0,0,2,3,16
,2024-038819,39.79838817,-104.785803,9/8/2024 14:42,14:42,12,0,5,PENA BLVD & E 56TH AVE,1,1,0,0,1,4,0,0,65,0,0,0,0,2,4,3,16
,2024-038820,39.74064342,-105.0154408,8/19/2024 22:14,22:14,12,0,1,I-25 & W COLFAX AVE,1,3,0,0,1,4,0,0,55,0,0,0,0,2,1,2,14
,2024-038821,39.73204793,-104.9752573,8/19/2024 18:35,18:35,6,0,0,E 10TH AVE & N OGDEN ST,1,1,1,0,1,9,0,0,20,0,0,0,0,0,4,4,16
,2024-038823,39.67610185,-105.0386214,9/5/2024 15:48,15:48,11,0,1, PATTON CT & W ILIFF AVE,1,1,1,0,1,4,0,0,0,0,1,0,0,2,4,1,16
,2024-038824,39.68314129,-104.9406517,9/9/2024 9:00,9:00,12,0,0, COLORADO BLVD & I-25,1,1,0,0,1,3,0,0,35,0,0,0,0,0,2,2,3
,2024-038894,39.77298821,-104.8312999,9/3/2024 17:48,17:48,15,0,5,I-70 & PEORIA ST,1,1,1,7,1,8,0,0,55,0,0,0,0,3,1,2,11
,2024-038895,39.77851636,-104.9014383,9/10/2024 15:30,15:30,12,0,0,I-70 & N NORTHFIELD QUEBEC ST,1,1,0,0,1,4,0,0,55,0,0,0,0,0,1,2,10
,2024-038897,39.74111147,-104.884651,8/27/2024 14:00,14:00,12,0,0, YOSEMITE ST & E COLFAX AVE,1,1,0,0,1,4,0,0,,0,0,0,0,0,4,2,3
,2024-038902,39.65022505,-104.916659,9/4/2024 16:30,16:30,12,0,0,I-25 & E HAMPDEN AVE,11,1,0,1,1,4,0,0,,0,0,0,0,0,1,2,16
,2024-038905,39.72892966,-104.9905769,9/9/2024 11:00,11:00,15,0,0,W 8TH AVE & N SPEER BLVD,1,1,0,0,1,1,0,0,,0,0,0,0,0,4,2,16
,2024-038906,39.62410956,-104.8946424,9/10/2024 13:00,13:00,12,0,0,E BELLEVIEW AVE & S ULSTER ST,1,1,0,0,1,1,0,0,25,0,0,0,0,0,4,2,3
,2024-038911,39.65315445,-105.0642009,9/10/2024 19:38,19:38,12,0,1,W HAMPDEN AVE & S IVAN CT,1,3,0,0,1,4,0,0,55,0,0,0,0,2,2,2,11
,2024-038912,39.7798947,-104.9670223,9/11/2024 12:30,12:30,12,0,0,I-70 & N BRIGHTON BLVD,1,1,0,0,1,4,0,0,55,0,0,0,0,0,1,2,7
,2024-038913,39.75869173,-104.9033065,9/11/2024 8:41,8:41,12,0,1, QUEBEC ST & E 29TH AVE,1,1,3,0,1,4,0,0,35,0,0,0,0,1,4,2,4
,2024-038914,39.77889884,-104.97917,9/9/2024 17:13,17:13,12,0,0,WASHINGTON ST & I-70 EB ON RAMP SLIP,1,1,0,0,1,8,0,0,35,0,0,0,0,0,1,2,11
,2024-038916,39.78374283,-105.0449554,9/8/2024 18:46,18:46,12,0,1,I-70 & N LOWELL BLVD,1,1,0,0,1,4,0,0,55,0,0,0,1,1,1,2,16
,2024-038917,39.71325394,-104.9994136,9/7/2024 0:20,0:20,3,0,0,W CEDAR AVE & S KALAMATH ST,1,3,0,0,1,1,0,0,25,0,0,0,0,0,1,2,16
,2024-038918,39.74488763,-104.9874171,9/8/2024 1:51,1:51,5,0,2,E 18TH ST & N BROADWAY ST,1,3,0,0,4,1,0,0,30,0,0,0,0,3,4,1,1
,2024-038921,39.63541724,-104.9028868,6/28/2024 5:40,5:40,15,0,0,I-225 SB OFF RAMP & RAMP SPLIT TO NB,1,1,0,0,1,8,0,0,,0,0,0,0,0,1,3,16
,2024-038924,39.72571541,-105.0249343,9/11/2024 6:45,6:45,10,0,0,W 6TH AVE WB OFF RAMP & N FEDERAL BLVD,1,1,0,0,1,1,0,0,30,0,0,0,0,0,2,2,10
,2024-038926,39.73800797,-105.0252739,9/6/2024 17:42,17:42,12,0,1, FEDERAL BLVD & W 14TH AVE,1,1,1,0,1,3,0,0,35,0,0,0,0,1,2,5,1
,2024-038927,39.79629598,-104.8471655,9/11/2024 17:36,17:36,3,0,0,E 55TH AVE & N PEORIA ST,1,1,0,0,1,1,0,0,20,0,0,0,0,0,4,2,13
,2024-038928,39.77338516,-104.847028,8/15/2024 20:02,20:02,10,0,0, PEORIA ST & I-70 EB RAMPS,1,3,0,0,1,1,0,0,45,0,0,0,0,0,4,2,16
,2024-038929,39.78054013,-104.9496503,9/10/2024 14:39,14:39,12,0,0,I-70 & N STEELE ST,1,1,0,0,1,4,0,0,55,0,0,0,0,0,1,2,7
,2024-038930,39.63862082,-104.9098629,9/11/2024 9:57,9:57,12,0,0,I-25 & W QUINCY AVE,1,1,0,0,1,4,0,0,55,0,0,0,0,0,1,2,1
,2024-038931,39.71152475,-104.9222858,9/11/2024 8:02,8:02,15,0,0, HOLLY ST & E ALAMEDA AVE,1,1,0,0,1,4,0,0,30,0,0,0,0,0,4,3,11
,2024-038932,39.68227041,-105.0252479,9/7/2024 10:09,10:09,11,0,0,W JEWELL AVE & S FEDERAL BLVD,1,1,0,0,1,2,0,0,0,0,0,1,0,0,4,1,16
,2024-038933,39.78352185,-105.0313014,9/11/2024 7:30,7:30,12,0,0,I-70 & N FEDERAL BLVD,1,1,0,0,1,4,0,0,55,0,0,0,0,0,1,2,3
,2024-038934,39.77640785,-104.9582436,9/11/2024 11:15,11:15,10,0,0, JOSEPHINE ST & E 43RD AVE,1,1,0,0,1,1,0,0,30,0,0,0,0,0,4,2,8
,2024-038935,39.69658195,-104.8858104,9/11/2024 12:01,12:01,3,0,1,E MISSISSIPPI AVE & S XENIA ST,1,1,0,0,1,1,0,0,30,0,0,0,0,2,4,2,11
,2024-038936,39.73688399,-105.0052579,8/3/2024 14:43,14:43,3,0,0, OSAGE ST & W 13TH AVE,1,1,0,0,1,1,0,0,25,0,0,0,0,0,4,2,13
,2024-038937,39.74007171,-104.9209783,8/24/2024 13:45,13:45,6,0,0,E COLFAX AVE & N IVY ST,1,1,0,0,1,4,0,0,40,0,0,0,0,0,2,2,16
,2024-038938,39.71116069,-104.9863693,9/10/2024 23:30,23:30,3,0,0,E ALAMEDA AVE & S LINCOLN ST,1,3,0,0,1,1,0,0,30,0,0,0,0,0,4,2,16
,2024-038939,39.74002135,-105.0141936,9/10/2024 19:55,19:55,15,0,0,I-25 & W COLFAX AVE,1,3,0,0,1,4,0,0,55,0,0,0,0,0,1,2,16
,2024-038940,39.71944312,-104.9546241,9/10/2024 11:30,11:30,5,0,0, DETROIT & E 2ND AVE,1,1,0,0,3,9,0,0,,0,0,0,0,0,4,1,3
,2024-038941,39.67847306,-104.9222662,9/10/2024 10:00,10:00,14,0,0,E EVANS AVE & S HOLLY ST,1,1,0,0,1,1,0,0,,0,0,0,0,0,4,2,16
,2024-038945,39.67109327,-104.9282007,8/18/2024 18:03,18:03,15,0,0,I-25 & SB OFF RAMP EXT TO E YALE AVE,11,1,0,1,1,4,0,0,,0,0,0,0,0,1,2,16
,2024-038946,39.74846241,-105.0033458,8/30/2024 23:46,23:46,3,0,0,BLAKE ST & N SPEER BLVD,1,3,0,0,1,1,0,0,45,0,0,0,0,0,4,2,11
,2024-038947,39.76180434,-104.9404932,7/27/2024 14:20,14:20,12,0,0,E MLK JR BLVD & N COLORADO BLVD,1,1,0,0,1,3,0,0,35,0,0,0,0,0,2,2,14
,2024-038948,39.74010277,-105.00015,8/15/2024 17:15,17:15,1,0,3, KALAMATH ST & W COLFAX AVE,1,1,0,0,1,1,0,0,35,0,0,0,0,2,2,2,11
,2024-038949,39.72550556,-104.9862607,8/22/2024 14:45,14:45,15,0,0, LINCOLN ST & E 6TH AVE,1,1,0,0,1,3,0,0,30,0,0,0,0,0,4,2,16
,2024-038950,39.71102813,-104.9187727,9/9/2024 8:17,8:17,6,0,0, JASMINE ST & E ALAMEDA AVE,1,5,0,7,1,4,0,0,25,0,0,0,0,0,4,2,16
,2024-038951,39.67848123,-104.9664013,9/10/2024 17:19,17:19,3,0,1, WILLIAMS ST & E EVANS AVE,1,1,0,0,1,1,0,0,25,0,0,0,1,3,4,2,11
,2024-038953,39.70394812,-104.9926387,9/10/2024 15:14,15:14,15,0,0,I-25 & NB OFF RAMP EXIT TO S SANTA FE DR,1,1,0,0,1,8,0,0,60,0,0,0,0,0,1,2,14
,2024-038954,39.79026653,-104.8097541,7/26/2024 21:15,21:15,1,0,4, CHAMBERS RD & E 53RD AVE,1,3,0,0,1,1,0,0,40,0,0,0,0,3,4,2,1
,2024-038955,39.67661331,-104.9406367,9/11/2024 10:08,10:08,3,0,1,E WARREN AVE & S COLORADO BLVD,1,1,0,0,1,1,0,0,35,0,0,0,0,2,2,2,11
,2024-038956,39.77803343,-104.8470317,8/23/2024 4:36,4:36,3,0,1,E 45TH AVE & N PEORIA ST,1,3,0,0,1,1,0,0,30,0,0,0,0,1,4,2,16
,2024-038957,39.77822431,-104.9035772,9/11/2024 7:36,7:36,12,0,1,I-70 & N QUEBEC ST,1,1,0,0,1,4,0,0,55,0,0,0,0,1,1,4,13
,2024-038958,39.72576301,-105.0351122,9/11/2024 6:14,6:14,15,0,2,W 6TH AVE & N LOWELL BLVD,1,1,0,0,1,4,0,0,55,0,0,0,0,2,2,3,13
,2024-038959,39.68311329,-104.9405313,9/11/2024 18:41,18:41,15,0,0,I-25 & S COLORADO BLVD,1,1,0,0,1,4,0,0,60,0,0,0,0,0,1,2,1
,2024-038960,39.78356955,-105.0155927,9/11/2024 7:30,7:30,12,0,0,I-70 & N FEDERAL BLVD,1,1,1,0,1,4,0,0,55,0,0,0,0,0,1,2,13
,2024-038961,39.65268928,-104.918842,9/11/2024 19:55,19:55,12,0,0,I-25 & E HAMPDEN AVE,1,1,1,0,1,8,0,0,35,0,0,0,0,0,1,2,13
,2024-038962,39.63484214,-104.8933846,9/11/2024 6:43,6:43,3,0,1, TAMARAC ST & I-225 NB RAMPS,1,1,0,0,1,1,0,1,35,0,0,0,0,1,4,2,2
,2024-038963,39.79838676,-104.7863774,9/10/2024 18:20,18:20,12,0,0,PENA BLVD & E 56TH AVE,1,1,0,0,1,4,0,0,65,0,0,0,0,0,4,2,3
,2024-038964,39.71736108,-104.8950063,9/11/2024 10:06,10:06,5,0,1,E LOWRY BLVD & E FAIRMOUNT DR,1,1,0,0,3,4,0,0,35,0,0,0,0,3,4,1,3
,2024-038965,39.73843481,-104.9861226,9/11/2024 11:01,11:01,15,0,1,E 14TH AVE & N ELIZABETH ST,1,1,0,0,1,1,0,0,20,0,0,0,0,1,4,2,16
,2024-038966,39.73686851,-105.0001439,8/3/2024 22:13,22:13,12,0,0,W 13TH AVE & N KALAMATH ST,1,3,0,0,1,1,0,0,30,0,0,0,0,0,4,2,16
,2024-038967,39.73842248,-104.9787273,9/10/2024 12:59,12:59,3,0,2, WASHINGTON ST & E 14TH AVE,1,1,0,0,1,1,0,0,20,0,0,0,0,1,4,2,16
,2024-038968,39.74039802,-104.9587888,8/13/2024 19:26,19:26,16,0,0,2401 E COLFAX AVE & E 16TH AVE,1,1,0,0,5,8,0,0,10,0,0,0,0,0,3,2,16
,2024-038970,39.7049287,-105.0250879,9/3/2024 12:23,12:23,5,0,0, FEDERAL BLVD & W GILL PL,1,1,0,0,3,4,0,0,30,0,0,0,0,0,2,1,8
,2024-038978,39.76928398,-105.0158689,9/10/2024 8:00,8:00,3,0,0,W 38TH AVE & N ZUNI ST,1,1,0,0,1,1,0,0,35,0,0,0,0,0,4,3,16
,2024-038982,39.73515489,-104.9823002,9/9/2024 11:45,11:45,3,0,0, LOGAN ST & E 12TH AVE,1,1,0,0,1,9,0,0,15,0,0,0,0,0,4,2,11
,2024-038983,39.78876095,-105.0252083,9/10/2024 21:39,21:39,3,0,0,W 51ST AVE & N FEDERAL BLVD,1,3,0,0,1,2,0,0,35,0,0,0,0,0,2,2,13
,2024-038993,39.72191938,-105.0090615,9/9/2024 6:12,6:12,5,0,0,I-25 & NB OFF RAMP EXT TO W 6TH AVE,1,1,3,0,3,4,0,0,55,0,0,0,0,0,1,1,16
,2024-038995,39.73648565,-104.9350057,9/11/2024 11:00,11:00,3,0,2, CLERMONT ST & E 13TH AVE,1,1,0,0,1,1,0,0,25,0,0,0,0,2,4,2,11
,2024-039008,39.69550085,-105.0532321,9/9/2024 17:21,17:21,12,0,0, SHERIDAN BLVD & W ARIZONA AVE,1,1,0,0,1,4,0,0,40,0,0,0,0,0,2,2,16
,2024-039009,39.72290987,-105.0112358,9/10/2024 8:06,8:06,15,0,0,I-25 SB ON RAMP & W 6TH AVE,1,1,1,0,1,8,0,0,55,0,0,0,0,0,1,2,13
,2024-039013,39.78002558,-104.7590095,9/9/2024 19:25,19:25,10,0,0, FLANDERS WY & E 46TH AVE,1,3,0,0,1,1,0,0,30,0,0,0,0,0,4,2,16
,2024-039015,39.65370921,-105.053085,9/10/2024 19:35,19:35,1,0,1, SHERIDAN BLVD & W HAMPDEN AVE WB RAMPS,1,1,0,0,1,1,0,0,30,0,0,0,0,1,1,2,13
,2024-039019,39.73517519,-104.9407669,9/10/2024 16:54,16:54,2,0,1,1200  COLORADO BLVD & E 12TH AVE,1,1,0,0,1,4,0,0,0,1,0,0,0,2,2,1,16
,2024-039020,39.75885892,-104.8677191,9/10/2024 21:10,21:10,9,0,1,E 29TH DR & N GENEVA CT,1,3,0,0,2,4,0,0,35,0,0,0,0,1,4,1,1
,2024-039022,39.72145778,-104.8817875,7/19/2024 23:02,23:02,2,0,0, YOSEMITE WY & E 5TH AVE,1,4,0,0,3,1,0,0,35,1,0,0,0,0,4,1,16
,2024-039025,39.68983251,-104.9734241,9/4/2024 17:05,17:05,12,0,0,I-25 & S DOWNING ST,1,1,0,0,1,4,0,0,,0,0,0,0,0,1,2,16
,2024-039146,39.73648156,-104.936162,9/12/2024 8:03,8:03,10,0,0,E 13TH AVE & N BIRCH ST,1,1,0,0,1,1,0,0,30,0,0,0,0,0,4,2,11
,2024-039147,39.79737695,-104.7865109,9/12/2024 13:50,13:50,12,0,1,PENA BLVD OB & E 56TH AVE,1,1,0,0,1,4,0,0,65,0,0,0,0,1,4,2,11
,2024-039149,39.62961447,-104.9047893,9/11/2024 16:44,16:44,12,0,1,I-25 & RAMP TO I-225 RAMP,1,1,0,0,1,4,0,0,55,0,0,0,0,1,1,2,13
,2024-039150,39.67845403,-104.9385698,9/11/2024 18:00,18:00,1,0,0,E EVANS AVE & S ASH ST,1,1,0,0,1,2,0,0,30,0,0,0,0,0,4,2,3
,2024-039155,39.74483654,-104.9709076,9/11/2024 20:39,20:39,15,0,0,E 18TH AVE & N LAFAYETTE ST,1,3,0,0,1,1,0,0,30,0,0,0,0,0,4,2,13
,2024-039156,39.67844838,-104.940964,9/11/2024 15:00,15:00,3,0,0,3905 E EVANS AVE & S COLORADO BLVD,1,1,0,0,1,2,0,0,30,0,0,0,0,0,4,2,3
,2024-039157,39.83110841,-104.771882,8/28/2024 21:50,21:50,1,0,4, TOWER RD & PENA BLVD IB RAMPS,1,3,0,0,1,1,0,0,45,0,0,0,0,3,4,2,16
,2024-039159,39.68215043,-104.9875687,9/11/2024 11:00,11:00,3,0,0,W JEWELL AVE & S BROADWAY ST,1,1,0,0,1,1,0,0,25,0,0,0,0,0,4,2,3
,2024-039162,39.74003231,-104.9999788,9/6/2024 16:40,16:40,3,0,1, KALAMATH ST & W COLFAX AVE,1,1,0,0,1,1,0,0,30,0,0,0,0,1,2,2,13
,2024-039166,39.63544452,-105.0828191,9/11/2024 13:52,13:52,5,0,1,W STANFORD AVE & S WADSWORTH BLVD,1,1,0,0,3,4,0,0,25,0,0,0,1,2,4,1,13
,2024-039167,39.65305738,-104.8849623,9/12/2024 8:56,8:56,12,0,0,E HAMPDEN AVE & S YOSEMITE ST,1,1,0,0,1,3,0,0,45,0,0,0,0,0,2,2,13
,2024-039169,39.71128381,-104.9034949,9/11/2024 16:30,16:30,15,0,0, QUEBEC ST & E ALAMEDA AVE,1,1,0,0,1,1,0,0,30,0,0,0,0,0,4,2,3
,2024-039173,39.62742589,-104.9112378,9/12/2024 18:10,18:10,3,0,0, MONACO ST PKWY & E UNION AVE,1,2,0,0,1,1,0,0,35,0,0,0,0,0,4,2,1
,2024-039174,39.78363959,-104.7849027,9/12/2024 12:30,12:30,12,0,0,E GREEN VALLEY RANCH BLVD & N SALIDA ST,1,1,0,0,1,4,0,1,25,0,0,0,0,0,4,2,3
,2024-039175,39.76712995,-104.9270005,7/22/2024 15:05,15:05,6,0,0,3585  FOREST ST & E 36TH AVE,1,1,0,0,1,4,0,0,25,0,0,0,0,0,4,3,16
,2024-039177,39.68949234,-105.0247601,9/12/2024 12:46,12:46,12,0,0,W FLORIDA AVE & S FEDERAL BLVD,1,1,0,0,1,4,0,0,30,0,0,0,0,0,4,2,8
,2024-039178,39.75987708,-105.0060657,9/10/2024 16:43,16:43,12,0,0,I-25 & 20TH ST,1,1,0,0,1,4,0,0,55,0,0,0,0,0,1,2,10
,2024-039179,39.72930542,-105.0145818,8/8/2024 18:10,18:10,15,0,0,I-25 NB ON RAMP FROM W 6TH AVE & W 8TH AVE,1,1,0,0,1,8,0,0,30,0,0,0,0,0,1,3,1
,2024-039181,39.7802486,-104.9316481,9/12/2024 8:13,8:13,12,0,2,I-70 & N DAHLIA ST,1,1,1,0,1,4,0,0,55,0,0,0,0,1,1,2,3
,2024-039182,39.77032188,-104.9912992,9/11/2024 15:44,15:44,15,0,0,I-25 NB OFF RAMP & I-70,6,1,0,0,1,8,0,0,55,0,0,0,0,0,1,2,10
,2024-039184,39.74016591,-104.9554843,9/12/2024 17:50,17:50,12,0,0,E COLFAX AVE & N CLAYTON ST,1,1,0,0,1,4,0,0,35,0,0,0,0,0,2,2,13
,2024-039185,39.74021789,-104.9034571,9/12/2024 18:12,18:12,1,0,0,E COLFAX AVE & N QUEBEC ST,1,1,0,0,1,1,0,0,35,0,0,0,0,0,2,3,1
,2024-039191,39.67327332,-105.0250549,9/12/2024 20:07,20:07,1,0,2, FEDERAL BLVD & W HARVARD AVE,1,3,0,0,1,1,0,1,30,0,0,0,0,2,2,2,13
,2024-039192,39.65875378,-104.9129793,9/6/2024 16:20,16:20,10,0,0, MONACO ST PKWY & E EASTMAN AVE,1,1,0,0,1,1,0,0,25,0,0,0,0,0,4,2,1
,2024-039193,39.74747783,-104.9747383,9/11/2024 12:57,12:57,1,0,1,E 20TH AVE & N OGDEN ST,1,1,0,0,1,1,0,0,25,0,0,0,0,1,4,2,13
,2024-039195,39.69657556,-104.8823132,9/12/2024 8:15,8:15,1,0,2, ALTON ST & E MISSISSIPPI AVE,1,1,0,0,1,1,0,0,30,0,0,0,0,2,4,2,1
,2024-039198,39.72911069,-104.9601928,9/11/2024 21:51,21:51,3,0,0, YORK ST & E 8TH AVE,1,3,0,0,1,1,0,0,30,0,0,0,0,0,4,2,13
,2024-039199,39.74014113,-104.9787425,9/12/2024 0:08,0:08,11,0,1, WASHINGTON ST & E COLFAX AVE,1,3,0,0,1,4,0,0,20,0,0,1,0,3,4,1,13
,2024-039202,39.75105722,-104.9317015,9/12/2024 7:30,7:30,3,0,0, DAHLIA ST & E 23RD AVE,1,1,0,0,1,1,0,0,25,0,0,0,0,0,4,2,11
,2024-039203,39.72206374,-105.0250693,9/12/2024 14:33,14:33,3,0,0,W 4TH AVE & N FEDERAL BLVD,1,1,0,0,1,1,0,0,40,0,0,0,0,0,2,2,11
,2024-039204,39.68220468,-105.0040789,8/3/2024 22:15,22:15,6,0,0,1503 W JEWELL AVE & N NAVAJO ST,1,3,1,0,5,7,0,0,10,0,0,0,0,0,3,2,11
,2024-039205,39.71122955,-104.9035006,9/11/2024 17:00,17:00,12,0,0, QUEBEC ST & E ALAMEDA AVE,1,1,0,0,1,3,0,0,30,0,0,0,0,0,4,2,3
,2024-039208,39.72565153,-104.9887893,9/11/2024 16:25,16:25,15,0,0,W 6TH AVE & N ACOMA ST,1,1,0,0,1,1,0,0,30,0,0,0,0,0,4,2,13
,2024-039209,39.71118531,-105.0038984,9/12/2024 7:53,7:53,3,0,0, NAVAJO ST & W ALAMEDA AVE,1,1,0,0,1,1,0,0,25,0,0,0,0,0,2,2,13
,2024-039218,39.68291273,-104.9405165,9/11/2024 15:40,15:40,12,0,1,I-25 & S COLORADO BLVD,1,1,0,0,1,4,0,0,55,0,0,0,0,1,1,2,13
,2024-039219,39.82577828,-104.7718818,9/12/2024 13:07,13:07,2,0,0, TOWER RD & E 71ST AVE,1,1,0,0,1,2,0,0,0,1,0,0,0,0,4,1,16
,2024-039221,39.72382253,-105.0112706,9/12/2024 11:06,11:06,12,0,0,I-25 NB OFF RAMP TO W 6TH AVE & RAMP SPLIT TO WB,1,1,1,0,1,8,0,0,55,0,0,0,0,0,1,4,1
,2024-039223,39.75822575,-104.953657,9/12/2024 7:22,7:22,3,0,0, FILLMORE ST & E 29TH AVE,1,1,0,0,1,1,0,0,20,0,0,0,0,0,4,2,11
,2024-039225,39.68497584,-105.0255906,9/12/2024 10:46,10:46,6,0,0,W COLORADO AVE & S FEDERAL BLVD,1,1,0,0,1,4,0,0,25,0,0,0,0,0,4,2,16