id,drcog_id,latitude,longitude,crashtime,time,crashtype,numbkilled,numbinjurd,drcoglocat,rdconditin,lightngcon,roadcntgrd,weatherco,location,roaddescrp,schoolzone,constrzone,splimit,bikeinv,pedinv,sctrinv,motoinv,svrty,rdsystem,ttlvehcls,hcf
,2024-039228,39.71111908,-104.9698599,9/12/2024 16:45,16:45,3,0,0, HUMBOLDT ST & E ALAMEDA AVE,1,1,0,0,1,1,0,0,25,0,0,0,0,0,4,2,3
,2024-039230,39.67879726,-104.9793587,9/12/2024 12:00,12:00,6,0,0, WASHINGTON ST & E EVANS AVE,1,1,0,0,1,2,0,0,20,0,0,0,0,0,4,2,11
,2024-039231,39.68227243,-105.024882,9/13/2024 16:50,16:50,12,0,0,W JEWELL AVE & N FEDERAL BLVD,1,1,0,0,1,3,0,0,30,0,0,0,0,0,2,2,13
,2024-039232,39.70288856,-104.9127601,9/10/2024 8:28,8:28,15,0,0,E LEETSDALE DR & S MONACO ST PKWY,1,1,0,0,1,3,0,0,35,0,0,0,0,0,2,3,16
,2024-039233,39.76003984,-104.898976,9/5/2024 22:30,22:30,6,0,0, SYRACUSE ST & E 29TH AVE,1,3,0,0,1,4,0,0,,0,0,0,0,0,4,3,16
,2024-039234,39.71391107,-104.989983,9/12/2024 17:45,17:45,3,0,0,W MAPLE AVE & S BANNOCK ST,1,1,0,0,1,1,0,0,25,0,0,0,0,0,4,2,3
,2024-039235,39.7111855,-105.0015651,9/12/2024 9:20,9:20,12,0,0,W ALAMEDA AVE & S LIPAN ST,1,1,0,0,1,2,0,0,40,0,0,0,0,0,2,2,16
,2024-039236,39.69961677,-104.9063356,9/12/2024 12:54,12:54,12,0,2,LEETSDALE DR & S ONEIDA ST,1,1,0,0,1,4,0,0,35,0,0,0,0,1,2,2,16
,2024-039238,39.74015424,-104.9502916,9/13/2024 7:45,7:45,12,0,0,E COLFAX AVE & N STEELE ST,1,1,0,0,1,3,0,0,35,0,0,0,0,0,2,3,16
,2024-039239,39.77483496,-104.8470035,9/13/2024 9:00,9:00,10,0,0,I-70 WB OFF RAMP & N PEORIA ST,1,1,0,0,1,1,0,0,35,0,0,0,0,0,4,3,8
,2024-039240,39.71129339,-104.9875716,9/13/2024 12:16,12:16,12,0,0, BROADWAY ST & E ALAMEDA AVE,1,1,0,0,1,3,0,0,30,0,0,0,0,0,4,2,10
,2024-039241,39.75420804,-105.0014815,9/13/2024 11:15,11:15,12,0,0,WEWATTA ST & 17TH ST,1,1,0,0,1,3,0,0,35,0,0,0,0,0,4,3,1
,2024-039245,39.74003815,-105.0015628,9/13/2024 7:25,7:25,11,0,1,W COLFAX AVE & N LIPAN ST,1,1,0,0,1,1,0,0,30,0,1,0,0,1,2,1,16
,2024-039246,39.76776987,-105.0041301,9/13/2024 9:17,9:17,6,0,0, NAVAJO ST & W 37TH AVE,1,1,0,0,1,4,0,0,25,0,0,0,0,0,4,2,13
,2024-039247,39.75071881,-104.9597668,9/13/2024 7:22,7:22,10,0,1,E 23RD AVE & N YORK ST,1,1,0,0,1,1,0,0,20,0,0,0,0,1,4,2,16
,2024-039248,39.71656256,-104.9862472,9/13/2024 10:56,10:56,10,0,0, LINCOLN ST & E ELLSWORTH AVE,1,1,0,0,1,1,0,0,30,0,0,0,0,0,4,2,8
,2024-039249,39.73833017,-104.9205604,9/13/2024 9:01,9:01,3,0,1, IVY ST & E 14TH AVE,1,1,0,0,1,1,0,0,20,0,0,0,0,1,4,2,16
,2024-039250,39.72260921,-104.9826007,9/11/2024 9:26,9:26,10,0,0,E SPEER BLVD & N LOGAN ST,1,1,0,0,1,1,0,0,35,0,0,0,0,0,4,2,8
,2024-039251,39.71937061,-104.9874984,9/12/2024 21:30,21:30,5,0,0,W 2ND AVE & N BROADWAY ST,1,3,0,0,6,1,0,0,35,0,0,0,0,0,4,1,16
,2024-039256,39.76920384,-104.7607978,9/13/2024 11:11,11:11,3,0,0, ENSENADA ST & E 38TH AVE,1,1,0,0,1,1,0,0,,0,0,0,0,0,4,2,16
,2024-039263,39.73848057,-105.0358104,9/13/2024 6:46,6:46,3,0,0, MEADE ST & W 14TH AVE,1,1,0,0,1,1,0,0,20,0,0,0,0,0,4,2,16
,2024-039264,39.74000913,-104.9729254,9/11/2024 10:10,10:10,12,0,0,E COLFAX AVE & N DOWNING ST,1,1,0,0,1,4,0,0,30,0,0,0,0,0,2,2,16
,2024-039265,39.69669449,-104.9991497,9/13/2024 15:50,15:50,3,0,0,W MISSISSIPPI AVE & S JASON ST,1,1,0,0,1,1,0,0,40,0,0,0,0,0,4,2,16
,2024-039271,39.75095278,-105.0021221,9/13/2024 14:37,14:37,1,0,0,WYNKOOP ST & 15TH ST,1,1,0,0,1,4,0,0,25,0,0,0,0,0,4,2,11
,2024-039274,39.66773396,-105.0814214,9/12/2024 12:22,12:22,3,0,0,W YALE AVE & S WADSWORTH BLVD,1,1,0,0,1,1,0,0,35,0,0,0,0,0,2,2,11
,2024-039275,39.70288856,-104.9127601,9/13/2024 8:58,8:58,15,0,0,LEETSDALE DR & S MONACO ST PKWY,1,1,0,0,1,3,0,0,35,0,0,0,0,0,2,2,16
,2024-039278,39.73885167,-105.0138414,9/13/2024 2:05,2:05,6,0,0,I-25 & W COLFAX AVE,1,3,1,0,3,4,0,0,55,0,0,0,0,0,1,2,11
,2024-039283,39.70930943,-104.9827867,9/13/2024 17:35,17:35,11,0,1,E DAKOTA AVE & S LOGAN ST,1,1,0,0,1,1,0,0,30,0,1,0,0,2,4,1,11
,2024-039292,39.79832487,-104.8844456,9/13/2024 20:01,20:01,1,0,0, CENTRAL PARK BLVD & E 56TH AVE,1,3,0,0,1,1,0,0,35,0,0,0,0,0,4,2,1
,2024-039296,39.6805222,-105.0249627,9/10/2024 13:01,13:01,12,0,0, FEDERAL BLVD & W ASBURY AVE,1,1,0,0,1,1,0,0,40,0,0,0,0,0,2,3,13
,2024-039297,39.63391283,-104.9066796,9/14/2024 16:49,16:49,12,0,0,I-25 & I-225 SB OVERPASS,1,1,0,0,1,4,0,0,55,0,0,0,0,0,2,2,13
,2024-039298,39.73833354,-104.9183595,9/14/2024 16:15,16:15,3,0,0, JASMINE ST & E 14TH AVE,1,1,0,0,1,1,0,0,25,0,0,0,0,0,4,2,13
,2024-039299,39.7202558,-105.0250545,9/14/2024 2:11,2:11,12,0,3, FEDERAL BLVD & W 2ND AVE,1,3,0,0,1,1,0,0,,0,0,0,0,2,2,2,16
,2024-039302,39.83185608,-104.6929572,9/13/2024 11:46,11:46,1,0,0, JACKSON GAP ST & E 75TH AVE,1,1,0,7,1,1,0,0,35,0,0,0,0,0,4,2,11
,2024-039303,39.67584403,-105.0582704,9/14/2024 7:03,7:03,15,0,0, EATON ST & W WARREN AVE,1,1,0,0,1,4,0,0,25,0,0,0,0,0,4,2,1
,2024-039313,39.78364681,-104.7919559,9/11/2024 9:54,9:54,3,0,0,E GREEN VALLEY RANCH BLVD & PENA BLVD OB RAMPS,1,1,0,7,1,1,0,0,35,0,0,0,0,0,4,2,16
,2024-039318,39.77294197,-104.9390017,9/14/2024 2:42,2:42,16,0,0,4057 E 40TH AVE,1,3,0,0,5,7,0,0,,0,0,0,0,0,3,2,16
,2024-039319,39.67845765,-104.9082014,9/14/2024 14:41,14:41,1,0,0,E EVANS AVE & S ONEIDA ST,1,1,0,0,1,1,0,0,35,0,0,0,0,0,4,2,11
,2024-039321,39.70625786,-104.9967066,9/6/2024 23:45,23:45,11,0,1,I-25 SB ON RAMP & S SANTA FE DR,1,3,0,0,1,8,0,0,30,0,1,0,0,3,1,1,16
,2024-039323,39.71888472,-104.9985771,9/14/2024 4:49,4:49,5,0,1,100  SANTA FE DR,1,3,0,0,2,4,0,0,35,0,0,0,0,3,4,1,2
,2024-039324,39.77556756,-104.7502881,9/14/2024 2:45,2:45,6,0,0,20394 E MITCHELL PL & N IRELAND ST,1,3,0,0,1,4,0,0,25,0,0,0,0,0,4,2,16
,2024-039325,39.71119419,-104.9966566,9/14/2024 13:10,13:10,12,0,0, SANTA FE DR SLIP & W ALAMEDA AVE,1,1,0,0,1,3,0,0,30,0,0,0,0,0,4,2,13
,2024-039328,39.75482754,-105.0236148,9/10/2024 11:42,11:42,5,0,0,W 26TH AVE & N ELIOT ST,1,1,0,0,2,1,0,0,25,0,0,0,0,0,4,1,16
,2024-039330,39.75355257,-105.002324,9/11/2024 9:47,9:47,6,0,0,WEWATTA ST & 16TH ST,1,1,0,0,1,4,0,0,20,0,0,0,0,0,4,2,16
,2024-039331,39.76049741,-104.9002142,7/13/2024 23:57,23:57,3,0,3, ROSLYN ST & E MLK JR BLVD,1,3,0,0,1,1,0,0,35,0,0,0,0,2,4,2,3
,2024-039338,39.72314021,-104.9823817,9/14/2024 0:58,0:58,3,0,3, LOGAN ST & E SPEER BLVD,1,3,0,0,1,1,0,0,35,0,0,0,0,1,4,2,13
,2024-039342,39.71696076,-104.8957836,9/12/2024 9:27,9:27,10,0,0,E LOWRY BLVD & E FAIRMOUNT DR,1,1,0,0,1,6,0,0,30,0,0,0,0,0,4,2,11
,2024-039344,39.69706263,-104.9917778,9/14/2024 16:00,16:00,12,0,0, SANTA FE DR & W MISSISSIPPI AVE,1,1,0,0,1,4,0,0,40,0,0,0,0,0,2,3,7
,2024-039395,39.65341786,-104.9186774,1/24/2024 6:51,6:51,15,0,0,I-25 & E HAMPDEN AVE,1,1,3,0,1,4,0,0,60,0,0,0,0,0,1,2,16
,2024-039398,39.70374922,-105.0433802,9/4/2024 6:13,6:13,6,0,0,MORRISON RD & S STUART ST,1,1,0,0,1,4,0,0,35,0,0,0,0,0,4,3,16
,2024-039410,39.75967282,-105.0017786,8/28/2024 22:40,22:40,1,0,0,LITTLE RAVEN ST & 20TH ST,1,3,0,0,1,1,0,0,20,0,0,0,0,0,4,2,16
,2024-039411,39.65315039,-105.0527119,8/23/2024 16:14,16:14,12,0,3,W HAMPDEN AVE EB OFF RAMP & S SHERIDAN BLVD,1,1,1,0,1,8,0,0,25,0,0,0,0,1,2,2,13
,2024-039412,39.77177077,-104.9034923,9/14/2024 22:19,22:19,3,0,0, QUEBEC ST & E SMITH RD,1,3,0,0,1,1,0,0,30,0,0,0,0,0,4,2,11
,2024-039413,39.77939598,-104.7683709,9/14/2024 21:50,21:50,3,0,0,E 46TH PL & N ARGONNE ST,1,3,0,0,1,1,0,0,25,0,0,0,0,0,4,2,16
,2024-039414,39.67813255,-104.9593931,8/14/2024 11:10,11:10,12,0,0, UNIVERSITY BLVD & E EVANS AVE,1,1,0,0,1,4,0,0,30,0,0,0,0,0,4,2,16
,2024-039415,39.78949936,-104.7744639,9/12/2024 18:43,18:43,3,0,1, YAMPA ST & E 51ST AVE,1,3,0,0,1,1,0,0,20,0,0,0,0,1,4,2,10
,2024-039416,39.7584682,-105.0081214,9/15/2024 0:14,0:14,15,0,0,I-25 & W 17TH AVE,1,3,1,0,1,4,0,0,55,0,0,0,0,0,1,2,14
,2024-039417,39.6530794,-104.9182339,9/14/2024 12:31,12:31,12,0,1,I-25 & E HAMPDEN AVE,1,1,0,0,1,4,0,0,65,0,0,0,1,3,1,2,11
,2024-039419,39.79834005,-104.8503659,8/27/2024 16:45,16:45,12,0,0,E 56TH AVE & N OSWEGO ST,1,1,0,0,1,4,0,0,,0,0,0,0,0,4,2,16
,2024-039420,39.71124638,-104.9034239,8/9/2024 6:30,6:30,10,0,0,7357 E ALAMEDA AVE & S QUEBEC ST,1,1,0,0,1,3,0,0,40,0,0,0,0,0,4,2,10
,2024-039422,39.72412577,-104.9960353,8/13/2024 6:32,6:32,6,0,0,W 5TH AVE & N GALAPAGO ST,1,1,0,0,1,3,0,0,20,0,0,0,0,0,4,3,16
,2024-039423,39.69019077,-104.9737049,9/14/2024 12:44,12:44,15,0,1,I-25 & S DOWNING ST,1,1,0,0,1,4,0,0,65,0,0,0,1,3,1,3,7
,2024-039424,39.79827893,-104.7702767,9/13/2024 7:18,7:18,12,0,0, 56TH AVE & TOWER RD,1,1,0,0,1,4,0,0,35,0,0,0,0,0,4,3,13
,2024-039425,39.74008416,-104.9787427,8/24/2024 20:33,20:33,12,0,0, WASHINGTON ST & E COLFAX AVE,1,3,0,0,1,2,0,0,25,0,0,0,0,0,4,2,1
,2024-039426,39.70935221,-105.0063558,8/24/2024 0:19,0:19,6,0,0,1423 W DAKOTA AVE & S PECOS ST,1,3,0,0,1,4,0,0,,0,0,0,0,0,4,2,16
,2024-039427,39.71121369,-104.9130492,9/15/2024 8:14,8:14,12,0,0,E ALAMEDA AVE & S MONACO ST PKWY,1,1,0,7,1,3,0,0,35,0,0,0,0,0,4,2,16
,2024-039429,39.78381207,-104.905702,9/15/2024 10:14,10:14,16,0,0,E 48TH AVE & N PONTIAC ST,1,1,0,0,5,7,0,0,,0,0,0,0,0,3,2,13
,2024-039430,39.74021027,-105.0053833,9/15/2024 1:46,1:46,5,0,0,W COLFAX AVE & N OSAGE ST,1,3,0,0,3,3,0,0,30,0,0,0,0,0,2,1,1
,2024-039433,39.74500833,-105.0094617,9/15/2024 19:27,19:27,1,0,0,AURARIA PKWY & 7TH ST,1,3,0,0,1,1,0,0,30,0,0,0,0,0,4,2,13
,2024-039434,39.73041387,-104.9717896,9/13/2024 12:30,12:30,6,0,0, MARION ST & E 9TH AVE,1,1,0,0,1,4,0,0,,0,0,0,0,0,4,2,16
,2024-039435,39.75763825,-105.0096225,9/6/2024 7:25,7:25,15,0,0,I-25 & SB OFF RAMP EXT TO N SPEER BLVD,1,1,0,0,1,4,0,0,55,0,0,0,0,0,1,2,1
,2024-039436,39.72498072,-105.0416208,9/15/2024 12:59,12:59,12,0,2,W 6TH AVE & N PERRY ST,1,1,0,0,1,4,0,0,55,0,0,0,0,1,2,3,16
,2024-039437,39.78744746,-105.0345708,8/30/2024 16:45,16:45,12,0,0, LOWELL BLVD & W 50TH AVE,1,1,0,0,1,3,0,0,,0,0,0,0,0,4,2,16
,2024-039440,39.70020487,-104.9733896,9/14/2024 11:44,11:44,1,0,0, DOWNING ST & E KENTUCKY AVE,1,1,0,0,1,1,0,0,30,0,0,0,0,0,4,2,16
,2024-039441,39.75430448,-105.0013575,9/13/2024 11:15,11:15,6,0,0,WEWATTA ST & 17TH ST,1,1,0,0,1,4,0,0,35,0,0,0,0,0,4,2,1
,2024-039443,39.76214033,-105.0355906,8/27/2024 18:42,18:42,6,0,0,W 32ND AVE & N MEADE ST,1,1,0,0,1,4,0,0,25,0,0,0,0,0,4,2,16
,2024-039444,39.77436307,-104.8516013,8/22/2024 8:00,8:00,12,0,0,I-70 & EB OFF RAMP EXT TO N PEORIA ST,1,1,0,0,1,8,0,0,55,0,0,0,0,0,1,2,16
,2024-039448,39.77653961,-105.0064342,9/14/2024 11:22,11:22,1,0,0,W 44TH AVE & N PECOS ST,1,1,0,0,1,1,0,0,30,0,0,0,0,0,4,2,16
,2024-039449,39.74021261,-104.9127933,9/15/2024 7:27,7:27,3,0,0,E COLFAX AVE & N MONACO ST PKWY,1,1,0,0,1,1,0,0,30,0,0,0,0,0,2,2,13
,2024-039452,39.71114655,-105.0203576,9/15/2024 9:41,9:41,3,0,1,W ALAMEDA AVE & S CLAY ST,1,1,0,0,1,1,0,0,35,0,0,0,0,2,2,2,3
,2024-039453,39.768577,-104.795184,9/15/2024 10:50,10:50,12,0,0,PENA BLVD & 40TH AVE,1,1,0,0,1,4,0,0,65,0,0,0,0,0,4,2,3
,2024-039454,39.78049549,-104.9545599,9/14/2024 23:38,23:38,5,0,1,I-70 & N BRIGHTON BLVD,1,3,0,0,3,4,0,0,55,0,0,0,0,2,1,1,16
,2024-039455,39.77877901,-104.8324074,9/15/2024 0:19,0:19,6,0,0,E 46TH AVE & N CARSON ST,1,3,0,0,1,1,0,0,35,0,0,0,0,0,4,2,16
,2024-039456,39.82475255,-104.6903851,9/15/2024 13:30,13:30,3,0,0, JACKSON GAP & E 71ST AVE,1,1,1,0,1,1,0,0,35,0,0,0,0,0,4,2,8
,2024-039458,39.72916004,-104.8962975,8/16/2024 5:45,5:45,6,0,0,E 8TH AVE & TRENTON ST,1,1,0,0,3,4,0,0,35,0,0,0,0,0,4,2,16
,2024-039459,39.71301265,-105.020335,9/14/2024 17:05,17:05,3,0,0,W CEDAR AVE & S CLAY ST,1,1,0,0,1,1,0,0,25,0,0,0,0,0,4,2,13
,2024-039461,39.79835718,-104.7811101,9/14/2024 18:02,18:02,12,0,1,E 56TH AVE & N TELLURIDE ST,1,1,0,0,1,1,0,0,35,0,0,0,0,2,4,4,16
,2024-039462,39.73845977,-104.9976462,9/12/2024 14:41,14:41,11,0,1, SPEER BLVD & W 14TH AVE,1,1,0,0,1,1,0,0,0,0,0,1,0,1,4,1,16
,2024-039466,39.68936271,-104.9161154,9/15/2024 12:45,12:45,3,0,1, KRAMERIA ST & E FLORIDA AVE,1,1,0,0,1,1,0,0,,0,0,0,0,1,4,2,13
,2024-039469,39.78927957,-104.8470876,9/15/2024 2:20,2:20,3,0,3, PEORIA ST & E 51ST AVE,1,3,0,0,1,1,0,0,35,0,0,0,0,3,4,2,1
,2024-039470,39.70766157,-105.0271724,9/15/2024 3:08,3:08,6,0,0,3087 W VIRGINIA AVE & S HAZEL CT,1,3,0,0,1,4,0,0,,0,0,0,0,0,4,2,16
,2024-039471,39.75673158,-105.0508974,8/22/2024 18:25,18:25,6,0,1,2755  YATES ST & W 28TH AVE,1,1,0,0,1,4,0,0,25,0,0,0,0,3,4,2,14
,2024-039475,39.68951554,-105.0157082,9/3/2024 21:30,21:30,3,0,1,W FLORIDA AVE & S ZUNI ST,1,3,0,0,1,1,0,0,35,0,0,0,0,3,4,2,14
,2024-039476,39.7983873,-104.7861451,8/10/2024 18:32,18:32,12,0,0,E 56TH AVE & PENA BLVD IB RAMPS,1,1,0,0,1,4,0,0,,0,0,0,0,0,4,4,16
,2024-039477,39.77412225,-104.8827889,9/13/2024 14:34,14:34,1,0,0, CENTRAL PARK BLVD & E 40TH AVE,1,1,0,0,1,1,0,0,35,0,0,0,0,0,4,2,3
,2024-039478,39.78365113,-105.0137565,9/14/2024 23:44,23:44,15,0,0,I-70 & N PECOS ST,1,3,0,0,1,4,0,0,55,0,0,0,0,0,1,5,16
,2024-039479,39.79302649,-104.7993674,9/15/2024 0:39,0:39,6,0,1,16165 E 54TH AVE & N LAREDO CT,1,4,0,0,1,4,0,0,25,0,0,0,0,2,4,2,3
,2024-039480,39.77292483,-104.865815,9/15/2024 11:22,11:22,1,0,1, HAVANA ST & E 40TH AVE,1,1,0,0,1,1,0,0,35,0,0,0,0,2,4,2,8
,2024-039482,39.76209631,-105.0532422,9/14/2024 22:50,22:50,3,0,0, SHERIDAN BLVD & W 32ND AVE,1,3,0,0,1,1,0,0,30,0,0,0,0,0,2,3,13
,2024-039490,39.7401448,-104.9461683,9/15/2024 12:31,12:31,15,0,0,E COLFAX AVE & N MADISON ST,1,1,0,0,1,1,0,0,35,0,0,0,0,0,2,2,13
,2024-039494,39.69658723,-104.9640481,8/18/2024 6:54,6:54,3,0,0, RACE ST & E MISSISSIPPI AVE,1,1,0,0,1,1,0,0,25,0,0,0,0,0,4,2,1
,2024-039496,39.78203666,-104.9018233,9/7/2024 19:00,19:00,12,0,0, NORTHFIELD QUEBEC ST & N SAND CREEK RD,1,1,2,0,1,1,0,0,,0,0,0,0,0,2,2,16
,2024-039497,39.69692765,-104.9918028,9/13/2024 14:57,14:57,12,0,1, SANTA FE DR & W MISSISSIPPI AVE,1,1,0,0,1,4,0,0,40,0,0,0,0,1,2,2,13
,2024-039512,39.74061412,-105.0168839,9/12/2024 0:29,0:29,11,0,1,W COLFAX AVE WB ON RAMP FROM AURARIA PKWY & MILE HIGH STADIUM CIR,1,3,0,0,1,12,0,0,40,0,0,1,0,2,2,1,11
,2024-039518,39.7253336,-104.9139422,9/11/2024 10:17,10:17,2,0,1,E 6TH AVE & N LOCUST ST,1,1,0,0,1,1,0,0,0,1,0,0,0,3,4,1,16
,2024-039521,39.73302334,-105.0161218,9/12/2024 14:01,14:01,12,0,0,I-25 & W 8TH AVE,1,1,1,0,1,4,0,0,55,0,0,0,0,0,2,2,8
,2024-039525,39.67837789,-104.9343899,9/13/2024 8:13,8:13,11,0,1,E EVANS AVE & I-25 SB RAMPS,1,1,0,0,1,1,0,0,0,0,0,1,0,3,4,1,16
,2024-039579,39.75131898,-104.9407637,9/4/2024 21:32,21:32,12,0,0, COLORADO BLVD & E 23RD AVE,11,3,0,1,1,3,0,0,35,0,0,0,0,0,2,2,16
,2024-039583,39.7290923,-104.987235,8/26/2024 12:10,12:10,12,0,0,E 8TH AVE & N BROADWAY,1,1,0,0,1,3,0,0,30,0,0,0,0,0,4,2,1
,2024-039592,39.78406293,-104.9893563,8/31/2024 19:10,19:10,15,0,0,I-25 & W 48TH AVE,1,1,0,0,1,13,0,0,55,0,0,0,0,0,1,2,16
,2024-039593,39.68757564,-104.9875128,8/15/2024 16:35,16:35,14,0,1,E IOWA AVE & S BROADWAY ST,1,1,0,0,1,1,0,0,30,0,0,0,0,1,4,2,16
,2024-039594,39.6767163,-104.9851801,9/14/2024 5:43,5:43,5,0,0,E WARREN AVE & S SHERMAN ST,1,4,0,0,3,1,0,0,20,0,0,0,0,0,4,2,1
,2024-039595,39.75804029,-104.9894922,9/15/2024 12:35,12:35,10,0,0,BLAKE ST & 24TH ST,1,1,0,0,1,1,0,0,20,0,0,0,0,0,4,2,11
,2024-039596,39.71108422,-105.0249415,9/16/2024 14:06,14:06,12,0,0, FEDERAL BLVD & W ALAMEDA AVE,1,1,1,0,1,3,0,0,40,0,0,0,0,0,2,2,1
,2024-039597,39.76515055,-104.8904761,8/14/2024 19:03,19:03,1,0,1,E 35TH AVE & N CENTRAL PARK BLVD,1,1,0,0,1,1,0,0,35,0,0,0,0,1,4,2,16
,2024-039600,39.83300419,-104.6929455,9/16/2024 3:05,3:05,15,0,0,PENA BLVD IN OFF RAMP & JACKSON GAP ST,1,3,0,0,1,1,0,0,35,0,0,0,0,0,4,2,8
,2024-039601,39.7255782,-104.9729148,8/29/2024 22:53,22:53,12,0,0, DOWNING ST & E 6TH AVE,1,3,0,0,1,3,0,0,25,0,0,0,0,0,4,2,16
,2024-039602,39.75549153,-104.9910464,9/8/2024 3:28,3:28,3,0,0,MARKET ST & 22ND ST,1,3,0,0,1,1,0,0,,0,0,0,0,0,4,2,16
,2024-039603,39.75028791,-105.0012416,9/15/2024 15:05,15:05,6,0,0,15TH ST & WAZEE ST,1,1,0,0,1,3,0,0,25,0,0,0,0,0,4,2,13
,2024-039604,39.69413481,-104.9792538,8/20/2024 8:15,8:15,12,0,1,I-25 & S WASHINGTON ST,1,1,0,0,1,4,0,0,60,0,0,0,0,1,1,2,16
,2024-039605,39.71623994,-104.9473808,7/28/2024 17:00,17:00,12,0,0,E ELLSWORTH AVE & N COOK ST,1,1,0,0,1,1,0,0,,0,0,0,0,0,4,2,16
,2024-039606,39.71156843,-104.9409973,9/12/2024 8:30,8:30,3,0,0,E ALAMEDA AVE & S COLORADO BLVD,1,1,0,0,1,1,0,0,30,0,0,0,0,0,4,2,3
,2024-039611,39.75812359,-104.992026,9/14/2024 15:59,15:59,15,0,0,PARK AVE W & WAZEE ST,1,1,0,0,1,4,0,0,30,0,0,0,0,0,4,2,11
,2024-039612,39.77366638,-104.8396494,9/16/2024 6:11,6:11,12,0,0,I-70 WB ON RAMP FROM -225 & N PEORIA ST,1,1,0,0,1,8,0,0,55,0,0,0,0,0,1,3,3
,2024-039614,39.78667345,-104.7562196,7/28/2024 6:57,6:57,6,0,0, HALIFAX CT & E ELGIN DR,1,1,0,0,1,4,0,0,25,0,0,0,0,0,4,2,1
,2024-039616,39.71094772,-104.9987435,9/13/2024 18:52,18:52,15,0,0,I-25 & W ALAMEDA AVE,1,2,0,0,1,4,0,0,,0,0,0,1,0,1,2,16
,2024-039617,39.78362126,-104.7744741,9/14/2024 23:37,23:37,11,0,1, YAMPA ST & E GREEN VALLEY RANCH BLVD,1,3,0,0,1,3,0,0,,0,1,0,0,2,4,1,16
,2024-039618,39.78347282,-105.0394713,9/16/2024 7:29,7:29,15,0,0,I-70 & N LOWELL BLVD,1,1,0,0,1,4,0,0,55,0,0,0,0,0,1,2,16
,2024-039619,39.65370134,-104.9185284,9/16/2024 16:30,16:30,12,0,0,I-25 & E HAMPDEN AVE,1,1,0,0,1,4,0,0,65,0,0,0,0,0,2,2,13
,2024-039620,39.73210466,-105.0039293,9/16/2024 7:45,7:45,5,0,0,W 10TH AVE & N NAVAJO ST,1,1,0,0,3,4,0,0,20,0,0,0,0,0,4,1,16
,2024-039621,39.70765736,-105.0250819,9/14/2024 12:18,12:18,12,0,0, FEDERAL BLVD & W VIRGINIA AVE,1,1,0,0,1,1,0,0,,0,0,0,0,0,2,3,16
,2024-039622,39.78573028,-104.883067,9/16/2024 15:26,15:26,3,0,0, CENTRAL PARK BLVD & E NORTHFIELD BLVD,1,1,0,0,1,1,0,0,35,0,0,0,0,0,4,2,10
,2024-039623,39.73801113,-105.0251007,9/16/2024 6:04,6:04,1,0,0, FEDERAL BLVD & W HOWARD PL,1,3,1,0,1,1,0,0,35,0,0,0,0,0,2,2,11
,2024-039624,39.74038079,-105.0172122,9/16/2024 9:07,9:07,12,0,0,W COLFAX AVE & I-25 SB RAMP ENT,1,1,0,0,1,4,0,0,40,0,0,0,0,0,2,2,13
,2024-039625,39.77346384,-104.8098823,9/16/2024 9:40,9:40,12,0,0, CHAMBERS RD & E 40TH AVE,1,1,0,0,1,4,0,0,40,0,0,0,0,0,4,3,11
,2024-039626,39.74395152,-105.0252089,9/14/2024 9:54,9:54,15,0,0, FEDERAL BLVD & W DICK CONNER AVE,1,1,0,0,1,1,0,0,35,0,0,0,0,0,2,2,13
,2024-039628,39.70029418,-104.9082742,7/28/2024 4:03,4:03,12,0,1,LEETSDALE DR & S ONEIDA ST,11,3,0,1,1,3,0,0,35,0,0,0,0,1,2,2,7
,2024-039632,39.7764097,-104.9571567,9/11/2024 16:30,16:30,6,0,0,4242  COLUMBINE ST & E 43RD AVE,1,1,0,0,1,4,0,0,25,0,0,0,0,0,4,2,11
,2024-039634,39.65328868,-104.8877213,9/16/2024 12:42,12:42,12,0,0, WILLOW ST & E HAMPDEN AVE,1,1,0,0,1,4,0,0,20,0,0,0,0,0,4,2,16
,2024-039636,39.73801113,-105.0251007,9/16/2024 10:06,10:06,12,0,0, FEDERAL BLVD & W HOWARD PL,1,1,0,0,1,3,0,0,35,0,0,0,0,0,2,2,1
,2024-039637,39.74378667,-104.9034554,9/16/2024 15:46,15:46,12,0,0, QUEBEC ST & E 17TH AVE,1,1,0,0,1,3,0,0,30,0,0,0,0,0,4,3,10
,2024-039638,39.70880135,-104.9972355,9/16/2024 9:43,9:43,15,0,0, SANTA FE DR NB ON RAMP & I-25,1,1,1,0,1,8,0,0,45,0,0,0,0,0,4,2,1
,2024-039639,39.65303536,-104.9090961,9/16/2024 7:11,7:11,1,0,1,E HAMPDEN AVE & S ONEIDA WY,1,1,0,0,1,1,0,0,40,0,0,0,0,1,2,2,11
,2024-039640,39.76736515,-105.0052805,9/14/2024 9:37,9:37,6,0,0, OSAGE ST & W 36TH AVE,1,1,0,0,1,4,0,0,20,0,0,0,0,0,4,2,16
,2024-039641,39.74377598,-104.9432258,9/2/2024 12:15,12:15,6,0,0,E 17TH AVE & N JACKSON ST,1,1,0,0,1,4,0,0,30,0,0,0,0,0,4,2,10