id,drcog_id,latitude,longitude,crashtime,time,crashtype,numbkilled,numbinjurd,drcoglocat,rdconditin,lightngcon,roadcntgrd,weatherco,location,roaddescrp,schoolzone,constrzone,splimit,bikeinv,pedinv,sctrinv,motoinv,svrty,rdsystem,ttlvehcls,hcf
,2024-040041,39.71118459,-105.0089031,9/18/2024 7:39,7:39,15,0,1,W ALAMEDA AVE & S RARITAN ST,1,1,0,0,1,4,0,0,30,0,0,0,1,2,2,2,13
,2024-040042,39.7728404,-104.8334566,9/17/2024 16:31,16:31,15,0,0,I-70 & I-225 SB COLLECTOR RAMP EXT,1,1,0,0,1,4,0,0,55,0,0,0,0,0,1,2,7
,2024-040043,39.73045293,-104.9740924,9/13/2024 17:37,17:37,10,0,0, CORONA ST & E 9TH AVE,1,1,0,0,1,1,0,0,25,0,0,0,0,0,4,2,8
,2024-040044,39.70268898,-105.001533,9/2/2024 10:58,10:58,6,0,0, LIPAN ST & W OHIO AVE,1,1,0,0,1,4,0,0,25,0,0,0,0,0,4,2,13
,2024-040045,39.68524587,-104.9632069,9/18/2024 7:18,7:18,12,0,0,I-25 & S UNIVERSITY BLVD,1,1,1,0,1,4,0,0,55,0,0,0,0,0,1,3,1
,2024-040046,39.67909257,-104.9593917,9/18/2024 9:04,9:04,15,0,0, UNIVERSITY BLVD & E EVANS AVE,1,1,0,0,1,4,0,0,30,0,0,0,0,0,4,2,16
,2024-040047,39.7940051,-104.7872962,8/26/2024 20:40,20:40,6,0,1,PENA BLVD IB & E 56TH AVE,1,4,0,0,1,8,0,0,65,0,0,0,0,1,4,3,1
,2024-040048,39.6822722,-105.0250198,8/18/2024 0:25,0:25,12,0,2, FEDERAL BLVD & W JEWELL AVE,1,3,0,0,1,3,0,0,,0,0,0,0,2,2,2,16
,2024-040051,39.79106554,-105.0532484,8/6/2024 14:20,14:20,12,0,0,SHERIDAN BLVD & W 52ND AVE,1,1,1,0,1,3,0,0,45,0,0,0,0,0,2,2,16
,2024-040053,39.7324016,-104.9848544,8/31/2024 14:44,14:44,6,0,0, SHERMAN ST & E 10TH AVE,1,1,0,0,1,4,0,0,30,0,0,0,0,0,4,2,16
,2024-040054,39.76449081,-104.9597604,8/28/2024 12:37,12:37,12,0,1, YORK ST & E BRUCE RANDOLPH AVE,1,1,0,0,1,1,0,0,30,0,0,0,0,1,4,2,16
,2024-040055,39.76457174,-105.017416,9/18/2024 8:35,8:35,6,0,0, ALCOTT ST & W 34TH AVE,1,1,0,0,1,4,0,0,20,0,0,0,0,0,4,2,13
,2024-040056,39.67842045,-104.9450999,9/17/2024 16:37,16:37,1,0,1,E EVANS AVE & S MONROE ST,1,1,0,0,1,1,0,0,30,0,0,0,0,3,4,2,11
,2024-040057,39.7038623,-104.9152703,9/12/2024 20:45,20:45,12,0,0,E EXPOSITION AVE & S LEYDEN ST,1,4,0,0,1,1,0,0,,0,0,0,0,0,4,2,16
,2024-040058,39.74618341,-104.9810808,9/18/2024 16:25,16:25,2,0,1,E 19TH AVE & N PENNSYLVANIA ST,1,1,0,0,1,1,0,0,,1,0,0,0,2,4,1,11
,2024-040061,39.71115841,-104.9482065,9/17/2024 11:00,11:00,12,0,0,E ALAMEDA AVE & E CHERRY CREEK S DR,1,1,0,0,1,1,0,0,25,0,0,0,0,0,4,2,3
,2024-040064,39.76649533,-104.9733525,8/3/2024 2:10,2:10,5,0,3, DOWNING ST & LAWRENCE ST,1,3,0,0,3,4,0,0,35,0,0,0,0,3,4,2,16
,2024-040065,39.75036877,-104.9941795,7/13/2024 23:00,23:00,15,0,0,LAWRENCE ST & 18TH ST,1,3,0,0,1,3,0,0,,0,0,0,0,0,4,2,16
,2024-040070,39.75270103,-104.9946477,8/25/2024 2:25,2:25,15,0,0,MARKET ST & 19TH ST,1,3,0,0,1,4,0,0,,0,0,0,0,0,4,2,16
,2024-040071,39.71155555,-104.9404185,8/24/2024 11:40,11:40,12,0,0,E ALAMEDA AVE & S COLORADO BLVD,1,1,0,0,1,3,0,0,,0,0,0,0,0,4,2,16
,2024-040077,39.75637122,-105.0113598,9/18/2024 8:34,8:34,12,0,1,I-25 & N SPEER BLVD,1,1,0,0,1,4,0,0,55,0,0,0,0,1,1,2,1
,2024-040079,39.76326455,-105.0027845,9/17/2024 21:03,21:03,12,0,0,I-25 & PARK AVE W,1,3,0,0,1,4,0,0,55,0,0,0,0,0,1,2,11
,2024-040080,39.79111555,-105.0251013,9/18/2024 9:12,9:12,1,0,0, FEDERAL BLVD & W 52ND AVE,1,1,0,0,1,1,0,0,35,0,0,0,0,0,2,2,13
,2024-040084,39.77354414,-104.978161,9/18/2024 18:40,18:40,6,0,0,3636 CHESTNUT PL & E 36TH ST,1,1,0,0,1,4,0,0,25,0,0,0,0,0,4,2,13
,2024-040086,39.71119832,-104.9064737,9/16/2024 17:18,17:18,1,0,0,E ALAMEDA AVE & S OLIVE WY,1,1,0,0,1,1,0,0,30,0,0,0,0,0,4,3,3
,2024-040087,39.65154951,-105.0531658,9/17/2024 14:37,14:37,12,0,1, SHERIDAN BLVD & W HAMPDEN AVE FRTG RD,1,1,0,0,1,3,0,0,40,0,0,0,0,1,4,3,1
,2024-040093,39.77871198,-104.8246307,9/17/2024 8:00,8:00,11,0,1,E ANDREWS DR & E 46TH AVE,1,1,0,0,1,1,0,0,20,0,1,0,0,3,4,1,16
,2024-040096,39.71940476,-104.9304759,9/13/2024 8:34,8:34,11,0,0, EUDORA ST & E 2ND AVE,1,1,0,0,1,1,0,0,,0,1,0,0,0,4,1,16
,2024-040111,39.78054024,-104.9496425,9/17/2024 17:54,17:54,15,0,0,I-70 & N VASQUEZ BLVD,1,1,0,0,1,4,0,0,65,0,0,0,0,0,1,2,16
,2024-040145,39.79636755,-104.7866767,9/19/2024 15:26,15:26,12,0,0,PENA BLVD OB & E 56TH AVE,1,1,0,0,1,4,0,0,65,0,0,0,0,0,4,3,11
,2024-040162,39.6348407,-104.8933904,9/18/2024 16:15,16:15,10,0,0,I-225 EB OFF RAMP & S TAMARAC ST,1,1,1,0,1,1,0,0,30,0,0,0,0,0,1,2,16
,2024-040163,39.71818811,-104.9593202,8/21/2024 16:45,16:45,12,0,0,E 1ST AVE & N UNIVERSITY BLVD,1,1,0,0,1,1,0,0,,0,0,0,0,0,4,2,16
,2024-040176,39.72257838,-104.9582551,9/18/2024 11:27,11:27,6,0,0, JOSEPHINE ST & E 4TH AVE,1,1,0,0,1,4,0,1,,0,0,0,0,0,4,2,16
,2024-040179,39.65312694,-104.9204482,9/18/2024 14:00,14:00,12,0,0,E HAMPDEN AVE & S IVY WY,1,1,0,0,1,1,0,0,40,0,0,0,0,0,2,2,3
,2024-040180,39.70386285,-104.9129417,9/18/2024 8:55,8:55,15,0,0, MONACO ST PKWY & E EXPOSITION AVE,1,1,1,0,1,3,0,0,30,0,0,0,0,0,4,2,16
,2024-040181,39.72893953,-104.9928585,9/19/2024 7:00,7:00,10,0,0,W 8TH AVE & N DELAWARE ST,1,1,0,0,1,1,0,0,40,0,0,0,0,0,4,2,13
,2024-040182,39.78373405,-104.7937623,9/18/2024 21:20,21:20,15,0,0,E GREEN VALLEY RANCH BLVD & PENA BLVD OB OFF RAMPS,1,3,0,0,1,4,0,0,30,0,0,0,0,0,4,2,13
,2024-040183,39.71116074,-104.9863693,9/17/2024 17:50,17:50,12,0,0, LINCOLN ST & E ALAMEDA AVE,1,1,0,0,1,1,0,0,30,0,0,0,0,0,4,2,3
,2024-040184,39.7644649,-104.9511938,9/19/2024 8:24,8:24,5,0,0,E BRUCE RANDOLPH AVE & N ST PAUL ST,1,1,0,0,3,1,0,0,30,0,0,0,0,0,4,1,10
,2024-040185,39.73843215,-104.9810812,9/18/2024 9:35,9:35,15,0,0,E 14TH AVE & N PENNSYLVANIA ST,1,1,0,0,1,3,0,0,35,0,0,0,0,0,4,2,16
,2024-040186,39.69782569,-104.9593267,9/18/2024 19:59,19:59,15,0,0, UNIVERSITY BLVD & E TENNESSEE AVE,1,2,0,0,1,4,0,0,30,0,0,0,0,0,4,2,16
,2024-040187,39.65301615,-104.9406856,9/19/2024 12:25,12:25,15,0,0, COLORADO BLVD & E HAMPDEN AVE,1,1,0,0,1,1,0,0,35,0,0,0,0,0,2,2,8
,2024-040188,39.78384248,-105.0061682,9/19/2024 12:39,12:39,3,0,0, PECOS ST & W 48TH AVE,1,1,0,0,1,6,0,0,35,0,0,0,0,0,1,2,16
,2024-040189,39.78325133,-105.0008151,9/18/2024 22:38,22:38,5,0,2,I-70 & WB OFF RAMP TO N PECOS ST GORE PT,1,3,0,0,3,8,0,0,55,0,0,0,0,2,1,1,14
,2024-040191,39.76767709,-104.9966569,9/18/2024 21:53,21:53,12,0,0,I-25 & PARK AVE W,1,3,1,0,1,4,0,0,55,0,0,0,0,0,1,2,11
,2024-040192,39.62802349,-104.8999175,9/17/2024 8:47,8:47,12,0,0, SYRACUSE ST & E UNION AVE,1,1,0,0,1,1,0,0,30,0,0,0,0,0,4,2,13
,2024-040194,39.75003412,-105.0048806,9/19/2024 11:29,11:29,15,0,0, SPEER BLVD & CHOPPER CIR,1,1,0,0,1,4,0,0,35,0,0,0,0,0,4,2,13
,2024-040195,39.7983882,-104.7857911,9/19/2024 6:56,6:56,3,0,0,E 56TH AVE & PENA BLVD IB RAMPS,1,1,3,0,1,1,0,0,,0,0,0,0,0,4,2,11
,2024-040196,39.6784731,-104.9222662,9/19/2024 12:43,12:43,3,0,1, HOLLY ST & E EVANS AVE,1,1,0,0,1,1,0,0,30,0,0,0,0,1,4,2,8
,2024-040197,39.65319668,-104.9182894,9/18/2024 13:10,13:10,12,0,0,E HAMPDEN AVE & I-25,1,1,0,0,1,3,0,0,40,0,0,0,0,0,2,2,3
,2024-040198,39.74744295,-104.9036286,9/18/2024 15:59,15:59,6,0,0,E MONTVIEW BLVD & N QUEBEC ST,1,1,3,0,1,4,0,0,30,0,0,0,0,0,4,2,13
,2024-040199,39.77876042,-104.9407408,9/19/2024 14:44,14:44,12,0,0, COLORADO BLVD NB OFF RAMP & E 46TH AVE S,1,1,0,0,1,8,0,0,30,0,0,0,0,0,2,2,13
,2024-040200,39.79839402,-104.7721172,9/19/2024 15:37,15:37,15,0,1,E 56TH AVE & N TOWER RD,1,1,0,0,1,1,0,0,35,0,0,0,1,3,4,2,1
,2024-040201,39.69949638,-104.9853929,9/19/2024 8:31,8:31,12,0,0,I-25 & S LOGAN ST,1,1,1,0,1,4,0,0,55,0,0,0,0,0,1,3,1
,2024-040202,39.75482676,-105.0268247,9/19/2024 15:26,15:26,3,0,1, GROVE ST & W 26TH AVE,1,1,0,0,1,1,0,0,25,0,0,0,0,1,4,2,13
,2024-040203,39.69659177,-104.8913738,9/19/2024 8:18,8:18,12,0,0,E MISSISSIPPI AVE & S VALENTIA ST,1,1,0,0,1,4,0,0,40,0,0,0,0,0,4,2,16
,2024-040205,39.72569375,-105.000564,8/2/2024 16:55,16:55,12,0,0,W 6TH AVE & KALAMATH ST,1,1,0,0,1,4,0,0,,0,0,0,0,0,2,2,16
,2024-040206,39.72907544,-104.9740849,9/19/2024 7:31,7:31,3,0,2, CORONA ST & E 8TH AVE,1,1,0,0,1,1,0,0,25,0,0,0,0,1,4,2,3
,2024-040207,39.78364364,-104.7673493,9/19/2024 16:19,16:19,3,0,1,E GREEN VALLEY RANCH BLVD & N ANDES CT,1,1,0,0,1,2,0,0,35,0,0,0,0,2,4,2,16
,2024-040209,39.71977761,-104.8910217,9/19/2024 9:35,9:35,15,0,0,E LOWRY BLVD & N UINTA WY,1,1,0,0,1,4,0,0,30,0,0,0,0,0,4,2,14
,2024-040211,39.71625225,-104.9499392,9/17/2024 11:45,11:45,10,0,0, STEELE ST & E ELLSWORTH AVE,1,1,0,0,1,1,0,0,30,0,0,0,0,0,4,2,3
,2024-040212,39.72098192,-104.9582512,9/17/2024 16:30,16:30,15,0,0, JOSEPHINE ST & E 3RD AVE,1,1,0,0,1,1,0,0,30,0,0,0,0,0,4,2,3
,2024-040214,39.76741835,-105.0299476,9/18/2024 14:31,14:31,3,0,1,W 37TH AVE & N IRVING ST,1,1,0,0,1,1,0,0,35,0,0,0,0,2,4,2,16
,2024-040215,39.72087453,-105.0079984,9/19/2024 8:50,8:50,15,0,1,I-25 & NB OFF RAMP EXT TO W 6TH AVE,1,1,0,0,1,4,0,0,55,0,0,0,0,1,1,2,16
,2024-040216,39.70042218,-105.0215361,9/20/2024 16:05,16:05,3,0,0, DALE CT & W KENTUCKY AVE,1,1,0,0,1,1,0,0,25,0,0,0,0,0,4,2,11
,2024-040217,39.72931476,-105.0251486,9/20/2024 14:52,14:52,12,0,2, FEDERAL BLVD & W 8TH AVE,1,1,0,0,1,1,0,0,35,0,0,0,0,2,2,2,13
,2024-040219,39.69311439,-105.0233801,9/20/2024 21:52,21:52,6,0,0,W LOUISIANA AVE & S ELIOT ST,1,3,0,0,1,4,0,0,25,0,0,0,0,0,4,2,16
,2024-040220,39.75627833,-105.0090384,9/20/2024 14:07,14:07,15,0,0,15TH ST & PLATTE ST,1,1,0,0,1,4,0,0,30,0,0,0,0,0,4,2,13
,2024-040222,39.67848006,-104.9899583,9/19/2024 17:38,17:38,3,0,1, BANNOCK ST & W EVANS AVE,1,1,0,0,1,1,0,0,25,0,0,0,0,1,4,2,13
,2024-040228,39.72486262,-105.0158327,9/19/2024 15:03,15:03,15,0,0,W 6TH AVE EB OFF RAMP TO -25 & I-25 NB,1,1,0,0,1,8,0,0,25,0,0,0,0,0,2,2,13
,2024-040229,39.68228129,-105.0227017,9/19/2024 18:24,18:24,12,0,0, DECATUR ST & W JEWELL AVE,1,1,0,0,1,4,0,0,25,0,0,0,0,0,4,2,13
,2024-040230,39.76746493,-104.9962713,9/19/2024 17:23,17:23,12,0,1,I-25 & PARK AVE W,1,1,1,0,1,4,0,0,55,0,0,0,0,2,1,2,1
,2024-040231,39.7766106,-105.0520867,9/19/2024 22:00,22:00,6,0,0,4409  ZENOBIA ST & W 44TH AVE,1,3,0,0,1,4,0,0,,0,0,0,0,0,4,2,16
,2024-040232,39.73473539,-104.9861261,9/20/2024 8:11,8:11,15,0,0, LINCOLN ST & E 12TH AVE,1,1,0,0,1,4,0,0,30,0,0,0,0,0,4,2,16
,2024-040233,39.67831382,-104.9593933,9/19/2024 7:56,7:56,12,0,0, UNIVERSITY BLVD & E EVANS AVE,1,1,0,7,1,3,0,0,35,0,0,0,0,0,4,2,13
,2024-040234,39.65305579,-104.8847851,9/20/2024 11:35,11:35,2,0,1, YOSEMITE ST & E HAMPDEN AVE,1,1,0,0,1,1,0,0,0,1,0,0,0,3,2,1,16
,2024-040235,39.77291269,-104.9684766,9/19/2024 18:13,18:13,1,0,1,E 40TH AVE & N FRANKLIN ST,1,1,0,0,1,1,0,0,35,0,0,0,0,2,4,2,13
,2024-040241,39.67904,-104.9338531,9/19/2024 8:29,8:29,15,0,0,I-25 NB ON RAMP & E EVANS AVE,1,1,1,7,1,8,0,0,35,0,0,0,0,0,4,2,11
,2024-040242,39.77555959,-104.8649889,9/20/2024 7:25,7:25,12,0,1,I-70 & N HAVANA ST,1,1,0,0,1,4,0,0,55,0,0,0,0,1,1,2,13
,2024-040243,39.7686341,-104.9942723,9/20/2024 13:40,13:40,12,0,0,I-25 & PARK AVE W,1,1,0,0,1,4,0,0,55,0,0,0,0,0,1,2,16
,2024-040245,39.78235036,-104.909554,9/20/2024 15:27,15:27,6,0,0,E 46TH AVE DR & E 47TH AVE DR,1,1,0,0,1,1,0,0,,0,0,0,0,0,4,2,16
,2024-040246,39.7854197,-104.8985974,9/20/2024 8:00,8:00,15,0,0, QUEBEC ST & E NORTHFIELD BLVD,1,1,1,0,1,8,0,0,35,0,0,0,0,0,2,2,7
,2024-040247,39.68223551,-105.02978,9/18/2024 9:08,9:08,11,0,1, IRVING ST & W JEWELL AVE,1,1,0,0,1,1,0,0,0,0,0,1,0,2,4,1,16
,2024-040250,39.78588071,-104.7697348,9/19/2024 20:25,20:25,15,0,0, ARGONNE WY & N ARGONNE ST,1,3,0,0,1,3,0,0,25,0,0,0,0,0,4,2,11
,2024-040251,39.67475988,-104.8708045,9/20/2024 7:10,7:10,3,0,1,E ILIFF AVE & S PARKER RD,1,1,1,0,1,1,0,0,40,0,0,0,0,1,2,2,16
,2024-040252,39.65307905,-104.8987255,9/19/2024 18:20,18:20,1,0,0, TAMARAC DR & E HAMPDEN AVE,1,1,0,0,1,1,0,0,35,0,0,0,0,0,2,3,13
,2024-040253,39.77392797,-104.8439547,8/29/2024 6:07,6:07,12,0,1,I-70 & N PEORIA ST,1,2,0,0,1,4,0,0,55,0,0,0,0,1,1,3,13
,2024-040259,39.75101796,-104.9034279,9/19/2024 18:22,18:22,1,0,0,E 23RD AVE & N QUEBEC ST,1,1,0,0,1,1,0,0,30,0,0,0,0,0,4,2,13
,2024-040263,39.81462014,-104.7720774,9/21/2024 17:40,17:40,3,0,2,E 65TH AVE & N TOWER RD,11,1,0,1,1,1,0,0,45,0,0,0,0,2,4,2,10
,2024-040264,39.71115155,-105.0215236,9/21/2024 16:08,16:08,15,0,0,W ALAMEDA AVE & S DALE CT,1,1,0,0,1,4,0,0,,0,0,0,0,0,2,2,16
,2024-040269,39.73952064,-105.0052315,9/20/2024 22:07,22:07,3,0,0, OSAGE ST & W COLFAX AVE,1,3,0,0,1,2,0,0,15,0,0,0,0,0,4,2,14
,2024-040270,39.72086858,-104.9787501,9/20/2024 20:58,20:58,3,0,0, WASHINGTON ST & E SPEER BLVD,1,3,0,0,1,1,0,0,35,0,0,0,0,0,4,2,16
,2024-040272,39.78406274,-104.9895793,9/21/2024 15:58,15:58,12,0,1,I-25 & I-70,1,1,0,0,1,4,0,0,55,0,0,0,0,2,1,3,16
,2024-040279,39.71114078,-104.9827314,9/21/2024 16:22,16:22,5,0,0,E ALAMEDA AVE & S LOGAN ST,1,1,0,0,3,3,0,0,30,0,0,0,0,0,4,1,16
,2024-040280,39.72560124,-104.9407859,9/21/2024 4:14,4:14,3,0,1, COLORADO BLVD & E 6TH AVE,1,3,0,0,1,1,0,0,35,0,0,0,0,1,2,2,16
,2024-040281,39.63034665,-105.0865691,9/20/2024 20:40,20:40,15,0,0, WADSWORTH BLVD & W LAYTON AVE,1,3,0,0,1,2,0,0,45,0,0,0,1,0,2,2,1
,2024-040283,39.70204557,-104.9881399,9/21/2024 12:21,12:21,15,0,1,I-25 & S BROADWAY ST,1,1,2,0,1,4,0,0,55,0,0,0,1,2,1,3,1
,2024-040287,39.74011657,-104.9861316,9/17/2024 11:55,11:55,11,0,0,E COLFAX AVE & N LINCOLN ST,1,1,0,0,1,9,0,0,30,0,0,1,0,0,2,1,16
,2024-040289,39.69117086,-104.9827975,9/21/2024 16:37,16:37,3,0,0,E ARKANSAS AVE & S LOGAN ST,1,1,0,0,1,1,0,0,25,0,0,0,0,0,4,2,13
,2024-040290,39.74000692,-104.9928975,9/20/2024 7:18,7:18,11,0,0,W COLFAX AVE & N DELAWARE ST,1,1,0,0,1,1,0,0,30,0,0,1,0,0,2,1,13
,2024-040291,39.7504096,-104.9941276,8/8/2024 16:07,16:07,11,0,1,LAWRENCE ST & 18TH ST,1,1,0,0,1,1,0,0,30,0,1,0,0,3,4,1,16
,2024-040292,39.65316726,-104.9129119,9/20/2024 18:20,18:20,3,0,2,E HAMPDEN AVE & S MONACO ST PKWY,1,1,0,0,1,1,0,0,40,0,0,0,0,2,2,2,16
,2024-040307,39.75412198,-104.9910773,8/16/2024 9:38,9:38,11,0,1,LARIMER ST & 21ST ST,1,1,3,0,1,9,0,0,0,0,0,1,0,1,4,1,16
,2024-040310,39.76937397,-105.0462864,9/17/2024 6:55,6:55,12,0,0, VRAIN ST & W 38TH AVE,1,1,0,0,1,3,0,0,20,0,0,0,0,0,4,2,11
,2024-040311,39.68951554,-105.0157082,9/8/2024 18:33,18:33,5,0,0,W FLORIDA AVE & S ZUNI ST,1,1,0,0,2,1,0,0,,0,0,0,0,0,4,1,16
,2024-040320,39.78623578,-104.8470473,9/18/2024 13:14,13:14,15,0,0,E ANDREWS DR & N PEORIA ST,1,1,0,0,1,4,0,0,35,0,0,0,0,0,4,2,16
,2024-040322,39.76185405,-104.9222807,9/17/2024 7:44,7:44,3,0,0,E MLK JR BLVD & N HOLLY ST,1,1,0,0,1,1,0,0,35,0,0,0,0,0,4,2,13
,2024-040325,39.73832019,-104.9383875,9/13/2024 7:00,7:00,11,0,2, ASH ST & E 14TH AVE,1,1,0,0,1,1,0,0,0,0,1,0,0,1,4,1,16
,2024-040327,39.79766481,-104.7961579,9/18/2024 9:30,9:30,8,0,0,E RANDOLPH PL & N LEWISTON CT,1,1,0,0,6,1,0,0,20,0,0,0,0,0,4,2,12
,2024-040379,39.7460122,-105.0003151,9/22/2024 0:04,0:04,15,0,0,SPEER BLVD & LAWRENCE ST,11,3,0,1,1,4,0,0,30,0,0,0,0,0,4,2,3
,2024-040402,39.73083103,-104.974094,9/22/2024 3:11,3:11,6,0,0, CORONA ST & E 9TH AVE,11,3,0,1,1,4,0,0,30,0,0,0,0,0,4,2,16
,2024-040403,39.72556585,-105.0396481,9/22/2024 14:38,14:38,12,0,1,W 6TH AVE & S FEDERAL BLVD,1,1,0,0,1,4,0,0,55,0,0,0,0,1,2,2,16
,2024-040405,39.75267081,-104.8990246,8/31/2024 4:55,4:55,5,0,0, SYRACUSE ST & E 24TH AVE,1,3,0,0,2,4,0,0,25,0,0,0,0,0,4,1,16
,2024-040407,39.73818738,-104.9988352,9/7/2024 4:28,4:28,5,0,0, SANTA FE DR & W 14TH AVE,1,3,0,0,3,4,0,0,35,0,0,0,0,0,4,1,16
,2024-040408,39.7252329,-104.9908357,9/7/2024 23:16,23:16,16,0,0,1795  BANNOCK ST & S BANNOCK ST,1,3,0,0,5,7,0,0,,0,0,0,0,0,3,2,16
,2024-040409,39.75924469,-104.9937287,9/5/2024 2:23,2:23,6,0,0,DELGANY ST & WEWATTA WY,1,3,0,0,1,4,0,0,30,0,0,0,0,0,4,4,1
,2024-040410,39.70745008,-105.038115,9/22/2024 16:42,16:42,12,0,1,MORRISON RD & S OSCEOLA ST,1,1,0,0,1,4,0,0,35,0,0,0,0,2,4,2,13
,2024-040411,39.76338988,-104.9878188,9/22/2024 0:59,0:59,5,0,0, BROADWAY ST & 28TH ST,11,3,1,1,3,4,0,0,30,0,0,0,0,0,4,1,16
,2024-040412,39.72351283,-105.0112835,9/22/2024 7:15,7:15,15,0,1,I-25 & W 6TH AVE,11,1,0,1,1,4,0,0,55,0,0,0,0,2,1,2,13
,2024-040413,39.74007569,-104.9406126,9/22/2024 10:51,10:51,3,0,1, COLORADO BLVD & E COLFAX AVE,1,1,0,0,1,1,0,0,30,0,0,0,1,3,2,2,11
,2024-040415,39.78720535,-104.8446808,9/21/2024 14:00,14:00,6,0,0,E 50TH AVE & N QUENTIN ST,1,1,0,0,1,4,0,0,20,0,0,0,0,0,4,2,3
,2024-040416,39.7234924,-105.0250231,9/21/2024 23:00,23:00,12,0,0, FEDERAL BLVD & W 5TH AVE,11,3,0,1,1,1,0,0,40,0,0,0,0,0,2,2,13
,2024-040417,39.71212188,-104.989996,9/18/2024 10:24,10:24,3,0,1,W BYERS PL & S BANNOCK ST,1,1,0,0,1,1,0,0,25,0,0,0,0,1,4,2,3
,2024-040418,39.6783626,-104.9329258,9/19/2024 11:00,11:00,12,0,0,I-25 NB OFF RAMP SLIP & E EVANS AVE,1,1,1,0,1,8,0,0,,0,0,0,0,0,1,2,16
,2024-040419,39.78757582,-104.8229319,8/31/2024 23:35,23:35,6,0,0, CRYSTAL ST & E 51ST AVE,1,3,0,0,1,3,0,0,30,0,0,0,0,0,4,2,11
,2024-040420,39.75693583,-104.9891924,9/21/2024 20:55,20:55,6,0,0,WALNUT ST & PARK AVE W,1,3,0,0,1,4,0,0,25,0,0,0,0,0,4,5,14
,2024-040422,39.74716584,-104.9684322,9/2/2024 21:33,21:33,6,0,0,1719 E 19TH AVE,1,3,0,0,5,7,0,0,15,0,0,0,0,0,3,2,13
,2024-040423,39.74744335,-104.9034481,9/22/2024 17:27,17:27,12,0,0, QUEBEC ST & E MONTVIEW BLVD,1,1,0,0,1,3,0,0,30,0,0,0,0,0,4,2,11
,2024-040424,39.77483236,-104.8469354,8/31/2024 20:00,20:00,12,0,0, PEORIA ST & I-70 WB RAMPS,1,3,0,0,1,1,0,0,,0,0,0,0,0,4,2,16
,2024-040425,39.77072665,-104.9813814,9/21/2024 11:10,11:10,5,0,1,ARKINS CT & 32ND ST,1,1,0,0,3,4,0,0,25,0,0,0,0,2,4,2,14
,2024-040426,39.76783133,-104.9947995,9/22/2024 1:53,1:53,5,0,0,I-25 NB OFF RAMP & PARK AVE W,11,3,0,0,6,1,0,0,35,0,0,0,0,0,4,1,13
,2024-040427,39.73228696,-104.9798371,9/13/2024 15:30,15:30,6,0,0,1050  PEARL ST & E 10TH AVE,1,1,0,0,1,4,0,0,25,0,0,0,0,0,4,2,16
,2024-040429,39.73660986,-105.0387738,8/15/2024 12:20,12:20,5,0,0,3957 W 13TH AVE & N PERRY ST,1,1,0,0,2,4,0,0,20,0,0,0,0,0,4,1,1
,2024-040430,39.71118497,-105.0062735,9/12/2024 16:07,16:07,15,0,0,W ALAMEDA AVE & S PECOS ST,1,1,0,0,1,3,0,0,30,0,0,0,0,0,2,2,16
,2024-040431,39.78331843,-105.0088387,9/19/2024 6:38,6:38,5,0,0,I-70 & N PECOS ST,1,2,0,0,2,4,0,0,55,0,0,0,0,0,1,1,16
,2024-040432,39.76745951,-104.9124897,9/19/2024 1:02,1:02,6,0,0,E 36TH AVE & N MONACO ST PKWY,1,3,0,0,1,4,0,0,30,0,0,0,0,0,4,5,14
,2024-040433,39.68225679,-105.0274074,8/23/2024 18:07,18:07,12,0,1,W JEWELL AVE & S HAZEL CT,1,1,0,0,1,1,0,0,30,0,0,0,0,2,4,2,16
,2024-040434,39.7597817,-105.0062196,9/19/2024 20:05,20:05,12,0,1,I-25 & W 17TH AVE,1,3,0,0,1,4,0,0,55,0,0,0,0,2,1,3,14
,2024-040435,39.71133319,-105.053258,9/19/2024 21:24,21:24,3,0,1, SHERIDAN BLVD & W ALAMEDA AVE,1,3,0,0,1,1,0,0,35,0,0,0,0,1,2,2,7
,2024-040436,39.77823702,-104.9222932,9/22/2024 4:11,4:11,15,0,0,I-70 & N HOLLY ST,11,3,0,1,1,4,0,0,65,0,0,0,0,0,1,2,2
,2024-040437,39.7200519,-105.0071173,9/22/2024 13:50,13:50,12,0,0,I-25 & W 6TH AVE,1,1,1,0,1,4,0,0,65,0,0,0,0,0,1,3,11
,2024-040438,39.71815801,-105.0300171,9/20/2024 21:29,21:29,3,0,0, IRVING ST & W 1ST AVE,1,3,0,0,1,1,0,0,25,0,0,0,0,0,4,2,16
,2024-040439,39.65744766,-105.0297901,9/17/2024 16:45,16:45,1,0,0, IRVING ST & W FLOYD AVE,1,1,1,0,1,1,0,0,25,0,0,0,0,0,4,2,1
,2024-040440,39.69856575,-105.0250782,9/3/2024 17:14,17:14,12,0,0, FEDERAL BLVD & W TENNESSEE AVE,1,1,0,0,1,1,0,0,30,0,0,0,0,0,2,2,16
,2024-040441,39.77812281,-104.8364324,9/20/2024 8:17,8:17,3,0,0, AUCKLAND CT & E ALBROOK DR,1,1,0,0,1,1,0,0,,0,0,0,0,0,4,2,13
,2024-040442,39.74130426,-105.0144886,9/18/2024 20:23,20:23,15,0,0,I-25 & W COLFAX AVE,1,3,0,0,1,4,0,0,,0,0,0,0,0,1,2,16