id,drcog_id,latitude,longitude,crashtime,time,crashtype,numbkilled,numbinjurd,drcoglocat,rdconditin,lightngcon,roadcntgrd,weatherco,location,roaddescrp,schoolzone,constrzone,splimit,bikeinv,pedinv,sctrinv,motoinv,svrty,rdsystem,ttlvehcls,hcf
,2024-040443,39.65298003,-104.91768,9/22/2024 11:18,11:18,3,0,0,E HAMPDEN AVE & I-25 NB RAMPS,1,1,0,0,1,1,0,0,,0,0,0,0,0,2,2,16
,2024-040444,39.74312287,-104.9775464,8/25/2024 21:55,21:55,6,0,0, CLARKSON ST & E 17TH AVE,11,3,0,1,1,3,0,0,,0,0,0,0,0,4,3,16
,2024-040446,39.69662441,-104.9128903,9/22/2024 20:30,20:30,9,0,1,E MISSISSIPPI AVE & S MONACO ST PKWY,1,3,0,0,1,3,0,1,25,0,0,0,1,2,4,1,16
,2024-040447,39.74480883,-104.979881,9/22/2024 2:03,2:03,11,0,0,1760  PEARL ST & E 18TH AVE,11,3,0,0,1,4,0,0,0,0,0,1,0,0,4,1,16
,2024-040449,39.73682934,-104.9673789,9/19/2024 6:59,6:59,2,0,1,E 13TH AVE & N GILPIN ST,1,1,0,0,1,4,0,0,0,1,0,0,1,2,4,1,16
,2024-040450,39.78016686,-104.989561,9/18/2024 20:30,20:30,12,0,0,I-25 & I-70,1,2,0,0,1,4,0,0,,0,0,0,0,0,1,2,16
,2024-040451,39.69531077,-104.9128907,9/21/2024 11:30,11:30,3,0,0,E ARIZONA AVE & S MONACO ST PKWY,1,1,0,0,1,1,0,0,20,0,0,0,0,0,4,2,16
,2024-040453,39.75360983,-104.993478,9/22/2024 0:36,0:36,6,0,0,MARKET ST & 20TH ST,11,3,0,1,1,4,0,0,,0,0,0,0,0,4,2,16
,2024-040454,39.7532134,-104.9905162,9/22/2024 2:28,2:28,16,0,0,21ST ST & LAWRENCE ST,11,3,0,1,5,7,0,0,,0,0,0,0,0,3,2,16
,2024-040455,39.69258418,-104.9035107,9/21/2024 16:47,16:47,12,0,0, QUEBEC ST & E LOUISIANA AVE,11,1,0,1,1,1,0,0,35,0,0,0,0,0,4,2,10
,2024-040456,39.75616649,-104.9919111,9/18/2024 14:22,14:22,11,0,1,BLAKE ST & 22ND ST,1,1,0,0,1,1,0,0,25,0,1,0,0,2,4,1,3
,2024-040457,39.71026751,-104.9987114,8/28/2024 20:29,20:29,15,0,0,I-25 & W ALAMEDA AVE,1,3,0,0,1,4,0,0,,0,0,0,0,0,1,2,16
,2024-040458,39.77988796,-104.9671647,9/22/2024 14:49,14:49,3,0,0,E 46TH AVE  & N BRIGHTON BLVD,1,1,0,0,1,1,0,0,35,0,0,0,0,0,2,2,16
,2024-040459,39.66616281,-104.9245427,9/22/2024 18:35,18:35,15,0,0,I-25 & E YALE AVE,1,2,0,0,1,4,0,0,65,0,0,0,0,0,1,2,16
,2024-040460,39.78026719,-104.9664517,9/22/2024 20:04,20:04,15,0,0,I-70 & N BRIGHTON BLVD,1,3,0,0,1,4,0,0,65,0,0,0,0,0,1,2,14
,2024-040463,39.75394623,-104.9930467,9/22/2024 0:16,0:16,11,0,0,MARKET ST & 20TH ST,11,3,0,1,1,4,0,0,0,0,0,1,0,0,4,1,16
,2024-040464,39.7597473,-104.9820403,9/14/2024 0:24,0:24,3,0,0,28TH ST & LAWRENCE ST,1,3,0,0,1,6,0,0,,0,0,0,0,0,4,2,16
,2024-040465,39.72543842,-105.0532423,9/21/2024 2:04,2:04,1,0,0, SHERIDAN BLVD & W 6TH AVE EB RAMPS,1,3,0,0,1,1,0,0,,0,0,0,0,0,2,3,16
,2024-040466,39.69666133,-104.9918826,9/21/2024 22:16,22:16,1,0,0, SANTA FE DR & W MISSISSIPPI AVE,1,3,0,0,1,1,0,0,35,0,0,0,0,0,2,2,7
,2024-040467,39.72909543,-104.9658816,9/19/2024 11:25,11:25,2,0,1,E 8TH AVE & N WILLIAMS ST,1,1,0,7,1,1,0,0,0,1,0,0,0,3,4,1,16
,2024-040468,39.7517145,-104.9837446,9/19/2024 20:21,20:21,11,0,1,CALIFORNIA ST & PARK AVE W,1,3,0,0,1,1,0,0,20,0,0,1,0,2,4,1,11
,2024-040469,39.77355899,-104.8396822,9/19/2024 7:40,7:40,12,0,0,I-70 & N PEORIA ST,1,1,0,0,1,4,0,0,55,0,0,0,0,0,1,2,7
,2024-040472,39.76919763,-104.9428484,9/20/2024 17:21,17:21,3,0,0,E 38TH AVE & N JACKSON ST,1,1,0,0,1,1,0,0,25,0,0,0,0,0,4,2,13
,2024-040473,39.68485472,-104.9594474,8/22/2024 19:15,19:15,15,0,0,I-25 & S UNIVERSITY BLVD,11,2,0,0,1,4,0,0,60,0,0,0,0,0,1,2,13
,2024-040474,39.71156608,-104.9407889,9/22/2024 17:24,17:24,12,0,6, COLORADO BLVD & E ALAMEDA AVE,1,1,0,0,1,1,0,0,35,0,0,0,0,2,2,2,14
,2024-040475,39.72906431,-104.9799328,9/14/2024 19:22,19:22,2,0,1,E 8TH AVE & N PEARL ST,1,2,0,0,1,1,0,0,20,1,0,0,0,2,4,1,11
,2024-040476,39.79830251,-104.7697804,9/19/2024 8:35,8:35,12,0,0, ARGONNE ST & E 56TH AVE,1,1,0,0,1,3,0,1,35,0,0,0,0,0,4,2,16
,2024-040479,39.75072094,-104.9634523,9/18/2024 9:37,9:37,3,0,0, RACE ST & E 23RD AVE,1,1,0,0,1,1,0,0,20,0,0,0,0,0,4,2,7
,2024-040481,39.77932301,-104.8397964,9/17/2024 13:24,13:24,5,0,0,E ALBROOK DR & N CROWN BLVD,1,1,0,0,2,3,0,0,25,0,0,0,0,0,4,1,16
,2024-040486,39.75995312,-104.8742719,9/13/2024 23:45,23:45,5,0,0, EMPORIA ST & E MLK JR BLVD,1,3,0,0,2,1,0,0,25,0,0,0,0,0,4,1,16
,2024-040500,39.72541895,-105.0267392,9/19/2024 17:55,17:55,15,0,0,W 6TH AVE & FEDERAL BLVD,1,1,0,0,1,4,0,0,55,0,0,0,0,0,2,4,16
,2024-040549,39.76695902,-104.9597458,8/16/2024 9:17,9:17,3,0,2,E 36TH AVE & N YORK ST,1,1,0,0,1,1,0,0,20,0,0,0,0,1,4,2,16
,2024-040577,39.71781159,-104.9433681,9/23/2024 16:31,16:31,12,0,1,E 1ST AVE & N GARFIELD ST,1,1,0,0,1,4,0,0,30,0,0,0,0,1,4,2,3
,2024-040578,39.76740543,-104.9293491,9/17/2024 15:45,15:45,3,0,0, ELM ST & E 36TH AVE,1,1,0,0,1,1,0,0,25,0,0,0,0,0,4,2,13
,2024-040579,39.67845765,-104.9082014,9/19/2024 17:35,17:35,12,0,0,E EVANS AVE & S ONEIDA ST,1,1,0,0,1,1,0,0,30,0,0,0,0,0,4,3,3
,2024-040582,39.78383734,-105.0532536,9/21/2024 8:11,8:11,3,0,0,I-70 WB OFF RAMP & N SHERIDAN BLVD,1,1,0,0,1,1,0,0,35,0,0,0,0,0,2,2,10
,2024-040586,39.76516109,-104.892517,9/21/2024 14:39,14:39,2,0,0,E 35TH AVE & N UINTA ST,1,1,0,0,1,1,0,0,0,1,0,0,0,0,4,1,16
,2024-040587,39.74751262,-105.0051888,8/11/2024 4:11,4:11,5,0,0,11TH ST & WALNUT ST,1,3,0,0,1,4,0,0,20,0,0,0,0,0,4,1,16
,2024-040588,39.71224453,-104.9923834,9/21/2024 22:03,22:03,5,0,1,201  CHEROKEE ST & W BYERS PL,1,3,0,0,2,4,0,0,,0,0,0,0,2,4,1,16
,2024-040589,39.74022137,-104.8964055,9/22/2024 22:49,22:49,8,0,2,E COLFAX AVE & N TRENTON ST,1,3,0,0,6,1,0,0,35,0,0,0,0,2,2,2,14
,2024-040590,39.70222916,-105.0278885,9/22/2024 22:13,22:13,6,0,1,W OHIO AVE & S HAZEL CT,1,3,0,0,1,3,0,0,25,0,0,0,0,1,4,2,16
,2024-040591,39.68248298,-105.0343852,9/9/2024 23:01,23:01,6,0,0, LOWELL BLVD & W JEWELL AVE,1,3,1,0,1,4,0,0,20,0,0,0,0,0,4,2,3
,2024-040593,39.74808903,-104.884933,9/22/2024 13:20,13:20,12,0,0, CENTRAL PARK BLVD & E MONTVIEW BLVD,1,1,0,0,1,4,0,0,30,0,0,0,0,0,4,2,1
,2024-040594,39.78238362,-104.8490174,9/20/2024 15:50,15:50,3,0,1, PARIS ST & E 47TH AVE,1,1,0,0,1,1,0,0,25,0,0,0,0,1,4,3,13
,2024-040595,39.7515664,-105.0532499,9/21/2024 15:40,15:40,15,0,0, SHERIDAN BLVD & W 24TH AVE,1,1,0,0,1,4,0,0,30,0,0,0,0,0,2,2,11
,2024-040596,39.69657867,-104.9407257,9/23/2024 15:17,15:17,12,0,0, COLORADO BLVD & E MISSISSIPPI AVE,1,1,0,0,1,3,0,0,35,0,0,0,0,0,2,2,3
,2024-040598,39.77910978,-104.8225238,9/21/2024 22:45,22:45,5,0,0, DULUTH CT & E 46TH AVE,11,3,0,1,4,1,0,0,25,0,0,0,0,0,4,1,16
,2024-040600,39.65605563,-105.0532234,9/20/2024 23:16,23:16,15,0,0, SHERIDAN BLVD & W DARTMOUTH AVE,1,3,0,0,1,3,0,0,35,0,0,0,0,0,2,2,11
,2024-040601,39.74000433,-104.9672324,9/23/2024 0:18,0:18,3,0,0, GILPIN ST & E COLFAX AVE,1,3,0,0,1,1,0,0,35,0,0,0,0,0,2,2,16
,2024-040602,39.69077424,-104.9804399,9/23/2024 11:45,11:45,6,0,0, PEARL ST & E ARKANSAS AVE,1,1,0,0,1,4,0,0,20,0,0,0,0,0,4,2,11
,2024-040603,39.74447376,-105.0000142,9/20/2024 14:20,14:20,10,0,0, SPEER BLVD & ARAPAHOE ST,1,1,0,0,1,1,0,0,35,0,0,0,0,0,4,2,8
,2024-040606,39.72515471,-105.0252128,9/22/2024 9:21,9:21,3,0,0,W 6TH AVE EB OFF RAMP & N FEDERAL BLVD,1,1,0,0,1,1,0,0,25,0,0,0,0,0,2,2,13
,2024-040607,39.76182864,-104.9124088,9/22/2024 7:54,7:54,3,0,2,E MLK JR BLVD & N MONACO ST PKWY,11,1,0,1,1,1,0,0,35,0,0,0,0,2,4,2,16
,2024-040610,39.67333055,-104.9406378,9/19/2024 14:50,14:50,1,0,0,E WESLEY AVE & S COLORADO BLVD,1,1,0,0,1,1,0,0,25,0,0,0,0,0,2,2,3
,2024-040611,39.75072546,-104.9721141,9/20/2024 14:15,14:15,3,0,0, MARION ST & E 23RD AVE,1,1,0,0,1,1,0,0,25,0,0,0,0,0,4,2,11
,2024-040613,39.72189732,-105.0142054,9/23/2024 13:05,13:05,3,0,0, WYANDOT ST & W 4TH AVE,1,1,0,0,1,2,0,0,25,0,0,0,0,0,4,2,11
,2024-040614,39.71816112,-105.025485,9/22/2024 11:24,11:24,15,0,0,W 1ST AVE & N FEDERAL BLVD,1,1,0,0,1,4,0,0,25,0,0,0,0,0,4,2,13
,2024-040615,39.78352087,-105.0313079,9/23/2024 7:35,7:35,12,0,0,I-70 & N FEDERAL BLVD,1,1,0,0,1,4,0,0,55,0,0,0,0,0,1,3,10
,2024-040616,39.73685454,-105.0428256,9/21/2024 12:35,12:35,6,0,0, STUART ST & W 13TH AVE,1,1,0,0,1,4,0,0,,0,0,0,0,0,4,2,16
,2024-040618,39.72390166,-104.8841395,9/21/2024 18:00,18:00,15,0,0, YOSEMITE ST & E LOWRY BLVD,1,2,0,0,1,6,0,0,15,0,0,0,0,0,4,2,16
,2024-040627,39.72906837,-104.9861529,9/22/2024 12:04,12:04,3,0,0, LINCOLN ST & E 8TH AVE,1,1,0,0,1,1,0,0,30,0,0,0,0,0,4,2,3
,2024-040628,39.7849811,-105.0490824,9/23/2024 7:40,7:40,12,0,0,I-70 & N SHERIDAN BLVD,1,1,0,0,1,4,0,0,55,0,0,0,0,0,1,2,3
,2024-040629,39.75205551,-104.9954782,9/20/2024 8:11,8:11,6,0,0,MARKET ST & 18TH ST,1,1,0,0,1,4,0,0,20,0,0,0,0,0,4,2,16
,2024-040631,39.77989392,-104.9670388,9/23/2024 16:31,16:31,12,0,1,I-70 & N BRIGHTON BLVD,1,1,0,0,1,4,0,0,55,0,0,0,0,2,1,2,16
,2024-040632,39.7184254,-104.9743306,9/23/2024 20:13,20:13,15,0,1,E SPEER BLVD & N CORONA ST,1,3,0,0,1,4,0,0,45,0,0,0,0,2,4,2,13
,2024-040633,39.76185419,-104.9222919,9/23/2024 7:41,7:41,12,0,0,E MLK JR BLVD & N HOLLY ST,1,1,0,0,1,3,0,0,30,0,0,0,0,0,4,2,4
,2024-040634,39.62540191,-104.906951,9/17/2024 19:28,19:28,3,0,0, NEWPORT ST & E CHENANGO AVE,1,3,0,0,1,1,0,0,10,0,0,0,0,0,4,2,16
,2024-040638,39.71876779,-104.9665746,9/22/2024 16:19,16:19,12,0,0, GILPIN AVE & E 1ST AVE,1,1,0,0,1,4,0,0,20,0,0,0,0,0,4,2,3
,2024-040639,39.79828736,-104.7999629,9/21/2024 19:35,19:35,5,0,1,E 56TH AVE & N LAREDO ST,11,3,0,1,3,1,0,0,40,0,0,0,0,2,4,1,16
,2024-040640,39.74005864,-104.9338321,9/23/2024 7:54,7:54,3,0,1,E COLFAX AVE & N CHERRY ST,1,1,0,0,1,1,0,0,35,0,0,0,0,2,2,2,16
,2024-040641,39.76115933,-105.0047565,9/23/2024 6:37,6:37,12,0,0,I-25 & 20TH ST,1,1,0,0,1,4,0,0,55,0,0,0,0,0,1,3,1
,2024-040642,39.75127575,-104.9880056,9/18/2024 10:31,10:31,12,0,0,21ST ST & CHAMPA ST,1,1,0,0,1,4,0,0,20,0,0,0,0,0,4,2,13
,2024-040643,39.78411124,-105.0532759,9/20/2024 12:21,12:21,12,0,0, SHERIDAN BLVD & W 48TH AVE,1,1,0,0,1,3,0,0,35,0,0,0,0,0,2,4,16
,2024-040645,39.74076093,-105.0140154,8/18/2024 21:30,21:30,15,0,0,I-25 & W COLFAX AVE,1,3,0,0,1,4,0,0,55,0,0,0,0,0,1,2,16
,2024-040646,39.72890014,-105.0001767,9/10/2024 18:50,18:50,15,0,0, KALAMATH ST & W 8TH AVE,1,1,0,0,1,4,0,0,35,0,0,0,0,0,4,2,16
,2024-040647,39.75175195,-104.9958687,9/22/2024 4:45,4:45,3,0,0,MARKET ST & 18TH ST,11,3,0,0,1,1,0,0,30,0,0,0,0,0,4,2,1
,2024-040651,39.68927041,-105.0005731,9/23/2024 7:20,7:20,12,0,0,W FLORIDA AVE & S PLATTE RIVER DR,1,1,0,0,1,3,0,0,30,0,0,0,0,0,4,2,11
,2024-040659,39.74021792,-104.9034001,8/11/2024 1:47,1:47,11,0,1,8105 E COLFAX AVE & N ULSTER ST,1,3,0,0,1,4,0,0,0,0,1,0,0,3,2,1,16
,2024-040697,39.74101878,-105.0067072,9/10/2024 0:00,0:00,6,0,0,CURTIS ST & 7TH ST,1,1,0,0,1,4,0,0,,0,0,0,0,0,4,2,16
,2024-040725,39.69666127,-104.9918826,9/20/2024 11:48,11:48,1,0,0,W MISSISSIPPI AVE & S SANTA FE DR,1,1,0,7,1,1,0,0,35,0,0,0,0,0,2,2,11
,2024-040737,39.73839059,-104.9597774,9/23/2024 11:50,11:50,10,0,1, YORK ST & E 14TH AVE,1,1,0,0,1,1,0,0,25,0,0,0,0,1,4,2,8
,2024-040741,39.72539887,-105.0129984,8/25/2024 6:15,6:15,15,0,0,I-25 NB ON RAMP FROM EB W 6TH AVE & I-25 UNDERPASS,1,2,0,0,1,8,0,0,55,0,0,0,0,0,1,2,16
,2024-040742,39.72412745,-104.9836294,9/24/2024 9:31,9:31,15,0,1,E SPEER BLVD & N GRANT ST,1,1,0,0,1,1,0,0,35,0,0,0,0,1,4,2,16
,2024-040745,39.7918102,-104.8946475,9/6/2024 3:50,3:50,6,0,0,E 51ST AVE & N UINTA ST,1,3,0,0,1,4,0,0,20,0,0,0,0,0,4,3,16
,2024-040746,39.75884264,-105.0076017,9/23/2024 12:25,12:25,12,0,0,I-25 & W 17TH AVE,1,1,0,0,1,4,0,0,55,0,0,0,0,0,1,3,7
,2024-040747,39.72566041,-104.9904601,9/14/2024 2:38,2:38,15,0,0,W 6TH AVE & N BANNOCK ST,1,3,0,0,1,1,0,0,,0,0,0,0,0,4,2,13
,2024-040748,39.76861294,-104.8900435,8/19/2024 18:05,18:05,15,0,0, CENTRAL PARK BLVD & E 36TH AVE,1,1,0,0,1,4,0,0,30,0,0,0,0,0,4,2,11
,2024-040749,39.68226303,-105.0262138,9/23/2024 15:20,15:20,3,0,0,W JEWELL AVE & S GROVE ST,1,1,0,0,1,1,0,0,30,0,0,0,0,0,4,2,3
,2024-040755,39.75681595,-105.0088314,9/24/2024 8:16,8:16,15,0,0,PLATTE ST & 15TH ST,1,1,0,0,1,2,0,0,20,0,0,0,0,0,4,2,16
,2024-040756,39.69205473,-104.9769494,9/23/2024 18:00,18:00,12,0,0,I-25 & S EMERSON ST,1,1,0,0,1,4,0,0,65,0,0,0,0,0,1,2,3
,2024-040757,39.76049741,-104.9002142,9/16/2024 14:44,14:44,3,0,0, ROSLYN ST & E MLK JR BLVD,1,1,0,0,1,1,0,0,,0,0,0,0,0,4,2,16
,2024-040758,39.72570807,-105.0426572,9/23/2024 11:47,11:47,12,0,2,W 6TH AVE & STUART ST,1,1,1,0,1,4,0,0,55,0,0,0,0,1,2,4,1
,2024-040764,39.77954882,-104.9858517,9/3/2024 19:46,19:46,12,0,0,I-70 EB ON RAMP & N LINCOLN ST,1,2,0,0,1,8,0,0,,0,0,0,0,0,1,2,16
,2024-040768,39.73391647,-104.9729819,9/24/2024 9:40,9:40,6,0,0, DOWNING ST & E 11TH AVE,1,1,0,0,1,4,0,0,25,0,0,0,0,0,4,2,10
,2024-040769,39.74019503,-104.930935,9/24/2024 12:53,12:53,10,0,0, EUDORA ST & E COLFAX AVE,1,1,0,0,1,1,0,0,25,0,0,0,0,0,2,2,1
,2024-040771,39.74034245,-105.0344108,9/24/2024 12:20,12:20,12,0,0,W COLFAX AVE & N LOWELL BLVD,1,1,0,0,1,3,0,0,30,0,0,0,0,0,2,2,3
,2024-040772,39.74599037,-104.9980474,9/23/2024 21:56,21:56,3,0,1,ARAPAHOE ST & 14TH ST,1,3,0,0,1,1,0,0,25,0,0,0,0,1,4,2,11
,2024-040773,39.79832369,-104.8848035,9/23/2024 7:35,7:35,12,0,0,E 56TH AVE & N CENTRAL PARK BLVD,1,1,0,0,1,4,0,0,40,0,0,0,0,0,4,2,16
,2024-040775,39.77552614,-104.8646017,9/24/2024 9:30,9:30,12,0,2,I-70 & N HAVANA ST,1,1,0,7,1,4,0,0,55,0,0,0,0,2,1,3,16
,2024-040777,39.77375403,-104.9406732,9/23/2024 12:15,12:15,12,0,0, COLORADO BLVD & E 41ST AVE,1,1,0,0,1,4,0,0,35,0,0,0,0,0,2,2,14
,2024-040778,39.68932035,-104.9430263,9/24/2024 8:36,8:36,3,0,1, JACKSON ST & E FLORIDA AVE,1,1,0,0,1,1,0,0,25,0,0,0,0,1,4,2,1
,2024-040779,39.71120815,-104.9991197,8/27/2024 7:56,7:56,5,0,1,I-25 & W ALAMEDA AVE,1,1,0,0,1,4,0,0,55,0,0,0,0,1,1,3,16
,2024-040780,39.80206838,-104.7863562,9/24/2024 15:00,15:00,12,0,0,PENA BLVD OB & E 56TH AVE,1,1,0,0,1,4,0,0,65,0,0,0,0,0,2,3,11
,2024-040781,39.72436475,-104.9838937,9/24/2024 9:30,9:30,15,0,0,E SPEER BLVD & N GRANT ST,1,1,0,0,1,4,0,0,35,0,0,0,0,0,4,3,11
,2024-040782,39.70933503,-104.9866018,8/28/2024 17:00,17:00,14,0,0,E DAKOTA AVE & S LINCOLN ST,1,1,0,0,1,4,0,0,25,0,0,0,0,0,4,2,16
,2024-040783,39.76001618,-104.890791,9/1/2024 22:00,22:00,12,0,0,E MLK JR BLVD & N CENTRAL PARK BLVD,1,3,0,0,1,3,0,0,,0,0,0,0,0,4,2,16
,2024-040784,39.66832411,-104.9406166,9/23/2024 12:00,12:00,12,0,0,E YALE AVE & S COLORADO BLVD,1,1,0,0,1,3,0,0,30,0,0,0,0,0,2,2,3
,2024-040785,39.71817555,-104.9666589,9/23/2024 17:20,17:20,12,0,0,E 1ST AVE & N GILPIN ST,1,1,0,0,1,1,0,0,30,0,0,0,0,0,4,2,3
,2024-040786,39.79253826,-104.7721477,9/23/2024 13:00,13:00,3,0,2,E ELMENDORF DR & N TOWER RD,1,1,0,0,1,1,0,0,45,0,0,0,0,1,4,2,11
,2024-040787,39.6240796,-104.9089599,9/24/2024 17:58,17:58,12,0,3,E BELLEVIEW AVE & S NIAGARA ST,1,2,1,0,1,4,0,0,45,0,0,0,0,2,2,4,11
,2024-040788,39.76682595,-104.9948315,9/13/2024 15:00,15:00,12,0,0,PARK AVE W & I-25 NB ON RAMP,1,1,0,0,1,3,0,0,,0,0,0,0,0,1,3,16
,2024-040789,39.68949233,-105.0250606,9/22/2024 1:55,1:55,1,0,0,W FLORIDA AVE & S FEDERAL BLVD,11,3,0,1,6,1,0,0,30,0,0,0,0,0,2,2,16
,2024-040790,39.6784915,-104.9688592,9/24/2024 8:52,8:52,12,0,1,E EVANS AVE & S FRANKLIN ST,1,1,3,7,1,3,0,0,35,0,0,0,0,2,4,2,10
,2024-040791,39.7021633,-105.0238615,9/24/2024 1:30,1:30,6,0,0, ELIOT ST & W OHIO AVE,1,4,0,0,1,4,0,0,20,0,0,0,0,0,4,2,14
,2024-040792,39.72560586,-105.0131428,9/23/2024 16:00,16:00,12,0,0,I-25 & W 6TH AVE,1,1,0,0,1,4,0,0,65,0,0,0,0,0,1,2,3
,2024-040797,39.77857193,-104.9888077,9/23/2024 15:41,15:41,12,0,0,I-25 NB OFF RAMP TO -70 & I-70 WB,1,1,0,0,1,8,0,0,45,0,0,0,0,0,1,2,13
,2024-040798,39.67327332,-105.0250549,9/24/2024 6:01,6:01,5,0,0, FEDERAL BLVD & W HARVARD AVE,1,1,0,0,1,4,0,0,35,0,0,0,0,0,2,1,16
,2024-040799,39.6803258,-104.9887943,9/23/2024 10:45,10:45,3,0,1, ACOMA ST & W ASBURY AVE,1,1,0,0,1,1,0,0,25,0,0,0,1,1,4,2,3
,2024-040800,39.65343209,-104.9184009,9/23/2024 6:54,6:54,15,0,0,I-25 & E HAMPDEN AVE,1,2,0,0,1,4,0,0,65,0,0,0,0,0,1,2,13
,2024-040801,39.78053128,-104.9670258,9/23/2024 15:17,15:17,15,0,0,I-70 WB RAMPS & N BRIGHTON BLVD,1,1,0,0,1,1,0,0,55,0,0,0,0,0,2,2,7
,2024-040802,39.73800797,-105.0252739,9/24/2024 7:57,7:57,12,0,0, FEDERAL BLVD & W 14TH AVE,1,1,1,0,1,3,0,0,35,0,0,0,0,0,2,2,1
,2024-040803,39.72570032,-104.9977591,9/24/2024 7:10,7:10,15,0,0,W 6TH AVE & N INCA ST,1,1,0,0,1,4,0,0,30,0,0,0,0,0,4,2,7
,2024-040804,39.7694344,-105.0393382,9/24/2024 7:36,7:36,3,0,0,W 38TH AVE & N PERRY ST,1,1,0,0,1,1,0,0,35,0,0,0,0,0,4,3,8
,2024-040805,39.74033464,-105.0440683,9/24/2024 8:39,8:39,12,0,0,W COLFAX AVE & N TENNYSON ST,1,1,0,0,1,4,0,0,35,0,0,0,0,0,2,2,1
,2024-040806,39.72307687,-105.0103595,9/23/2024 8:09,8:09,12,0,0,I-25 NB OFF RAMP TO W 6TH AVE,1,1,1,0,1,8,0,0,55,0,0,0,0,0,1,3,1
,2024-040807,39.78355502,-105.0148962,9/24/2024 8:42,8:42,12,0,0,I-70 & EB OFF RAMP EXT TO N PECOS ST,1,1,0,0,1,4,0,0,55,0,0,0,0,0,1,2,13
,2024-040808,39.74514815,-104.9709048,9/23/2024 14:30,14:30,12,0,0, LAFAYETTE ST & E 19TH AVE,1,1,0,0,1,4,0,0,20,0,0,0,0,0,4,2,13
,2024-040809,39.77088444,-104.8470342,9/24/2024 8:30,8:30,12,0,2, PEORIA ST & E 39TH AVE,1,1,0,0,1,3,0,0,35,0,0,0,0,1,4,3,13
,2024-040810,39.63448315,-104.906948,9/23/2024 8:21,8:21,15,0,0,I-25 & NB ON RAMP MERGE PT FROM E BELLEVIEW AVE,1,1,0,0,1,8,0,0,65,0,0,0,0,0,1,2,13
,2024-040811,39.7737942,-104.8494069,9/24/2024 6:45,6:45,12,0,0,I-70 EB OFF RAMP & N PEORIA ST,1,1,0,0,1,8,0,0,20,0,0,0,0,0,1,2,13
,2024-040812,39.77868033,-104.9128793,9/23/2024 13:05,13:05,15,0,0, MONACO ST & E 45TH AVE,1,1,0,0,1,1,0,0,30,0,0,0,0,0,4,2,16
,2024-040813,39.77579359,-104.8655855,9/23/2024 9:13,9:13,12,0,1,I-70 & N HAVANA ST,1,1,0,0,1,4,0,0,55,0,0,0,0,3,1,5,7
,2024-040814,39.72513137,-105.025081,9/23/2024 10:40,10:40,15,0,0,W 6TH AVE EB RAMPS & N FEDERAL BLVD,1,1,0,0,1,1,0,0,30,0,0,0,0,0,2,2,8
,2024-040815,39.7510813,-104.9128382,9/23/2024 11:00,11:00,3,0,0, MONACO ST PKWY & E 23RD AVE,1,1,0,0,1,1,0,0,30,0,0,0,0,0,4,2,6
,2024-040816,39.77792973,-104.8355714,9/13/2024 20:00,20:00,6,0,0,4495  ATCHISON WY & ALBROOK DR,1,4,0,0,1,2,0,0,,0,0,0,0,0,4,2,16
,2024-040817,39.75846206,-105.0213688,9/24/2024 8:34,8:34,10,0,0,W 29TH AVE & N SPEER BLVD,1,1,0,0,1,1,0,0,30,0,0,0,0,0,4,2,14
,2024-040827,39.77083349,-104.8470339,8/28/2024 16:25,16:25,12,0,0, PEORIA ST & E 39TH AVE,1,1,1,0,1,4,0,0,,0,0,0,0,0,4,3,16
,2024-040832,39.74198909,-104.8846523,9/22/2024 2:10,2:10,3,0,0,E 16TH AVE & N YOSEMITE ST,11,3,0,1,1,1,0,0,35,0,0,0,0,0,4,2,16
,2024-040833,39.75710258,-104.9907146,8/14/2024 10:50,10:50,2,0,1,BLAKE ST & PARK AVE W,1,1,0,0,1,1,0,0,25,1,0,0,0,3,4,1,16
,2024-040835,39.73298369,-105.0251694,9/16/2024 19:49,19:49,15,0,0, FEDERAL BLVD & W 10TH AVE,1,3,0,0,1,3,0,0,35,0,0,0,0,0,2,2,16
,2024-040837,39.76068573,-105.0047612,9/22/2024 0:17,0:17,12,0,3,I-25 & 20TH ST,11,3,0,1,1,4,0,0,55,0,0,0,0,2,1,2,16
,2024-040839,39.77290599,-104.9498248,9/21/2024 11:00,11:00,3,0,0,E 40TH AVE & N STEELE ST,1,1,1,0,1,1,0,0,35,0,0,0,0,0,4,2,16
,2024-040856,39.69676056,-105.0389387,9/22/2024 1:09,1:09,6,0,0,W MISSISSIPPI AVE & S PATTON CT,11,3,0,1,1,4,0,0,30,0,0,0,0,0,4,3,16
,2024-040859,39.7625607,-104.9881482,9/22/2024 0:58,0:58,5,0,0,2890  BRIGHTON BLVD & 28TH ST,11,3,1,1,6,4,0,0,30,0,0,0,0,0,4,1,16
,2024-040862,39.68861003,-105.0297104,9/22/2024 2:08,2:08,6,0,1,1570  IRVING ST & W FLORIDA AVE,11,4,1,1,1,4,0,0,30,0,1,0,0,2,4,3,13
,2024-040863,39.63139484,-104.8852202,9/22/2024 18:45,18:45,1,0,2, YOSEMITE ST & E UNION AVE,1,1,0,0,1,1,0,0,30,0,0,0,0,3,4,2,16
,2024-040921,39.66751599,-104.8661331,9/24/2024 17:24,17:24,3,0,1,2777  HAVANA ST & E YALE AVE,1,1,0,0,1,2,0,0,35,0,0,0,0,2,2,2,16