id,drcog_id,latitude,longitude,crashtime,time,crashtype,numbkilled,numbinjurd,drcoglocat,rdconditin,lightngcon,roadcntgrd,weatherco,location,roaddescrp,schoolzone,constrzone,splimit,bikeinv,pedinv,sctrinv,motoinv,svrty,rdsystem,ttlvehcls,hcf
,2024-040936,39.76954665,-105.0348267,9/25/2024 12:41,12:41,12,0,0,W 38TH AVE & N LOWELL BLVD,1,1,0,0,1,3,0,0,35,0,0,0,0,0,4,2,16
,2024-040938,39.73392105,-104.9929352,9/24/2024 10:55,10:55,15,0,0, DELAWARE ST & E 11TH AVE,1,1,0,0,1,4,0,0,25,0,0,0,0,0,4,2,3
,2024-040946,39.73656049,-104.931542,9/25/2024 10:13,10:13,3,0,0, DAHLIA ST & E 13TH AVE,1,1,0,0,1,1,0,0,25,0,0,0,0,0,4,2,13
,2024-040947,39.74891382,-104.9873973,9/25/2024 13:34,13:34,15,0,0,20TH ST & N BROADWAY ST,1,1,0,0,1,1,0,0,30,0,0,0,0,0,4,2,8
,2024-040948,39.74960514,-105.0172979,9/24/2024 10:41,10:41,12,0,0,I-25 & W 23RD AVE,1,1,0,0,1,4,0,0,55,0,0,0,0,0,1,3,13
,2024-040949,39.7546344,-105.0251283,9/25/2024 13:50,13:50,15,0,0, FEDERAL BLVD & W 26TH AVE,1,1,0,0,1,4,0,0,35,0,0,0,0,0,2,2,13
,2024-040950,39.72966985,-105.0151887,9/24/2024 16:24,16:24,15,0,1,I-25 & W 8TH AVE,1,1,0,0,1,4,0,0,55,0,0,0,0,1,1,3,13
,2024-040952,39.74197875,-104.8987395,9/23/2024 15:00,15:00,3,0,0,E 16TH AVE & N SYRACUSE ST,1,1,0,0,1,1,0,0,25,0,0,0,0,0,4,2,11
,2024-040953,39.7102439,-105.0035272,8/29/2024 10:40,10:40,6,0,0,W NEVADA PL & S NAVAJO ST,1,1,0,0,1,4,0,0,,0,0,0,0,0,4,2,16
,2024-040954,39.73843317,-104.9874134,9/24/2024 9:45,9:45,15,0,0, BROADWAY ST & E 14TH AVE,1,1,0,0,1,1,0,0,30,0,0,0,0,0,4,2,3
,2024-040956,39.78562006,-105.0348287,8/23/2024 9:45,9:45,6,0,0,W 49TH AVE & LOWELL BLVD,1,1,0,0,1,4,0,0,,0,0,0,0,0,4,2,16
,2024-040957,39.66746804,-104.9348141,9/25/2024 9:55,9:55,14,0,1,E YALE AVE & S BROOK DR,1,1,0,0,6,1,0,0,35,0,0,0,0,1,4,2,11
,2024-040958,39.82189748,-104.7719489,9/25/2024 13:08,13:08,3,0,0,E 69TH AVE & N TOWER RD,1,1,0,0,1,1,0,0,40,0,0,0,0,0,4,2,13
,2024-040959,39.76083129,-104.9858873,9/24/2024 12:41,12:41,2,0,1,BLAKE ST & 27TH ST,1,1,0,0,6,1,0,0,0,1,0,0,0,2,4,1,16
,2024-040960,39.75635091,-104.9511935,9/18/2024 21:10,21:10,6,0,0, ST PAUL ST & E 27TH AVE,1,4,1,0,1,4,0,0,20,0,0,0,0,0,4,2,16
,2024-040961,39.70468129,-104.9827912,8/23/2024 20:14,20:14,6,0,0, LOGAN ST & E KENTUCKY AVE,1,1,0,0,1,4,0,0,20,0,0,0,0,0,4,2,13
,2024-040963,39.740528,-105.015443,9/25/2024 1:30,1:30,12,0,1,I-25 SB OFF RAMP & W COLFAX AVE,1,3,0,0,1,8,0,0,35,0,0,0,0,1,1,2,16
,2024-040964,39.71688019,-104.9745848,9/19/2024 7:11,7:11,6,0,0, CORONA ST & E ELLSWORTH AVE,1,4,0,0,1,4,0,0,20,0,0,0,0,0,4,2,16
,2024-040965,39.75824127,-104.9659504,9/24/2024 16:00,16:00,3,0,0,E 29TH AVE & N WILLIAMS ST,1,1,0,0,1,1,0,0,,0,0,0,0,0,4,2,11
,2024-040966,39.74164284,-104.9706169,8/20/2024 20:29,20:29,1,0,2,E 16TH AVE & PARK AVE W,1,3,0,0,1,1,0,0,,0,0,0,0,2,4,2,16
,2024-040967,39.71211332,-104.9875496,8/29/2024 17:00,17:00,3,0,0,W BYERS PL & S BROADWAY ST,1,1,0,0,1,1,0,0,,0,0,0,0,0,4,2,1
,2024-040968,39.68572068,-104.9734218,9/24/2024 18:42,18:42,6,0,1, DOWNING ST & E MEXICO AVE,1,2,0,0,1,4,0,0,30,0,0,0,0,1,4,2,12
,2024-040969,39.69844759,-104.9128915,9/24/2024 12:55,12:55,12,0,0, MONACO ST PKWY & E TENNESSEE AVE,1,1,0,0,1,1,0,0,,0,0,0,0,0,4,2,16
,2024-040971,39.76898162,-104.9733466,9/23/2024 7:30,7:30,2,0,1, DOWNING ST & WALNUT ST,1,2,1,0,1,4,0,0,25,1,0,0,0,2,4,1,16
,2024-040975,39.76095108,-104.8717578,9/25/2024 15:56,15:56,12,0,0,E 31ST AVE & N ELMIRA CT,1,1,0,0,1,9,0,0,25,0,0,0,0,0,4,2,13
,2024-040980,39.74481182,-104.9647555,9/24/2024 9:30,9:30,15,0,0,E 18TH AVE & N HIGH ST,1,1,0,0,1,1,0,0,30,0,0,0,0,0,4,2,3
,2024-040982,39.69101402,-104.9922822,9/25/2024 12:01,12:01,15,0,0, SANTA FE DR & W ARKANSAS AVE,1,1,0,0,1,4,0,0,45,0,0,0,0,0,2,2,11
,2024-040983,39.71420334,-105.0009878,9/25/2024 13:25,13:25,12,0,0,I-25 & W ALAMEDA AVE,1,1,0,0,1,4,0,0,55,0,0,0,0,0,2,2,1
,2024-040984,39.69674956,-105.0250716,9/25/2024 14:44,14:44,15,0,0, FEDERAL BLVD & W MISSISSIPPI AVE,1,1,0,0,1,3,0,0,40,0,0,0,0,0,2,2,10
,2024-040985,39.76445743,-104.9406525,9/22/2024 22:08,22:08,3,0,2, COLORADO BLVD & E BRUCE RANDOLPH AVE,1,3,0,0,1,1,0,0,35,0,0,0,0,2,2,2,16
,2024-040986,39.72567666,-105.0351072,9/24/2024 8:05,8:05,12,0,0,W 6TH AVE & N LOWELL BLVD,1,1,0,0,1,4,0,0,55,0,0,0,0,0,2,2,13
,2024-040987,39.78318286,-105.0073668,9/24/2024 6:55,6:55,12,0,0,I-70 & N PECOS ST,1,2,0,0,1,4,0,0,55,0,0,0,0,0,1,2,13
,2024-040989,39.65304434,-104.8720005,9/25/2024 16:20,16:20,1,0,6,E HAMPDEN AVE & S FLORENCE ST,1,1,0,0,1,1,0,0,35,0,0,0,0,2,2,2,11
,2024-040990,39.73800797,-105.0252739,9/24/2024 21:05,21:05,1,0,0, FEDERAL BLVD & W 14TH AVE,1,3,0,0,1,1,0,0,35,0,0,0,0,0,2,2,13
,2024-040991,39.80123538,-104.7863546,9/25/2024 10:58,10:58,12,0,0,PENA BLVD OB & E 56TH AVE,1,1,0,0,1,4,0,0,65,0,0,0,0,0,2,4,11
,2024-040992,39.78950627,-104.7721425,9/25/2024 7:43,7:43,3,0,0,E 51ST AVE & N TOWER RD,1,1,0,0,1,1,0,0,45,0,0,0,0,0,4,2,13
,2024-040993,39.72543334,-105.0524912,9/25/2024 6:35,6:35,15,0,0,W 6TH AVE EB ON RAMP & N SHERIDAN BLVD,1,2,1,0,1,8,0,0,35,0,0,0,0,0,2,3,1
,2024-040994,39.75737182,-104.9886186,9/24/2024 15:25,15:25,10,0,0,WALNUT ST & 24TH ST,1,1,0,0,1,1,0,0,20,0,0,0,0,0,4,2,13
,2024-040995,39.6748402,-104.9983282,9/24/2024 14:23,14:23,15,0,0,W ILIFF AVE & S PLATTE RIVER DR,1,1,0,0,1,4,0,0,25,0,0,0,0,0,4,2,11
,2024-040996,39.74379349,-104.8905139,9/25/2024 10:37,10:37,3,0,1, VERBENA ST & E 17TH AVE,1,1,0,0,1,1,0,0,20,0,0,0,0,1,4,2,16
,2024-040997,39.7200508,-105.0071161,9/24/2024 19:23,19:23,12,0,0,I-25 & W 6TH AVE,1,3,0,0,1,4,0,0,60,0,0,0,0,0,1,3,13
,2024-040998,39.77975118,-104.9410966,9/24/2024 15:04,15:04,3,0,0, COLORADO BLVD & I-70 EB RAMPS,1,1,0,0,1,1,0,0,40,0,0,0,0,0,2,3,7
,2024-040999,39.66756002,-104.9417732,8/21/2024 17:29,17:29,3,0,1, HARRISON ST & E YALE AVE,1,1,0,0,1,1,0,0,25,0,0,0,0,1,4,2,16
,2024-041001,39.72464819,-105.0016182,9/24/2024 19:20,19:20,5,0,0, LIPAN & W 5TH AVE,1,2,0,0,2,9,0,0,15,0,0,0,0,0,4,1,13
,2024-041002,39.73969744,-105.0509378,9/25/2024 2:10,2:10,6,0,0, YATES ST & W COLFAX AVE,1,3,0,0,1,4,0,0,25,0,0,0,0,0,4,2,3
,2024-041003,39.75667681,-105.0309674,9/25/2024 8:25,8:25,6,0,0,W 27TH AVE & JAVA CT,1,1,0,0,1,4,0,0,20,0,0,0,0,0,4,2,3
,2024-041004,39.79253826,-104.7721477,9/25/2024 6:08,6:08,3,0,2,E ELMENDORF DR & N TOWER RD,1,2,0,0,1,1,0,0,20,0,0,0,0,1,4,2,13
,2024-041006,39.69657568,-104.8823798,8/7/2024 17:30,17:30,12,0,0,E MISSISSIPPI AVE & S ALTON CT,1,1,0,0,1,3,0,0,35,0,0,0,0,0,4,2,1
,2024-041021,39.73392983,-105.0153344,9/23/2024 13:50,13:50,12,0,0,I-25 & W 11TH AVE,1,1,0,0,1,4,0,0,55,0,0,0,0,0,1,3,1
,2024-041025,39.76074902,-104.959759,9/23/2024 23:04,23:04,15,0,3, YORK ST & E 31ST AVE,1,3,0,0,1,1,0,1,30,0,0,0,0,1,4,3,16
,2024-041089,39.74392922,-105.0086685,8/29/2024 10:51,10:51,1,0,3,7TH ST & WALNUT ST,1,1,0,0,1,1,0,0,30,0,1,0,0,3,4,2,1
,2024-041090,39.77412096,-104.749033,9/24/2024 12:10,12:10,6,0,2,E 42ND AVE & N HIMALAYA ST,1,1,0,0,1,4,0,0,20,0,0,0,0,2,4,2,4
,2024-041091,39.77132997,-105.0054349,9/14/2024 4:47,4:47,6,0,0, OSAGE ST & W 39TH AVE,1,4,0,0,1,4,0,0,20,0,0,0,0,0,4,3,16
,2024-041092,39.70040651,-105.0250848,9/7/2024 16:55,16:55,3,0,0, FEDERAL BLVD & W KENTUCKY AVE,1,1,0,0,1,1,0,0,35,0,0,0,0,0,2,2,13
,2024-041093,39.76141329,-105.0052733,9/26/2024 17:25,17:25,10,0,0,I-25 SB OFF RAMP & 20TH ST,1,1,1,0,1,1,0,0,20,0,0,0,0,0,1,2,8
,2024-041101,39.65297393,-104.9401401,9/26/2024 8:05,8:05,12,0,0,E HAMPDEN AVE & S COLORADO BLVD,1,1,3,0,1,3,0,0,40,0,0,0,0,0,2,2,13
,2024-041102,39.75968955,-104.9843781,9/26/2024 13:42,13:42,6,0,0,1330 27TH ST & LARIMER ST,1,1,0,0,1,4,0,0,,0,0,0,0,0,4,2,16
,2024-041104,39.7253104,-105.0231625,9/20/2024 16:41,16:41,12,0,1,W 6TH AVE WB OFF RAMP & N FEDERAL BLVD,1,1,1,0,1,8,0,0,25,0,0,0,1,2,2,2,1
,2024-041108,39.66757903,-104.9237084,9/24/2024 18:30,18:30,12,0,0,E YALE AVE & S HUDSON ST,1,1,0,0,1,1,0,0,,0,0,0,0,0,4,2,16
,2024-041114,39.70656397,-104.9198183,9/26/2024 18:45,18:45,1,0,1,LEETSDALE DR & S JERSEY ST,1,1,0,0,1,1,0,0,35,0,0,0,1,3,2,2,13
,2024-041115,39.78367655,-104.8097988,7/25/2024 19:50,19:50,15,0,0, CHAMBERS RD & E GREEN VALLEY RANCH BLVD,1,3,0,0,1,3,0,0,,0,0,0,0,0,4,2,16
,2024-041116,39.66756488,-104.9407896,9/25/2024 16:09,16:09,3,0,2, COLORADO BLVD & E YALE AVE,1,1,0,0,1,1,0,0,40,0,0,0,0,2,2,2,11
,2024-041117,39.77426822,-104.8470353,9/15/2024 12:45,12:45,12,0,0,I-70 & N PEORIA ST,1,1,0,0,1,13,0,0,55,0,0,0,0,0,4,3,11
,2024-041118,39.70765731,-105.0250819,9/26/2024 19:44,19:44,15,0,0,W VIRGINIA AVE & S FEDERAL BLVD,1,3,0,0,1,1,0,0,25,0,0,0,0,0,2,2,3
,2024-041126,39.83508844,-104.7253317,9/26/2024 0:40,0:40,15,0,1,PENA BLVD & N GUN CLUB RD,1,4,0,0,1,4,0,0,65,0,0,0,0,1,4,2,1
,2024-041129,39.69056999,-104.9732269,8/8/2024 17:22,17:22,12,0,0,I-25 NB OFF RAMP & S DOWNING ST,1,1,0,0,1,8,0,0,10,0,0,0,0,0,1,2,16
,2024-041131,39.71942303,-104.9585491,9/24/2024 17:45,17:45,12,0,0,E 2ND AVE & N JOSEPHINE ST,1,1,0,0,1,1,0,0,25,0,0,0,0,0,4,2,3
,2024-041132,39.72570932,-105.0001402,9/15/2024 22:34,22:34,3,0,1,W 6TH AVE & N KALAMATH ST,1,3,0,0,1,1,0,0,30,0,0,0,0,2,4,2,7
,2024-041134,39.70607207,-104.9407894,9/25/2024 14:15,14:15,12,0,0, COLORADO BLVD & E CHERRY CREEK S DR,1,1,0,0,1,1,0,0,35,0,0,0,0,0,2,2,3
,2024-041135,39.72554844,-104.9437764,9/25/2024 21:18,21:18,12,0,0,E 6TH AVE & N GARFIELD ST,1,3,1,0,1,4,0,0,30,0,0,0,0,0,4,2,13
,2024-041137,39.77380819,-104.7494719,9/24/2024 15:00,15:00,3,0,0, JERICO ST & E 42ND AVE,1,1,1,0,1,2,1,0,20,0,0,0,0,0,4,2,16
,2024-041140,39.7714588,-104.8474368,9/24/2024 20:48,20:48,5,0,0, PEORIA ST & E 39TH AVE,1,4,0,0,3,4,0,0,35,0,0,0,0,0,4,1,16
,2024-041141,39.69154461,-104.8987494,9/17/2024 17:04,17:04,15,0,0, QUEBEC WY & E ARKANSAS AVE,1,1,0,0,1,3,0,0,20,0,0,0,0,0,4,2,1
,2024-041142,39.69566316,-104.9035593,9/24/2024 14:00,14:00,6,0,0,E MISSISSIPPI AVE & S QUEBEC ST,1,1,0,0,1,4,0,0,25,0,0,0,0,0,4,2,3
,2024-041143,39.75907823,-104.9971461,8/30/2024 21:25,21:25,6,0,0,2900  GALAPAGO ST,14,5,3,7,1,4,0,0,30,0,0,0,0,0,4,2,7
,2024-041144,39.75761149,-104.8883537,9/20/2024 13:11,13:11,6,0,0, WILLOW ST & E 29TH AVE,1,1,0,0,1,4,0,0,20,0,0,0,0,0,4,2,13
,2024-041148,39.68569561,-104.9500525,9/25/2024 8:37,8:37,3,0,1,E MEXICO AVE & S STEELE ST,1,1,1,7,1,1,0,0,25,0,0,0,0,2,4,2,11
,2024-041149,39.69343004,-104.9781216,9/14/2024 22:55,22:55,15,0,0,I-25 & NB OFF RAMP EXT TO N LINCOLN ST,1,4,0,0,1,8,0,0,45,0,0,0,0,0,1,2,16
,2024-041150,39.75667064,-104.9756467,9/26/2024 18:13,18:13,3,0,0,29TH ST & WELTON ST,1,1,0,0,1,1,0,0,35,0,0,0,0,0,4,2,8
,2024-041151,39.65751804,-104.8999958,9/15/2024 20:22,20:22,1,0,1,E EASTMAN AVE & S TAMARAC DR,1,3,0,0,1,1,0,0,25,0,0,0,0,2,4,2,16
,2024-041152,39.74002481,-104.9980148,9/15/2024 4:24,4:24,3,0,1,W COLFAX AVE & N SPEER BLVD,1,3,0,0,1,1,0,0,30,0,0,0,0,3,2,2,16
,2024-041153,39.70021406,-104.9874757,9/26/2024 8:37,8:37,15,0,0,W KENTUCKY AVE & S BROADWAY ST,1,1,0,7,1,1,0,0,30,0,0,0,0,0,4,2,16
,2024-041154,39.67484736,-104.9196342,9/25/2024 7:34,7:34,10,0,0,E ILIFF AVE & S JASMINE ST,1,1,0,0,1,2,0,0,25,0,0,0,0,0,4,2,1
,2024-041155,39.73993979,-104.9979539,9/25/2024 16:59,16:59,12,0,1, SPEER BLVD & W COLFAX AVE,1,1,0,0,1,1,0,0,35,0,0,0,0,1,2,3,8
,2024-041156,39.73476237,-105.0321584,7/21/2024 10:48,10:48,2,0,1,W 12TH AVE & N KNOX CT,1,1,3,0,1,1,0,0,0,1,0,0,0,3,4,1,16
,2024-041157,39.70609604,-104.9409612,9/19/2024 17:20,17:20,12,0,0,E CHERRY CREEK  DR & S COLORADO BLVD,1,1,3,0,1,3,0,0,35,0,0,0,0,0,2,2,16
,2024-041158,39.73685147,-104.9873938,9/26/2024 10:35,10:35,3,0,0, BROADWAY ST & E 13TH AVE,1,1,0,0,1,1,0,0,35,0,0,0,0,0,4,2,16
,2024-041159,39.78010496,-104.9895616,9/26/2024 9:08,9:08,12,0,1,I-25 SB & I-70 EB OVERPASS,1,1,1,0,1,4,0,0,55,0,0,0,0,1,1,2,2
,2024-041160,39.77605362,-104.8280594,9/22/2024 6:39,6:39,6,0,0,E 44TH AVE & N DAVENPORT WY,11,2,0,1,1,4,0,0,25,0,0,0,0,0,4,2,14
,2024-041163,39.70386476,-104.9165231,9/24/2024 15:45,15:45,11,0,1,E EXPOSITION AVE & S KRAMERIA ST,1,1,0,0,1,2,0,0,0,0,0,1,0,3,4,1,16
,2024-041165,39.7797084,-104.9829004,9/26/2024 9:50,9:50,15,0,0,I-70 & N WASHINGTON ST,1,1,0,0,1,4,0,0,55,0,0,0,0,0,1,2,11
,2024-041166,39.76448182,-104.9318622,9/17/2024 10:10,10:10,11,0,0,E BRUCE RANDOLPH AVE & N DAHLIA ST,1,1,0,0,1,1,0,0,,0,1,0,0,0,4,1,16
,2024-041167,39.78008492,-104.9895618,9/22/2024 1:15,1:15,5,0,0,I-25 & I-70,11,3,1,1,2,8,0,0,35,0,0,0,0,0,1,1,10
,2024-041168,39.61833311,-105.0911084,9/26/2024 14:57,14:57,15,0,0,W CRESTLINE AVE & S WADSWORTH BLVD,1,1,0,0,1,1,0,0,25,0,0,0,0,0,2,2,13
,2024-041169,39.76212597,-105.0404827,9/26/2024 14:56,14:56,3,0,0, QUITMAN ST & W 32ND AVE,1,1,0,1,1,1,0,0,25,0,0,0,0,0,4,2,13
,2024-041170,39.67842292,-104.9651066,8/28/2024 14:50,14:50,12,0,1,E EVANS AVE & S HIGH ST,1,1,0,0,1,4,0,0,25,0,0,0,0,2,4,2,1
,2024-041173,39.66028592,-104.8589792,9/25/2024 11:30,11:30,12,0,0, KENTON ST & E DARTMOUTH AVE,1,1,0,0,1,1,0,0,25,0,0,0,0,0,4,2,3
,2024-041174,39.71422395,-104.9875325,9/25/2024 22:20,22:20,15,0,1, BROADWAY ST & E BAYAUD AVE,1,3,0,0,1,4,0,0,30,0,0,0,1,1,4,2,11
,2024-041175,39.74004275,-104.9835797,9/24/2024 14:10,14:10,11,0,0,E COLFAX AVE & N GRANT ST,1,1,0,0,1,1,0,0,0,0,0,1,0,0,2,1,16
,2024-041176,39.7402154,-104.9080182,9/25/2024 14:46,14:46,3,0,0,E COLFAX AVE & N ONEIDA ST,1,1,0,0,1,1,0,0,30,0,0,0,0,0,2,2,14
,2024-041177,39.73842799,-104.979906,9/14/2024 4:30,4:30,11,0,0,E 14TH AVE & N PEARL ST,1,3,0,0,1,1,0,0,,0,1,0,0,0,4,1,16
,2024-041178,39.6387441,-105.0722546,9/25/2024 19:59,19:59,3,0,1, PIERCE WY & W QUINCY AVE,1,2,0,7,1,1,0,0,40,0,0,0,0,2,4,2,13
,2024-041179,39.7618725,-104.9405114,9/26/2024 12:54,12:54,12,0,0, COLORADO BLVD & E MLK BLVD,1,1,0,0,1,4,0,0,35,0,0,0,0,0,2,3,16
,2024-041185,39.8479235,-104.6727116,9/26/2024 10:18,10:18,6,0,0,8400 INBOUND DPENA BLVD DOOR 613,1,1,0,0,5,4,0,0,15,0,0,0,0,0,2,2,3
,2024-041186,39.73999982,-104.9903154,9/26/2024 9:00,9:00,12,0,0,W COLFAX AVE & N BANNOCK ST,1,1,0,0,1,1,0,0,,0,0,0,0,0,2,2,14
,2024-041187,39.74379998,-104.9034554,9/25/2024 15:32,15:32,12,0,1, QUEBEC ST & E 17TH AVE,1,1,0,0,1,4,0,0,30,0,0,0,0,1,4,4,13
,2024-041189,39.7756235,-104.865729,9/26/2024 13:02,13:02,12,0,1,I-70 EB & N HAVANA ST,1,1,0,0,1,4,0,0,55,0,0,0,0,1,1,2,13
,2024-041192,39.74647577,-104.9887769,9/12/2024 15:00,15:00,15,0,0,WELTON ST & 18TH ST,1,1,0,0,1,4,0,0,30,0,0,0,0,0,4,2,16
,2024-041193,39.73669259,-104.9406165,9/27/2024 9:34,9:34,3,0,1, COLORADO BLVD & E 13TH AVE,1,1,0,0,1,1,0,0,20,0,0,0,0,1,2,2,16
,2024-041197,39.7842948,-105.0252104,9/27/2024 6:46,6:46,12,0,1,I-70 WB UNDERPASS & N FEDERAL BLVD,1,1,0,0,1,4,0,0,55,0,0,0,0,2,1,2,16
,2024-041198,39.68398221,-104.9734253,9/26/2024 22:13,22:13,3,0,1,E COLORADO AVE & S DOWNING ST,1,3,0,0,1,1,0,0,30,0,0,0,0,1,4,2,10
,2024-041200,39.74033854,-105.0393724,9/27/2024 18:00,18:00,12,0,0,W COLFAX AVE & N PERRY ST,1,2,0,0,1,1,0,0,35,0,0,0,0,0,2,2,11
,2024-041201,39.77699544,-104.8823454,9/26/2024 12:44,12:44,12,0,0,I-70 EB & CENTRAL PARK BLVD,1,1,0,0,1,11,0,0,55,0,0,0,0,0,1,5,7
,2024-041202,39.78003484,-104.9891615,9/27/2024 15:27,15:27,12,0,0,I-25 NB & I-70 EB OVERPASS,1,1,0,0,1,4,0,0,55,0,0,0,0,0,1,2,7
,2024-041203,39.79113062,-105.0380987,9/27/2024 14:47,14:47,3,0,1, OSCEOLA ST & W 52ND AVE,1,1,0,0,1,1,0,0,25,0,0,0,0,1,4,2,13
,2024-041206,39.72561384,-105.0134333,8/27/2024 14:10,14:10,12,0,0,I-25 & W 6TH AVE,1,1,0,0,1,4,0,0,,0,0,0,0,0,2,2,16
,2024-041207,39.77942837,-104.9788627,9/26/2024 15:35,15:35,12,0,0,I-70 EB ON RAMP & N WASHINGTON ST,1,1,0,0,1,8,0,0,40,0,0,0,0,0,1,2,7
,2024-041208,39.70195235,-104.87535,9/27/2024 16:45,16:45,3,0,0, ALTON WAY & S DAYTON ST,1,1,0,0,1,1,0,0,25,0,0,0,0,0,4,2,10
,2024-041210,39.7770002,-104.8824131,9/27/2024 11:00,11:00,12,0,0,I-70 EB OFF RAMP & N CENTRAL PARK BLVD,1,1,0,0,1,1,0,0,20,0,0,0,0,0,1,2,13
,2024-041213,39.71819784,-104.9732324,9/26/2024 16:00,16:00,12,0,0,E 1ST AVE & N DOWNING ST,1,1,0,0,1,1,0,0,30,0,0,0,0,0,4,2,3
,2024-041214,39.75462787,-104.9899335,9/26/2024 21:39,21:39,6,0,0,2200  LARIMER ST,1,3,0,0,1,4,0,0,30,0,0,0,0,0,4,2,2
,2024-041215,39.8334643,-104.692935,9/26/2024 23:54,23:54,1,0,0,JACKSON GAP RD & PENA BLVD,1,3,0,0,1,1,0,0,30,0,0,0,0,0,2,2,1
,2024-041220,39.74272472,-105.0252128,9/26/2024 21:13,21:13,12,0,0, FEDERAL BLVD & W 16TH AVE,1,3,0,0,1,4,0,0,35,0,0,0,0,0,2,3,16
,2024-041221,39.75289491,-104.9874153,9/26/2024 19:46,19:46,3,0,1, BROADWAY ST & CURTIS ST,1,2,0,0,1,1,0,0,30,0,0,0,0,1,4,2,10
,2024-041224,39.72564373,-105.0486801,9/27/2024 20:19,20:19,12,0,1,W 6TH AVE & N SHERIDAN BLVD,1,2,0,0,1,4,0,0,55,0,0,0,0,1,2,3,7
,2024-041225,39.71779637,-104.9406263,9/27/2024 19:42,19:42,1,0,0, COLORADO BLVD & E 1ST AVE,1,3,1,0,1,1,0,0,40,0,0,0,0,0,2,4,1
,2024-041226,39.7400965,-104.9562707,9/24/2024 7:34,7:34,6,0,0, ELIZABETH ST & E COLFAX AVE,1,1,0,0,1,4,0,0,20,0,0,0,0,0,2,2,16
,2024-041227,39.69721156,-104.9803763,9/27/2024 8:50,8:50,6,0,0, PEARL ST & E MISSISSIPPI AVE,1,1,0,0,1,4,0,0,20,0,0,0,0,0,4,2,16
,2024-041228,39.74481154,-104.9659762,9/16/2024 9:20,9:20,10,0,0,E 18TH AVE & N WILLIAMS ST,1,1,0,0,1,1,0,0,30,0,0,0,0,0,4,2,13
,2024-041229,39.6939771,-104.9797339,8/22/2024 19:04,19:04,12,0,0,E BUCHTEL BLVD & I-25 SB OFF RAMP MERGE PT,11,2,0,1,1,8,0,0,35,0,0,0,0,0,1,2,16
,2024-041230,39.78238297,-104.8488821,9/26/2024 16:19,16:19,3,0,0, PARIS ST & E 47TH AVE,1,1,0,0,1,1,0,0,30,0,0,0,0,0,4,2,13
,2024-041231,39.65302101,-104.8756595,9/27/2024 8:21,8:21,1,0,0, DAYTON ST & E HAMPDEN AVE,1,1,0,0,1,1,0,0,45,0,0,0,0,0,2,2,11
,2024-041232,39.71117211,-104.9900082,9/26/2024 10:00,10:00,15,0,0, BANNOCK ST & W ALAMEDA AVE,1,1,0,0,1,1,0,0,25,0,0,0,0,0,4,2,3
,2024-041237,39.72932336,-105.0150501,9/25/2024 16:01,16:01,12,0,0,I-25 & W 8TH AVE,1,1,0,0,1,4,0,0,55,0,0,0,0,0,1,2,7
,2024-041238,39.65315923,-104.9153405,9/27/2024 1:37,1:37,15,0,0, LOCUST ST & E HAMPDEN AVE,1,3,0,0,1,3,0,0,40,0,0,0,0,0,2,2,3
,2024-041239,39.74195872,-104.999857,9/27/2024 11:12,11:12,3,0,1, KALAMATH ST & N SPEER BLVD,1,1,0,0,1,1,0,0,30,0,0,0,0,1,4,2,13
,2024-041240,39.77292483,-104.865815,9/26/2024 14:43,14:43,1,0,1, HAVANA ST & E 40TH AVE,1,1,0,0,1,1,0,0,40,0,0,0,0,1,4,2,13
,2024-041241,39.74033829,-105.0396759,8/25/2024 22:00,22:00,16,0,0,4020 W COLFAX AVE & N PERRY ST,1,3,0,0,5,7,0,0,,0,0,0,0,0,3,2,16
,2024-041244,39.77872122,-104.9222934,9/27/2024 17:20,17:20,12,0,0,E 45TH AVE & N HOLLY ST,1,1,0,0,1,3,0,0,30,0,0,0,0,0,4,2,16
,2024-041245,39.72561295,-104.977555,9/27/2024 18:04,18:04,15,0,0, CLARKSON ST & E 6TH AVE,1,1,0,0,1,4,0,0,35,0,0,0,0,0,4,2,13
,2024-041246,39.78393497,-105.0252117,9/27/2024 13:42,13:42,1,0,0, FEDERAL BLVD & I-70 HWY EB,1,1,0,0,1,1,0,0,35,0,0,0,0,0,2,2,11
,2024-041247,39.7618039,-104.9405117,9/27/2024 18:08,18:08,1,0,0,E MLK JR BLVD & N COLORADO BLVD,1,1,0,0,1,1,0,0,30,0,0,0,0,0,2,2,14
,2024-041248,39.72570772,-105.0001916,9/27/2024 18:59,18:59,15,0,0,W 6TH AVE & N KALAMATH ST,1,2,0,0,1,3,0,0,30,0,0,0,0,0,4,2,3
,2024-041249,39.72306684,-105.0107374,9/27/2024 14:30,14:30,12,0,0,I-25 NB & W 6TH AVE,1,1,1,0,1,4,0,0,60,0,0,0,0,0,1,2,3
,2024-041250,39.75788447,-104.9740695,9/10/2024 19:40,19:40,6,0,0,WELTON ST & 30TH ST,1,3,0,0,2,4,0,0,,0,0,0,0,0,4,2,16
,2024-041259,39.68943339,-105.0016311,9/28/2024 4:10,4:10,5,0,1,W FLORIDA AVE & S LIPAN ST,1,3,1,0,3,3,0,0,30,0,0,0,0,2,4,1,13