id,drcog_id,latitude,longitude,crashtime,time,crashtype,numbkilled,numbinjurd,drcoglocat,rdconditin,lightngcon,roadcntgrd,weatherco,location,roaddescrp,schoolzone,constrzone,splimit,bikeinv,pedinv,sctrinv,motoinv,svrty,rdsystem,ttlvehcls,hcf
,2024-041266,39.66774323,-105.079707,9/27/2024 20:48,20:48,12,0,1,W YALE AVE & S WEBSTER ST,1,4,0,0,1,2,0,0,40,0,0,0,0,1,4,2,16
,2024-041267,39.78049057,-104.9626776,9/28/2024 15:31,15:31,12,0,0,I-70 WB & MM 275.374,1,1,0,0,1,4,0,0,55,0,0,0,0,0,1,2,3
,2024-041269,39.69666127,-104.9918826,9/27/2024 22:10,22:10,1,0,1,W MISSISSIPPI AVE & S SANTA FE DR,1,3,0,0,1,1,0,0,30,0,0,0,0,2,2,2,11
,2024-041272,39.74002484,-104.9980148,9/28/2024 11:48,11:48,3,0,0, SPEER BLVD & W COLFAX AVE,1,1,0,0,1,1,0,0,35,0,0,0,0,0,2,2,11
,2024-041273,39.78285509,-104.8214237,9/27/2024 20:36,20:36,6,0,0,E BOLLING DR & N DULUTH CT,1,3,0,0,1,4,0,0,20,0,0,0,0,0,4,2,3
,2024-041274,39.7609449,-105.0043202,9/28/2024 16:46,16:46,12,0,0,I-25 NB & 20TH ST,1,1,0,0,1,4,0,0,55,0,0,0,0,0,1,4,1
,2024-041275,39.71367,-104.91014,9/25/2024 17:35,17:35,16,0,0,6700 E CEDAR AVE S MONACO ST AND E CEDAR AVE,1,1,0,0,5,7,0,0,10,0,0,0,0,0,3,2,16
,2024-041284,39.7862273,-104.8473088,9/26/2024 7:55,7:55,2,0,1,E 49TH AVE & N PEORIA ST,1,1,0,0,1,1,0,0,20,1,0,0,0,1,4,1,16
,2024-041292,39.68988417,-104.9734222,9/28/2024 15:57,15:57,6,0,1,I-25 NB & S DOWNING ST,1,1,0,0,1,4,0,0,60,0,0,0,0,1,1,2,1
,2024-041293,39.77282496,-104.8016297,9/27/2024 22:51,22:51,12,0,0,E 40TH AVE & N KITTREDGE ST,1,3,0,0,1,1,0,0,35,0,0,0,0,0,4,2,3
,2024-041296,39.72413846,-104.9874822,9/25/2024 23:07,23:07,2,0,0, BROADWAY ST & E 5TH AVE,1,3,0,0,1,1,0,0,35,1,0,0,0,0,4,1,13
,2024-041297,39.77305456,-104.9755444,9/21/2024 22:15,22:15,2,0,1,38TH ST & N BRIGHTON BLVD,11,3,0,1,1,4,0,0,0,1,0,0,0,2,4,1,16
,2024-041303,39.71304465,-105.0020318,9/27/2024 17:04,17:04,6,0,0,W CEDAR AVE & S LIPAN ST,1,1,0,0,1,4,0,0,20,0,0,0,0,0,4,2,16
,2024-041304,39.6238406,-104.9040165,9/25/2024 0:07,0:07,11,0,1,E BELLEVIEW AVE & S QUEBEC ST,1,3,0,0,1,1,0,0,0,0,1,0,0,3,4,1,16
,2024-041305,39.68504074,-104.9635718,9/25/2024 8:31,8:31,15,0,0,I-25 SB OFF & S UNIVERSITY BLVD,1,1,0,0,1,8,0,0,45,0,0,0,0,0,1,2,16
,2024-041318,39.74410659,-104.9883632,9/20/2024 16:24,16:24,2,0,1,17TH ST & TREMONT PL,1,1,0,0,1,1,0,0,,1,0,0,0,1,4,1,16
,2024-041324,39.78234354,-104.8828183,8/31/2024 16:00,16:00,2,0,1,E 47TH AVE & N CENTRAL PARK BLVD,1,1,0,0,1,1,0,0,25,1,0,0,0,2,4,1,11
,2024-041326,39.78344485,-105.0345731,9/27/2024 6:19,6:19,15,0,0,I-70 HWY WB & N LOWELL BLVD,1,1,0,0,1,4,0,0,55,0,0,0,0,0,1,2,16
,2024-041342,39.77727269,-104.8827691,9/27/2024 19:45,19:45,12,0,0,I-70 WB & N CENTRAL PARK BLVD,1,3,0,0,1,4,0,0,55,0,0,0,0,0,1,2,16
,2024-041343,39.74167223,-104.9798962,9/26/2024 19:44,19:44,11,0,1, PEARL ST & E 16TH AVE,1,3,0,0,1,2,0,0,20,0,0,1,0,1,4,1,3
,2024-041347,39.71481831,-104.9862685,9/10/2024 14:00,14:00,11,0,0, LINCOLN ST & E BAYAUD AVE,1,1,0,0,1,2,0,0,0,0,1,1,0,0,4,1,16
,2024-041348,39.79111555,-105.0251013,9/25/2024 22:27,22:27,3,0,0, FEDERAL BLVD & W 52ND AVE,1,3,0,0,1,1,0,0,35,0,0,0,0,0,2,2,16
,2024-041355,39.73686851,-104.9986905,9/26/2024 11:39,11:39,2,0,1,W 13TH AVE & N SANTA FE DR,1,1,0,0,1,2,0,0,30,1,0,0,0,3,4,1,7
,2024-041363,39.7302379,-104.9034671,9/26/2024 6:24,6:24,12,0,0, QUEBEC ST & E 8TH PL,1,1,0,0,1,1,0,0,30,0,0,0,0,0,4,3,16
,2024-041366,39.72412583,-104.9497958,8/16/2024 11:10,11:10,11,0,1, STEELE ST & E 5TH AVE,1,1,0,0,1,1,0,0,0,0,0,1,0,3,4,1,16
,2024-041406,39.74000873,-104.9935591,3/20/2024 16:45,16:45,16,0,0,490 W COLFAX AVE,1,1,0,0,5,7,0,0,,0,0,0,0,1,3,2,13
,2024-041427,39.63317133,-104.9063307,9/15/2024 20:19,20:19,12,0,0,I-225 SB OF RAMP TO SB -25 & I-25 OVERPASS,1,1,3,0,1,8,0,0,,0,0,0,0,0,1,2,16
,2024-041435,39.67845779,-104.9083062,9/19/2024 8:58,8:58,12,0,0,E EVANS AVE & S ONEIDA ST,1,1,0,7,1,3,0,0,35,0,0,0,0,0,4,2,16
,2024-041529,39.69497732,-105.0532281,9/28/2024 13:00,13:00,1,0,1, SHERIDAN BLVD & W ARIZONA AVE,1,1,0,0,1,1,0,0,40,0,0,0,1,2,2,2,13
,2024-041645,39.75847587,-105.0081108,9/15/2024 0:14,0:14,15,0,0,I-25 & W 17TH AVE,1,3,0,0,1,4,0,0,55,0,0,0,0,0,1,2,11
,2024-041647,39.76045223,-105.0072271,9/30/2024 10:05,10:05,3,0,0,2500 18TH ST CENTRAL AVE,1,1,1,0,1,2,0,0,25,0,0,0,0,0,4,2,11
,2024-041681,39.70833012,-104.9279214,9/29/2024 16:10,16:10,3,0,1,LEETSDALE DR & S FOREST ST,1,1,0,0,1,2,0,0,35,0,0,0,0,1,2,2,11
,2024-041682,39.75442216,-105.0137172,9/29/2024 15:53,15:53,15,0,0,I-25 NB & N SPEER BLVD,1,1,0,0,1,4,0,0,,0,0,0,0,0,1,2,16
,2024-041683,39.77313611,-104.9126986,9/28/2024 22:50,22:50,3,0,0,E SMITH RD & N MONACO ST,1,3,3,0,1,1,0,0,,0,0,0,0,0,4,2,16
,2024-041684,39.77652558,-104.9870024,9/29/2024 21:15,21:15,6,0,0,4400  LEAF CT W 44TH AVE,1,3,0,0,1,4,0,0,25,0,0,0,0,0,4,3,13
,2024-041685,39.76825779,-104.994279,9/15/2024 2:30,2:30,15,0,0,I-25 & NB OFF RAMP MERGE PT TO I-70,1,3,0,0,1,4,0,0,,0,0,0,0,0,1,2,16
,2024-041687,39.71815797,-105.0300171,9/28/2024 15:34,15:34,3,0,1,W 1ST AVE & N IRVING ST,1,1,0,0,1,1,0,0,30,0,0,0,1,3,4,2,11
,2024-041688,39.7725574,-104.8319675,9/29/2024 9:40,9:40,5,0,1,I-70 EB OFF RAMP GORE PT & I-225,1,1,2,7,6,8,0,0,55,0,0,0,1,2,1,1,16
,2024-041689,39.76115933,-105.0047565,9/30/2024 8:59,8:59,12,0,1,I-25 SB & 20TH ST,1,1,1,0,1,4,0,0,55,0,0,0,0,1,1,3,1
,2024-041691,39.73979681,-104.8964115,9/29/2024 1:59,1:59,6,0,0, TRENTON ST & E COLFAX AVE,1,3,0,0,1,4,0,0,25,0,0,0,0,0,4,2,16
,2024-041692,39.75829112,-104.9536566,9/27/2024 17:10,17:10,6,0,0, FILLMORE ST & E 28TH AVE,1,1,0,0,1,4,0,0,20,0,0,0,0,0,4,2,11
,2024-041693,39.75287158,-104.9232809,9/27/2024 9:21,9:21,15,0,0,E 25TH AVE & N HUDSON ST,1,1,0,0,1,4,0,0,20,0,0,0,0,0,4,2,11
,2024-041694,39.72094134,-104.9862462,9/23/2024 14:15,14:15,15,0,1, LINCOLN ST & E 3RD AVE,1,1,0,0,1,1,0,0,30,0,0,0,1,3,4,2,11
,2024-041695,39.74014135,-104.9446774,9/21/2024 16:45,16:45,6,0,0,E COLFAX AVE & N GARFIELD ST,1,1,0,0,1,4,0,0,,0,0,0,0,0,2,2,16
,2024-041697,39.76074186,-104.9659536,9/28/2024 20:45,20:45,10,0,0,E 31ST AVE & N WILLIAMS ST,1,3,0,0,1,1,0,0,30,0,0,0,0,0,4,2,14
,2024-041698,39.74987924,-104.998316,9/28/2024 20:35,20:35,3,0,0,16TH ST & MARKET ST,1,3,0,0,1,1,0,0,30,0,0,0,0,0,4,2,16
,2024-041699,39.72582919,-104.9694421,9/14/2024 3:25,3:25,6,0,0, HUMBOLDT ST & E 6TH AVE,1,3,1,0,1,4,0,0,20,0,0,0,0,0,4,2,16
,2024-041700,39.77668578,-104.8099035,9/15/2024 14:10,14:10,12,0,0, CHAMBERS RD & E 46TH AVE,1,1,0,0,1,4,0,0,35,0,0,0,0,0,4,2,10
,2024-041702,39.72554909,-105.0253505,9/29/2024 14:26,14:26,12,0,0,W 6TH AVE & N FEDERAL BLVD,1,1,1,0,1,1,0,0,25,0,0,0,0,0,2,2,11
,2024-041703,39.70220354,-105.0250601,9/30/2024 17:14,17:14,12,0,0, FEDERAL BLVD & W OHIO AVE,1,1,0,0,1,1,0,0,40,0,0,0,0,0,2,2,1
,2024-041704,39.67478902,-104.9305129,9/15/2024 14:38,14:38,12,0,0,I-25 & NB OFF RAMP EXT TO E EVANS AVE,1,1,0,0,1,4,0,0,,0,0,0,0,0,1,2,16
,2024-041706,39.72556763,-105.0134037,7/22/2024 11:24,11:24,15,0,0,I-25 & W 6TH AVE,1,1,0,0,1,4,0,0,,0,0,0,0,0,2,2,16
,2024-041707,39.744957,-104.9406069,9/28/2024 20:15,20:15,12,0,0, COLORADO BLVD & E 18TH AVE,1,3,0,0,1,4,0,0,35,0,0,0,0,0,2,2,16
,2024-041708,39.76083129,-104.9858873,9/28/2024 20:41,20:41,11,0,2,BLAKE ST & 27TH ST,1,1,0,0,1,1,0,0,20,0,1,0,0,1,4,1,11
,2024-041709,39.79102965,-104.817028,8/10/2024 0:02,0:02,12,0,0,E 53RD AVE & DURHAM CT,1,3,0,0,1,4,0,0,25,0,0,0,0,0,4,2,1
,2024-041710,39.71115908,-104.9859985,9/26/2024 7:56,7:56,15,0,0, ALAMEDA AVE & S LINCOLN ST,1,1,0,0,1,4,0,0,30,0,0,0,0,0,4,2,16
,2024-041711,39.74744335,-104.9034481,9/24/2024 16:20,16:20,12,0,0, QUEBEC ST & E MONTVIEW BLVD,1,1,0,0,1,1,0,0,,0,0,0,0,0,4,2,16
,2024-041712,39.70092483,-104.9874708,9/28/2024 9:05,9:05,5,0,0,I-25 SB OFF RAMP & S BROADWAY ST,1,1,1,0,6,1,0,0,,0,0,0,0,0,4,1,16
,2024-041713,39.74333472,-105.0252108,9/29/2024 15:20,15:20,3,0,0, FEDERAL BLVD & W 17TH AVE,1,1,0,0,1,1,0,0,35,0,0,0,0,0,2,2,13
,2024-041714,39.74354884,-104.9589431,8/21/2024 19:38,19:38,15,0,0,E 17TH AVE & N JOSEPHINE ST,1,3,0,0,1,4,0,0,,0,0,0,0,0,4,2,16
,2024-041715,39.73829683,-104.9407607,7/18/2024 17:14,17:14,12,0,0,E 14TH AVE & N COLORADO BLVD,1,1,0,7,1,3,0,0,,0,0,0,0,0,2,2,16
,2024-041717,39.6344349,-105.1074792,9/20/2024 4:30,4:30,6,0,0,W STANFORD AVE & S JELLISON ST,1,3,0,0,1,4,0,0,20,0,0,0,0,0,4,2,16
,2024-041718,39.69128624,-105.029717,9/30/2024 8:42,8:42,3,0,0,W ARKANSAS AVE & S IRVING ST,1,1,0,0,1,1,0,0,,0,0,0,0,0,4,2,13
,2024-041720,39.79838701,-104.7864124,9/28/2024 11:50,11:50,12,0,2,E 56TH AVE & PENA BLVD INBOUND,1,1,0,0,1,4,0,0,40,0,0,0,0,2,4,3,10
,2024-041721,39.78058749,-104.9460888,9/28/2024 10:32,10:32,15,0,0,I-70 EB & N COLORADO BLVD,1,1,0,0,1,4,0,0,,0,0,0,0,0,1,2,16
,2024-041722,39.69431755,-104.9128903,9/28/2024 10:28,10:28,9,0,0, MONACO ST & E ARIZONA AVE,1,1,0,7,1,4,0,0,35,0,0,0,0,0,4,2,7
,2024-041724,39.62389228,-104.90171,9/30/2024 18:04,18:04,12,0,1,I-25 NB & E BELLEVIEW AVE,1,3,0,0,1,4,0,0,65,0,0,0,0,1,1,2,13
,2024-041725,39.71156233,-104.9406226,9/30/2024 17:26,17:26,1,0,2,E ALAMEDA AVE & S COLORADO BLVD,1,1,0,0,1,2,0,0,35,0,0,0,0,1,4,2,11
,2024-041726,39.79451201,-104.8658807,9/27/2024 10:17,10:17,1,0,0, HAVANA ST & E 54TH AVE,1,1,0,0,1,1,0,0,40,0,0,0,0,0,4,2,11
,2024-041727,39.75084719,-104.9659425,9/26/2024 11:20,11:20,15,0,0, WILLIAMS ST & E 23RD AVE,1,1,0,0,1,4,0,0,20,0,0,0,0,0,4,2,11
,2024-041728,39.79065412,-104.7980978,9/22/2024 20:01,20:01,15,0,1,E 53RD AVE & N LAREDO ST,1,3,0,0,1,4,0,0,25,0,0,0,1,2,4,2,3
,2024-041729,39.75305353,-104.9854767,9/29/2024 17:07,17:07,11,0,0,PARK AVE W & CHAMPA ST,1,1,0,0,1,1,0,0,15,0,0,1,0,0,4,1,13
,2024-041730,39.75473215,-104.9034036,9/28/2024 9:25,9:25,12,0,0, QUEBEC ST & E 26TH AVE,1,1,0,0,1,1,0,0,35,0,0,0,0,0,4,2,1
,2024-041731,39.68466578,-104.8923597,9/28/2024 13:13,13:13,1,0,0, QUEBEC WAY & E COLORADO AVE,1,1,0,0,1,1,0,0,40,0,0,0,0,0,4,2,11
,2024-041732,39.65785665,-105.046846,9/29/2024 13:00,13:00,14,0,1,W DARTMOUTH AVE & S WINONA CT,1,1,0,0,6,4,0,0,30,0,0,0,0,2,4,2,16
,2024-041733,39.67846585,-104.9250597,9/27/2024 9:14,9:14,5,0,0,E EVANS AVE & S GRAPE ST,1,1,0,0,3,1,0,0,35,0,0,0,0,0,4,1,16
,2024-041734,39.76655032,-104.9836474,9/29/2024 0:36,0:36,12,0,1, BRIGHTON BLVD & 31ST ST,1,3,0,0,1,1,0,0,35,0,0,0,0,2,4,2,1
,2024-041735,39.78056955,-104.9476338,9/30/2024 8:06,8:06,3,0,0,E 46TH AVE  & N COOK ST,1,1,0,0,1,2,0,0,25,0,0,0,0,0,4,2,3
,2024-041737,39.81216632,-104.7863662,9/29/2024 20:10,20:10,12,0,0,6400 PENA BLVD,1,3,0,0,1,4,0,0,65,0,0,0,0,0,4,2,7
,2024-041738,39.71111921,-104.9592612,9/29/2024 21:15,21:15,3,0,0,E ALAMEDA AVE & S UNIVERSITY BLVD,14,5,3,7,1,1,0,0,35,0,0,0,0,0,4,2,10
,2024-041740,39.77853686,-105.0251496,9/30/2024 6:20,6:20,5,0,0, FEDERAL BLVD & W 45TH AVE,1,3,0,0,3,4,0,0,35,0,0,0,0,0,2,1,2
,2024-041741,39.77518722,-104.7459846,9/23/2024 14:20,14:20,3,0,0,E 42ND AVE & N LISBON ST,1,1,0,0,1,1,0,0,30,0,0,0,0,0,4,2,11
,2024-041743,39.67846365,-104.9129872,9/30/2024 13:31,13:31,3,0,0,E EVANS AVE & S MONACO PKWY,1,1,0,0,1,2,0,0,10,0,0,0,0,0,4,2,13
,2024-041744,39.71159503,-104.936784,8/28/2024 22:52,22:52,8,0,0,E ALAMEDA AVE,1,3,0,0,6,3,0,0,,0,0,0,0,0,2,2,16
,2024-041745,39.72410049,-104.9787564,8/26/2024 17:40,17:40,6,0,0, WASHINGTON ST & E 5TH AVE,14,5,3,7,1,4,0,0,,0,0,0,0,0,4,2,16
,2024-041746,39.69579667,-105.019312,9/26/2024 15:45,15:45,10,0,1, CANOSA CT & W MOSIER PL,1,1,0,0,1,4,0,0,25,0,0,0,0,1,4,2,8
,2024-041747,39.71325394,-104.9994136,9/29/2024 13:29,13:29,3,0,1,W CEDAR AVE & S KALAMATH ST,1,1,0,0,1,1,0,0,30,0,0,0,0,1,4,2,16
,2024-041749,39.77732907,-104.8827848,6/10/2024 19:30,19:30,15,0,0,I-70 & N CENTRAL PARK BLVD,1,1,0,0,1,4,0,0,,0,0,0,0,0,2,2,16
,2024-041750,39.72557904,-104.9723437,8/30/2024 14:49,14:49,5,0,0,633  MARION ALLEY & E 6TH AVE,1,1,0,0,2,9,0,1,,0,0,0,0,0,4,1,16
,2024-041753,39.76029311,-105.053241,9/30/2024 11:50,11:50,1,0,0, SHERIDAN BLVD & W 30TH AVE,1,1,0,0,1,1,0,0,35,0,0,0,0,0,2,2,11
,2024-041754,39.75294683,-104.9925978,9/28/2024 17:12,17:12,11,0,0,20TH ST & LARIMER ST,1,1,0,0,1,1,0,0,30,0,1,0,0,0,4,1,10
,2024-041755,39.71802442,-104.9518961,9/30/2024 5:55,5:55,15,0,0,E 1ST AVE & N MILWAUKEE ST,1,2,0,0,1,3,0,0,30,0,0,0,0,0,4,2,11
,2024-041757,39.76450901,-104.9708845,9/29/2024 19:17,19:17,3,0,0,E BRUCE RANDOLPH AVE & N LAFAYETTE ST,1,3,0,0,1,1,0,0,30,0,0,0,0,0,4,2,14
,2024-041758,39.80023834,-104.7628325,9/29/2024 16:00,16:00,1,0,0, DUNKIRK ST & E 57TH AVE,1,1,0,0,1,1,0,0,30,0,0,0,0,0,4,2,11
,2024-041759,39.70815748,-104.9269733,9/29/2024 20:39,20:39,1,0,0,LEETSDALE DR & S FOREST ST,1,3,0,0,1,1,0,0,35,0,0,0,0,0,2,2,11
,2024-041760,39.75129005,-105.0167813,9/29/2024 20:28,20:28,1,0,0,W 23RD AVE & I-25 SB ON RAMP,1,3,0,0,1,1,0,0,25,0,0,0,0,0,4,2,4
,2024-041761,39.79839407,-104.7721172,9/27/2024 14:21,14:21,15,0,0, TOWER RD & E 56TH AVE,1,1,0,0,1,1,0,0,40,0,0,0,0,0,4,2,7
,2024-041763,39.72727829,-104.9823645,9/28/2024 10:27,10:27,12,0,0, LOGAN ST & E 7TH AVE,1,1,0,0,1,1,0,0,25,0,0,0,0,0,4,2,3
,2024-041764,39.84040601,-104.6718296,9/30/2024 4:52,4:52,15,0,1,PENA BLVD & TERMINAL EAST,1,3,3,0,1,4,0,0,45,0,0,0,0,2,4,2,14
,2024-041767,39.74942103,-105.0006055,9/30/2024 1:40,1:40,12,0,0,BLAKE ST & 15TH ST,1,3,0,0,1,4,0,0,35,0,0,0,0,0,4,2,16
,2024-041768,39.68213691,-105.053215,9/30/2024 7:00,7:00,12,0,0, SHERIDAN BLVD & W JEWELL AVE,1,1,1,0,1,4,0,0,40,0,0,0,0,0,2,2,16
,2024-041772,39.72332475,-104.9826454,9/27/2024 14:15,14:15,15,0,0, SPEER BLVD & N LOGAN ST,1,1,0,0,1,4,0,0,,0,0,0,0,0,4,2,16
,2024-041773,39.7673813,-104.9025339,9/28/2024 20:48,20:48,1,0,0,QUEBEC ST & E 36TH AVE,1,3,0,0,1,1,0,0,35,0,0,0,0,0,4,2,13
,2024-041775,39.67332652,-104.9385102,9/29/2024 14:19,14:19,2,0,1,E WESLEY AVE & S ASH ST,1,1,0,0,1,1,0,0,20,1,0,0,0,1,4,1,13
,2024-041776,39.63323752,-104.9063409,9/30/2024 17:53,17:53,12,0,1,I-25 HWY NB & MM 200.066,1,2,0,0,1,4,0,0,55,0,0,0,0,2,1,3,16
,2024-041777,39.68935671,-104.9035124,9/27/2024 1:39,1:39,5,0,0, QUEBEC ST & E FLORIDA AVE,1,3,0,0,3,1,0,0,35,0,0,0,0,0,4,1,16
,2024-041778,39.70557468,-104.9956945,9/30/2024 18:22,18:22,15,0,0,I-25 NB & W ALAMEDA AVE,1,1,0,0,1,4,0,0,60,0,0,0,0,0,1,3,3
,2024-041779,39.7487946,-105.0235412,9/28/2024 14:20,14:20,6,0,0,W 21ST AVE & ELIOT ST,1,1,0,0,1,4,0,0,,0,0,0,0,0,4,2,16
,2024-041781,39.72931476,-105.0251486,8/22/2024 15:43,15:43,3,0,1,W 8TH AVE & N FEDERAL BLVD,1,1,0,0,1,1,0,0,40,0,0,0,0,2,2,2,3
,2024-041782,39.72563179,-104.9836192,9/27/2024 13:30,13:30,3,0,2,E 6TH AVE & N GRANT ST,1,1,0,0,1,1,0,0,35,0,0,0,0,1,4,2,10
,2024-041783,39.75483279,-105.0191582,9/15/2024 18:58,18:58,11,0,1, BRYANT ST & W 26TH AVE,1,3,0,0,1,1,0,0,0,0,0,1,0,2,4,1,16
,2024-041789,39.84928164,-104.6726895,9/29/2024 17:34,17:34,6,0,0,8400 PENA BLVD,1,1,0,0,1,4,0,0,10,0,0,0,0,0,4,2,16
,2024-041791,39.67853499,-104.9875673,9/28/2024 13:34,13:34,12,0,0, BROADWAY ST & E EVANS AVE,1,1,0,0,1,1,0,0,40,0,0,0,0,0,4,2,13
,2024-041796,39.67189469,-104.9406317,9/28/2024 15:21,15:21,6,0,1, COLORADO BLVD & E DICKENSON PL,14,1,3,7,1,1,0,0,20,0,0,0,0,1,4,2,16
,2024-041797,39.72702467,-105.0427158,9/28/2024 10:26,10:26,6,0,0,600  STUART ST,1,1,0,0,1,4,0,0,20,0,0,0,0,0,4,2,16
,2024-041798,39.78227714,-104.8632825,9/30/2024 7:58,7:58,11,0,1,E 47TH AVE & N IRONTON ST,1,1,0,0,1,3,0,0,25,0,1,0,0,3,4,1,11
,2024-041799,39.78561336,-105.0252058,9/30/2024 1:50,1:50,5,0,1, FEDERAL BLVD & W 49TH AVE,1,3,0,0,2,1,0,0,35,0,0,0,0,3,2,2,16
,2024-041802,39.71986081,-104.9874835,9/13/2024 22:15,22:15,15,0,0, BROADWAY ST & E 3RD AVE,1,3,0,0,1,4,0,0,35,0,0,0,0,0,4,2,16
,2024-041807,39.738288,-104.9406146,9/26/2024 12:50,12:50,10,0,0, COLORADO BLVD & E 14TH AVE,1,1,0,0,1,1,0,0,35,0,0,0,0,0,2,2,8
,2024-041810,39.70352148,-104.9733799,9/14/2024 11:18,11:18,6,0,0, DOWNING ST & E EXPOSITION AVE,1,1,0,0,1,4,0,0,25,0,0,0,0,0,4,2,13
,2024-041811,39.72221199,-105.0093423,9/29/2024 1:33,1:33,5,0,0,I-25 NB OFF RAMP GORE PT & W 6TH AVE,1,3,0,0,1,8,0,0,55,0,0,0,0,0,1,1,10
,2024-041815,39.68203037,-105.0532316,9/18/2024 19:59,19:59,15,0,0, SHERIDAN BLVD & W JEWELL AVE,1,3,0,0,1,4,0,0,,0,0,0,0,0,2,2,16
,2024-041816,39.67845597,-104.9406291,9/28/2024 22:26,22:26,3,0,0, COLORADO BLVD & E EVANS AVE,1,3,0,0,1,1,0,0,35,0,0,0,0,0,2,2,4
,2024-041817,39.74757895,-105.0252232,9/30/2024 14:26,14:26,8,0,1, FEDERAL BLVD & W 20TH AVE,1,1,0,0,1,1,0,0,35,0,0,0,0,1,2,2,16
,2024-041819,39.77188536,-104.7494844,9/10/2024 15:00,15:00,6,0,0, JERICHO ST & E 41ST AVE,1,1,0,0,1,4,1,0,20,0,0,0,0,0,4,2,16
,2024-041821,39.79089743,-104.7961318,9/29/2024 13:54,13:54,12,0,0, MEMPHIS ST & E 53RD AVE,1,1,0,0,1,1,0,0,25,0,0,0,0,0,4,2,3
,2024-041822,39.72861989,-104.9894876,9/29/2024 17:54,17:54,1,0,2, BANNOCK ST & N SPEER BLVD,1,1,0,0,1,1,0,0,35,0,0,0,0,2,4,2,11
,2024-041823,39.76203054,-105.0287751,9/25/2024 11:46,11:46,3,0,3, SPEER BLVD & W 32ND AVE,1,1,0,0,1,1,0,0,30,0,0,0,0,2,4,2,11
,2024-041826,39.75424222,-104.9034112,9/28/2024 9:36,9:36,12,0,1, QUEBEC ST & E 26TH AVE,1,1,0,0,1,4,0,0,35,0,0,0,0,1,4,2,3
,2024-041827,39.74653645,-105.0076224,9/14/2024 2:19,2:19,5,0,0,9TH ST & AURARIA PKWY,1,3,0,0,6,1,0,0,35,0,0,0,0,0,4,1,16
,2024-041828,39.75073573,-104.9763235,9/17/2024 17:00,17:00,15,0,0,E 23RD AVE & N EMERSON ST,1,1,0,0,1,4,0,0,35,0,0,0,0,0,4,3,1
,2024-041830,39.79839142,-104.7869101,9/28/2024 13:10,13:10,12,0,0,E 56TH AVE  & PENA BLVD SB ON RAMP,1,1,0,0,1,4,0,0,40,0,0,0,0,0,4,2,3
,2024-041838,39.78002964,-104.9404933,9/29/2024 2:24,2:24,5,0,1,I-70 EB & N COLORADO BLVD,1,3,0,0,1,4,0,0,55,0,0,0,0,2,1,2,14
,2024-041840,39.65303778,-104.931703,9/28/2024 11:56,11:56,1,0,0,E HAMPDEN AVE & S DAHLIA ST,1,1,0,0,1,1,0,0,40,0,0,0,0,0,2,2,14
,2024-041841,39.74733737,-104.9874342,7/22/2024 16:37,16:37,15,0,0,WELTON ST & N BROADWAY ST,1,1,0,0,1,3,0,0,,0,0,0,0,0,4,2,16
,2024-041846,39.7402191,-105.0094108,9/30/2024 11:03,11:03,12,0,0,W COLFAX AVE & MM 296.996,1,1,0,0,1,4,0,0,40,0,0,0,0,0,2,2,13
,2024-041847,39.79092452,-104.8332229,9/28/2024 20:59,20:59,6,0,1,5100  VICTOR WAY E 51ST AVE,2,4,0,0,6,4,0,0,20,0,0,0,0,2,4,3,14
,2024-041964,39.7694401,-105.0391143,9/27/2024 12:20,12:20,12,0,1,W 38TH AVE & N PERRY ST,1,1,0,0,1,3,0,0,35,0,0,0,0,1,4,2,16
,2024-041965,39.7561833,-105.0142079,10/1/2024 16:09,16:09,3,0,1, SPEER BLVD & I-25 SB OFF RAMP,1,1,1,0,1,1,0,0,35,0,0,0,0,2,1,3,1
,2024-041966,39.71818714,-104.9611733,10/1/2024 19:21,19:21,15,0,0,2400 E 1ST AVE S UNIVERSITY BLVD,1,3,3,0,1,4,0,0,30,0,0,0,0,0,4,2,13
,2024-041967,39.78723628,-104.7899493,10/1/2024 18:06,18:06,12,0,0,PENA BLVD & GREEN VALLEY RANCH BLVD,1,2,0,0,1,4,0,0,65,0,0,0,0,0,4,3,3
,2024-041968,39.83185603,-104.6929572,9/30/2024 11:47,11:47,3,0,0,E 75TH AVE & N JACKSON GAP RD,1,1,0,0,1,1,0,0,15,0,0,0,0,0,4,3,13
,2024-041969,39.6846922,-104.95022,9/29/2024 9:50,9:50,15,0,0,I-25 SB & S UNIVERSITY BLVD,1,1,0,0,1,4,0,0,60,0,0,0,0,0,1,2,11
,2024-041970,39.66772314,-105.0253634,10/1/2024 14:14,14:14,12,0,0,W YALE AVE & S FEDERAL BLVD,1,1,0,0,1,4,0,0,30,0,0,0,0,0,4,2,16
,2024-041971,39.6791603,-105.0532681,10/1/2024 8:37,8:37,12,0,1, SHERIDAN BLVD & W EVANS AVE,1,1,0,0,1,3,0,0,40,0,0,0,0,1,2,3,3
,2024-041972,39.82785565,-104.7469212,10/1/2024 11:09,11:09,9,0,2,E-470 NB OFF RAMP GORE PT & PENA BLVD,1,1,1,0,1,8,0,1,65,0,0,0,0,2,2,1,7