id,drcog_id,latitude,longitude,crashtime,time,crashtype,numbkilled,numbinjurd,drcoglocat,rdconditin,lightngcon,roadcntgrd,weatherco,location,roaddescrp,schoolzone,constrzone,splimit,bikeinv,pedinv,sctrinv,motoinv,svrty,rdsystem,ttlvehcls,hcf
,2024-041978,39.8146202,-104.7720774,10/1/2024 6:49,6:49,3,0,1, TOWER RD & E 65TH AVE,1,1,0,0,1,1,0,0,45,0,0,0,0,1,4,2,13
,2024-041979,39.82013378,-104.6654813,10/1/2024 7:58,7:58,3,0,0,E 68TH AVE & N VALLEY HEAD ST,1,1,0,0,1,1,0,0,45,0,0,0,0,0,4,2,16
,2024-041980,39.72549637,-104.8786124,10/1/2024 8:49,8:49,3,0,0,ALTON WY & E LOWRY BLVD,1,1,0,0,1,1,0,0,25,0,0,0,0,0,4,2,11
,2024-041981,39.76202213,-105.0189693,10/1/2024 8:42,8:42,3,0,0, BRYANT ST & W 32ND AVE,1,1,1,0,1,1,0,0,20,0,0,0,0,0,4,2,11
,2024-041982,39.7341408,-104.9586092,9/30/2024 16:34,16:34,15,0,0, JOSEPHINE ST & E 11TH AVE,1,1,0,0,1,4,0,0,30,0,0,0,0,0,4,3,13
,2024-041985,39.77619551,-104.8828917,10/1/2024 19:37,19:37,3,0,2, CENTRAL PARK BLVD & I-70 EB OFF RAMP,1,3,0,0,1,1,0,0,35,0,0,0,0,2,4,2,8
,2024-041986,39.71081438,-104.9477707,9/30/2024 17:00,17:00,12,0,0,3200 E CHERRY CREEK  DR & E ALAMEDA AVE,1,1,0,0,1,4,0,0,25,0,0,0,0,0,4,2,13
,2024-041992,39.74394472,-105.0252089,10/1/2024 8:53,8:53,3,0,0,W 17TH AVE & N FEDERAL BLVD,1,1,0,0,1,1,0,0,35,0,0,0,0,0,2,2,13
,2024-041995,39.7510417,-104.9405999,9/30/2024 20:48,20:48,12,0,0, COLORADO BLVD & E 23RD AVE,1,3,1,0,1,1,0,0,35,0,0,0,0,0,2,2,1
,2024-041996,39.73833726,-104.9139494,9/30/2024 16:45,16:45,15,0,0,E 14TH AVE & N LOCUST ST,1,1,0,0,1,1,0,0,30,0,0,0,0,0,4,2,16
,2024-041999,39.75074421,-105.0168183,9/30/2024 16:40,16:40,12,0,0,I-25 HWY NB & W 23RD AVE,1,1,0,0,1,4,0,0,55,0,0,0,0,0,1,3,3
,2024-042001,39.71468829,-104.9407886,9/24/2024 15:40,15:40,12,0,0, COLORADO BLVD & E BAYAUD AVE,1,1,0,0,1,3,0,0,35,0,0,0,0,0,2,2,16
,2024-042002,39.76578343,-104.9281779,10/1/2024 11:30,11:30,6,0,0, FAIRFAX ST & E 35TH AVE,1,1,0,0,6,4,0,0,25,0,0,0,0,0,4,2,3
,2024-042003,39.74323695,-104.9672168,10/1/2024 12:20,12:20,1,0,0, GILPIN ST & E 17TH AVE,1,1,0,0,1,1,0,0,20,0,0,0,0,0,4,2,13
,2024-042004,39.68943471,-105.0326745,9/30/2024 17:24,17:24,12,0,0,W FLORIDA AVE & S KNOX CT,1,1,0,0,1,4,0,0,30,0,0,0,0,0,4,3,11
,2024-042005,39.72560462,-105.0249799,10/1/2024 9:49,9:49,15,0,1,W 6TH AVE & N FEDERAL BLVD,1,1,0,0,1,4,0,0,55,0,0,0,0,1,2,2,13
,2024-042006,39.72064914,-105.0015999,9/25/2024 5:21,5:21,6,0,0, LIPAN ST & W 3RD AVE,1,3,0,7,1,4,0,0,25,0,0,0,0,0,4,2,16
,2024-042008,39.65305245,-104.8844302,9/30/2024 7:53,7:53,12,0,0,E HAMPDEN AVE & S YOSEMITE ST,1,1,0,0,1,3,0,0,45,0,0,0,0,0,2,2,2
,2024-042010,39.74696566,-104.9775445,10/1/2024 13:50,13:50,10,0,0, CLARKSON ST & PARK AVE,1,1,0,0,1,1,0,0,35,0,0,0,0,0,4,2,13
,2024-042012,39.74482551,-104.9696763,9/30/2024 13:15,13:15,3,0,1,E 18TH AVE & N HUMBOLDT ST,1,1,0,0,1,1,0,0,20,0,0,0,1,3,4,2,11
,2024-042013,39.7857264,-104.8830339,9/30/2024 21:17,21:17,12,0,0, CENTRAL PARK BLVD & E NORTHFIELD BLVD,1,3,0,0,1,4,0,0,40,0,0,0,0,0,4,2,12
,2024-042014,39.7563003,-104.9900214,9/25/2024 8:10,8:10,6,0,0,MARKET ST & PARK AVE W,1,1,0,0,1,4,0,0,25,0,0,0,0,0,4,2,3
,2024-042018,39.68477629,-105.0297892,9/30/2024 20:15,20:15,6,0,0, IRVING ST & W COLORADO AVE,1,3,1,0,1,4,0,0,25,0,0,0,0,0,4,2,14
,2024-042022,39.67128141,-104.9844626,10/1/2024 16:46,16:46,5,0,1,E HARVARD AVE & S SHERMAN ST,1,1,0,0,2,4,0,0,25,0,0,0,0,2,4,1,16
,2024-042023,39.78377837,-104.7946523,10/1/2024 18:19,18:19,3,0,0,E GREEN VALLEY RANCH BLVD & N AIRPORT WAY,1,1,0,0,1,1,0,0,35,0,0,0,0,0,4,2,1
,2024-042024,39.68968512,-104.9734294,10/1/2024 17:11,17:11,12,0,0,I-25 NB & S DOWNING ST,1,1,0,0,1,4,0,0,55,0,0,0,0,0,1,2,1
,2024-042025,39.69178509,-104.9923667,10/1/2024 13:04,13:04,12,0,3, SANTA FE DR & W ARKANSAS AVE,1,1,0,0,1,4,0,0,45,0,0,0,0,1,2,3,3
,2024-042026,39.68758021,-104.981807,10/1/2024 7:45,7:45,15,0,1,E IOWA AVE & S PENNSYLVANIA ST,1,1,0,0,1,1,0,0,30,0,0,0,0,1,4,2,11
,2024-042028,39.78381267,-104.9480136,10/1/2024 14:54,14:54,3,0,2, VASQUEZ BLVD & E 48TH AVE,1,1,0,7,1,1,0,0,35,0,0,0,1,3,2,3,16
,2024-042030,39.78238982,-104.8470106,9/28/2024 15:25,15:25,3,0,0, PEORIA ST & E ALBROOK DR,1,1,0,0,1,1,0,0,25,0,0,0,0,0,4,2,14
,2024-042032,39.73875376,-104.9574342,9/30/2024 16:11,16:11,6,0,1, COLUMBINE ST & E COLFAX AVE,1,1,0,0,1,4,0,0,20,0,0,0,1,3,4,2,16
,2024-042033,39.77397497,-104.8657449,10/1/2024 7:01,7:01,12,0,1, HAVANA ST & I-70 EB ON,1,1,0,0,1,4,0,0,40,0,0,0,0,1,4,4,13
,2024-042034,39.78787023,-104.80977,9/16/2024 20:00,20:00,12,0,0, CHAMBERS RD & E 52ND AVE,1,3,0,0,1,3,0,0,40,0,0,0,0,0,4,2,16
,2024-042035,39.71121054,-104.9315657,10/1/2024 16:37,16:37,3,0,3,E ALAMEDA AVE & S DAHLIA ST,1,1,0,0,1,1,0,0,35,0,0,0,0,1,4,2,11
,2024-042036,39.67864222,-105.0254149,9/30/2024 19:05,19:05,3,0,2,W EVANS AVE & S FEDERAL BLVD,1,1,0,0,1,2,0,0,,0,0,0,0,1,4,2,16
,2024-042037,39.71089469,-104.9863728,10/1/2024 14:08,14:08,15,0,0, LINCOLN ST & E ALAMEDA AVE,1,1,0,0,1,2,0,0,30,0,0,0,0,0,4,2,8
,2024-042038,39.73475327,-104.9338444,8/15/2024 7:31,7:31,16,0,0,1150  CHERRY ST,14,5,3,7,6,14,0,0,,0,0,0,0,0,4,1,16
,2024-042039,39.75294684,-104.9925978,10/1/2024 14:15,14:15,11,0,1,LARIMER ST & 20TH ST,1,1,0,0,1,1,0,0,35,0,0,1,0,1,4,1,16
,2024-042048,39.84928164,-104.6726895,7/23/2024 12:06,12:06,16,0,2,8400 PENA BLVD & DOOR 608,1,1,0,0,5,4,0,0,,0,1,0,0,2,3,1,16
,2024-042083,39.79838823,-104.7857814,7/27/2024 15:35,15:35,1,0,0,E 56TH AVE & PENA BLVD IB RAMPS,1,1,0,0,1,1,0,0,45,0,0,0,0,0,4,2,11
,2024-042088,39.67544883,-104.9187953,10/2/2024 11:11,11:11,6,0,0, JASMINE ST & E EVANS AVE,1,1,0,0,2,4,0,0,25,0,0,0,0,0,4,2,14
,2024-042096,39.7233534,-105.0074828,10/2/2024 8:34,8:34,6,0,0, QUIVAS ST & RARITAN WAY,1,1,0,0,1,4,0,0,30,0,0,0,0,0,4,2,16
,2024-042102,39.74798279,-104.9885723,10/2/2024 12:15,12:15,10,0,0,19TH ST & CALIFORNIA ST,1,1,0,0,1,1,0,0,35,0,0,0,0,0,4,2,7
,2024-042103,39.74476891,-104.9597905,10/1/2024 17:55,17:55,15,0,0,E 18TH AVE & N YORK ST,1,1,0,0,1,1,0,0,35,0,0,0,0,0,4,2,8
,2024-042105,39.76192923,-104.9659555,9/10/2024 15:20,15:20,12,0,0, WILLIAMS ST & E MLK JR BLVD,1,1,0,0,1,3,0,0,25,0,0,0,0,0,4,2,16
,2024-042106,39.74033849,-105.0394259,9/27/2024 20:03,20:03,12,0,0,W COLFAX AVE & N PERRY ST,1,1,0,0,1,4,0,0,35,0,0,0,0,0,2,2,13
,2024-042112,39.71311429,-104.912905,10/2/2024 15:47,15:47,15,0,0, MONACO ST & E CEDAR AVE,1,3,0,0,1,1,0,0,40,0,0,0,0,0,4,2,16
,2024-042120,39.77756905,-104.9582379,10/1/2024 6:16,6:16,12,0,0, JOSEPHINE ST & E 44TH AVE,1,1,0,0,1,3,0,0,35,0,0,0,0,0,4,2,16
,2024-042123,39.71816106,-105.0263369,10/2/2024 16:57,16:57,3,0,3,W 1ST AVE & N GROVE ST,1,1,0,0,1,1,0,0,25,0,0,0,0,1,4,2,7
,2024-042124,39.65339597,-104.940587,10/1/2024 11:00,11:00,15,0,0, COLORADO BLVD & E HAMPDEN AVE,1,1,0,0,1,3,0,0,40,0,0,0,0,0,2,2,8
,2024-042125,39.68954765,-105.0532506,9/18/2024 8:15,8:15,11,0,1,W FLORIDA AVE & S SHERIDAN BLVD,1,1,0,0,1,1,0,0,35,0,1,0,0,2,2,1,7
,2024-042129,39.65246129,-104.8847953,9/30/2024 13:32,13:32,11,0,1, YOSEMITE ST & E HAMPDEN AVE,1,1,1,0,1,2,0,0,0,0,0,1,0,2,4,1,16
,2024-042130,39.84414491,-104.6769999,10/2/2024 17:28,17:28,12,0,1,PENA BLVD & E 81ST AVE,1,1,0,0,5,4,0,0,35,0,0,0,0,3,3,2,10
,2024-042131,39.67327332,-105.0250549,10/2/2024 8:18,8:18,15,0,0, FEDERAL BLVD & W HARVARD AVE,1,1,0,0,1,1,0,0,40,0,0,0,0,0,2,2,13
,2024-042132,39.78332486,-105.0345751,10/2/2024 12:13,12:13,12,0,0,I-70 EB ON & N LOWELL BLVD,1,1,0,0,1,1,0,0,30,0,0,0,0,0,4,2,13
,2024-042136,39.68311279,-104.9405292,10/2/2024 6:27,6:27,1,0,1, COLORADO BLVD & I-25 NB ON RAMP,1,3,1,0,1,1,0,0,35,0,0,0,0,1,2,2,10
,2024-042137,39.75762608,-104.9984238,9/22/2024 2:20,2:20,15,0,0,20TH ST & CHESTNUT PL,11,3,1,1,1,4,0,0,35,0,0,0,0,0,4,2,16
,2024-042138,39.72098161,-104.9580282,10/1/2024 14:18,14:18,6,0,0,E 3RD AVE & N JOSEPHINE ST,1,1,0,0,1,4,0,0,20,0,0,0,0,0,4,2,16
,2024-042141,39.7282724,-105.000183,10/2/2024 18:40,18:40,15,0,0, KALAMATH ST SLIP RAMP & W 8TH AVE,1,1,0,0,1,1,0,0,35,0,0,0,0,0,4,2,13
,2024-042145,39.68949248,-105.0248476,10/2/2024 7:28,7:28,12,0,0,W FLORIDA AVE & S FEDERAL BLVD,1,1,0,0,1,3,0,0,30,0,0,0,0,0,2,2,1
,2024-042147,39.69313694,-105.0165308,9/30/2024 12:26,12:26,11,0,0,W LOUISIANA AVE & S ALCOTT ST,1,1,0,0,1,1,0,0,30,0,0,1,0,0,4,1,13
,2024-042148,39.74422495,-104.98821,10/2/2024 9:41,9:41,12,0,0,TREMONT PL & 17TH ST,1,1,0,0,1,4,0,0,20,0,0,0,0,0,4,2,13
,2024-042149,39.79840882,-104.7727012,10/2/2024 8:00,8:00,15,0,0,E 56TH AVE & N TOWER RD,1,1,0,0,1,4,0,0,40,0,0,0,0,0,4,2,13
,2024-042152,39.72414169,-104.9862521,9/18/2024 14:55,14:55,12,0,0, LINCOLN ST & E 5TH AVE,1,1,0,0,1,1,0,0,35,0,0,0,0,0,4,2,16
,2024-042154,39.83310361,-104.773129,10/1/2024 17:42,17:42,15,0,0,PENA BLVD & MM 5.75 (NEAR TOWER RD),1,1,1,0,1,4,0,0,65,0,0,0,0,0,4,2,10
,2024-042155,39.79830251,-104.7697804,10/2/2024 7:32,7:32,1,0,2, ARGONNE ST & E 56TH AVE,1,1,0,0,1,1,0,0,40,0,0,0,0,1,4,2,13
,2024-042156,39.78364947,-104.7880786,10/1/2024 13:45,13:45,12,0,0,E GREEN VALLEY RANCH BLVD & N SALIDA ST,1,1,0,0,1,4,0,0,35,0,0,0,0,0,4,4,13
,2024-042157,39.72957448,-104.9034691,10/1/2024 14:06,14:06,12,0,0, QUEBEC ST & E 8TH AVE,1,1,1,0,1,1,0,0,,0,0,0,0,0,4,3,1
,2024-042158,39.74003684,-105.0017407,10/1/2024 21:30,21:30,15,0,0,W COLFAX AVE & N LIPAN ST,1,3,0,0,1,3,0,0,35,0,0,0,0,0,2,3,16
,2024-042159,39.79827359,-104.7954217,10/2/2024 16:05,16:05,12,0,0,E 56TH AVE & N MEMPHIS ST,1,1,0,0,1,3,0,0,35,0,0,0,0,0,4,3,13
,2024-042160,39.72987736,-105.0486743,10/2/2024 10:44,10:44,6,0,0,800  WOLFF ST W 8TH AVE,1,1,1,0,1,4,0,0,20,0,0,0,0,0,4,2,16
,2024-042161,39.71156233,-104.9406226,9/30/2024 7:10,7:10,3,0,1,E ALAMEDA AVE & S COLORADO BLVD,1,1,0,0,1,1,0,0,35,0,0,0,0,1,4,2,1
,2024-042163,39.74326476,-104.982339,9/26/2024 15:30,15:30,6,0,1,400  E 17TH AVE,1,1,0,0,1,4,0,0,35,0,0,0,0,1,4,3,16
,2024-042167,39.78592,-104.81123,7/25/2024 14:40,14:40,16,0,0,5141  CHAMBERS RD,1,1,0,0,5,7,0,0,,0,0,0,0,0,3,2,16
,2024-042168,39.7519499,-104.8898151,10/1/2024 15:00,15:00,12,0,0, WABASH ST & N CENTRAL PARK BLVD,1,1,0,0,1,4,0,0,25,0,0,0,0,0,4,2,4
,2024-042169,39.71832816,-104.9558565,10/1/2024 23:08,23:08,6,0,0,CLAYTON ST & E 1ST AVE,1,3,0,0,1,4,0,0,25,0,0,0,0,0,4,2,11
,2024-042170,39.66559481,-105.0251383,10/2/2024 0:10,0:10,15,0,0, FEDERAL BLVD & W COLLEGE AVE,1,3,0,0,1,4,0,0,40,0,0,0,0,0,2,2,16
,2024-042171,39.76746227,-104.9069888,10/2/2024 14:50,14:50,3,0,0,E 36TH AVE & N OLIVE ST,1,1,0,0,1,1,0,0,25,0,0,0,0,0,4,2,11
,2024-042210,39.76141866,-104.9034354,6/2/2024 20:45,20:45,15,0,0,E MLK JR BLVD & N QUEBEC ST,1,3,0,0,1,3,0,0,30,0,0,0,0,0,4,2,16
,2024-042212,39.7536093,-105.0234359,9/6/2024 7:30,7:30,6,0,0,W 25TH AVE & N ELIOT ST,1,1,0,0,1,4,0,0,20,0,0,0,0,0,4,3,1
,2024-042213,39.75758137,-105.0097011,9/6/2024 7:25,7:25,15,0,0,I-25 & SB OFF RAMP EXT TO N SPEER BLVD,1,1,0,0,1,8,0,0,55,0,0,0,0,0,1,2,1
,2024-042214,39.67670729,-104.9875741,10/3/2024 17:59,17:59,3,0,0, BROADWAY ST & E WARREN AVE,1,3,0,0,1,1,0,0,35,0,0,0,0,0,4,2,13
,2024-042215,39.77505065,-104.8098981,10/2/2024 13:35,13:35,3,0,3, CHAMBERS RD & E ANDREW DR,1,1,0,0,1,1,0,0,30,0,0,0,0,2,4,5,13
,2024-042216,39.68311279,-104.9405292,10/3/2024 10:35,10:35,12,0,0,I-25 NB OFF SLIP RAMP & S COLORADO BLVD,1,1,3,0,1,8,0,0,45,0,0,0,0,0,2,2,3
,2024-042217,39.6530622,-104.8814203,10/2/2024 9:21,9:21,1,0,0, AKRON ST & E HAMPDEN AVE,1,1,0,0,1,1,0,0,45,0,0,0,0,0,2,2,10
,2024-042218,39.6780881,-104.9579335,8/24/2024 19:30,19:30,6,0,0,2125  JOSEPHINE ST & E EVANS AVE,1,1,0,0,1,4,0,0,25,0,0,0,0,0,4,2,16
,2024-042219,39.69000502,-104.9734179,10/3/2024 16:00,16:00,12,0,0,I-25 NB & S DOWNING ST,1,1,0,0,1,4,0,0,55,0,0,0,0,0,1,4,13
,2024-042220,39.7383884,-104.9574358,10/3/2024 17:43,17:43,3,0,0, COLUMBINE ST & E 14TH AVE,1,1,0,0,1,1,0,0,25,0,0,0,0,0,4,2,11
,2024-042221,39.72571403,-105.0248422,9/29/2024 16:11,16:11,15,0,0,W 6TH AVE FWY & N FEDERAL BLVD,1,1,0,0,1,4,0,0,55,0,0,0,0,0,2,3,13
,2024-042222,39.78012523,-104.9593178,10/2/2024 7:47,7:47,12,0,0,I-70 WB & N YORK ST,1,1,0,0,1,4,0,0,55,0,0,0,0,0,1,3,3
,2024-042229,39.77953378,-104.9838406,10/3/2024 7:48,7:48,12,0,0,I-70 WB OFF RAMP & N WASHINGTON ST,14,5,3,7,1,8,0,0,45,0,0,0,0,0,4,2,1
,2024-042237,39.7836384,-104.7692372,9/22/2024 14:30,14:30,16,0,0,18609 E GREEN VALLEY RANCH BLVD,1,1,3,0,5,7,0,0,10,0,0,0,0,0,3,1,16
,2024-042240,39.77665947,-105.0299415,10/1/2024 16:35,16:35,3,0,0, IRVING ST & W 44TH AVE,1,1,0,0,1,1,0,0,35,0,0,0,1,0,4,2,16
,2024-042243,39.68807,-104.90627,9/9/2024 7:30,7:30,16,0,0,7125 E CHERRY CREEK  DR,1,1,0,0,5,7,0,0,,0,0,0,0,0,3,2,16
,2024-042244,39.77828059,-104.8836828,10/3/2024 6:55,6:55,12,0,0,I-70 WB & N CENTRAL PARK BLVD,1,1,0,0,1,4,0,0,55,0,0,0,0,0,1,3,13
,2024-042245,39.77812506,-104.9222931,10/1/2024 12:09,12:09,15,0,0,I-70 HWY EB & N NORTHFIELD QUEBEC ST,1,1,0,0,1,4,0,0,55,0,0,0,0,0,1,2,14
,2024-042246,39.78026396,-104.8997557,8/4/2024 5:49,5:49,5,0,0,I-270 EB OFF RAMP LOOP TO QUEBEC ST,1,1,1,0,3,8,0,0,15,0,0,0,0,0,1,1,16
,2024-042247,39.7403486,-105.0486004,10/2/2024 19:10,19:10,12,0,0,W COLFAX AVE & N WOLFF ST,1,3,0,0,1,4,0,0,30,0,0,0,0,0,2,3,16
,2024-042248,39.74167998,-104.9861166,8/17/2024 11:05,11:05,10,0,0, LINCOLN ST & E 16TH AVE,1,1,0,0,1,1,0,0,30,0,0,0,0,0,4,2,16
,2024-042249,39.70141195,-104.9873871,10/1/2024 6:28,6:28,15,0,0,I-25 NB & S BROADWAY ST,1,2,1,0,1,4,0,0,55,0,0,0,0,0,1,2,11
,2024-042250,39.66516,-105.2062,9/9/2024 18:30,18:30,16,0,0,18300 W ALAMEDA PKWY & RED ROCKS RD,1,1,1,0,5,7,0,0,10,0,0,0,0,0,3,2,13
,2024-042251,39.77798323,-104.922293,10/3/2024 12:42,12:42,10,0,0, HOLLY ST & E 44TH AVE,1,1,0,0,1,1,0,0,35,0,0,0,0,0,4,2,11
,2024-042252,39.72932281,-105.0148301,10/2/2024 14:19,14:19,12,0,0,I-25 NB & W 8TH AVE,1,1,1,0,1,4,0,0,55,0,0,0,0,0,1,2,1
,2024-042253,39.75391489,-104.9793261,9/24/2024 11:50,11:50,6,0,0,26TH ST & WELTON ST,1,1,0,0,1,4,0,0,,0,0,0,0,0,4,2,16
,2024-042259,39.77098091,-104.9912219,10/3/2024 10:22,10:22,15,0,0,I-25 SB & MM 213.051,1,1,0,0,1,8,0,0,55,0,0,0,0,0,4,2,13
,2024-042260,39.71622683,-104.9395428,9/18/2024 17:35,17:35,6,0,0, ALBION ST & E ELLSWORTH AVE,1,1,0,0,1,4,0,0,25,0,0,0,0,0,4,2,16
,2024-042264,39.76931412,-105.0041516,9/15/2024 0:50,0:50,6,0,0, NAVAJO ST & W 38TH AVE,1,3,3,0,1,3,0,0,25,0,0,0,0,0,4,3,16
,2024-042266,39.7288348,-105.0140297,10/2/2024 5:55,5:55,12,0,1,I-25 NB ON RAMP & W 8TH AVE,1,1,1,0,1,8,0,0,55,0,0,0,0,1,1,2,1
,2024-042267,39.78051507,-104.9605793,9/30/2024 14:39,14:39,12,0,0,I-70 EB & N YORK ST,1,1,0,0,1,4,0,0,55,0,0,0,0,0,1,3,13
,2024-042269,39.72402636,-105.0250058,10/3/2024 13:40,13:40,12,0,0,500  FEDERAL BLVD,1,1,0,0,1,4,0,0,40,0,0,0,0,0,2,2,3
,2024-042270,39.78055136,-104.9488807,10/2/2024 9:56,9:56,12,0,1,I-70 WB & N VASQUEZ BLVD,1,1,0,0,1,4,0,0,55,0,0,0,0,2,1,3,7
,2024-042273,39.77852447,-104.9073702,9/30/2024 11:05,11:05,15,0,0,I-70 WB  & N QUEBEC ST,1,1,0,0,1,4,0,0,55,0,0,0,0,0,1,2,11
,2024-042274,39.75005879,-104.9960972,10/2/2024 20:32,20:32,15,0,0,17TH ST & LARIMER ST,1,3,0,0,1,4,0,0,30,0,0,0,0,0,4,2,11
,2024-042275,39.74748175,-104.9246284,10/2/2024 20:43,20:43,6,0,0, GRAPE ST & MOUNTVIEW BLVD,1,4,0,0,6,4,0,0,20,0,0,0,0,0,4,2,13
,2024-042276,39.67852068,-104.9875673,10/3/2024 0:32,0:32,5,0,1,W EVANS AVE & S BROADWAY ST,1,3,0,0,3,1,0,0,35,0,0,0,0,2,4,1,10
,2024-042277,39.72564502,-105.0324836,10/2/2024 12:46,12:46,12,0,0,W 6TH AVE & N KNOX CT,1,1,1,0,1,4,0,0,55,0,0,0,0,0,2,3,1
,2024-042278,39.77164643,-104.8106498,9/28/2024 22:36,22:36,5,0,0,I-70 & CHAMBERS RD,1,3,1,0,6,3,0,0,40,0,0,0,0,0,1,1,9
,2024-042279,39.83812847,-104.7155515,10/3/2024 13:08,13:08,12,0,0,E 78TH AVE & N GUN CLUB RD,1,1,0,0,1,1,0,0,15,0,0,0,0,0,4,2,16
,2024-042282,39.79837739,-104.8613321,9/29/2024 18:25,18:25,1,0,2,E 56TH AVE & N JOLIET ST,1,1,0,0,1,3,0,0,40,0,0,0,0,3,4,2,14
,2024-042284,39.6803435,-104.9652158,9/13/2024 19:23,19:23,6,0,0, HIGH ST & E ASBURY AVE,1,1,0,0,1,4,0,0,35,0,0,0,0,0,4,2,16
,2024-042285,39.77471264,-104.8124368,9/15/2024 14:05,14:05,15,0,0,15149 E ANDREWS DR & N FRASER WY,1,1,0,0,1,4,0,0,25,0,0,0,0,0,4,2,10
,2024-042286,39.76579491,-104.9846004,10/3/2024 13:11,13:11,11,0,0,2900   BRIGHTON BLVD,1,1,0,0,1,2,0,0,0,0,0,1,0,0,4,1,16
,2024-042287,39.68464353,-105.03438,10/2/2024 14:26,14:26,3,0,0,W COLORADO AVE & S LOWELL BLVD,1,1,0,0,1,1,0,0,25,0,0,0,0,0,4,2,3
,2024-042288,39.74828861,-104.9986409,10/3/2024 18:58,18:58,6,0,1,15TH ST & LARIMER ST,1,3,0,0,1,1,0,0,20,0,0,0,0,2,4,3,14
,2024-042289,39.76842144,-104.9792787,8/19/2024 18:29,18:29,16,0,0,3350  BRIGHTON BLVD,1,1,0,0,5,7,0,0,,0,0,0,0,0,3,1,16
,2024-042290,39.71476146,-104.9862692,8/8/2024 9:30,9:30,10,0,0, LINCOLN ST & E BAYAUD AVE,11,1,0,0,1,1,0,0,,0,0,0,0,0,4,2,16
,2024-042291,39.73846412,-104.9986742,10/3/2024 12:36,12:36,15,0,0, SANTA FE DR & W 14TH AVE,1,1,0,0,1,1,0,0,25,0,0,0,0,0,4,2,13
,2024-042292,39.71114655,-105.0203576,10/3/2024 16:50,16:50,15,0,0,W ALAMEDA AVE & S CLAY ST,1,1,0,0,1,4,0,0,35,0,0,0,0,0,2,2,8
,2024-042293,39.62688725,-104.903803,9/30/2024 16:06,16:06,12,0,0,I-25 NB & E UNION ST,1,1,0,0,1,4,0,0,65,0,0,0,0,0,1,2,1
,2024-042294,39.72512742,-105.0249316,9/5/2024 5:24,5:24,3,0,1, FEDERAL BLVD & W 6TH AVE EB RAMPS,1,3,0,0,1,1,0,0,35,0,0,0,1,3,2,2,2
,2024-042295,39.79039007,-104.8761192,10/3/2024 14:46,14:46,5,0,0,E 51ST AVE & N DALLAS ST,1,1,0,0,1,1,0,0,25,0,0,0,0,0,4,1,14
,2024-042296,39.77714136,-104.8829592,10/1/2024 9:34,9:34,15,0,1,I-70 EB & N CENTRAL PARK BLVD,1,1,0,0,1,4,0,0,55,0,0,0,0,2,1,2,14
,2024-042297,39.79833116,-104.8948142,10/2/2024 19:35,19:35,15,0,0,E 56TH AVE & N UINTA ST,1,3,0,0,1,3,0,0,40,0,0,0,0,0,4,2,1
,2024-042298,39.78238207,-104.8526346,10/3/2024 13:10,13:10,12,0,0,E 47TH AVE & N NOME ST,1,1,0,0,1,1,0,0,30,0,0,0,0,0,4,2,10
,2024-042299,39.78200957,-104.9634734,10/2/2024 7:12,7:12,14,0,0, RACE ST & E 47TH  AVE,1,1,0,0,6,4,0,0,20,0,0,0,0,0,4,2,16
,2024-042300,39.76061369,-104.9001075,9/30/2024 14:00,14:00,12,0,1,E MLK BLVD & N ROSLYN ST,1,1,0,0,1,1,0,0,25,0,0,0,0,1,4,2,16
,2024-042301,39.80724571,-104.7721185,9/30/2024 14:35,14:35,15,0,0, TOWER RD & E 61ST AVE,1,1,1,0,1,3,0,0,40,0,0,0,0,0,4,2,16
,2024-042302,39.78557372,-104.9875838,9/9/2024 1:51,1:51,8,0,0, BROADWAY ST & W 49TH AVE,1,3,0,0,1,1,0,0,25,0,0,0,0,0,4,2,16
,2024-042305,39.75536831,-105.0126881,10/2/2024 15:01,15:01,12,0,0,I-25 SB & N SPEER BLVD,1,1,0,0,1,4,0,0,55,0,0,0,0,0,1,2,7
,2024-042306,39.78103612,-104.8861228,10/2/2024 12:01,12:01,6,0,0, XENIA ST & E 46TH PL,1,1,0,0,1,4,0,0,20,0,0,0,0,0,4,2,13
,2024-042307,39.73745153,-105.0139329,10/1/2024 6:26,6:26,12,0,0,I-25 NB & W COLFAX AVE,1,1,0,0,1,4,0,0,55,0,0,0,0,0,1,2,13
,2024-042310,39.70734731,-104.9222823,10/2/2024 16:15,16:15,1,0,1, HOLLY ST & LEETSDALE DR,1,1,0,0,1,1,0,0,35,0,0,0,0,2,2,3,11
,2024-042312,39.84441815,-104.672653,10/3/2024 4:55,4:55,5,0,0,8000  PENA BLVD,1,3,0,0,3,4,0,1,45,0,0,0,0,0,4,1,2
,2024-042313,39.76640105,-104.9996502,8/24/2024 3:31,3:31,15,1,1,I-25 SB & MM 212.511,1,4,1,0,1,4,0,0,55,0,0,0,0,4,1,2,1
,2024-042314,39.73591419,-104.8987507,9/9/2024 17:27,17:27,5,0,0, SYRACUSE ST & E 12TH AVE,1,1,0,0,3,4,0,0,30,0,0,0,0,0,4,1,16
,2024-042315,39.75036139,-104.9820146,9/3/2024 9:10,9:10,1,0,1,GLENARM PL & PARK AVE W,1,1,0,0,1,1,0,0,,0,0,0,0,1,4,2,1