id,drcog_id,latitude,longitude,crashtime,time,crashtype,numbkilled,numbinjurd,drcoglocat,rdconditin,lightngcon,roadcntgrd,weatherco,location,roaddescrp,schoolzone,constrzone,splimit,bikeinv,pedinv,sctrinv,motoinv,svrty,rdsystem,ttlvehcls,hcf
,2024-042318,39.72414169,-104.9862521,10/3/2024 14:20,14:20,10,0,0, LINCOLN ST & E 5TH AVE,1,1,0,0,1,1,0,0,30,0,0,0,0,0,4,2,8
,2024-042319,39.75766757,-104.9984742,9/22/2024 1:10,1:10,15,0,0,20TH ST & CHESTNUT PL,11,3,0,1,1,4,0,0,35,0,0,0,0,0,4,4,16
,2024-042320,39.79830251,-104.7697804,10/3/2024 8:05,8:05,1,0,0,E 56TH AVE & N ARGONNE ST,1,1,0,0,1,1,0,0,35,0,0,0,0,0,4,2,13
,2024-042321,39.72590433,-105.0133511,10/3/2024 7:02,7:02,15,0,0,I-25 NB & W 6TH AVE,1,1,0,0,1,4,0,0,55,0,0,0,0,0,1,2,16
,2024-042322,39.78364681,-104.7919559,9/16/2024 9:00,9:00,12,0,1,E GREEN VALLEY RANCH BLVD & PENA BLVD OB RAMPS,1,1,0,0,1,3,0,0,35,0,0,0,0,1,4,2,16
,2024-042325,39.77953484,-104.9410854,10/1/2024 7:46,7:46,15,0,0, COLORADO BLVD & I-70 EB OFF RAMP,1,1,0,0,1,4,0,0,20,0,0,0,0,0,2,2,16
,2024-042327,39.74385531,-104.9407835,10/4/2024 8:43,8:43,12,0,0, COLORADO BLVD & E 17TH AVE,1,1,0,0,1,3,0,0,35,0,0,0,0,0,2,2,16
,2024-042329,39.65617247,-105.0514374,10/4/2024 11:49,11:49,3,0,1,W DARTMOUTH AVE & S ZURICH CT,1,1,0,0,1,2,0,0,,0,0,0,1,2,4,2,16
,2024-042330,39.7682847,-104.9950605,10/3/2024 16:56,16:56,5,0,1,I-25 NB & PARK AVE W,1,1,0,0,6,4,0,0,55,0,0,0,0,2,1,1,7
,2024-042333,39.79493681,-104.8454689,10/3/2024 18:24,18:24,2,0,1,E EDWARDS PL & N QUENTIN ST,1,1,0,0,1,2,0,0,0,1,0,0,0,1,4,1,16
,2024-042334,39.7756235,-104.865729,10/3/2024 12:24,12:24,12,0,0,I-70 EB & N HAVANA ST,1,1,0,0,1,4,0,0,55,0,0,0,0,0,1,2,7
,2024-042335,39.73979584,-104.977637,10/4/2024 17:57,17:57,10,0,0, CLARKSON ST & E COLFAX AVE,1,1,0,0,1,2,0,0,20,0,0,0,0,0,4,2,11
,2024-042337,39.76836286,-104.994866,10/4/2024 19:41,19:41,12,0,0,I-25 & PARK AVE W,1,3,0,0,1,4,0,0,55,0,0,0,0,0,1,3,16
,2024-042338,39.69669449,-104.9991497,10/4/2024 8:15,8:15,3,0,0,W MISSISSIPPI AVE & S JASON ST,1,1,0,0,1,1,0,0,30,0,0,0,0,0,4,2,16
,2024-042340,39.7537998,-104.979178,10/1/2024 8:45,8:45,14,0,1,26TH ST & WELTON ST,1,1,0,0,6,4,0,0,,0,0,0,0,1,4,2,16
,2024-042343,39.75852064,-105.0346143,10/4/2024 10:07,10:07,11,0,1,W 29TH AVE & N LOWELL BLVD,1,1,0,0,1,1,0,0,25,0,0,1,0,1,4,1,16
,2024-042344,39.79121993,-105.0251025,10/3/2024 18:03,18:03,6,0,0, FEDERAL BLVD & W 52ND AVE,1,1,0,0,3,4,0,0,35,0,0,0,0,0,2,2,2
,2024-042345,39.69302096,-104.9872088,10/3/2024 13:50,13:50,10,0,0,E LOUISIANA AVE & S BROADWAY ST,1,1,0,0,1,1,0,0,30,0,0,0,0,0,4,2,8
,2024-042346,39.74410662,-104.9883632,10/2/2024 10:14,10:14,12,0,0,TREMONT PL & 17TH ST,6,1,0,0,1,4,0,0,20,0,0,0,0,0,4,2,16
,2024-042347,39.75007098,-105.0045748,10/2/2024 15:34,15:34,15,0,0, SPEER BLVD & WEWATTA ST,1,1,0,0,1,4,0,0,30,0,0,0,0,0,4,2,14
,2024-042348,39.72384862,-105.0001874,10/3/2024 22:27,22:27,6,0,1, KALAMATH ST & W 5TH AVE,1,3,0,0,3,4,0,0,35,0,0,0,0,2,4,3,16
,2024-042349,39.74762667,-105.0053687,10/3/2024 20:13,20:13,11,0,1,11TH ST & AURARIA PKWY,1,3,0,0,1,1,0,0,0,0,0,1,0,2,4,1,16
,2024-042351,39.67819967,-104.96875,10/3/2024 8:50,8:50,6,0,0, FRANKLIN ST & E EVANS AVE,1,1,0,0,1,4,0,0,20,0,0,0,0,0,4,2,14
,2024-042354,39.6530794,-104.9182339,10/2/2024 8:53,8:53,12,0,1,I-25 NB & E HAMPDEN AVE,1,1,0,7,1,4,0,0,55,0,0,0,0,1,1,2,3
,2024-042355,39.7614547,-105.0322649,9/14/2024 14:35,14:35,6,0,0,3100  JULIAN ST,1,1,0,0,1,4,0,0,,0,0,0,0,0,4,2,16
,2024-042356,39.79837728,-104.8612964,10/4/2024 16:18,16:18,12,0,1,E 56TH AVE & N JOLIET ST,1,1,0,0,1,4,0,0,35,0,0,0,0,2,4,4,1
,2024-042357,39.71702456,-104.8955714,10/4/2024 9:05,9:05,10,0,0, FAIRMOUNT DR & E LOWRY BLVD,1,1,0,0,1,6,0,0,30,0,0,0,0,0,4,2,16
,2024-042358,39.70765736,-105.0250819,10/4/2024 12:48,12:48,12,0,0, FEDERAL BLVD & W VIRGINIA AVE,1,1,0,0,1,3,0,0,35,0,0,0,0,0,2,2,7
,2024-042359,39.79830251,-104.7697804,10/3/2024 16:38,16:38,1,0,3,E 56TH AVE & N ARGONNE ST,1,1,0,0,1,1,0,0,35,0,0,0,0,2,4,2,8
,2024-042363,39.76895706,-104.9929722,10/3/2024 23:03,23:03,12,0,0,I-25 NB & PARK AVE WEST,1,3,2,0,1,4,0,0,55,0,0,0,0,0,1,2,16
,2024-042364,39.77135195,-105.0428657,8/6/2024 9:50,9:50,5,0,0,3943  STUART ALLEY & W 39TH AVE,1,1,0,0,2,9,0,0,10,0,0,0,0,0,4,1,11
,2024-042366,39.72904635,-104.9899352,10/3/2024 4:35,4:35,3,0,2, SPEER BLVD & W 8TH AVE,1,3,0,0,1,1,0,0,35,0,0,0,0,2,4,2,14
,2024-042367,39.72890985,-104.9988581,10/4/2024 9:55,9:55,12,0,1,W 8TH AVE & N SANTA FE DR,1,1,0,0,1,4,0,0,30,0,0,0,0,1,4,2,13
,2024-042369,39.67680602,-105.0417062,10/4/2024 8:23,8:23,3,0,0,W WARREN AVE & S RALEIGH ST,1,1,0,0,1,1,0,0,20,0,0,0,0,0,4,2,16
,2024-042371,39.72722465,-104.9902744,10/4/2024 17:53,17:53,14,0,1,W 7TH AVE & N BANNOCK ST,1,2,0,0,6,4,0,0,15,0,0,0,0,1,4,2,12
,2024-042372,39.74375981,-104.9407837,10/4/2024 16:04,16:04,1,0,0,E 17TH AVE & N COLORADO BLVD,1,1,0,0,1,1,0,0,35,0,0,0,0,0,2,2,11
,2024-042373,39.72913236,-104.9540243,10/4/2024 19:33,19:33,12,0,0,E 8TH AVE & N DETROIT ST,1,3,0,0,1,4,0,0,35,0,0,0,0,0,4,2,14
,2024-042374,39.68948247,-105.0421569,10/5/2024 16:13,16:13,3,0,2, RALEIGH ST & W FLORIDA AVE,1,1,0,0,1,1,0,0,30,0,0,0,1,2,4,2,11
,2024-042375,39.76204309,-104.9732635,10/5/2024 8:30,8:30,12,0,0,E MLK JR BLVD & N DOWNING ST,1,1,0,0,1,3,0,0,35,0,0,0,0,0,4,2,1
,2024-042376,39.74008012,-104.9130583,10/5/2024 6:50,6:50,12,0,1,E COLFAX AVE & N MONACO ST PKWY,1,1,0,0,1,3,0,0,35,0,0,0,0,2,2,2,7
,2024-042379,39.72175484,-104.9510048,10/3/2024 13:04,13:04,6,0,0, ST PAUL ST & E 3RD AVE,1,1,0,0,1,4,0,0,20,0,0,0,0,0,4,2,14
,2024-042381,39.78009896,-104.9419186,10/4/2024 6:19,6:19,12,0,1,I-70 & N COLORADO BLVD,1,3,1,0,1,4,0,0,55,0,0,0,0,1,1,2,3
,2024-042382,39.72183861,-104.9546283,10/3/2024 12:54,12:54,12,0,0, DETROIT ST & E 3RD AVE,1,1,0,0,1,4,0,0,20,0,0,0,0,0,4,2,11
,2024-042383,39.74349484,-104.9128103,10/3/2024 16:54,16:54,12,0,0, MONACO ST & E 17TH AVE,1,1,0,0,1,4,0,0,30,0,0,0,0,0,4,2,13
,2024-042384,39.68224005,-105.044446,10/4/2024 16:15,16:15,12,0,0,W JEWELL AVE & S TENNYSON ST,1,1,0,0,1,3,0,0,20,0,0,0,0,0,4,3,4
,2024-042386,39.67847182,-104.922127,10/4/2024 8:47,8:47,12,0,0,E EVANS AVE & S HOLLY ST,1,1,0,0,1,3,0,0,35,0,0,0,0,0,4,2,13
,2024-042387,39.71819789,-104.9732324,10/4/2024 2:25,2:25,5,0,0, DOWNING ST & E 1ST AVE,1,3,0,0,3,1,0,0,35,0,0,0,0,0,4,1,16
,2024-042388,39.67698778,-104.9875731,10/3/2024 10:36,10:36,12,0,0, BROADWAY ST & W WARREN AVE,1,1,0,0,1,4,0,0,35,0,0,0,0,0,4,2,3
,2024-042389,39.70765736,-105.0250819,10/4/2024 12:27,12:27,1,0,0, FEDERAL BLVD & W VIRGINIA AVE,1,1,0,0,1,1,0,0,35,0,0,0,0,0,2,2,14
,2024-042390,39.71156233,-104.9406226,10/4/2024 17:30,17:30,1,0,1,E ALAMEDA AVE & COLORADO BLVD,1,1,0,0,1,1,0,0,35,0,0,0,0,2,4,2,10
,2024-042391,39.77593328,-104.8672071,10/4/2024 6:24,6:24,12,0,0,I-70 & N HAVANA ST,1,1,0,0,1,4,0,0,55,0,0,0,0,0,1,3,13
,2024-042394,39.73839086,-104.9600288,10/4/2024 8:03,8:03,6,0,0,E 14TH AVE & YORK ST,1,1,0,0,1,4,0,0,30,0,0,0,0,0,4,2,11
,2024-042396,39.77319007,-104.8098795,10/5/2024 17:20,17:20,3,0,2, CHAMBERS RD & E 40TH AVE,1,1,0,0,1,1,0,0,40,0,0,0,0,2,4,3,3
,2024-042397,39.81279396,-104.7697499,10/5/2024 19:04,19:04,3,0,0, ARGONNE ST & 64TH AVE,1,2,0,0,1,1,0,0,30,0,0,0,0,0,4,2,14
,2024-042398,39.74061333,-104.9886696,10/4/2024 17:36,17:36,15,0,0,W COLFAX AVE & 15TH ST,1,1,0,0,1,1,0,0,30,0,0,0,0,0,2,2,13
,2024-042404,39.71118429,-105.0107671,10/5/2024 12:51,12:51,3,0,1,W ALAMEDA AVE & S TEJON ST,1,1,0,0,1,2,0,0,35,0,0,0,0,1,2,2,7
,2024-042420,39.62713893,-104.9030888,10/5/2024 14:22,14:22,12,0,1,I-25 NB ON RAMP & E BELLEVIEW AVE,1,1,2,0,1,8,0,0,65,0,0,0,0,2,1,2,16
,2024-042429,39.65302096,-104.8756595,10/4/2024 22:04,22:04,3,0,0,E HAMPDEN AVE & S DAYTON ST,1,3,0,0,1,1,0,0,45,0,0,0,0,0,2,2,16
,2024-042430,39.83345924,-104.6879951,10/5/2024 4:24,4:24,15,0,0,PENA BLVD OB & N JACKSON GAP ST,1,3,0,0,1,4,0,0,45,0,0,0,0,0,4,2,11
,2024-042431,39.72564821,-104.9862615,10/5/2024 12:35,12:35,3,0,1, LINCOLN ST & E SPEER BLVD,1,1,0,0,1,1,0,0,30,0,0,0,0,1,4,2,1
,2024-042432,39.74653645,-105.0076224,10/4/2024 4:43,4:43,5,0,2,9TH ST & AURARIA PKWY,1,3,0,0,6,1,0,0,35,0,0,0,0,2,4,1,14
,2024-042433,39.68295491,-104.9398891,10/5/2024 16:30,16:30,12,0,0,I-25 & S COLORADO BLVD,1,1,0,0,1,4,0,0,60,0,0,0,0,0,1,2,14
,2024-042620,39.75867379,-104.9782274,10/6/2024 14:12,14:12,3,0,0,29TH ST & CHAMPA ST,1,1,0,0,1,1,0,0,25,0,0,0,0,0,4,2,13
,2024-042621,39.78230802,-104.9020157,9/30/2024 0:59,0:59,15,0,0,E NORTHFIELD QUEBEC BLVD & E SANDCREEK DR,1,3,0,0,1,1,0,0,45,0,0,0,0,0,2,2,14
,2024-042622,39.77290122,-105.0251804,10/6/2024 0:08,0:08,1,0,1, FEDERAL BLVD & W 41ST AVE,1,3,0,0,1,1,0,0,35,0,0,0,0,2,2,2,11
,2024-042624,39.85052,-104.67964,10/6/2024 14:15,14:15,15,0,0,PENA BLVD & E 84TH AVE,1,1,0,0,5,4,0,0,10,0,0,0,0,0,3,2,16
,2024-042625,39.72911931,-104.9439915,10/6/2024 18:11,18:11,10,0,0,E 8TH AVE & N GARFIELD ST,1,1,0,0,1,1,0,0,30,0,0,0,0,0,4,2,16
,2024-042629,39.71121425,-104.9129184,10/3/2024 21:15,21:15,1,0,0,E ALAMEDA AVE & S MONACO ST,1,1,0,0,1,1,0,0,,0,0,0,0,0,4,2,16
,2024-042630,39.76009447,-104.898978,10/2/2024 17:30,17:30,3,0,1, SYRACUSE ST & E MLK BLVD,1,1,0,0,1,1,0,0,25,0,0,0,0,2,4,2,14
,2024-042634,39.77696627,-104.8792067,10/5/2024 20:31,20:31,15,0,1,I-70 & N CENTRAL PARK BLVD,1,3,0,0,1,4,0,0,55,0,0,0,0,2,1,2,11
,2024-042636,39.68949697,-105.0442617,10/6/2024 0:32,0:32,11,0,0,W FLORIDA AVE & S TENNYSON ST,1,3,0,0,1,1,0,0,0,0,0,1,0,0,4,1,16
,2024-042639,39.70205429,-104.9745796,10/6/2024 11:06,11:06,2,0,0,E OHIO AVE & S CORONA ST,1,1,0,0,1,1,0,0,25,1,0,0,0,0,4,1,16
,2024-042641,39.74152148,-105.0330735,10/6/2024 17:00,17:00,3,0,0, KING ST & N CONEJOS,1,2,0,0,1,1,0,0,25,0,0,0,0,0,4,2,3
,2024-042643,39.78931544,-104.8411013,10/6/2024 0:15,0:15,9,0,2,E 51ST AVE & N TUCSON WY,1,3,3,0,1,4,0,0,25,0,0,0,0,1,4,1,1
,2024-042644,39.79839407,-104.7721172,10/5/2024 23:30,23:30,3,0,0, TOWER RD & E 56TH AVE,1,3,0,0,1,1,0,0,40,0,0,0,0,0,4,2,16
,2024-042647,39.64124948,-104.8820914,10/5/2024 23:57,23:57,5,0,1,I-225 & S YOSEMITE ST,1,3,0,0,2,8,0,0,65,0,0,0,0,2,1,3,11
,2024-042648,39.75850167,-105.0393117,10/6/2024 10:35,10:35,5,0,1,W 29TH AVE & N PERRY ST,1,1,0,0,3,1,0,0,30,0,0,0,0,2,4,1,12
,2024-042649,39.74000124,-104.9774626,10/5/2024 7:51,7:51,9,0,0,E COLFAX AVE & N CLARKSON ST,1,1,0,0,3,2,0,0,20,0,0,0,0,0,2,1,1
,2024-042650,39.76001478,-104.8905208,10/6/2024 17:15,17:15,3,0,2, CENTRAL PARK BLVD & E MLK JR BLVD,1,1,0,0,1,1,0,0,30,0,0,0,0,1,4,2,16
,2024-042651,39.65317369,-105.0520129,10/6/2024 15:35,15:35,12,0,0,W HAMPDEN AVE & S SHERIDAN BLVD,1,1,3,0,1,8,0,0,15,0,0,0,0,0,2,2,1
,2024-042652,39.79843653,-104.7626953,10/6/2024 19:01,19:01,1,0,1,E 56TH AVE & N DUNKIRK ST,1,3,0,0,1,1,0,0,45,0,0,0,0,2,4,2,7
,2024-042653,39.77492461,-104.9034075,10/4/2024 19:54,19:54,12,0,0, NORTHFIELD QUEBEC ST & E 41ST AVE,1,1,0,0,1,4,0,0,40,0,0,0,0,0,4,3,3
,2024-042662,39.77803349,-104.8470317,10/5/2024 17:43,17:43,10,0,0, PEORIA ST & E 45TH AVE,1,1,0,0,1,1,0,0,35,0,0,0,0,0,4,2,10
,2024-042666,39.74008036,-104.9034578,10/5/2024 2:10,2:10,3,0,1,E COLFAX AVE & N QUEBEC ST,1,3,0,0,1,1,0,0,40,0,0,0,0,2,1,2,1
,2024-042667,39.71110665,-104.9757364,10/6/2024 8:30,8:30,3,0,0, OGDEN ST & E ALAMEDA AVE,1,1,0,0,1,1,0,0,25,0,0,0,0,0,4,2,13
,2024-042668,39.75924469,-104.9937287,10/5/2024 21:11,21:11,3,0,0,WEWATTA ST & 22ND ST,1,3,0,0,1,1,0,0,30,0,0,0,0,0,4,2,11
,2024-042669,39.79832483,-104.8844456,10/5/2024 19:03,19:03,12,0,1,E 56TH AVE & N CENTRAL PARK BLVD,1,3,0,0,1,3,0,0,40,0,0,0,0,1,4,3,2
,2024-042671,39.65305788,-104.8850155,10/5/2024 20:32,20:32,12,0,0,E HAMPDEN AVE & S YOSEMITE ST,1,3,0,0,1,3,0,0,45,0,0,0,0,0,2,2,13
,2024-042674,39.72568053,-105.0018463,10/6/2024 16:27,16:27,12,0,0,W 6TH AVE & N KALAMATH ST,1,1,0,0,1,4,0,0,45,0,0,0,0,0,2,3,10
,2024-042676,39.70875765,-104.9407891,10/6/2024 3:17,3:17,5,0,1, COLORADO BLVD & E DAKOTA AVE,1,3,0,0,3,4,0,0,35,0,0,0,0,2,2,2,10
,2024-042678,39.75123092,-105.0173703,9/20/2024 8:07,8:07,3,0,2,I-25 SB OFF RAMP & W 23RD AVE,14,5,3,7,1,1,0,0,30,0,0,0,0,1,4,2,16
,2024-042681,39.78013969,-104.9671124,10/1/2024 20:21,20:21,9,0,1,I-70 WB & N BRIGHTON BLVD,1,1,0,0,1,4,0,0,55,0,0,0,1,3,1,1,16
,2024-042688,39.74022086,-104.8975045,9/1/2024 23:13,23:13,11,0,1,E COLFAX AVE & N SPRUCE ST,1,3,0,0,1,4,0,0,35,0,1,0,0,2,2,1,16
,2024-042689,39.72839748,-104.9898491,10/2/2024 12:30,12:30,15,0,0, BANNOCK ST & N SPEER BLVD,1,1,0,0,1,4,0,0,35,0,0,0,0,0,4,2,16
,2024-042690,39.7399754,-104.9610169,9/27/2024 17:23,17:23,3,0,2,E COLFAX AVE & N GAYLORD ST,1,1,0,0,1,1,0,0,30,0,0,0,0,1,2,2,8
,2024-042696,39.79839402,-104.7721172,9/30/2024 14:30,14:30,15,0,0,E 56TH AVE & N TOWER RD,1,1,0,0,1,1,0,0,40,0,0,0,0,0,4,2,16
,2024-042700,39.74061278,-105.0168909,9/25/2024 21:59,21:59,2,0,1,W COLFAX AVE WB ON RAMP FROM AURARIA PKWY & ON RAMP GORE PT,1,3,0,0,1,8,0,0,0,1,0,0,0,3,2,1,16
,2024-042738,39.69702736,-104.992819,10/6/2024 19:21,19:21,15,0,0, PLATTE RIVER DR & W MISSISSIPPI AVE,1,3,0,0,1,3,0,0,40,0,0,0,0,0,2,4,1
,2024-042739,39.69297283,-104.9734141,10/7/2024 13:25,13:25,14,0,0, DOWNING ST & E LOUISIANA AVE,1,1,0,0,1,3,0,0,25,0,0,0,0,0,4,2,7
,2024-042743,39.77816546,-104.9792492,10/5/2024 10:45,10:45,12,0,0, WASHINGTON ST & E 45TH AVE,1,1,0,0,1,3,0,0,30,0,0,0,0,0,4,2,13
,2024-042744,39.69116985,-104.9874804,8/17/2024 0:57,0:57,12,0,1, BROADWAY ST & W ARKANSAS AVE,1,3,0,0,1,1,0,0,35,0,0,0,1,3,1,2,13
,2024-042749,39.83110841,-104.771882,10/5/2024 6:39,6:39,14,0,0, TOWER RD & PENA BLVD IB RAMPS,1,2,1,0,1,1,0,0,,0,0,0,0,0,4,2,16
,2024-042750,39.84278291,-104.677112,10/7/2024 18:52,18:52,15,0,0,PENA BLVD & E 80TH AVE,1,3,1,0,1,4,0,0,35,0,0,0,0,0,4,2,13
,2024-042751,39.72561481,-104.9777436,10/7/2024 16:57,16:57,15,0,0,E 6TH AVE & N CLARKSON ST,1,1,0,0,1,4,0,0,30,0,0,0,0,0,4,2,11
,2024-042753,39.76741648,-104.9272229,10/5/2024 0:10,0:10,6,0,0,E 36TH AVE & N FOREST ST,1,2,0,0,1,4,0,0,,0,0,0,0,0,4,2,16
,2024-042754,39.71497228,-105.0336873,10/7/2024 10:06,10:06,3,0,0, KING ST & W BAYAUD AVE,1,1,0,0,1,1,0,0,25,0,0,0,0,0,4,4,14
,2024-042757,39.7250362,-105.0205472,10/7/2024 2:24,2:24,5,0,0,W 6TH AVE EB OFF RAMP & N BRYANT ST,1,3,1,0,3,8,0,0,25,0,0,0,0,0,2,1,14
,2024-042758,39.7318912,-104.9861282,10/4/2024 18:13,18:13,6,0,0, LINCOLN ST & E 10TH AVE,1,2,0,0,1,4,0,0,,0,0,0,0,0,4,3,16
,2024-042759,39.71702456,-104.8955714,10/5/2024 6:35,6:35,5,0,0, FAIRMOUNT DR & E LOWRY BLVD,1,1,0,0,6,6,0,0,15,0,0,0,0,0,4,1,1
,2024-042762,39.83201664,-104.715536,10/7/2024 6:51,6:51,5,0,0,E 75TH AVE & GUN CLUB RD,1,3,0,0,6,1,0,0,35,0,0,0,0,0,4,1,16
,2024-042766,39.7250216,-105.0178915,10/6/2024 11:59,11:59,12,0,0,W 6TH AVE & N BRYANT ST,1,1,0,0,1,4,0,0,45,0,0,0,0,0,2,2,13
,2024-042776,39.75130249,-105.0167918,10/5/2024 10:52,10:52,12,0,0,I-25 & W 23RD AVE,1,1,0,0,1,4,0,0,55,0,0,0,0,0,1,2,3
,2024-042777,39.72906831,-104.9861529,8/8/2024 11:00,11:00,12,0,0,E 8TH AVE & N LINCOLN ST,1,1,0,0,1,1,0,0,,0,0,0,0,0,4,2,16
,2024-042778,39.70020924,-104.9773624,6/7/2024 20:15,20:15,6,0,0,E KENTUCKY AVE & S CLARKSON ST,1,1,0,0,1,4,0,0,25,0,0,0,0,0,4,2,16
,2024-042779,39.814522,-104.765442,10/4/2024 23:34,23:34,6,0,0, CEYLON ST & E 65TH AVE,1,4,0,0,1,4,0,0,,0,0,0,0,0,4,3,16
,2024-042780,39.71121667,-105.0299617,10/6/2024 5:48,5:48,3,0,0, IRVING ST & W ALAMEDA AVE,1,3,0,0,1,1,0,0,25,0,0,0,0,0,2,2,16
,2024-042781,39.72563389,-104.9848786,9/30/2024 13:47,13:47,10,0,0,E 6TH AVE & N SHERMAN ST,1,1,0,0,1,1,0,0,30,0,0,0,0,0,4,2,11
,2024-042783,39.71531424,-104.9593071,10/7/2024 19:05,19:05,3,0,0, UNIVERSITY BLVD & E CHERRY CREEK N DR,1,3,0,0,1,1,0,0,30,0,0,0,0,0,4,2,11
,2024-042784,39.77282977,-104.7905735,8/12/2024 1:40,1:40,15,0,0,PENA BLVD & 40TH AVE,1,3,0,0,1,4,0,0,65,0,0,0,0,0,4,2,16
,2024-042786,39.66098923,-105.0390201,10/7/2024 17:43,17:43,11,0,1,W DARTMOUTH AVE & S OSCEOLA ST,1,1,2,0,1,1,0,0,30,0,0,1,0,2,4,1,16
,2024-042788,39.6356364,-104.8940499,10/6/2024 14:30,14:30,5,0,0,I-225 & S TAMARAC DR,1,1,0,0,2,4,0,0,55,0,0,0,0,0,1,1,14
,2024-042789,39.74003894,-105.0014559,10/7/2024 6:05,6:05,12,0,0,W COLFAX AVE & N LIPAN ST,1,3,0,0,1,4,0,0,30,0,0,0,0,0,2,2,2
,2024-042790,39.73566228,-105.0217634,10/5/2024 12:16,12:16,5,0,0, DECATUR ST & W HOLDEN PL,1,1,0,0,3,1,0,0,20,0,0,0,0,0,4,1,3
,2024-042795,39.70889945,-104.8753736,10/5/2024 10:39,10:39,12,0,0,E ALAMEDA AVE & S DAYTON ST,14,5,3,7,1,1,0,0,35,0,0,0,0,0,4,2,16
,2024-042804,39.74676882,-104.9918485,10/4/2024 13:45,13:45,12,0,0,STOUT ST & 17TH ST,1,1,0,0,1,1,0,0,35,0,0,0,0,0,4,2,11
,2024-042805,39.73837037,-104.9741317,9/16/2024 22:32,22:32,6,0,0, CORONA ST & 14TH AVE,1,3,0,0,1,4,0,0,30,0,0,0,0,0,4,3,16
,2024-042806,39.72543861,-105.0165301,8/9/2024 8:54,8:54,15,0,0,W 6TH AVE & N FEDERAL BLVD,1,1,0,0,1,8,0,0,55,0,0,0,0,0,2,2,16
,2024-042807,39.68984142,-105.0175654,10/3/2024 10:30,10:30,6,0,0, BRYANT ST & W FLORIDA AVE,1,1,0,0,6,1,0,0,20,0,0,0,0,0,4,2,16
,2024-042815,39.78389594,-105.0252803,10/3/2024 12:49,12:49,1,0,0, FEDERAL BLVD & I-70 EB ON RAMP,1,1,0,0,1,1,0,0,35,0,0,0,0,0,2,4,16
,2024-042817,39.77684602,-104.8197792,10/3/2024 11:51,11:51,6,0,0,E SCOTT PL & N DEARBORN ST,1,1,0,0,1,1,0,0,20,0,0,0,0,0,4,3,16
,2024-042828,39.75372587,-104.9863618,10/4/2024 9:19,9:19,2,0,0,PARK AVE W & CURTIS ST,1,1,0,0,1,1,0,0,0,1,0,0,0,0,4,1,16
,2024-042832,39.74031955,-105.0142546,10/6/2024 23:25,23:25,6,0,0,W COLFAX AVE & I-25,1,3,0,0,1,4,0,0,35,0,0,0,0,0,2,2,16
,2024-042842,39.72253459,-104.9985778,10/5/2024 18:38,18:38,3,0,1,W 4TH AVE & N SANTA FE DR,1,3,0,0,1,1,0,0,20,0,0,0,0,2,4,2,13
,2024-042844,39.74146929,-104.9010878,10/5/2024 1:54,1:54,6,0,0, ROSLYN ST & E 16TH AVE,1,3,0,0,1,4,0,0,25,0,0,0,0,0,4,2,12
,2024-042848,39.77055416,-104.8471086,10/3/2024 6:03,6:03,12,0,0, PEORIA ST & E 39TH AVE,1,1,0,0,1,4,0,0,35,0,0,0,0,0,4,2,16
,2024-042849,39.7216147,-105.0532721,10/3/2024 21:17,21:17,12,0,0,400   SHERIDAN BLVD,1,3,0,0,1,4,0,0,40,0,0,0,0,0,2,3,3
,2024-042860,39.73839144,-104.9604479,10/4/2024 16:44,16:44,2,0,1,E 14TH AVE & N YORK ST,1,1,0,0,1,9,0,0,0,1,0,0,0,2,4,1,16
,2024-042861,39.74021283,-104.9124344,10/6/2024 12:35,12:35,12,0,2,E COLFAX AVE & N MONACO ST PKWY,1,1,0,0,1,1,0,0,30,0,0,0,0,1,2,2,13
,2024-042862,39.73687293,-104.970692,10/7/2024 7:50,7:50,15,0,0,E 13TH AVE & N LAFAYETTE ST,1,1,0,0,1,1,0,0,30,0,0,0,0,0,4,2,10
,2024-042865,39.77108927,-104.8979498,10/3/2024 10:35,10:35,16,0,0,7800 E SMITH RD,1,1,0,0,5,7,0,0,10,0,0,0,0,0,3,2,16
,2024-042867,39.73107772,-105.0156602,10/4/2024 12:25,12:25,12,0,1,I-25 & SB OFF RAMP EXT TO W 8TH AVE,1,1,0,0,1,4,0,0,55,0,0,0,0,2,1,3,16
,2024-042868,39.69128166,-105.0253335,10/7/2024 8:46,8:46,12,0,0,W ARKANSAS AVE & S FEDERAL BLVD,1,1,0,0,1,3,0,0,30,0,0,0,0,0,4,2,16
,2024-042869,39.7147962,-104.9128728,10/7/2024 7:51,7:51,1,0,2,E BAYAUD AVE & S MONACO ST PKWY,1,1,0,0,1,1,0,0,30,0,0,0,0,1,4,2,11
,2024-042870,39.78195559,-104.9645404,10/7/2024 2:09,2:09,6,0,0, HIGH ST & E 47TH AVE,1,3,0,0,1,1,0,0,30,0,0,0,0,0,4,2,16
,2024-042871,39.6535566,-104.9184599,10/7/2024 10:49,10:49,12,0,0,I-25 & E HAMPDEN AVE,1,1,0,0,1,4,0,0,55,0,0,0,0,0,1,2,13
,2024-042872,39.68590571,-105.0250217,10/7/2024 13:42,13:42,12,0,0,1640  FEDERAL BLVD & W MEXICO AVE,1,1,1,0,1,4,0,0,35,0,0,0,0,0,2,2,3
,2024-042902,39.66757809,-104.9257465,5/21/2024 16:00,16:00,12,0,0,I-25 & E YALE AVE,1,5,0,0,1,4,0,0,65,0,0,0,0,0,1,2,3