id,drcog_id,latitude,longitude,crashtime,time,crashtype,numbkilled,numbinjurd,drcoglocat,rdconditin,lightngcon,roadcntgrd,weatherco,location,roaddescrp,schoolzone,constrzone,splimit,bikeinv,pedinv,sctrinv,motoinv,svrty,rdsystem,ttlvehcls,hcf
,2024-042952,39.74482844,-104.9690294,10/8/2024 12:20,12:20,15,0,0,E 18TH AVE & N FRANKLIN ST,1,1,0,0,1,4,0,0,35,0,0,0,0,0,4,2,13
,2024-042963,39.67847073,-104.9220053,10/7/2024 8:14,8:14,12,0,0,E EVANS AVE & S HOLLY ST,1,1,0,0,1,3,0,0,35,0,0,0,0,0,4,3,13
,2024-042964,39.67499156,-105.0250422,10/7/2024 22:50,22:50,3,0,2, FEDERAL BLVD & W ILIFF AVE,1,3,0,0,1,2,0,0,40,0,0,0,0,2,2,2,16
,2024-042968,39.76001478,-104.8905208,10/8/2024 14:35,14:35,3,0,0, CENTRAL PARK BLVD & E MLK JR BLVD,1,1,0,0,1,1,0,0,35,0,0,0,0,0,4,2,13
,2024-042971,39.79838817,-104.785803,10/8/2024 8:50,8:50,15,0,0,PENA BLVD & E 56TH AVE,1,1,0,0,1,4,0,0,65,0,0,0,0,0,4,2,16
,2024-042972,39.69674314,-105.02036,10/8/2024 7:38,7:38,3,0,0, CLAY ST & W MISSISSIPPI AVE,1,1,0,0,1,1,0,0,20,0,0,0,0,0,4,2,13
,2024-042973,39.73668168,-104.9223347,10/7/2024 13:55,13:55,15,0,0,E 13TH AVE & N HOLLY ST,1,1,0,0,1,1,0,0,30,0,0,0,0,0,4,2,3
,2024-042975,39.78408215,-104.99231,10/8/2024 8:28,8:28,15,0,0,I-25 & I-70,1,1,0,0,1,4,0,0,55,0,0,0,0,0,1,2,13
,2024-042976,39.65310344,-104.9295237,10/7/2024 8:05,8:05,12,0,0,E HAMPDEN AVE & S ELM ST,1,1,0,0,1,3,0,0,40,0,0,0,0,0,2,3,11
,2024-042977,39.71116069,-104.9863693,10/8/2024 13:01,13:01,3,0,0,E ALAMEDA AVE & S LINCOLN ST,1,1,0,0,1,1,0,0,30,0,0,0,0,0,4,2,14
,2024-042985,39.71531424,-104.9593071,10/8/2024 18:31,18:31,1,0,0, UNIVERSITY BLVD & E CHERRY CREEK N DR,1,1,0,0,1,1,0,0,35,0,0,0,0,0,4,2,13
,2024-042987,39.65315195,-105.0551572,10/8/2024 7:56,7:56,12,0,0,W HAMPDEN AVE & S SHERIDAN BLVD,1,1,0,0,1,4,0,0,55,0,0,0,0,0,2,2,16
,2024-042988,39.6784657,-104.9308441,10/8/2024 5:50,5:50,12,0,2,E EVANS AVE & S DAHLIA ST,1,2,0,0,1,4,0,0,35,0,0,0,0,1,4,3,3
,2024-042989,39.77664927,-105.0251599,10/8/2024 11:35,11:35,3,0,0, FEDERAL BLVD & W 44TH AVE,1,1,0,0,1,1,0,0,35,0,0,0,0,0,2,2,1
,2024-042990,39.72189432,-105.0090992,10/7/2024 14:00,14:00,15,0,0,I-25 & NB OFF RAMP EXT TO W 6TH AVE,1,1,0,0,1,4,0,0,55,0,0,0,0,0,1,2,16
,2024-042991,39.76459606,-104.9405006,10/7/2024 13:15,13:15,15,0,0, COLORADO BLVD & E BRUCE RANDOLPH AVE,1,1,0,0,1,4,0,0,35,0,0,0,0,0,2,2,11
,2024-042992,39.70132883,-105.0250711,10/8/2024 8:15,8:15,12,0,0, FEDERAL BLVD & W ADA PL,1,1,0,0,1,3,0,0,40,0,0,0,0,0,2,2,3
,2024-042993,39.78112902,-104.7423381,10/7/2024 13:27,13:27,3,0,0, MALAYA ST & E GREEN VALLEY RANCH BLVD,1,1,0,0,1,1,0,0,25,0,0,0,0,0,4,2,7
,2024-042995,39.74161691,-104.9591613,8/18/2024 13:55,13:55,3,0,0, JOSEPHINE ST & E 16TH AVE,1,1,0,0,1,1,0,0,30,0,0,0,0,0,4,2,16
,2024-042996,39.75240255,-105.0075874,10/7/2024 21:31,21:31,12,0,0, SPEER BLVD & ELITCH CIR,1,3,0,0,1,3,0,0,35,0,0,0,0,0,4,3,3
,2024-042997,39.84928164,-104.6726895,9/12/2024 5:55,5:55,6,0,0,PENA BLVD & E 88TH AVE,1,1,0,0,5,4,0,0,25,0,0,0,0,0,3,2,13
,2024-042998,39.68961942,-104.9804433,9/2/2024 17:00,17:00,6,0,0, PEARL ST & E FLORIDA AVE,1,1,0,0,1,2,0,0,10,0,0,0,0,0,4,2,16
,2024-043000,39.72564408,-104.9868175,10/7/2024 15:30,15:30,3,0,0,E 6TH AVE & N LINCOLN ST,1,1,0,0,1,2,0,0,15,0,0,0,0,0,4,2,8
,2024-043001,39.78355195,-104.7648972,10/7/2024 20:28,20:28,12,0,0, ARGONNE ST & E GREEN VALLEY RANCH BLVD,1,3,0,0,1,3,0,0,25,0,0,0,0,0,4,2,11
,2024-043002,39.69300259,-104.9802027,8/12/2024 11:36,11:36,6,0,0,E LOUISIANA AVE & S PEARL ST,1,1,0,0,1,4,0,0,25,0,0,0,0,0,4,2,14
,2024-043003,39.7402244,-104.8894279,10/2/2024 17:18,17:18,12,0,0,E COLFAX AVE & N WABASH ST,1,1,0,0,1,1,0,0,30,0,0,0,0,0,2,2,16
,2024-043005,39.74613585,-104.9124477,10/7/2024 16:30,16:30,12,0,0, MONACO ST PKWY & E 19TH AVE,1,1,0,0,1,4,0,0,30,0,0,0,0,0,4,3,11
,2024-043008,39.70091313,-104.9871502,10/8/2024 15:25,15:25,12,0,0,I-25 & S BROADWAY ST,1,1,0,0,1,4,0,0,55,0,0,0,0,0,1,3,3
,2024-043009,39.71118356,-104.9988836,10/8/2024 15:41,15:41,12,0,0,I-25 & W ALAMEDA AVE,1,1,1,0,1,4,0,0,55,0,0,0,0,0,1,2,10
,2024-043011,39.69657363,-104.9430268,10/7/2024 15:45,15:45,12,0,1,E MISSISSIPPI AVE & S JACKSON ST,1,1,0,0,1,1,0,0,30,0,0,0,0,1,4,2,3
,2024-043012,39.76199733,-104.9684198,10/7/2024 7:40,7:40,10,0,0,E MLK JR BLVD & N FRANKLIN ST,1,1,0,0,1,1,0,0,20,0,0,0,1,0,4,2,16
,2024-043013,39.72644085,-105.0361978,10/8/2024 2:15,2:15,6,0,0, MEADE ST & W 6TH AVE,1,4,0,0,1,4,0,0,20,0,0,0,0,0,4,2,16
,2024-043014,39.69677028,-104.8986625,10/8/2024 7:54,7:54,12,0,0, PARKER RD & E MISSISSIPPI AVE,1,1,1,0,1,4,0,0,45,0,0,0,0,0,2,2,3
,2024-043015,39.65308584,-104.8756578,10/7/2024 13:00,13:00,15,0,0, DAYTON ST & E HAMPDEN AVE,1,1,0,0,1,3,0,0,25,0,0,0,0,0,4,2,11
,2024-043016,39.83959637,-104.6718624,10/8/2024 7:12,7:12,15,0,0,PENA BLVD E,1,1,0,0,1,4,0,0,45,0,0,0,0,0,4,2,13
,2024-043018,39.68303792,-104.9410554,10/8/2024 6:51,6:51,12,0,0,I-25 & S COLORADO BLVD,1,1,0,7,1,4,0,0,60,0,0,0,0,0,1,2,1
,2024-043019,39.72580465,-105.0508352,10/7/2024 15:06,15:06,12,0,0,W 6TH AVE & N SHERIDAN BLVD,1,1,0,0,1,4,0,0,55,0,0,0,0,0,2,2,3
,2024-043021,39.73125358,-105.0532243,10/8/2024 9:00,9:00,15,0,0, SHERIDAN BLVD & W 9TH AVE,1,1,0,0,1,3,0,0,35,0,0,0,0,0,2,2,16
,2024-043022,39.63407562,-105.0347474,10/8/2024 18:29,18:29,3,0,1, LOWELL BLVD & W TUFTS AVE,1,3,1,0,1,2,0,0,35,0,0,0,0,2,4,2,11
,2024-043025,39.7729051,-104.8342113,10/8/2024 19:35,19:35,12,0,0,I-70 & I-225 RAMP EXT,1,3,0,0,1,8,0,0,50,0,0,0,0,0,2,2,13
,2024-043026,39.69294349,-104.940549,8/12/2024 17:30,17:30,12,0,0, COLORADO BLVD & E LOUISIANA AVE,1,1,0,0,1,1,0,0,,0,0,0,0,0,2,2,16
,2024-043027,39.70815114,-104.9269384,8/18/2024 2:15,2:15,3,0,1,LEETSDALE DR & S FOREST ST,1,3,0,0,1,1,0,0,35,0,0,0,0,2,2,2,16
,2024-043028,39.68623083,-104.9360937,10/8/2024 8:40,8:40,6,0,1, BIRCH ST & E MEXICO AVE,1,1,0,0,1,4,0,0,20,0,0,0,0,2,4,2,2
,2024-043029,39.77336516,-104.8470281,10/3/2024 16:20,16:20,8,0,0, PEORIA ST & I-70 EB ON,1,1,0,0,6,1,0,0,,0,0,0,0,0,1,3,16
,2024-043031,39.7401953,-104.93723,10/8/2024 8:17,8:17,3,0,0, BELLAIRE ST & E COLFAX AVE,1,1,0,0,1,1,0,0,20,0,0,0,0,0,2,2,16
,2024-043032,39.74432471,-104.9915583,10/8/2024 10:45,10:45,12,0,0,WELTON ST & 16TH ST,1,1,0,0,1,3,0,0,30,0,0,0,0,0,4,2,11
,2024-043033,39.63117872,-104.8924131,10/8/2024 10:07,10:07,1,0,0, DTC BLVD & E UNION AVE,1,1,0,0,1,1,0,0,35,0,0,0,0,0,4,2,3
,2024-043039,39.7234924,-105.0250231,10/5/2024 12:30,12:30,12,0,0, FEDERAL BLVD & W 5TH AVE,1,1,0,0,1,3,0,0,40,0,0,0,0,0,2,2,16
,2024-043050,39.6730308,-104.9593852,10/6/2024 13:29,13:29,3,0,0,WESLEY AVE & S UNIVERSITY BLVD,1,1,0,0,1,1,0,0,35,0,0,0,0,0,4,2,13
,2024-043060,39.76382722,-104.90274,10/5/2024 15:45,15:45,3,0,2,E 33RD AVE & N QUEBEC ST,1,1,0,0,1,1,0,0,20,0,0,0,0,2,4,2,16
,2024-043089,39.77232465,-104.8293376,6/5/2024 17:00,17:00,15,0,0,I-70 NB ON RAMP FROM -225,1,1,1,0,1,8,0,0,,0,0,0,0,0,1,2,16
,2024-043090,39.78921861,-104.9852174,7/8/2024 9:30,9:30,6,0,0,E 51ST AVE & N SHERMAN ST,1,1,1,0,1,4,0,0,30,0,0,0,0,0,4,3,16
,2024-043093,39.78131779,-104.8268089,9/20/2024 16:33,16:33,3,0,3, DILLON ST & E ANDREWS DR,1,1,0,0,1,1,0,0,25,0,0,0,0,1,4,3,11
,2024-043125,39.77305551,-104.8098453,9/27/2024 19:15,19:15,15,0,0, CHAMBERS RD & E 40TH AVE,1,3,0,0,1,1,0,0,35,0,0,0,0,0,4,2,8
,2024-043138,39.62515919,-105.1031778,9/2/2024 2:35,2:35,6,0,0,9490 W BELLEWOOD PL & S HOLLAND ST,1,3,0,0,2,2,0,0,20,0,0,0,0,0,4,2,1
,2024-043161,39.74002768,-105.002983,10/7/2024 6:47,6:47,12,0,0,W COLFAX AVE & N MARIPOSA ST,1,1,0,0,1,3,0,0,30,0,0,0,0,0,2,2,16
,2024-043186,39.71121663,-105.0299617,9/6/2024 7:32,7:32,3,0,0,W ALAMEDA AVE & S IRVING ST,1,1,0,0,1,1,0,0,35,0,0,0,0,0,2,2,1
,2024-043191,39.69309262,-104.9781209,10/9/2024 17:50,17:50,12,0,1,I-25 & E LOUISIANA AVE,1,2,0,0,1,4,0,0,55,0,0,0,0,1,1,2,16
,2024-043287,39.72340531,-104.9874839,10/8/2024 19:00,19:00,6,0,0, BROADWAY ST & E 5TH AVE,1,3,0,0,1,4,0,0,,0,0,0,0,0,4,2,16
,2024-043318,39.72889706,-105.0028432,10/9/2024 14:50,14:50,3,0,2, MARIPOSA ST & W 8TH AVE,1,1,0,0,1,1,0,0,20,0,0,0,0,2,4,2,11
,2024-043383,39.76755881,-104.9969676,10/9/2024 8:21,8:21,12,0,1,I-25 & PARK AVE W,1,1,1,0,1,13,0,0,55,0,0,0,0,3,1,2,10
,2024-043385,39.74325051,-104.9747548,10/9/2024 11:40,11:40,3,0,0,E 17TH AVE & N OGDEN ST,1,1,0,0,1,1,0,0,35,0,0,0,0,0,4,2,16
,2024-043386,39.69143127,-104.9128893,10/8/2024 13:00,13:00,12,0,0,E CHERRY CREEK  DR & S MONACO ST PKWY,1,1,0,0,1,1,0,0,30,0,0,0,0,0,4,2,3
,2024-043448,39.67528918,-105.02504,9/14/2024 20:23,20:23,1,0,1, FEDERAL BLVD & W ILIFF AVE,1,3,1,0,1,1,0,0,40,0,0,0,0,3,2,2,11
,2024-043449,39.77981299,-104.9745344,10/9/2024 13:39,13:39,15,0,0,I-70 & WB OFF RAMP EXT TO N WASHINGTON ST,1,1,0,0,1,4,0,0,55,0,0,0,0,0,1,2,13
,2024-043453,39.72645621,-105.032495,9/27/2024 2:33,2:33,6,0,0, KNOX CT & W 6TH AVE,1,3,0,0,1,4,0,0,30,0,0,0,0,0,4,3,16
,2024-043454,39.77619332,-104.8828683,10/9/2024 19:53,19:53,3,0,0, CENTRAL PARK BLVD & I-70 EB RAMPS,1,2,0,0,1,1,0,0,35,0,0,0,0,0,4,2,13
,2024-043479,39.7112366,-105.0240001,9/13/2024 19:08,19:08,16,0,0,2905 W ALAMEDA AVE,1,2,0,0,5,7,0,0,,0,0,0,0,0,3,2,16
,2024-043480,39.74034306,-105.0336133,8/30/2024 22:50,22:50,6,0,0,W COLFAX AVE & N KING ST,1,3,0,0,1,4,0,0,35,0,0,0,0,0,2,2,16
,2024-043496,39.72974893,-104.9912323,10/8/2024 15:00,15:00,3,0,0, SPEER BLVD & N BANNOCK ST,1,1,0,0,1,1,0,0,35,0,0,0,0,0,4,2,7
,2024-043550,39.70804482,-104.8789797,8/29/2024 0:13,0:13,5,1,1,E ALAMEDA AVE & S CLINTON ST,1,3,0,0,6,3,0,0,35,0,0,0,0,4,4,2,13
,2024-043603,39.69762051,-105.0263936,9/29/2024 2:00,2:00,16,0,0,1046  GROVE ST & W MISSISSIPPI AVE,1,4,3,0,5,7,0,0,,0,0,0,0,0,3,2,16
,2024-043717,39.71557766,-104.9769134,8/25/2024 4:00,4:00,6,0,0, EMERSON ST & E BAYAUD AVE,1,4,0,0,3,4,0,0,25,0,0,0,0,0,4,2,16
,2024-043725,39.67859775,-104.9863695,10/8/2024 9:15,9:15,6,0,0, LINCOLN ST & E EVANS AVE,1,1,0,0,1,4,0,0,,0,0,0,0,0,4,2,16
,2024-043755,39.73997864,-104.9617099,10/9/2024 15:15,15:15,12,0,1,E COLFAX AVE & N VINE ST,1,1,0,0,1,4,0,0,35,0,0,0,0,1,2,3,8
,2024-043810,39.70564991,-105.0389644,8/3/2024 5:08,5:08,5,0,0,W CENTER AVE & S PATTON CT,1,1,0,0,2,4,0,0,25,0,0,0,0,0,4,2,16
,2024-043811,39.78371824,-105.0061303,10/9/2024 5:25,5:25,2,0,1,I-70 WB OFF RAMP & N PECOS ST,1,3,0,0,1,6,0,0,20,1,0,0,0,2,1,1,16
,2024-043820,39.79843571,-104.7628719,8/16/2024 0:29,0:29,5,0,0,E 56TH AVE & N DUNKIRK ST,1,3,0,0,3,4,0,1,45,0,0,0,0,0,4,1,16
,2024-043827,39.7038798,-104.9862751,10/8/2024 10:00,10:00,10,0,0, LINCOLN ST & E EXPOSITION AVE,1,1,0,0,1,1,0,0,30,0,0,0,0,0,4,2,8
,2024-043844,39.71156233,-104.9406226,10/7/2024 16:45,16:45,1,0,0,E ALAMEDA AVE & S COLORADO BLVD,1,1,0,0,1,1,0,0,30,0,0,0,0,0,2,2,3
,2024-043845,39.728905,-104.9964053,10/9/2024 8:55,8:55,15,0,0,W 8TH AVE & N GALAPAGO ST,1,1,0,0,1,1,0,0,35,0,0,0,0,0,4,2,13
,2024-043846,39.70916124,-104.9269861,8/3/2024 6:00,6:00,6,0,0, FOREST ST & E DAKOTA AVE,1,1,2,7,1,4,0,0,,0,0,0,0,0,4,2,16
,2024-043851,39.77221404,-105.0440139,9/18/2024 10:52,10:52,12,0,0, TENNYSON ST & W 41ST AVE,1,1,0,0,1,4,0,0,30,0,0,0,0,0,4,2,16
,2024-043860,39.73343001,-104.9798566,9/15/2024 23:30,23:30,6,0,0, PEARL ST & 11TH AVE,1,4,0,0,1,4,0,0,30,0,0,0,0,0,4,5,16
,2024-043861,39.78763633,-104.8081918,8/21/2024 15:00,15:00,5,0,0, HELENA ST & E 51ST AVE,1,1,0,0,2,3,0,0,25,0,0,0,0,0,4,1,16
,2024-043862,39.85151717,-104.6755498,10/6/2024 21:38,21:38,16,0,0,8511 PENA BLVD,1,3,0,0,5,7,0,0,15,0,0,0,0,0,3,2,16
,2024-043866,39.7402051,-104.9998631,10/9/2024 6:51,6:51,12,0,0,W COLFAX AVE & N KALAMATH ST,1,1,0,0,1,3,0,0,30,0,0,0,0,0,2,2,13
,2024-043873,39.76141866,-104.9034354,10/9/2024 6:05,6:05,3,0,1,E MLK JR BLVD & N QUEBEC ST,1,2,0,0,1,1,0,0,30,0,0,0,0,2,4,2,13
,2024-043874,39.77693728,-104.8788697,10/9/2024 6:20,6:20,12,0,0,I-70 & N CENTRAL PARK BLVD,1,2,0,0,1,4,0,0,55,0,0,0,0,0,1,2,13
,2024-043876,39.74461825,-104.9911766,10/8/2024 11:50,11:50,6,0,0,WELTON ST & 16TH ST,1,1,0,0,1,4,0,0,30,0,0,0,0,0,4,2,4
,2024-043877,39.76212616,-105.0322695,10/9/2024 4:07,4:07,5,0,0,W 32ND AVE & N JULIAN ST,1,3,1,0,6,3,0,0,25,0,0,0,0,0,4,2,8
,2024-043881,39.63865245,-104.8919622,10/9/2024 7:59,7:59,15,0,0,E QUINCY AVE & S TAMARAC DR,1,1,0,0,1,4,0,0,30,0,0,0,0,0,4,2,16
,2024-043904,39.77466761,-104.8242864,10/9/2024 16:35,16:35,8,0,1, DEEPHAVEN CT & E 43RD AVE,1,1,0,0,1,4,0,0,25,0,0,0,0,2,4,2,10
,2024-043938,39.74030147,-105.0346058,9/21/2024 11:38,11:38,6,0,0, LOWELL BLVD & W COLFAX AVE,1,1,0,0,1,4,0,0,,0,0,0,0,0,2,2,10
,2024-043939,39.6784618,-104.9331826,10/6/2024 23:22,23:22,5,0,0,I-25 NB OFF RAMP & E EVANS AVE,1,3,3,0,3,1,0,0,30,0,0,0,0,0,4,1,3
,2024-044010,39.69224133,-104.9771782,7/25/2024 14:43,14:43,12,0,0,I-25 & S EMERSON ST,1,1,0,0,1,4,0,0,55,0,0,0,0,0,1,2,16
,2024-044031,39.67167512,-104.9617413,8/29/2024 7:25,7:25,6,0,0, GAYLORD ST & E HARVARD AVE,1,5,0,7,1,4,0,0,25,0,0,0,0,0,4,2,16
,2024-044083,39.73822773,-104.8858345,10/9/2024 9:35,9:35,5,0,0,1350  XENIA ST ALLEY & E 14TH AVE,1,3,0,0,3,9,0,0,,0,0,0,0,0,4,1,16
,2024-044087,39.68939211,-104.9920577,10/9/2024 11:09,11:09,3,0,0,W FLORIDA AVE & S SANTA FE DR,1,1,0,0,1,1,0,0,30,0,0,0,0,0,4,2,16
,2024-044109,39.73060753,-104.8987662,10/4/2024 23:52,23:52,6,0,0,E 8TH AVE & N QUEBEC ST,1,3,0,0,1,4,0,0,,0,0,0,0,0,4,3,10
,2024-044110,39.75164533,-105.0346207,8/21/2024 21:30,21:30,6,0,0, LOWELL BLVD & W 23RD AVE,1,3,0,0,1,4,0,0,25,0,0,0,0,0,4,2,16
,2024-044111,39.786127,-104.785002,9/10/2024 13:20,13:20,6,0,0, SALIDA ST & E 49TH PL,1,1,0,0,1,4,0,0,,0,0,0,0,0,4,2,16
,2024-044113,39.68932353,-104.9405462,9/11/2024 17:25,17:25,12,0,0, COLORADO BLVD & E FLORIDA AVE,1,1,0,0,1,1,0,0,,0,0,0,0,0,2,2,16
,2024-044162,39.73686387,-104.9964726,8/25/2024 1:10,1:10,3,0,2, SPEER BLVD & W 13TH AVE,1,3,0,0,1,1,0,0,35,0,0,0,0,3,4,2,16
,2024-044163,39.67857395,-105.0321169,8/22/2024 3:32,3:32,5,0,0,W EVANS AVE & S KNOX CT,1,3,0,0,3,1,0,0,,0,0,0,0,0,4,1,16
,2024-044166,39.72922855,-105.0251446,9/8/2024 21:00,21:00,12,0,0, FEDERAL BLVD & W 8TH AVE,1,3,0,0,1,3,0,0,,0,0,0,0,0,2,2,16
,2024-044167,39.69311534,-105.0250363,9/28/2024 15:38,15:38,12,0,0, FEDERAL BLVD & W LOUISIANA AVE,1,1,0,0,1,1,0,0,,0,0,0,0,0,2,2,16
,2024-044170,39.77292696,-105.009817,9/18/2024 15:55,15:55,6,0,0,W 41ST AVE & N SHOSHONE ST,1,1,0,0,1,4,0,0,15,0,0,0,0,0,4,2,16
,2024-044236,39.71304675,-105.0015122,10/8/2024 13:56,13:56,3,0,0, LIPAN ST & S PLATTE RIVER DR,1,1,0,0,1,1,0,0,30,0,0,0,0,0,4,2,3
,2024-044237,39.72564191,-105.0483159,10/9/2024 6:29,6:29,12,0,0,W 6TH AVE & N SHERIDAN BLVD,1,1,0,0,1,4,0,0,55,0,0,0,0,0,2,2,13
,2024-044238,39.7695731,-104.7345905,10/9/2024 9:06,9:06,12,0,1, PICADILLY RD & E 38TH AVE,1,1,0,0,1,4,0,0,40,0,0,0,0,1,4,2,13
,2024-044239,39.70022548,-104.9593282,9/19/2024 12:30,12:30,14,0,0, UNIVERSITY BLVD & E KENTUCKY AVE,1,1,0,0,1,1,0,0,,0,0,0,0,0,4,2,16
,2024-044276,39.68207084,-105.03435,9/24/2024 16:09,16:09,6,0,0,2277  LOWELL BLVD & W ILIFF AVE,1,1,0,0,1,4,0,0,30,0,0,0,0,0,4,2,11
,2024-044291,39.71133319,-105.053258,10/6/2024 23:33,23:33,3,0,0, SHERIDAN BLVD & W ALAMEDA AVE,1,3,0,0,1,1,0,0,40,0,0,0,0,0,2,2,16
,2024-044292,39.77465527,-104.9082132,10/4/2024 11:33,11:33,10,0,0, ONEIDA ST & E SUNDOWN RD,13,1,0,0,1,4,0,0,20,0,0,0,0,0,4,2,11
,2024-044301,39.75599679,-104.9904061,10/6/2024 22:47,22:47,15,0,1,MARKET ST & 22ND ST,1,3,0,0,1,4,0,0,20,0,0,0,1,2,4,2,16
,2024-044307,39.7040267,-105.0344477,10/7/2024 16:45,16:45,11,0,1, LOWELL BLVD & W EXPOSITION AVE,1,1,0,0,1,1,0,0,0,0,0,1,0,2,4,1,16
,2024-044389,39.65321908,-105.0495235,10/9/2024 19:44,19:44,5,0,1,W HAMPDEN AVE & S SHERIDAN BLVD,1,3,0,0,2,4,0,0,50,0,0,0,0,2,2,1,7
,2024-044392,39.7360068,-104.956284,10/9/2024 17:52,17:52,6,0,0,1240 ELIZABETH ST & E 12TH AVE,1,1,0,0,1,4,0,0,25,0,0,0,0,0,4,2,13
,2024-044393,39.69675886,-105.0367063,10/8/2024 13:15,13:15,6,0,1,W MISSISSIPPI AVE & S NEWTON ST,1,1,0,0,1,1,0,0,30,0,0,0,0,1,4,2,16
,2024-044396,39.66051245,-105.0251647,10/10/2024 6:25,6:25,12,0,0, FEDERAL BLVD & W DARTMOUTH AVE,1,3,1,0,1,4,0,0,40,0,0,0,0,0,2,2,13
,2024-044400,39.69666312,-104.99294,10/10/2024 10:00,10:00,10,0,0, PLATTE RIVER DR & W MISSISSIPPI AVE,1,1,0,0,1,1,0,0,40,0,0,0,0,0,2,2,7
,2024-044401,39.62415559,-105.0912906,10/9/2024 11:44,11:44,12,0,0, WADSWORTH WY & W BELLEVIEW AVE,1,1,0,0,1,3,0,0,35,0,0,0,0,0,2,2,3
,2024-044404,39.72737528,-104.9406103,10/10/2024 1:24,1:24,5,0,0,E 7TH AVE & N COLORADO BLVD,1,3,0,0,3,1,0,0,35,0,0,0,0,0,2,1,16
,2024-044405,39.80011645,-104.7863524,10/9/2024 8:09,8:09,12,0,0,PENA BLVD OB & E 56TH AVE,1,1,0,0,1,4,0,0,65,0,0,0,0,0,4,2,13
,2024-044406,39.73847552,-105.0397415,10/10/2024 16:30,16:30,1,0,0,W 14TH AVE & N QUITMAN ST,1,1,0,0,1,4,0,0,20,0,0,0,0,0,4,2,13
,2024-044408,39.63117872,-104.8924131,10/10/2024 12:36,12:36,1,0,1, DTC BLVD & E UNION AVE,1,1,0,0,1,1,0,0,35,0,0,0,0,1,4,2,11
,2024-044409,39.7750662,-104.8592787,10/9/2024 23:29,23:29,15,0,1,I-70 & MM 280.9,1,3,0,0,1,4,0,0,55,0,0,0,0,1,1,2,16
,2024-044410,39.73650345,-105.0141782,9/28/2024 13:18,13:18,12,0,0,I-25 HWY NB & W COLFAX AVE,1,1,0,0,1,4,0,0,,0,0,0,0,0,1,2,16
,2024-044411,39.73527316,-105.0001342,10/9/2024 21:45,21:45,14,0,0,W 12TH AVE & N KALAMATH ST,1,3,0,0,1,3,0,0,35,0,0,0,0,0,4,2,16
,2024-044413,39.77378804,-104.7905644,10/9/2024 7:47,7:47,12,0,2,PENA BLVD OB & E 40TH AVE,1,1,0,0,1,4,0,0,65,0,0,0,0,1,2,3,11
,2024-044414,39.84928164,-104.6726895,10/2/2024 12:45,12:45,16,0,0,8400 PENA BLVD & DIA LEVEL 5 EAST EXIT,1,1,0,0,5,8,0,0,10,0,0,0,0,0,3,2,16
,2024-044415,39.74167998,-104.9861166,10/9/2024 17:14,17:14,10,0,0, LINCOLN ST & E 16TH AVE,1,1,0,0,1,1,0,0,30,0,0,0,0,0,4,2,13
,2024-044416,39.71814891,-105.0397023,10/9/2024 14:40,14:40,3,0,1,W 1ST AVE & N PERRY ST,1,1,0,0,1,1,0,0,25,0,0,0,0,1,4,3,8
,2024-044418,39.72056185,-105.0454676,10/10/2024 10:12,10:12,6,0,0, VRAIN ST & W 2ND AVE,1,1,1,0,1,4,0,0,20,0,0,0,0,0,4,2,16
,2024-044419,39.6784631,-104.9124275,10/9/2024 10:43,10:43,10,0,0,E EVANS AVE & S MONACO ST PKWY,1,1,0,0,1,2,0,0,35,0,0,0,0,0,4,2,11
,2024-044420,39.72206379,-105.0250693,10/9/2024 23:07,23:07,15,0,0, FEDERAL BLVD & W 4TH AVE,1,3,0,0,1,4,0,0,40,0,0,0,0,0,2,2,13
,2024-044422,39.78067763,-104.9581572,9/27/2024 15:00,15:00,10,0,0,E 46TH AVE & N JOSEPHINE ST,1,1,0,0,1,1,0,0,,0,0,0,0,0,4,2,16
,2024-044429,39.700232,-104.9936063,10/9/2024 21:10,21:10,15,0,1, PLATTE RIVER DR & W MISSISSIPPI AVE,1,3,0,0,1,4,0,0,45,0,0,0,0,1,2,2,13
,2024-044434,39.80765573,-104.7721187,10/10/2024 4:46,4:46,15,0,0, TOWER RD & E 61ST AVE,1,3,0,0,1,4,0,0,45,0,0,0,0,0,4,2,16
,2024-044435,39.71124039,-105.0249447,10/10/2024 9:24,9:24,1,0,0,W ALAMEDA AVE & S FEDERAL BLVD,1,1,0,0,1,1,0,0,40,0,0,0,0,0,2,2,11
,2024-044436,39.7507359,-104.9757577,10/10/2024 17:14,17:14,3,0,0, EMERSON ST & E 23RD AVE,1,1,0,0,1,1,0,0,25,0,0,0,0,0,4,2,13
,2024-044437,39.7611988,-104.9027528,10/10/2024 9:00,9:00,3,0,0, QUEBEC ST & E MLK JR BLVD,1,1,0,0,1,1,0,0,30,0,0,0,0,0,4,2,13
,2024-044438,39.65317309,-104.9161417,10/9/2024 8:45,8:45,12,0,0,E HAMPDEN AVE & S LOCUST ST,1,1,0,0,1,4,0,0,35,0,0,0,0,0,2,2,3
,2024-044441,39.77480887,-104.8541623,10/11/2024 19:06,19:06,12,0,0,I-70 & N PEORIA ST,1,3,0,0,1,4,0,0,55,0,0,0,0,0,1,2,10