id,drcog_id,latitude,longitude,crashtime,time,crashtype,numbkilled,numbinjurd,drcoglocat,rdconditin,lightngcon,roadcntgrd,weatherco,location,roaddescrp,schoolzone,constrzone,splimit,bikeinv,pedinv,sctrinv,motoinv,svrty,rdsystem,ttlvehcls,hcf
,2024-044442,39.69666312,-104.99294,10/11/2024 11:09,11:09,1,0,0,W MISSISSIPPI AVE & S PLATTE RIVER DR,1,1,0,0,1,1,0,0,30,0,0,0,0,0,2,2,13
,2024-044443,39.77653007,-104.9034954,10/11/2024 10:43,10:43,15,0,0, NORTHFIELD QUEBEC ST & I-70,1,1,1,0,1,4,0,0,40,0,0,0,0,0,2,2,13
,2024-044445,39.75134091,-104.9929286,10/11/2024 9:07,9:07,11,0,0,LAWRENCE ST & 19TH ST,1,1,0,0,1,1,0,0,0,0,0,1,0,0,4,1,16
,2024-044449,39.74323407,-104.9659882,10/9/2024 11:45,11:45,15,0,0,E 17TH AVE & N WILLIAMS ST,1,1,0,0,1,1,0,0,30,0,0,0,0,0,4,2,3
,2024-044450,39.72570938,-105.0001487,10/9/2024 8:35,8:35,15,0,0, KALAMATH ST & W 6TH AVE,1,1,0,0,1,1,0,0,35,0,0,0,0,0,4,2,3
,2024-044454,39.77158569,-105.0005896,10/11/2024 19:57,19:57,6,0,0, KALAMATH ST & W 40TH AVE,1,3,0,0,1,4,0,0,25,0,0,0,0,0,4,2,13
,2024-044455,39.73843759,-104.9823168,10/11/2024 19:24,19:24,12,0,0,E 14TH AVE & N LOGAN ST,1,3,0,0,1,1,0,0,20,0,0,0,0,0,4,2,7
,2024-044456,39.75206026,-104.9708805,10/11/2024 18:55,18:55,6,0,1, LAFAYETTE ST & E 24TH AVE,1,3,0,0,3,4,0,0,30,0,0,0,0,2,4,2,16
,2024-044461,39.78380019,-105.0006902,10/11/2024 15:00,15:00,3,0,0,W 48TH AVE & N KALAMATH ST,1,1,0,0,1,2,0,0,35,0,0,0,0,0,4,2,13
,2024-044462,39.70607202,-104.9407894,10/11/2024 19:12,19:12,2,0,1,E CHERRY CREEK  DR & S COLORADO BLVD,1,3,0,0,1,1,0,0,0,1,0,0,0,2,2,1,16
,2024-044477,39.66763326,-104.9128743,10/9/2024 15:10,15:10,1,0,0, MONACO ST PKWY & E YALE AVE,1,1,0,0,1,1,0,0,30,0,0,0,0,0,4,2,3
,2024-044478,39.74007399,-104.9407911,10/11/2024 10:25,10:25,12,0,0,E COLFAX AVE & N COLORADO BLVD,1,1,0,0,1,3,0,0,35,0,0,0,0,0,2,2,16
,2024-044484,39.73017424,-104.9034673,10/11/2024 20:29,20:29,12,0,1, QUEBEC ST & E 8TH PL,1,3,0,0,1,3,0,0,30,0,0,0,0,1,4,2,13
,2024-044487,39.72867339,-105.0131838,10/11/2024 6:40,6:40,10,0,0, VALLEJO ST & W 8TH AVE,1,1,0,0,1,2,0,0,20,0,0,0,0,0,4,2,16
,2024-044488,39.72374088,-104.9729161,10/10/2024 14:00,14:00,3,0,0,E 5TH AVE & N DOWNING ST,1,1,0,0,1,1,0,0,25,0,0,0,0,0,4,2,3
,2024-044490,39.66758801,-104.9129179,10/9/2024 14:00,14:00,2,0,1, MONACO ST PKWY & E YALE AVE,1,1,0,0,1,2,0,0,0,1,0,0,0,1,4,1,16
,2024-044491,39.72930984,-105.0148123,10/10/2024 20:09,20:09,12,0,0,I-25 & W 8TH AVE,1,3,0,0,1,4,0,0,55,0,0,0,0,0,1,4,16
,2024-044492,39.78287596,-104.7555094,10/11/2024 20:19,20:19,12,0,0,E GREEN VALLEY RANCH BLVD & HIMALAYA WY,1,3,0,0,1,4,0,0,35,0,0,0,0,0,4,2,16
,2024-044493,39.70383943,-104.9145441,10/9/2024 16:54,16:54,12,0,1,LEETSDALE DR & E EXPOSITION AVE,1,1,0,0,1,4,0,0,35,0,0,0,0,1,2,2,2
,2024-044497,39.74460857,-105.0000284,10/11/2024 14:05,14:05,3,0,0,SPEER BLVD & ARAPAHOE ST,1,1,0,0,1,1,0,0,,0,0,0,0,0,4,2,16
,2024-044498,39.65318956,-104.9028452,10/10/2024 11:20,11:20,12,0,3,E HAMPDEN AVE & S TAMARAC DR,1,1,1,0,1,2,0,0,40,0,0,0,0,3,2,2,14
,2024-044502,39.7756235,-104.865729,10/8/2024 16:15,16:15,12,0,0,I-70 & N HAVANA ST,1,1,0,0,1,4,0,0,55,0,0,0,0,0,1,2,16
,2024-044503,39.67389135,-104.8698078,10/11/2024 8:14,8:14,3,0,0, PARKER RD & E ILIFF AVE,1,1,0,0,1,2,0,0,45,0,0,0,0,0,2,2,14
,2024-044512,39.73883346,-105.0138404,10/10/2024 19:35,19:35,12,0,0,I-25 & W COLFAX AVE,1,3,1,0,1,4,0,0,55,0,0,0,0,0,1,2,3
,2024-044517,39.70386293,-104.9145886,10/9/2024 15:45,15:45,12,0,0,E EXPOSITION AVE & LEETSDALE DR,1,1,0,0,1,1,0,0,25,0,0,0,0,0,2,2,3
,2024-044519,39.76001478,-104.8905208,10/11/2024 18:08,18:08,11,0,1, CENTRAL PARK BLVD & E MLK JR BLVD,1,2,0,0,1,1,0,0,0,0,0,1,0,2,4,1,16
,2024-044525,39.71800104,-104.9511859,10/10/2024 18:22,18:22,1,0,0,E 1ST AVE & N ST PAUL ST,1,1,0,0,1,1,0,0,30,0,0,0,0,0,4,2,8
,2024-044527,39.72560118,-104.9407858,10/10/2024 23:29,23:29,3,0,0,E 6TH AVE & N COLORADO BLVD,1,3,0,0,1,1,0,0,40,0,0,0,0,0,2,2,3
,2024-044531,39.72575073,-105.0111988,10/12/2024 7:12,7:12,15,0,0,I-25 NB OFF RAMP TO WB W 6TH AVE & W 6TH AVE OVERPASS,1,2,1,0,1,8,0,0,35,0,0,0,0,0,1,2,2
,2024-044533,39.75580534,-105.0139452,10/12/2024 20:03,20:03,3,0,0, SPEER BLVD & I-25 SB OFF RAMP,1,3,0,0,1,1,0,0,35,0,0,0,0,0,4,3,11
,2024-044537,39.7400112,-104.9687329,10/11/2024 14:23,14:23,6,0,0,E COLFAX AVE & N FRANKLIN ST,1,1,0,0,1,4,0,0,35,0,0,0,0,0,2,2,13
,2024-044538,39.7463827,-104.9889023,10/10/2024 11:45,11:45,15,0,0,18TH ST & WELTON ST,1,1,0,0,1,3,0,0,35,0,0,0,0,0,4,2,10
,2024-044539,39.83459709,-104.7471304,10/11/2024 13:16,13:16,12,0,0,PENA BLVD OB & E-470,1,1,0,0,1,4,0,0,65,0,0,0,0,0,4,2,3
,2024-044540,39.77714102,-104.7905363,10/8/2024 6:42,6:42,12,0,1,PENA BLVD IB & E 40TH AVE,1,1,1,0,1,4,0,0,65,0,0,0,0,2,4,2,3
,2024-044542,39.78004283,-104.9407636,10/8/2024 7:43,7:43,2,0,1, COLORADO BLVD & E 46TH S AVE,1,1,0,0,1,1,0,0,0,1,0,0,0,1,2,1,16
,2024-044543,39.69302051,-104.9874684,10/11/2024 7:47,7:47,1,0,0, BROADWAY ST & W LOUISIANA AVE,1,1,0,0,1,1,0,0,30,0,0,0,0,0,4,2,14
,2024-044544,39.76182864,-104.9124088,10/11/2024 7:44,7:44,12,0,1,E MLK JR BLVD & N MONACO ST PKWY,1,1,0,0,1,1,0,0,35,0,0,0,0,1,4,2,16
,2024-044545,39.71814895,-105.0397023,10/11/2024 14:37,14:37,3,0,1, PERRY ST & W 1ST AVE,1,1,0,0,1,1,0,0,30,0,0,0,0,1,4,2,16
,2024-044548,39.70141195,-104.9873871,10/4/2024 14:55,14:55,15,0,0,I-25 NB & S BROADWAY,1,1,0,0,1,4,0,0,40,0,0,0,0,0,1,2,11
,2024-044549,39.78545268,-105.0064231,10/9/2024 8:57,8:57,3,0,1,W DIXIE PL & N PECOS ST,1,1,0,0,1,1,0,0,30,0,0,0,0,3,4,2,16
,2024-044572,39.68052681,-104.9930575,10/11/2024 23:17,23:17,5,0,0,I-25 & E EVANS AVE,1,3,0,0,6,8,0,0,65,0,0,0,0,0,1,1,3
,2024-044573,39.78026036,-104.9665775,10/12/2024 13:58,13:58,12,0,0,I-70 & N BRIGHTON BLVD,1,1,0,0,1,4,0,0,55,0,0,0,0,0,1,2,16
,2024-044582,39.63511971,-104.907845,10/8/2024 8:51,8:51,12,0,1,I-25 SB OFF RAMP TO E BELLEVIEW AVE & SB OFF RAMP MERGE PT,1,1,0,0,1,8,0,0,35,0,0,0,0,1,1,2,16
,2024-044585,39.65315923,-104.9153405,10/8/2024 15:21,15:21,3,0,0,LOCUST ST & HAMPDEN AVE,1,1,0,0,1,2,0,0,,0,0,0,0,0,4,2,11
,2024-044587,39.70220354,-105.0250601,10/12/2024 19:15,19:15,15,0,0, FEDERAL BLVD & W OHIO AVE,1,3,0,0,1,4,0,0,40,0,0,0,0,0,2,2,13
,2024-044589,39.83968732,-104.6718608,10/12/2024 8:02,8:02,15,0,0,PENA BLVD IB & PENA BLVD IN,1,1,0,0,1,4,0,0,35,0,0,0,0,0,4,3,13
,2024-044592,39.78238977,-104.8470106,10/11/2024 17:26,17:26,3,0,0,E 47TH AVE & N PEORIA ST,1,1,0,0,1,1,0,0,40,0,0,0,0,0,4,2,3
,2024-044596,39.63997862,-104.884985,10/12/2024 14:47,14:47,3,0,1, YOSEMITE ST & I-225 SB RAMPS,1,1,0,0,1,1,0,0,35,0,0,0,0,1,4,3,8
,2024-044610,39.71114154,-104.9827821,9/13/2024 19:50,19:50,2,0,1,E ALAMEDA AVE & S LOGAN ST,1,3,0,0,1,1,0,0,,1,0,0,0,3,4,1,16
,2024-044709,39.70401183,-105.0275306,10/12/2024 0:49,0:49,3,0,0,W EXPOSITION AVE & S HAZEL CT,1,3,0,0,1,1,0,0,,0,0,0,0,0,4,2,16
,2024-044710,39.70734726,-104.9222823,10/11/2024 4:12,4:12,1,0,0,E LEETSDALE DR & S HOLLY ST,1,3,0,0,1,1,0,0,,0,0,0,0,0,2,2,16
,2024-044711,39.72560124,-104.9407859,10/13/2024 20:47,20:47,1,0,2, COLORADO BLVD & E 6TH AVE,1,3,0,0,1,1,0,0,30,0,0,0,0,2,2,2,16
,2024-044712,39.68947027,-105.0068645,10/11/2024 21:26,21:26,5,0,1,1635 W FLORIDA AVE & S QUIVAS ST,1,3,1,0,3,4,0,0,30,0,0,0,0,2,4,3,13
,2024-044714,39.76928282,-105.0018363,8/24/2024 1:57,1:57,5,0,0,W 38TH AVE & N LIPAN ST,1,3,0,0,3,4,0,0,30,0,0,0,0,0,4,1,16
,2024-044715,39.75473215,-104.9034036,8/16/2024 16:30,16:30,12,0,0, QUEBEC ST & E 26TH AVE,1,1,0,0,1,1,0,0,,0,0,0,0,0,4,2,16
,2024-044716,39.67304185,-104.9616402,9/1/2024 20:00,20:00,6,0,0,E WESLEY AVE & S GAYLORD ST,1,3,0,0,1,4,0,0,25,0,0,0,0,0,4,2,14
,2024-044717,39.65582192,-104.9088291,10/13/2024 13:49,13:49,6,0,0, ONEIDA WY & E FLOYD AVE,1,1,0,0,1,4,0,0,25,0,0,0,0,0,4,2,11
,2024-044719,39.84116873,-104.6701177,10/13/2024 15:48,15:48,3,0,0, SHADY GROVE ST & E 80TH AVE,1,1,0,0,1,2,0,0,25,0,0,0,0,0,4,2,7
,2024-044720,39.69662476,-104.9120801,8/20/2024 14:45,14:45,3,0,0,E MISSISSIPPI AVE & E TENNESSEE AVE,1,1,0,0,1,2,0,0,35,0,0,0,0,0,4,2,16
,2024-044721,39.77180595,-104.8178345,8/24/2024 22:17,22:17,15,0,1,I-70 & WB OFF RAMP EXT TO PEORIA ST,1,4,1,0,1,8,0,0,,0,0,0,0,1,1,2,16
,2024-044722,39.67844699,-104.93397,8/22/2024 10:00,10:00,12,0,0,I-25 & E EVANS AVE,1,1,0,0,1,4,0,0,,0,0,0,0,0,1,2,16
,2024-044723,39.78000897,-104.9791044,10/9/2024 18:49,18:49,1,0,0, WASHINGTON ST & I-70 WB RAMPS,1,4,0,7,1,1,0,0,35,0,0,0,0,0,4,2,13
,2024-044727,39.77908227,-105.0181866,10/13/2024 13:08,13:08,6,0,0,4568  BEACH CT & W SCOTT PL,1,1,0,0,1,4,0,0,20,0,0,0,0,0,4,2,16
,2024-044728,39.71128376,-104.9034949,9/18/2024 1:20,1:20,1,0,0,E ALAMEDA AVE & S QUEBEC ST,1,3,0,0,1,1,0,0,35,0,0,0,0,0,4,2,16
,2024-044729,39.76134457,-104.9027512,10/11/2024 16:43,16:43,3,0,0, QUEBEC ST & MLK JR BLVD,1,1,0,0,1,2,0,0,35,0,0,0,0,0,4,2,11
,2024-044731,39.7434859,-104.9926467,10/12/2024 20:25,20:25,15,0,0,WELTON ST & 15TH ST,1,3,0,0,1,4,0,0,,0,0,0,0,0,4,2,16
,2024-044732,39.77653483,-104.9897699,10/12/2024 15:52,15:52,12,0,0,I-25 SB ON RAMP & W 44TH AVE,1,1,0,0,1,8,0,0,35,0,0,0,0,0,2,2,13
,2024-044737,39.66953802,-105.0308974,8/24/2024 19:54,19:54,6,0,0,2621  JULIAN ST & W VASSAR AVE,1,3,0,0,2,4,0,0,,0,0,0,0,0,4,2,16
,2024-044740,39.71116069,-104.9863693,10/13/2024 2:46,2:46,3,0,0,E ALAMEDA AVE & S LINCOLN ST,1,3,0,0,1,1,0,0,30,0,0,0,0,0,4,2,16
,2024-044742,39.72932854,-104.896589,10/12/2024 15:58,15:58,6,0,1,E 8TH AVE & N TRENTON,1,1,0,0,1,4,0,0,25,0,0,0,0,1,4,2,16
,2024-044743,39.63573496,-105.0873673,10/12/2024 19:47,19:47,3,0,1,W STANFORD AVE & S AMMONS ST,1,1,0,0,1,1,0,0,30,0,0,0,0,3,4,2,16
,2024-044744,39.65316964,-104.9159429,10/13/2024 20:10,20:10,1,0,1,6305 E HAMPDEN AVE & I-25 NB RAMPS,1,3,0,0,1,2,0,0,,0,0,0,0,1,2,2,16
,2024-044747,39.77188012,-104.9695888,10/12/2024 3:46,3:46,6,0,0,40TH ST & WALNUT ST,1,3,0,0,1,3,0,0,,0,0,0,0,0,4,3,16
,2024-044748,39.70856017,-105.0324405,10/12/2024 19:17,19:17,14,0,0, KNOX CT & W ALASKA PL,1,4,0,0,1,1,0,0,20,0,0,0,0,0,4,2,14
,2024-044749,39.78054761,-104.9491377,10/12/2024 17:59,17:59,15,0,5,I-70 & N STEELE ST,1,3,0,0,1,13,0,0,60,0,0,0,0,2,1,2,11
,2024-044750,39.76073935,-104.964722,10/11/2024 15:05,15:05,15,0,0,E 31ST AVE & N HIGH ST,1,1,0,0,1,1,0,0,35,0,0,0,0,0,4,2,14
,2024-044751,39.71033564,-105.0251646,10/6/2024 21:01,21:01,15,0,0,333  FEDERAL BLVD & W DAKOTA AVE,1,3,0,0,1,4,0,0,40,0,0,0,0,0,1,2,16
,2024-044752,39.72374088,-104.9729161,10/13/2024 16:04,16:04,3,0,0,E 5TH AVE & N DOWNING ST,1,1,0,0,1,1,0,0,30,0,0,0,0,0,4,2,11
,2024-044753,39.78015418,-105.006447,10/13/2024 13:05,13:05,3,0,1, PECOS ST & W 46TH AVE,1,1,0,0,1,1,0,0,30,0,0,0,0,1,4,2,1
,2024-044754,39.75507829,-104.9881009,8/24/2024 20:51,20:51,15,0,0,LAWRENCE ST & PARK AVE W,1,3,0,0,1,1,0,0,,0,0,0,0,0,4,2,16
,2024-044755,39.71164367,-105.0510456,10/12/2024 12:00,12:00,6,0,0,283  YATES ST & W ALAMEDA AVE,1,1,0,0,1,4,0,0,,0,0,0,0,0,4,2,16
,2024-044756,39.78223732,-104.8249435,6/18/2024 21:43,21:43,11,0,1, DILLON ST & E ELK PL,1,3,3,0,1,4,0,0,,0,1,0,0,2,4,1,16
,2024-044757,39.75414459,-104.9893001,10/10/2024 19:39,19:39,11,0,1,22ND ST & LAWRENCE ST,1,3,0,0,1,1,0,0,0,0,0,1,0,3,4,1,16
,2024-044758,39.7432787,-104.9848469,10/10/2024 20:14,20:14,3,0,1, SHERMAN ST & E 17TH AVE,1,3,2,0,1,1,0,0,,0,0,0,0,1,4,2,16
,2024-044759,39.75199625,-104.9781339,10/6/2024 10:15,10:15,11,0,0, WASHINGTON ST & E 24TH AVE,1,1,1,0,1,1,0,0,25,0,0,1,0,0,4,1,13
,2024-044763,39.76815083,-104.9945312,10/13/2024 3:03,3:03,12,0,0,I-25 & PARK AVE W,1,3,0,0,1,4,0,0,,0,0,0,0,0,1,2,16
,2024-044764,39.71114655,-105.0203576,10/12/2024 12:48,12:48,12,0,0,W ALAMEDA AVE & S CLAY ST,1,1,0,7,1,4,0,0,30,0,0,0,0,0,2,2,13
,2024-044765,39.70230546,-105.0298055,8/24/2024 21:21,21:21,6,0,0, IRVING ST & W OHIO AVE,1,3,0,0,1,4,0,0,,0,0,0,0,0,4,2,16
,2024-044766,39.756305,-105.0158358,8/24/2024 14:01,14:01,12,0,0, SPEER BLVD & N ZUNI ST,1,1,0,0,1,1,0,0,,0,0,0,0,0,4,2,16
,2024-044767,39.79028542,-104.8697453,10/12/2024 21:40,21:40,16,0,0,10251 E 51ST AVE,1,3,0,0,5,7,0,0,,0,0,0,0,0,3,1,11
,2024-044768,39.68946728,-104.9862836,10/10/2024 22:00,22:00,6,0,0, LINCOLN ST & E FLORIDA AVE,1,3,3,0,1,3,0,0,25,0,0,0,0,0,4,2,13
,2024-044769,39.65130033,-104.8826793,8/22/2024 17:52,17:52,16,0,0,8970 E HAMPDEN AVE,11,1,0,1,5,7,0,0,15,0,1,0,0,0,3,2,16
,2024-044770,39.76450868,-104.9721011,8/22/2024 12:05,12:05,3,0,0, MARION ST & E BRUCE RANDOLPH AVE,1,1,0,0,1,1,0,0,,0,0,0,0,0,4,2,16
,2024-044772,39.74033943,-105.0382613,8/21/2024 21:00,21:00,5,0,0,W COLFAX AVE & N OSCEOLA ST,1,1,0,0,1,4,0,0,35,0,0,0,0,0,2,1,16
,2024-044773,39.74651436,-105.0076636,10/12/2024 22:00,22:00,15,0,0,AURARIA PKWY & 9TH ST,1,3,0,0,1,3,0,0,35,0,0,0,0,0,4,2,14
,2024-044850,39.74165529,-104.9733923,10/9/2024 16:03,16:03,11,0,1,E 16TH AVE & N DOWNING ST,1,1,0,0,1,1,0,0,25,0,0,1,0,2,4,1,16
,2024-044881,39.69311534,-105.0250363,10/3/2024 6:30,6:30,11,1,0, FEDERAL BLVD & W LOUISIANA AVE,1,3,0,0,1,1,0,0,40,0,1,0,0,4,2,1,11
,2024-044893,39.77567525,-104.8621894,10/9/2024 14:03,14:03,9,0,1,I-70 & HAVANA ST,1,1,0,0,2,8,0,0,55,0,0,0,1,3,1,1,10
,2024-044894,39.76799373,-104.9949078,10/10/2024 7:38,7:38,12,0,0,I-25 & PARK AVE W,1,1,1,0,1,8,0,0,55,0,0,0,0,0,1,3,1
,2024-044895,39.74061276,-104.8893372,10/12/2024 7:58,7:58,6,0,0, WABASH ST & E COLFAX AVE,1,1,0,0,1,4,0,0,20,0,0,0,0,0,4,2,16
,2024-044906,39.72563834,-104.985115,10/14/2024 7:50,7:50,3,0,0,E 6TH AVE & E SPEER BLVD,1,1,0,0,1,1,0,0,30,0,0,0,0,0,4,2,13
,2024-044907,39.7112015,-104.9234548,10/14/2024 13:06,13:06,3,0,0, HUDSON ST & E ALAMEDA AVE,1,1,3,0,1,1,0,0,,0,0,0,0,0,4,2,16
,2024-044908,39.71111921,-104.9592612,10/14/2024 3:16,3:16,3,0,1, UNIVERSITY BLVD & E ALAMEDA AVE,1,3,0,0,1,1,0,0,35,0,0,0,0,2,4,2,13
,2024-044909,39.72543082,-105.0528164,10/14/2024 7:48,7:48,12,0,0,W 6TH AVE EB ON RAMP & N SHERIDAN BLVD,1,1,0,0,1,8,0,0,55,0,0,0,0,0,2,2,10
,2024-044910,39.77718117,-104.881705,10/14/2024 10:37,10:37,12,0,1,I-70 & I-270 WB ON RAMP ENT,1,1,0,0,1,8,0,0,55,0,0,0,0,1,1,2,1
,2024-044911,39.78358179,-105.0071992,9/19/2024 17:16,17:16,15,0,1,I-70 WB ON RAMP & N PECOS ST,1,1,1,0,1,8,0,0,45,0,0,0,0,1,1,2,13
,2024-044912,39.77527732,-104.8617218,10/10/2024 16:56,16:56,12,0,0,I-70 & N HAVANA ST,1,1,0,0,1,4,0,0,55,0,0,0,0,0,1,2,10
,2024-044913,39.77483509,-104.8470071,10/10/2024 15:56,15:56,10,0,0,I-70 WB OFF RAMP & N PEORIA ST,1,1,0,0,1,1,0,0,25,0,0,0,0,0,4,2,8
,2024-044914,39.77293689,-104.940511,9/27/2024 22:00,22:00,15,0,0, COLORADO BLVD & E 40TH AVE,1,3,0,0,1,1,0,0,35,0,0,0,0,0,2,2,10
,2024-044916,39.74013747,-104.943005,9/10/2024 8:09,8:09,11,0,0, JACKSON ST & E COLFAX AVE,1,1,0,0,1,1,0,0,0,0,0,1,0,0,2,1,16
,2024-044919,39.78573028,-104.883067,10/8/2024 12:55,12:55,10,0,0,E NORTHFIELD BLVD & N CENTRAL PARK BLVD,1,1,0,0,1,1,0,0,30,0,0,0,0,0,4,2,13
,2024-044921,39.72580855,-105.0532402,10/14/2024 14:24,14:24,15,0,0,W 6TH AVE & N SHERIDAN BLVD,1,1,0,0,1,4,0,0,55,0,0,0,0,0,2,2,11
,2024-044922,39.75049883,-105.0169216,10/9/2024 13:56,13:56,15,0,0,I-25 & W 23RD AVE,1,1,0,0,1,4,0,0,,0,0,0,0,0,1,2,16
,2024-044927,39.73834024,-105.0123311,8/25/2024 17:52,17:52,11,0,0, UMATILLA ST & W 13TH AVE,1,1,0,0,1,2,0,0,20,0,1,0,0,0,4,1,16
,2024-044929,39.7703646,-104.8103776,10/14/2024 19:34,19:34,12,0,0,I-70 EB OFF RAMP & N CHAMBERS RD,1,3,1,0,1,8,0,0,55,0,0,0,0,0,1,2,16
,2024-044931,39.62933072,-104.8952629,10/14/2024 19:56,19:56,1,0,0, ULSTER ST & E UNION AVE,1,3,0,0,1,1,0,0,35,0,0,0,0,0,4,2,11
,2024-044933,39.75576557,-104.9889557,10/13/2024 7:01,7:01,3,0,0,LARIMER ST & PARK AVE W,1,1,0,0,1,1,0,0,30,0,0,0,0,0,4,2,3
,2024-044935,39.71836001,-104.9874978,10/13/2024 15:34,15:34,3,0,0,E 1ST AVE & N BROADWAY ST,1,1,0,0,1,9,0,0,15,0,0,0,0,0,4,2,13
,2024-044936,39.7870434,-104.8852254,9/19/2024 18:30,18:30,3,0,0,E 49TH PL & N YOSEMITE ST,1,1,0,0,1,1,0,0,25,0,0,0,0,0,4,2,16
,2024-044938,39.67567486,-105.0532645,10/12/2024 15:59,15:59,12,0,1, SHERIDAN BLVD & W WARREN AVE,1,1,3,0,1,3,0,0,40,0,0,0,0,1,2,2,11
,2024-044941,39.75417227,-105.0143844,9/18/2024 20:40,20:40,12,0,0,I-25 & N SPEER BLVD,1,3,0,0,1,4,0,0,55,0,0,0,0,0,1,2,16
,2024-044942,39.68867797,-104.9718461,10/14/2024 17:40,17:40,12,0,0,I-25 SB ON RAMP & S DOWNING ST,1,1,0,0,1,8,0,0,45,0,0,0,0,0,1,2,13
,2024-044943,39.69287643,-104.9734147,10/13/2024 9:24,9:24,12,0,0, DOWNING ST & E LOUISIANA AVE,1,1,0,0,1,4,0,0,30,0,0,0,0,0,4,2,10
,2024-044944,39.77799518,-104.7721474,10/13/2024 22:50,22:50,1,0,0, TOWER RD & E 45TH AVE,1,3,0,0,1,1,0,0,25,0,0,0,0,0,4,2,16
,2024-044945,39.78590237,-104.7721289,10/12/2024 20:08,20:08,1,0,0,E 49TH AVE & N TOWER RD,1,3,0,0,1,1,0,0,35,0,0,0,0,0,4,2,16
,2024-044952,39.77877511,-104.7713101,10/12/2024 6:49,6:49,6,0,0, ANDES ST & E ANDES WY,1,2,0,0,1,4,0,0,20,0,0,0,0,0,4,3,4
,2024-044953,39.6822722,-105.0250198,10/9/2024 13:49,13:49,15,0,0, FEDERAL BLVD & W JEWELL AVE,1,1,0,0,1,3,0,0,40,0,0,0,0,0,2,2,10
,2024-044954,39.79450889,-104.8837633,8/27/2024 12:00,12:00,2,0,2,E 53RD AVE & N CENTRAL PARK BLVD,1,1,0,0,1,1,0,0,25,1,0,0,0,2,4,1,16
,2024-044955,39.75198616,-104.9745658,9/3/2024 16:30,16:30,3,0,0,E 24TH AVE & N OGDEN ST,1,1,0,0,1,1,0,0,,0,0,0,0,0,4,2,16
,2024-044956,39.77740607,-104.903402,9/4/2024 6:04,6:04,12,0,0, NORTHFIELD QUEBEC ST & I-70 WB RAMPS,1,1,0,0,1,3,0,0,40,0,0,0,0,0,2,2,13
,2024-044957,39.74126855,-104.965993,9/17/2024 9:20,9:20,6,0,0, WILLIAMS ST & E 16TH AVE,1,1,0,0,1,4,0,0,,0,0,0,0,0,4,2,3
,2024-044958,39.73990162,-104.9695428,9/4/2024 19:33,19:33,6,0,0, HUMBOLDT ST & E COLFAX AVE,1,1,0,1,1,4,0,0,,0,0,0,0,0,4,2,16
,2024-044959,39.72115472,-105.0152054,10/2/2024 17:00,17:00,6,0,0, YUMA ST & W BYERS PL,1,1,0,0,1,4,0,0,25,0,0,0,0,0,4,3,9
,2024-044960,39.73420819,-104.8846887,9/16/2024 13:50,13:50,3,0,3,E RICHTHOFEN PL & N YOSEMITE ST,1,1,0,0,1,1,0,0,30,0,0,0,0,1,4,2,11
,2024-044962,39.67960482,-104.9343604,10/14/2024 13:31,13:31,12,0,0,I-25 NB ON RAMP FROM E EVANS AVE & ON RAMP METER LIGHT,1,1,1,0,1,8,0,0,55,0,0,0,0,0,1,3,1
,2024-044963,39.73827991,-104.9361641,10/14/2024 9:38,9:38,10,0,1,E 14TH AVE & N BIRCH ST,1,1,0,0,1,1,0,0,30,0,0,0,0,2,4,2,16
,2024-044966,39.78596662,-104.7721292,10/12/2024 20:26,20:26,15,0,0, TOWER RD & 49TH AVE,1,3,0,0,1,4,0,0,45,0,0,0,0,0,4,2,8
,2024-044967,39.72552669,-105.0228668,10/9/2024 6:23,6:23,15,0,0,W 6TH AVE & N FEDERAL BLVD,1,1,1,0,1,4,0,0,55,0,0,0,0,0,1,4,1
,2024-044970,39.76183449,-104.9383388,9/22/2024 0:56,0:56,5,0,1,E MLK JR BLVD & N ASH ST,11,3,0,1,6,4,0,0,30,0,0,0,0,2,4,1,14
,2024-044971,39.78083528,-104.966942,10/13/2024 12:35,12:35,15,0,0,BRIGHTON BLVD & E 46TH AVE N,1,1,0,0,1,4,0,0,35,0,0,0,0,0,2,2,16
,2024-044972,39.71112785,-105.0326979,9/17/2024 17:30,17:30,12,0,0,W ALAMEDA AVE & MORRISON RD,1,1,0,0,1,3,0,0,,0,0,0,0,0,2,2,16
,2024-044973,39.72315109,-105.0312545,10/10/2024 11:53,11:53,15,0,0, JULIAN ST & W 4TH AVE,1,1,1,0,1,4,0,0,25,0,0,0,0,0,4,2,11
,2024-044974,39.76325332,-104.9696499,9/24/2024 10:29,10:29,6,0,0,E 33RD AVE & N HUMBOLDT ST,1,1,0,0,1,4,0,0,,0,0,0,0,0,4,2,16
,2024-044975,39.79827481,-104.7958605,10/8/2024 7:35,7:35,12,0,0,E 56TH AVE & N MEMPHIS ST,1,1,0,0,1,4,0,0,40,0,0,0,0,0,4,3,16
,2024-044976,39.76923085,-105.0064581,10/7/2024 1:19,1:19,6,0,0, PECOS ST & W 38TH AVE,1,3,0,0,1,4,0,0,25,0,0,0,0,0,4,4,16
,2024-044977,39.74824287,-104.9864691,9/18/2024 10:00,10:00,15,0,0,20TH ST & WELTON ST,1,1,0,0,1,1,0,0,,0,0,0,0,0,4,2,16