id,drcog_id,latitude,longitude,crashtime,time,crashtype,numbkilled,numbinjurd,drcoglocat,rdconditin,lightngcon,roadcntgrd,weatherco,location,roaddescrp,schoolzone,constrzone,splimit,bikeinv,pedinv,sctrinv,motoinv,svrty,rdsystem,ttlvehcls,hcf
,2024-044978,39.77274972,-104.9936354,10/12/2024 8:58,8:58,15,0,0, ELATI ST & W 41ST AVE,1,1,0,0,1,4,0,0,20,0,0,0,0,0,4,2,10
,2024-044979,39.79415167,-104.7994306,10/13/2024 14:30,14:30,6,0,0,E 55TH AVE & N LEWISTON ST,1,1,0,0,1,2,0,0,25,0,0,0,0,0,4,2,11
,2024-044980,39.74079365,-105.0140259,10/9/2024 13:59,13:59,12,0,0,I-25 & W COLFAX AVE,1,1,1,0,1,4,0,0,55,0,0,0,0,0,1,2,3
,2024-044981,39.78305133,-105.0007121,10/12/2024 0:25,0:25,9,0,2,I-70 & N PECOS ST,1,3,1,0,3,4,0,0,55,0,0,0,0,2,1,8,1
,2024-044983,39.67848638,-104.9988002,10/14/2024 11:20,11:20,12,0,0,W EVANS AVE & S PLATTE RIVER RD,1,1,0,0,1,3,0,0,30,0,0,0,0,0,4,3,16
,2024-044984,39.71078825,-104.9986488,10/9/2024 14:59,14:59,12,0,0,I-25 & W ALAMEDA AVE,1,1,1,0,1,4,0,0,55,0,0,0,0,0,1,2,3
,2024-044985,39.75072931,-104.9737081,10/12/2024 13:30,13:30,6,0,0,E 23RD AVE & N DOWNING ST,1,1,0,0,1,4,0,0,25,0,0,0,0,0,4,2,3
,2024-044986,39.74027908,-105.0298586,10/5/2024 19:45,19:45,10,0,0, IRVING ST & W COLFAX AVE,1,3,0,0,1,1,0,0,35,0,0,0,0,0,2,2,3
,2024-044987,39.67849899,-104.9700289,6/14/2024 15:20,15:20,12,0,0,E EVANS AVE & S HUMBOLDT ST,1,1,0,0,1,4,0,0,30,0,0,0,0,0,4,2,1
,2024-044990,39.69341853,-104.9784634,10/9/2024 14:10,14:10,15,0,1,I-25 & S WASHINGTON ST,1,1,0,0,1,4,0,0,55,0,0,0,0,1,1,3,13
,2024-044993,39.79827481,-104.7958605,10/8/2024 7:35,7:35,12,0,0,E 56TH AVE & N MEMPHIS ST,1,1,0,0,1,4,0,0,40,0,0,0,0,0,4,3,16
,2024-044994,39.70895652,-105.0362126,9/22/2024 10:11,10:11,6,0,0, MEADE ST & W DAKOTA AVE,1,1,0,0,1,4,0,0,20,0,0,0,0,0,4,2,16
,2024-044996,39.76246729,-105.0034766,10/10/2024 11:58,11:58,12,0,0,I-25 & 20TH ST,1,1,0,0,1,4,0,0,55,0,0,0,0,0,1,2,10
,2024-044997,39.78108141,-104.8849977,10/8/2024 12:10,12:10,3,0,0, YOSEMITE ST & E 46TH PL,1,1,0,0,1,1,0,0,25,0,0,0,0,0,4,2,11
,2024-044998,39.77288121,-104.9405108,10/14/2024 6:41,6:41,1,0,1, COLORADO BLVD & E 40TH AVE,1,1,0,0,1,1,0,0,40,0,0,0,0,1,2,2,11
,2024-045000,39.71206086,-104.9994047,10/9/2024 8:21,8:21,12,0,0,I-25 & W ALAMEDA AVE,1,1,0,0,1,4,0,0,55,0,0,0,0,0,1,3,13
,2024-045001,39.72908752,-104.9683073,10/13/2024 14:00,14:00,3,0,0,E 8TH AVE & N FRANKLIN,1,1,0,0,1,9,0,0,15,0,0,0,0,0,4,2,11
,2024-045008,39.71119583,-104.9733934,6/19/2024 18:13,18:13,12,0,0, DOWNING ST & E ALAMEDA AVE,1,1,3,0,1,4,0,0,25,0,0,0,0,0,4,2,16
,2024-045009,39.72564685,-104.9882692,10/14/2024 11:00,11:00,15,0,0,W 6TH AVE & N BROADWAY ST,1,1,0,0,1,4,0,0,30,0,0,0,0,0,4,2,11
,2024-045010,39.71118458,-104.992294,10/14/2024 16:08,16:08,12,0,0,W ALAMEDA AVE & S CHEROKEE ST,1,1,0,0,1,3,0,0,30,0,0,0,0,0,4,2,4
,2024-045017,39.74327312,-104.9810845,10/8/2024 9:55,9:55,11,0,1,E 17TH AVE & N PENNSYLVANIA ST,1,1,0,0,1,1,0,0,35,0,1,0,0,1,4,1,3
,2024-045027,39.69403939,-104.9317276,10/9/2024 9:31,9:31,15,0,0, DAHLIA ST & E ALABAMA PL,1,1,0,0,1,4,0,0,30,0,0,0,0,0,4,2,16
,2024-045048,39.76932988,-104.9801136,10/9/2024 19:22,19:22,11,0,2, BRIGHTON BLVD & 35TH ST,1,4,0,0,3,2,0,0,30,0,0,1,0,2,4,1,11
,2024-045049,39.73999525,-104.9652807,10/10/2024 18:47,18:47,11,0,1,E COLFAX AVE & N WILLIAMS ST,1,1,0,0,1,9,0,0,0,0,1,0,0,2,2,1,16
,2024-045058,39.74003154,-104.9823274,10/10/2024 17:16,17:16,11,0,1,E COLFAX AVE & N LOGAN ST,1,1,0,0,1,1,0,0,0,0,0,1,0,3,2,1,16
,2024-045065,39.71106565,-104.9827956,10/11/2024 14:56,14:56,12,0,0, LOGAN ST & E ALAMEDA AVE,1,1,0,0,1,3,0,0,25,0,0,0,0,0,4,3,1
,2024-045069,39.67665325,-104.9035918,10/11/2024 8:13,8:13,2,0,1, QUEBEC ST & E EVANS AVE,1,1,0,0,1,1,0,0,0,1,0,0,0,2,4,1,16
,2024-045072,39.77428515,-105.0064332,10/10/2024 18:05,18:05,1,0,1, PECOS ST & W 42ND AVE,1,1,2,0,1,1,0,0,30,0,0,0,1,3,4,2,16
,2024-045113,39.78004283,-104.9407636,10/15/2024 6:12,6:12,3,0,0,COLORADO BLVD & E 46TH AVE S,1,1,0,0,1,1,0,0,30,0,0,0,0,0,2,2,11
,2024-045118,39.77338997,-104.8471079,9/9/2024 6:40,6:40,12,0,0,I-70 EB OFF RAMP & N PEORIA ST,1,1,0,0,1,1,0,0,55,0,0,0,0,0,2,2,1
,2024-045121,39.7110632,-104.9573052,10/13/2024 10:17,10:17,14,0,2,E ALAMEDA AVE & S UNIVERSITY BLVD,1,1,0,0,6,4,0,0,25,0,0,0,0,1,4,2,3
,2024-045122,39.78094148,-104.9936644,10/15/2024 8:19,8:19,12,0,1,I-70 EB OFF RAMP & I-25 NB,1,1,1,0,1,8,0,0,55,0,0,0,0,2,1,3,1
,2024-045123,39.7426535,-104.9937195,10/10/2024 15:45,15:45,3,0,0,WELTON ST & 14TH ST,1,1,0,0,1,1,0,0,35,0,0,0,0,0,4,2,11
,2024-045124,39.77955548,-104.9873719,10/7/2024 6:26,6:26,12,0,0,I-70 EB ON RAMP FROM NB -25 & I-25,1,2,0,0,1,8,0,0,55,0,0,0,0,0,1,2,1
,2024-045125,39.78366001,-104.7611402,10/14/2024 21:30,21:30,1,0,2, FLANDERS WY & E GREEN VALLEY RANCH BLVD,1,3,0,0,1,1,0,0,45,0,0,0,0,1,4,2,7
,2024-045127,39.71111921,-104.9592612,6/25/2024 15:00,15:00,12,0,0, UNIVERSITY BLVD & E ALAMEDA AVE,1,1,0,0,1,1,0,0,,0,0,0,0,0,4,3,16
,2024-045130,39.73846723,-105.0001325,10/11/2024 15:07,15:07,11,0,0,W 14TH AVE & N KALAMATH ST,1,1,0,0,1,1,0,0,25,0,1,0,0,0,4,1,13
,2024-045137,39.73695393,-104.9610187,9/30/2024 12:30,12:30,6,0,0, GAYLORD ST & E 13TH AVE,1,1,0,0,1,9,0,0,,0,0,0,0,0,4,2,16
,2024-045139,39.78363947,-104.7904413,10/15/2024 16:17,16:17,12,0,0,E GREEN VALLEY RANCH BLVD & PENA BLVD,1,1,0,0,1,3,0,0,35,0,0,0,0,0,4,2,14
,2024-045141,39.72254099,-105.0099994,10/15/2024 6:45,6:45,12,0,0,I-25 & W 6TH AVE,1,1,0,0,1,4,0,0,55,0,0,0,0,0,1,2,16
,2024-045142,39.6584,-104.86196,10/15/2024 0:48,0:48,16,0,0,10700 E DARTMOUTH AVE,1,3,0,0,5,7,0,0,,0,0,0,0,1,3,2,16
,2024-045148,39.74021969,-104.8999214,10/11/2024 13:13,13:13,3,0,0,E COLFAX AVE & N ROSEMARY ST,1,1,0,0,1,1,0,0,20,0,0,0,0,0,2,3,16
,2024-045150,39.69809673,-104.9834546,10/14/2024 14:41,14:41,12,0,0,I-25 & S BROADWAY ST,1,1,0,0,1,4,0,0,55,0,0,0,0,0,1,3,10
,2024-045151,39.76322891,-105.0041321,10/15/2024 11:17,11:17,3,0,0,W 33RD AVE & N NAVAJO ST,1,1,1,0,1,1,0,0,20,0,0,0,0,0,4,2,1
,2024-045155,39.72892507,-105.0001105,9/28/2024 13:05,13:05,15,0,0,W 8TH AVE & N KALAMATH ST,1,1,0,0,1,4,0,0,25,0,0,0,0,0,4,2,10
,2024-045159,39.78178023,-104.8343223,10/15/2024 11:56,11:56,1,0,0,4729  CROWN BLVD & N ANAHEIM CT,1,1,0,0,1,2,0,0,20,0,0,0,0,0,4,2,13
,2024-045160,39.69449443,-104.9128904,10/15/2024 14:44,14:44,12,0,0, MONACO ST PKWY & E ARIZONA AVE,1,1,0,0,1,4,0,0,35,0,0,0,0,0,4,2,13
,2024-045161,39.72570023,-105.0003911,10/15/2024 10:47,10:47,12,0,0,W 6TH AVE & N KALAMATH ST,1,1,0,0,1,3,0,0,35,0,0,0,0,0,4,2,3
,2024-045162,39.74013436,-104.9916552,10/15/2024 7:30,7:30,15,0,0,W COLFAX AVE & COURT PL,1,1,0,0,1,1,0,0,30,0,0,0,0,0,2,2,8
,2024-045163,39.78362735,-104.7721144,10/14/2024 7:45,7:45,12,0,0, TOWER RD & E GREEN VALLEY RANCH BLVD,1,1,0,0,1,3,0,0,35,0,0,0,0,0,4,2,3
,2024-045165,39.66751599,-104.8661331,10/14/2024 20:29,20:29,15,0,0, HAVANA ST & E YALE AVE,1,3,0,0,1,4,0,0,40,0,0,0,0,0,2,2,13
,2024-045166,39.76660259,-105.0440248,10/11/2024 1:50,1:50,6,0,0, TENNYSON ST & 35TH AVE,1,3,0,0,1,4,0,0,25,0,0,0,0,0,4,3,16
,2024-045171,39.76945306,-105.0315375,10/15/2024 15:39,15:39,11,0,1,W 38TH AVE & N JULIAN ST,1,1,0,0,1,1,0,0,0,0,1,0,0,2,4,2,16
,2024-045172,39.77851798,-104.9026082,10/15/2024 18:52,18:52,12,0,0,I-70 & N QUEBEC ST,1,4,3,0,1,4,0,0,65,0,0,0,0,0,1,2,1
,2024-045173,39.68257161,-105.0531948,10/15/2024 14:23,14:23,15,0,0, SHERIDAN BLVD & W JEWELL AVE,14,5,3,7,1,4,0,0,40,0,0,0,0,0,2,2,1
,2024-045176,39.71119469,-104.9988902,10/15/2024 6:35,6:35,12,0,1,I-25 & W ALAMEDA AVE,1,2,1,0,1,4,0,0,55,0,0,0,0,1,1,2,1
,2024-045178,39.71819435,-104.9710079,9/17/2024 9:47,9:47,12,0,0,E 1ST AVE & N MARION ST,1,1,0,0,1,4,0,0,30,0,0,0,1,0,4,2,13
,2024-045179,39.74046693,-105.0154209,10/14/2024 21:20,21:20,3,0,0,I-25 SB OFF RAMP & W COLFAX AVE,1,3,0,0,1,1,0,0,40,0,0,0,0,0,2,2,16
,2024-045180,39.90450587,-104.7031807,10/15/2024 6:04,6:04,12,0,0,E 114TH AVE & N QUEENSBURG ST,1,4,0,0,1,4,0,0,55,0,0,0,0,0,4,2,13
,2024-045181,39.77412221,-104.8827889,10/14/2024 7:30,7:30,15,0,0,E 40TH AVE & N CENTRAL PARK BLVD,1,1,0,0,1,1,0,0,35,0,0,0,0,0,4,2,1
,2024-045182,39.7398707,-105.0052333,10/14/2024 16:10,16:10,10,0,0, OSAGE ST & W COLFAX AVE,1,1,0,0,1,4,0,0,25,0,0,0,0,0,4,2,1
,2024-045184,39.68297944,-104.9410093,10/12/2024 21:29,21:29,12,0,1,I-25 & SB ON RAMP ENT FROM S COLORADO BLVD,1,3,0,0,1,4,0,0,65,0,0,0,1,3,1,3,14
,2024-045186,39.7555155,-105.0121837,10/15/2024 12:15,12:15,12,0,1,I-25 & N SPEER BLVD,1,1,0,0,1,4,0,0,55,0,0,0,0,1,1,2,13
,2024-045187,39.78012302,-104.9306745,10/15/2024 13:41,13:41,15,0,0,I-70 & N COLORADO BLVD,1,1,0,0,1,4,0,0,55,0,0,0,0,0,1,2,13
,2024-045188,39.83802851,-104.7013199,10/14/2024 21:45,21:45,15,0,0,24000 E 78TH AVE,1,3,0,0,1,4,0,0,45,0,0,0,0,0,4,2,1
,2024-045194,39.68546517,-104.9592945,10/15/2024 16:03,16:03,12,0,0,I-25 NB OFF RAMP SLIP & S UNIVERSITY BLVD,1,1,1,0,1,8,0,0,30,0,0,0,0,0,1,2,13
,2024-045195,39.82457366,-104.6734034,10/10/2024 9:40,9:40,14,0,0,E 71ST AVE & N ROBERTSDALE ST,1,1,0,0,1,4,0,0,45,0,0,0,0,0,4,2,13
,2024-045196,39.7855232,-104.887997,10/9/2024 14:40,14:40,3,0,1,E NORTHFIELD BLVD & N WILLOW ST,1,1,0,0,1,1,0,0,35,0,0,0,0,1,4,2,14
,2024-045199,39.74307665,-104.9873864,9/29/2024 20:26,20:26,11,0,1,1670  BROADWAY ST & E 17TH AVE,1,3,0,0,1,7,0,0,,0,1,0,0,2,4,1,16
,2024-045202,39.69787376,-104.9827652,10/15/2024 13:33,13:33,3,0,0,E BUCHTEL BLVD & S LOGAN ST,1,1,0,0,1,1,0,0,30,0,0,0,0,0,4,2,14
,2024-045203,39.72551461,-105.0451315,6/25/2024 11:37,11:37,12,0,1,W 6TH AVE & UTICA ST,1,1,0,0,1,4,0,0,55,0,0,0,0,2,2,3,1
,2024-045205,39.68934404,-104.8988106,10/14/2024 7:06,7:06,6,0,0,E FLORIDA AVE & S SYRACUSE ST,1,2,0,0,1,4,0,0,,0,0,0,0,0,4,4,16
,2024-045206,39.67857082,-104.9807059,10/15/2024 12:43,12:43,15,0,0,E EVANS AVE & S PEARL ST,1,1,0,0,1,3,0,1,30,0,0,0,0,0,4,2,11
,2024-045209,39.66770006,-105.0377673,10/7/2024 18:40,18:40,3,0,0, OSCEOLA ST & W YALE AVE,1,2,0,0,1,1,0,0,25,0,0,0,0,0,4,2,11
,2024-045210,39.79545777,-104.88415,10/14/2024 15:30,15:30,5,0,0, CENTRAL PARK BLVD & E 54TH AVE,1,1,0,0,6,1,0,0,30,0,0,0,0,0,4,1,14
,2024-045215,39.73767947,-104.940762,10/15/2024 11:24,11:24,5,0,0, COLORADO BLVD & E 13TH AVE,1,1,0,0,1,4,0,0,35,0,0,0,0,0,2,2,13
,2024-045216,39.73839054,-104.9597773,10/1/2024 10:38,10:38,12,0,0,E 14TH AVE & N YORK ST,1,1,0,0,1,4,0,0,,0,0,0,0,0,4,2,16
,2024-045217,39.72907325,-104.9835992,9/11/2024 17:45,17:45,6,0,0,E 8TH AVE & N GRANT ST,1,1,0,0,1,4,0,0,,0,0,0,0,0,4,2,16
,2024-045218,39.73793083,-105.0298536,9/8/2024 3:25,3:25,6,0,0,W AVONDALE DR & W HOWARD PL,1,3,1,0,1,4,0,0,15,0,0,0,0,0,4,2,16
,2024-045219,39.76001609,-104.890774,10/14/2024 11:15,11:15,3,0,0,E MLK JR BLVD & N CENTRAL PARK BLVD,1,1,0,0,1,1,0,0,30,0,0,0,0,0,4,2,8
,2024-045220,39.69645587,-105.0437296,6/21/2024 22:05,22:05,6,0,0, TENNYSON ST & W MISSISSIPPI AVE,1,3,0,0,1,4,0,0,25,0,0,0,0,0,4,2,16
,2024-045221,39.79106554,-105.0532484,10/14/2024 19:54,19:54,15,0,0, SHERIDAN BLVD & W 52ND AVE,1,3,0,0,1,1,0,0,30,0,0,0,0,0,2,2,16
,2024-045223,39.7656509,-104.9050869,10/15/2024 18:50,18:50,15,0,0,E 35TH AVE & N PONTIAC ST,1,3,0,0,1,9,0,0,20,0,0,0,0,0,4,2,1
,2024-045226,39.74027903,-105.0298586,10/15/2024 10:36,10:36,15,0,0,W COLFAX AVE & N IRVING ST,1,1,0,0,1,1,0,1,30,0,0,0,0,0,2,2,13
,2024-045227,39.71816061,-105.0252451,10/15/2024 7:50,7:50,12,0,0, FEDERAL BLVD & W 1ST AVE,1,1,0,0,1,3,0,0,35,0,0,0,0,0,2,2,16
,2024-045231,39.72392635,-105.011325,9/29/2024 17:08,17:08,12,0,0,I-25 NB OFF RAMP & W 6TH AVE,1,1,0,0,1,8,0,0,55,0,0,0,0,0,1,2,16
,2024-045236,39.68749225,-104.9405448,10/13/2024 3:55,3:55,12,0,0, COLORADO BLVD & E IOWA AVE,1,3,0,0,1,3,0,0,35,0,0,0,0,0,2,2,16
,2024-045237,39.71124039,-105.0249447,10/13/2024 16:42,16:42,1,0,0,W ALAMEDA AVE & S FEDERAL BLVD,1,1,0,0,1,1,0,0,35,0,0,0,0,0,2,2,16
,2024-045243,39.74322634,-104.9861156,10/12/2024 2:46,2:46,6,0,1, LINCOLN ST & E 17TH AVE,1,3,0,0,2,4,0,0,20,0,0,0,0,2,4,2,16
,2024-045244,39.75099337,-104.9873883,10/12/2024 12:55,12:55,15,0,1, BROADWAY ST & CHAMPA ST,1,1,0,7,1,4,0,0,35,0,0,0,0,2,4,3,16
,2024-045271,39.75586837,-104.9818548,6/8/2024 0:33,0:33,12,0,0,26TH ST & CHAMPA ST,1,3,0,0,1,1,0,0,30,0,0,0,0,0,4,2,16
,2024-045282,39.73043752,-104.9823883,9/3/2024 20:00,20:00,6,0,0, LOGAN ST & E 9TH AVE,1,3,0,0,1,2,0,0,,0,0,0,0,0,4,2,16
,2024-045283,39.65102993,-104.8848215,10/10/2024 11:20,11:20,11,0,1,E JEFFERSON AVE & S YOSEMITE ST,1,1,0,0,1,1,0,0,25,0,1,0,0,3,4,1,11
,2024-045308,39.78852772,-104.8931634,10/9/2024 16:18,16:18,3,0,0,E 50TH AVE & N UINTA ST,1,1,0,0,1,1,0,0,20,0,0,0,0,0,4,2,16
,2024-045309,39.69665316,-104.9912757,10/16/2024 13:12,13:12,10,0,0,W MISSISSIPPI AVE & S CHEROKEE ST,1,1,0,0,1,1,0,0,30,0,0,0,0,0,4,2,14
,2024-045310,39.72560005,-105.0131388,9/19/2024 16:50,16:50,12,0,0,I-25 & W 6TH AVE,1,1,0,0,1,4,0,0,,0,0,0,0,0,1,2,16
,2024-045312,39.78046497,-104.9914323,10/16/2024 10:06,10:06,12,0,0,I-70 EB & I-25 SB,1,1,0,0,1,4,0,0,55,0,0,0,0,0,1,2,16
,2024-045313,39.78362735,-104.7721144,10/16/2024 7:56,7:56,1,0,0, TOWER DR & E GREEN VALLEY RANCH BLVD,1,1,0,0,1,1,0,0,45,0,0,0,0,0,4,2,13
,2024-045314,39.78270033,-104.8153332,9/30/2024 18:08,18:08,6,0,0,E 50TH AVE & N EUGENE CT,1,1,0,0,1,4,0,0,,0,0,0,0,0,4,2,16
,2024-045316,39.69665424,-104.9929179,10/15/2024 14:41,14:41,1,0,1,W MISSISSIPPI AVE & S PLATTE RIVER DR,1,1,0,0,1,1,0,0,35,0,0,0,0,2,2,2,11
,2024-045317,39.76417223,-105.0532437,9/25/2024 17:57,17:57,15,0,0, SHERIDAN BLVD & W 33RD AVE,1,1,1,0,1,4,0,0,35,0,0,0,0,0,2,2,16
,2024-045319,39.74000696,-104.9929152,8/15/2024 13:00,13:00,1,0,0,W COLFAX AVE & N DELAWARE ST,1,1,0,0,1,1,0,0,35,0,0,0,0,0,2,2,3
,2024-045323,39.78381267,-104.9480136,9/21/2024 4:00,4:00,5,0,0, VASQUEZ BLVD & E 48TH AVE,1,3,0,0,3,1,0,0,45,0,0,0,0,0,2,1,1
,2024-045324,39.74014227,-104.9450754,10/16/2024 15:09,15:09,1,0,1,E COLFAX AVE & N MONROE ST,1,1,0,7,1,1,0,0,30,0,0,0,0,1,2,2,13
,2024-045325,39.68934317,-104.9316972,10/15/2024 9:46,9:46,5,0,0,E FLORIDA AVE & S DAHLIA ST,1,1,0,0,2,1,0,0,35,0,0,0,0,0,4,1,3
,2024-045326,39.71124669,-104.9971645,10/16/2024 16:09,16:09,12,0,0, SANTA FE DR & W ALAMEDA AVE,1,1,0,0,1,3,0,0,45,0,0,0,0,0,4,2,13
,2024-045327,39.6899371,-104.9731944,10/16/2024 11:07,11:07,12,0,0,I-25 & S DOWNING ST,1,1,0,0,1,4,0,0,55,0,0,0,0,0,1,3,13
,2024-045328,39.68491596,-104.9574949,10/16/2024 18:58,18:58,12,0,0,I-25 & S UNIVERSITY BLVD,1,3,0,0,1,4,0,0,65,0,0,0,0,0,1,2,13
,2024-045331,39.72585868,-104.9862209,9/27/2024 22:30,22:30,10,0,0,E SPEER BLVD & N LINCOLN ST,1,3,0,0,1,3,0,0,30,0,0,0,0,0,4,2,16
,2024-045332,39.78561336,-105.0252058,10/8/2024 20:44,20:44,11,0,1, FEDERAL BLVD & W 49TH AVE,1,3,3,0,1,1,0,0,0,0,0,1,0,3,2,1,16
,2024-045335,39.7368796,-104.9798811,10/15/2024 15:20,15:20,12,0,1, PEARL ST & E 13TH AVE,1,1,0,0,1,1,0,0,,0,0,0,0,1,4,2,16
,2024-045337,39.76699304,-105.0112017,10/16/2024 17:35,17:35,15,0,1, TEJON ST & W 36TH AVE,1,1,0,0,1,4,0,0,30,0,0,0,1,2,4,2,11
,2024-045339,39.65320997,-104.9190833,10/15/2024 23:18,23:18,3,0,1,E HAMPDEN AVE & I-25 SB OFF RAMP,1,1,0,0,1,1,0,0,40,0,0,0,0,2,2,2,16
,2024-045341,39.67182367,-104.8705718,10/4/2024 6:50,6:50,6,0,1,10000  E HARVARD AVE,1,4,0,0,1,4,0,0,20,0,0,0,0,1,4,3,16
,2024-045342,39.71654384,-104.9036995,9/29/2024 15:42,15:42,16,0,0,4685  QUEBEC ST & N. QUEBEC ST.,1,1,0,0,5,7,0,0,,0,0,0,0,0,3,2,16
,2024-045345,39.80182179,-104.7655868,10/15/2024 22:15,22:15,6,0,0,E 58TH AVE & N CEYLON ST,1,3,0,0,1,4,0,0,25,0,0,0,0,0,4,4,10
,2024-045346,39.72890686,-104.9986114,9/30/2024 18:04,18:04,3,0,1,W 8TH AVE & N SANTA FE DR,1,1,0,0,1,1,0,0,30,0,0,0,0,2,4,2,16
,2024-045347,39.72097457,-104.9509001,10/16/2024 9:25,9:25,11,0,1, ST PAUL ST & E 3RD AVE,1,1,0,0,1,1,0,0,,0,1,0,0,3,4,1,11
,2024-045358,39.65321908,-105.0495235,10/7/2024 11:30,11:30,12,0,0,W HAMPDEN AVE & S SHERIDAN BLVD,1,1,3,0,1,4,0,0,55,0,0,0,0,0,2,2,1
,2024-045360,39.74031992,-105.0142725,10/15/2024 20:30,20:30,12,0,0,W COLFAX AVE & I-25,1,3,0,0,1,4,0,0,40,0,0,0,0,0,2,2,16
,2024-045361,39.67845212,-104.9337606,9/26/2024 9:30,9:30,12,0,0,I-25 NB ON & E EVANS AVE,1,1,0,0,1,4,0,0,35,0,0,0,0,0,4,2,16
,2024-045363,39.73050541,-104.9986319,10/15/2024 20:30,20:30,3,0,0,W 9TH AVE & N SANTA FE DR,1,3,0,0,1,1,0,0,25,0,0,0,0,0,4,2,14
,2024-045365,39.72907333,-104.9848694,10/16/2024 15:15,15:15,12,0,0,E 8TH AVE & N SHERMAN ST,1,1,0,0,1,1,0,0,,0,0,0,0,0,4,2,16
,2024-045366,39.74019234,-104.9407931,10/15/2024 23:32,23:32,12,0,0, COLORADO BLVD & E COLFAX AVE,1,3,0,0,1,1,0,0,40,0,0,0,0,0,2,2,16
,2024-045367,39.67570288,-105.0582705,9/22/2024 13:54,13:54,6,0,0, EATON ST & WARREN AVE,1,1,0,0,1,4,0,0,25,0,0,0,0,0,4,2,13
,2024-045368,39.70241756,-104.9121177,9/6/2024 21:15,21:15,11,0,1,LEETSDALE DR & S MONACO ST PKWY,1,3,0,0,1,4,0,0,,0,1,0,0,3,2,1,16
,2024-045370,39.73681155,-104.9567694,10/15/2024 16:09,16:09,12,0,0,E 13TH AVE & N JOSEPHINE ST,1,1,0,0,1,4,0,0,30,0,0,0,0,0,4,3,13
,2024-045371,39.75746018,-105.0099257,9/25/2024 9:20,9:20,15,0,0,I-25 & N SPEER BLVD,1,1,0,0,1,4,0,0,,0,0,0,0,0,1,2,16
,2024-045372,39.65278137,-104.9176271,10/15/2024 18:48,18:48,12,0,0,I-25 NB OFF RAMP & E HAMPDEN AVE,1,3,1,0,1,8,0,0,,0,0,0,0,0,1,2,16
,2024-045374,39.79809486,-104.8340285,8/18/2024 19:48,19:48,5,1,0,E 56TH AVE & N UVALDA ST,1,3,0,0,6,4,0,0,35,0,0,0,1,4,4,1,7
,2024-045375,39.73050541,-104.9986319,10/13/2024 17:41,17:41,3,0,0,W 9TH AVE & N SANTA FE DR,1,1,0,0,1,1,0,0,25,0,0,0,0,0,4,2,16
,2024-045376,39.77441365,-104.8098918,10/3/2024 3:30,3:30,5,0,0, CHAMBERS RD & E ANDREWS DR,1,3,0,0,3,4,0,0,40,0,0,0,0,0,4,1,1
,2024-045378,39.77957817,-104.9790465,10/16/2024 17:45,17:45,12,0,0,I-70 & N WASHINGTON ST,1,1,0,0,1,13,0,0,55,0,0,0,0,0,1,3,13
,2024-045381,39.7867335,-104.9405695,9/24/2024 15:00,15:00,15,0,0, COLORADO BLVD & E 50TH AVE,1,1,0,0,1,4,0,0,,0,0,0,0,0,2,2,16
,2024-045384,39.76842321,-104.9947239,10/16/2024 8:31,8:31,12,0,1,I-25 & PARK AVE W,1,1,0,0,1,13,0,0,55,0,0,0,1,1,1,3,13
,2024-045385,39.77211863,-104.7522085,9/22/2024 0:19,0:19,6,0,0, IRELAND ST & E 41ST AVE,11,3,0,1,1,3,0,0,,0,0,0,0,0,4,3,16
,2024-045386,39.66763326,-104.9128743,9/28/2024 22:45,22:45,15,0,0, MONACO ST & E YALE AVE,1,3,0,0,1,1,0,0,,0,0,0,0,0,4,2,16
,2024-045389,39.68757647,-104.9919397,9/14/2024 17:30,17:30,12,0,0, SANTA FE DR & W IOWA AVE,1,1,0,0,1,3,0,0,,0,0,0,0,0,2,2,16
,2024-045392,39.69497732,-105.0532281,10/16/2024 8:26,8:26,12,0,1, SHERIDAN BLVD & W ARIZONA AVE,1,1,0,0,1,4,0,0,35,0,0,0,0,2,2,3,1
,2024-045393,39.67214432,-104.9465287,9/30/2024 5:30,5:30,6,0,0, MADISON ST & E WESLEY AVE,1,3,0,0,6,4,0,0,20,0,0,0,0,0,4,3,1
,2024-045394,39.74739496,-104.9406041,10/9/2024 8:30,8:30,2,0,1,E MONTVIEW AVE & N COLORADO BLVD,1,1,0,0,1,1,0,0,0,1,0,0,0,2,2,1,16
,2024-045400,39.74327312,-104.9819996,9/25/2024 16:00,16:00,11,0,1,E 17TH AVE & N LOGAN ST,1,1,0,0,1,4,0,0,25,0,0,1,0,2,4,1,11
,2024-045413,39.67846361,-104.9128118,10/14/2024 10:00,10:00,1,0,1, MONACO ST PKWY & E EVANS AVE,1,1,0,0,1,1,0,0,40,0,0,0,0,1,4,2,11
,2024-045419,39.73870713,-104.8987481,10/11/2024 13:33,13:33,10,0,1,E 14TH AVE & N SYRACUSE ST,1,1,0,0,1,1,0,0,,0,0,0,0,1,4,2,16
,2024-045421,39.69742414,-104.9827228,10/9/2024 14:38,14:38,12,0,0,I-25 & S LOGAN ST,1,1,1,0,1,4,0,0,55,0,0,0,0,0,1,2,1