id,drcog_id,latitude,longitude,crashtime,time,crashtype,numbkilled,numbinjurd,drcoglocat,rdconditin,lightngcon,roadcntgrd,weatherco,location,roaddescrp,schoolzone,constrzone,splimit,bikeinv,pedinv,sctrinv,motoinv,svrty,rdsystem,ttlvehcls,hcf
,2024-045444,39.76184041,-104.9198943,9/17/2024 8:00,8:00,6,0,0,E MLK JR BLVD & N IVY ST,1,1,0,0,1,4,0,0,35,0,0,0,0,0,4,2,16
,2024-045445,39.7149684,-105.0364645,9/11/2024 19:47,19:47,6,0,0,W BAYAUD AVE & S MEADE ST,1,4,0,0,1,4,0,0,25,0,0,0,0,0,4,2,5
,2024-045446,39.75924469,-104.9937287,9/5/2024 2:23,2:23,6,0,0,DELGANY ST & WEWATTA WY,1,3,0,0,1,4,0,0,30,0,0,0,0,0,4,4,1
,2024-045447,39.72571238,-105.0247324,9/7/2024 2:00,2:00,15,0,0,W 6TH AVE WB OFF RAMP & N FEDERAL BLVD,1,3,0,0,1,8,0,0,45,0,0,0,0,0,1,2,10
,2024-045450,39.69117212,-104.9831048,10/17/2024 11:33,11:33,6,0,0,E ARKANSAS AVE & S LOGAN ST,1,1,0,0,1,4,0,0,20,0,0,0,0,0,4,2,14
,2024-045451,39.77729822,-104.8657506,10/10/2024 16:16,16:16,15,0,0, HAVANA ST & I-70 EB RAMPS,1,1,0,0,1,4,0,0,40,0,0,0,0,0,4,2,13
,2024-045452,39.84137929,-104.6761385,10/15/2024 17:48,17:48,5,0,1,PENA BLVD OB & E 78TH AVE,1,1,0,0,2,4,0,0,45,0,0,0,0,1,2,1,10
,2024-045465,39.8245737,-104.6734034,10/17/2024 1:40,1:40,3,0,2,ROBERTSDALE ST & E 71ST AVE,1,3,0,0,1,1,0,0,35,0,0,0,0,2,4,2,2
,2024-045467,39.73829681,-104.9269152,10/15/2024 11:54,11:54,10,0,0,E 14TH AVE & N FOREST ST,1,1,0,0,1,1,0,0,30,0,0,0,0,0,4,2,16
,2024-045471,39.69666133,-104.9918826,10/17/2024 2:00,2:00,15,0,0, SANTA FE DR & W MISSISSIPPI AVE,1,3,0,0,1,1,0,0,45,0,0,0,0,0,2,2,13
,2024-045474,39.74377304,-104.9124342,10/17/2024 15:15,15:15,1,0,2,E 17TH AVE & N MONACO ST PKWY,1,1,0,0,1,1,0,0,30,0,0,0,0,2,4,2,13
,2024-045475,39.77329676,-104.9406706,10/17/2024 11:13,11:13,12,0,1, COLORADO BLVD & E 40TH AVE,1,1,0,0,1,4,0,0,35,0,0,0,0,1,2,4,3
,2024-045477,39.75036139,-104.9820146,10/16/2024 16:45,16:45,3,0,0,GLENARM PL & PARK AVE W,1,1,0,0,1,1,0,0,35,0,0,0,0,0,4,2,1
,2024-045478,39.71818954,-104.9600221,10/17/2024 17:21,17:21,12,0,0,E 1ST AVE & N UNIVERSITY BLVD,1,1,0,0,1,3,0,0,30,0,0,0,0,0,4,2,13
,2024-045479,39.78645219,-104.8297396,10/17/2024 15:05,15:05,2,0,1, CROWN BLVD & E 50TH AVE,1,1,0,0,1,1,0,0,,1,0,0,0,1,4,1,16
,2024-045480,39.77106317,-104.9462363,10/9/2024 10:00,10:00,6,0,0,E 39TH AVE & N MARION ST,1,1,0,0,1,2,0,0,20,0,0,0,0,0,4,2,16
,2024-045481,39.776983,-104.8335367,10/16/2024 11:00,11:00,6,0,0, CARSON ST & E ALLBROOK ST,1,1,0,0,1,4,0,0,,0,0,0,0,0,4,2,16
,2024-045486,39.74865229,-104.9894468,8/29/2024 17:00,17:00,15,0,0,19TH ST & STOUT ST,1,1,0,0,1,1,0,0,35,0,0,0,0,0,4,2,1
,2024-045488,39.74025113,-104.9320819,10/15/2024 13:09,13:09,6,0,0, DAHLIA ST & E COLFAX AVE,1,1,0,0,1,4,0,0,,0,0,0,0,0,4,2,16
,2024-045489,39.74693901,-104.9968777,10/16/2024 5:59,5:59,2,0,1,15TH ST & ARAPAHOE ST,1,3,0,0,1,1,0,0,0,1,0,0,0,2,4,1,16
,2024-045490,39.73848223,-105.0344889,10/16/2024 10:40,10:40,6,0,0,W 14TH AVE & N LOWELL BLVD,1,1,0,0,6,4,0,0,20,0,0,0,0,0,4,2,3
,2024-045491,39.79831042,-104.7682256,9/19/2024 22:30,22:30,5,0,0,E 56TH AVE & N ARGONNE ST,1,3,0,0,1,4,0,0,40,0,0,0,0,0,4,1,11
,2024-045492,39.72560824,-105.0131445,10/17/2024 16:11,16:11,12,0,0,I-25 & W 6TH AVE,1,1,0,0,1,4,0,0,65,0,0,0,0,0,1,2,14
,2024-045495,39.79850119,-104.8754665,10/16/2024 14:53,14:53,10,0,0,E 56TH AVE & N DALLAS ST,1,1,0,1,1,1,0,0,40,0,0,0,0,0,4,2,13
,2024-045496,39.72534074,-104.9197152,10/16/2024 13:09,13:09,12,0,0,E 6TH AVE & IVY LN,1,1,0,0,1,4,0,0,30,0,0,0,0,0,4,2,14
,2024-045498,39.76450868,-104.9721011,10/15/2024 8:24,8:24,3,0,2, MARION ST & E BRUCE RANDOLPH AVE,1,1,0,0,1,1,0,0,20,0,0,0,0,2,4,2,16
,2024-045499,39.67845139,-104.9377065,10/16/2024 14:05,14:05,15,0,0,E EVANS AVE & S BELLAIRE ST,1,1,0,1,1,4,0,0,30,0,0,0,0,0,4,2,13
,2024-045500,39.77745868,-104.8470297,10/15/2024 8:25,8:25,3,0,0, PEORIA ST & E 45TH AVE,1,1,0,0,1,2,0,0,35,0,0,0,0,0,4,2,16
,2024-045501,39.76115933,-105.0047565,9/23/2024 18:00,18:00,12,0,0,I-25 & 20TH ST,1,2,0,0,1,4,0,0,55,0,0,0,0,0,1,2,10
,2024-045503,39.77729,-104.8829594,10/2/2024 10:48,10:48,12,0,0,I-70 WB UNDERPASS & N CENTRAL PARK BLVD,1,1,0,0,1,4,0,0,,0,0,0,0,0,1,3,16
,2024-045504,39.73936093,-105.0138703,10/17/2024 6:35,6:35,12,0,0,I-25 & W COLFAX AVE,1,2,1,0,1,4,0,0,55,0,0,0,0,0,1,2,1
,2024-045508,39.75457564,-104.9922401,10/17/2024 19:14,19:14,10,0,0,21ST ST & MARKET ST,1,3,0,0,1,1,0,0,30,0,0,0,0,0,4,2,1
,2024-045509,39.72889706,-105.0028432,10/17/2024 17:07,17:07,3,0,0, MARIPOSA ST & W 8TH AVE,1,1,0,0,1,1,0,0,,0,0,0,0,0,4,2,16
,2024-045511,39.74028116,-105.0124023,10/17/2024 17:29,17:29,3,0,0,W COLFAX AVE & I-25 SB OFF RAMP,1,2,0,0,1,1,0,0,35,0,0,0,0,0,2,2,11
,2024-045516,39.75324402,-104.9757621,10/16/2024 14:30,14:30,3,0,0,E 25TH AVE & N EMERSON ST,1,1,0,0,1,1,0,0,25,0,0,0,0,0,4,2,11
,2024-045519,39.77434194,-105.0158732,10/16/2024 23:52,23:52,6,0,0, ZUNI ST & W 42ND AVE,1,4,0,0,1,4,0,0,25,0,0,0,0,0,4,2,16
,2024-045520,39.68757369,-104.9919398,10/16/2024 12:10,12:10,1,0,0, SANTA FE DR & W IOWA AVE,10,1,0,0,1,1,0,0,45,0,0,0,0,0,2,2,14
,2024-045522,39.7582945,-104.9405813,9/27/2024 18:00,18:00,15,0,0,E 29TH AVE & N COLORADO BLVD,1,1,0,0,1,3,0,0,,0,0,0,0,0,2,2,16
,2024-045523,39.74846241,-105.0033458,10/16/2024 14:16,14:16,3,0,0,BLAKE ST & N SPEER BLVD,1,1,0,0,1,1,0,0,35,0,0,0,0,0,4,2,1
,2024-045531,39.75023737,-104.9873903,10/16/2024 20:30,20:30,12,0,0, BROADWAY ST & STOUT ST,1,3,0,0,1,1,0,0,35,0,0,0,0,0,4,2,16
,2024-045532,39.71121663,-105.0299617,10/16/2024 17:15,17:15,1,0,0,W ALAMEDA AVE & S IRVING ST,1,1,0,0,1,1,0,0,30,0,0,0,0,0,2,2,1
,2024-045539,39.77976568,-104.9697779,10/17/2024 15:24,15:24,5,0,0,E 44TH AVE & N HUMBOLDT ST,1,1,0,0,3,4,0,0,30,0,0,0,0,0,4,1,13
,2024-045542,39.71657995,-104.9499403,10/16/2024 7:53,7:53,15,0,0, STEELE ST & E ELLSWORTH AVE,1,1,0,0,1,4,0,1,30,0,0,0,0,0,4,2,10
,2024-045543,39.63812591,-104.912452,10/17/2024 11:39,11:39,1,0,3, MONACO ST PKWY & E HAPPY CANYON RD,1,1,0,0,1,1,0,0,35,0,0,0,0,2,4,2,11
,2024-045544,39.78334537,-105.0343586,10/17/2024 17:47,17:47,12,0,1,I-70 & N LOWELL BLVD,1,1,0,0,1,4,0,0,55,0,0,0,0,1,1,2,13
,2024-045545,39.70262674,-104.9944448,10/16/2024 6:01,6:01,5,0,2, SANTA FE DR & I-25 ON RAMP GORE PT,1,4,0,0,3,8,0,0,45,0,0,0,0,1,2,2,8
,2024-045546,39.71940234,-104.954624,9/4/2024 21:10,21:10,5,0,0,E 2ND AVE & N DETROIT ST,11,3,0,0,3,4,0,0,30,0,0,0,0,0,4,1,16
,2024-045547,39.70382175,-104.9409494,10/16/2024 18:23,18:23,12,0,2,E EXPOSITION AVE & S COLORADO BLVD,1,3,0,0,1,3,0,0,30,0,0,0,0,1,4,3,8
,2024-045549,39.77666762,-104.8469379,10/15/2024 14:55,14:55,12,0,0,E 44TH AVE & N PEORIA ST,1,1,0,0,1,3,0,0,30,0,0,0,0,0,4,2,16
,2024-045550,39.74033568,-105.0428379,10/17/2024 14:38,14:38,1,0,0,W COLFAX AVE & N STUART ST,1,1,0,0,1,1,0,0,35,0,0,0,0,0,2,2,13
,2024-045562,39.73997545,-104.9610169,10/18/2024 14:41,14:41,3,0,1, GAYLORD ST & E COLFAX AVE,11,1,0,1,1,1,0,0,20,0,0,0,0,2,2,2,11
,2024-045563,39.78379917,-104.8017155,10/17/2024 18:03,18:03,3,0,3, KITTREDGE ST & E GREEN VALLEY RANCH BLVD,1,2,0,0,1,1,0,0,30,0,0,0,0,2,4,2,11
,2024-045570,39.72577341,-105.0058441,10/17/2024 12:36,12:36,3,0,0,W 6TH AVE & N OSAGE ST,1,1,3,0,1,1,0,0,25,0,0,0,0,0,4,2,16
,2024-045575,39.75008809,-105.0049537,10/18/2024 9:40,9:40,3,0,1, SPEER BLVD & CHOPPER CIR,1,1,0,0,1,1,0,0,35,0,0,0,0,2,4,2,11
,2024-045577,39.77627674,-105.0158607,10/18/2024 16:07,16:07,8,0,1, ZUNI ST & W 44TH AVE,1,1,0,0,1,4,0,0,20,0,0,0,0,1,4,3,16
,2024-045578,39.70013871,-104.9407952,10/18/2024 7:07,7:07,3,0,1, COLORADO BLVD & E KENTUCKY AVE,1,2,0,0,1,1,0,0,30,0,0,0,0,1,2,2,14
,2024-045579,39.67916025,-105.0532681,10/18/2024 6:49,6:49,14,0,0,W EVANS AVE & S SHERIDAN BLVD,1,1,0,0,1,3,0,0,30,0,0,0,0,0,2,2,16
,2024-045585,39.78363941,-104.7898894,10/17/2024 17:25,17:25,1,0,1,E GREEN VALLEY RANCH BLVD & PENA BLVD IB RAMPS,1,1,0,0,1,1,0,0,30,0,0,0,0,1,4,2,13
,2024-045586,39.71120328,-104.9981037,10/18/2024 13:25,13:25,12,0,2,W ALAMEDA AVE & S KALAMATH ST,1,1,0,0,1,3,0,0,30,0,0,0,0,1,4,2,3
,2024-045589,39.75105685,-105.001991,10/14/2024 17:46,17:46,2,0,0,WYNKOOP ST & 15TH ST,1,1,0,0,1,2,0,0,0,1,0,0,0,0,4,1,16
,2024-045601,39.73669259,-104.9406165,10/18/2024 18:06,18:06,15,0,0, COLORADO BLVD & E 13TH AVE,1,2,0,0,1,4,0,0,35,0,0,0,0,0,2,2,13
,2024-045605,39.73490188,-105.0149142,10/18/2024 10:04,10:04,15,0,0,I-25 & NB OFF RAMP EXT TO W COLFAX AVE,1,1,0,0,1,4,0,0,55,0,0,0,0,0,1,2,13
,2024-045614,39.74920184,-104.9852987,10/16/2024 9:58,9:58,3,0,4,21ST ST & WELTON ST,1,1,0,0,1,1,0,0,20,0,0,0,0,2,4,2,13
,2024-045615,39.79839402,-104.7721172,10/18/2024 12:34,12:34,12,0,0,E 56TH AVE & N TOWER RD,1,1,0,0,1,3,0,0,45,0,0,0,0,0,4,2,3
,2024-045617,39.75433662,-104.9942728,10/18/2024 1:26,1:26,12,0,0,20TH ST & BLAKE ST,1,3,0,0,1,1,0,0,30,0,0,0,0,0,4,2,13
,2024-045623,39.74034897,-105.0486718,10/17/2024 13:11,13:11,1,0,1,W COLFAX AVE & N WOLFF ST,1,1,0,0,1,1,0,0,30,0,0,0,0,2,2,2,13
,2024-045624,39.831856,-104.6929036,10/18/2024 15:54,15:54,12,0,1,E 75TH AVE & N JACKSON GAP ST,1,1,0,0,1,3,0,0,35,0,0,0,0,1,4,2,11
,2024-045625,39.68932255,-104.9407892,10/17/2024 23:54,23:54,12,0,0, COLORADO BLVD & E FLORIDA AVE,1,3,0,0,1,1,0,0,40,0,0,0,0,0,2,2,3
,2024-045626,39.76472167,-105.0252985,10/19/2024 13:40,13:40,12,0,1, FEDERAL BLVD & W 34TH AVE,1,1,0,0,1,3,0,0,35,0,0,0,0,1,2,3,3
,2024-045628,39.75397827,-104.993823,10/19/2024 2:07,2:07,16,0,0,20TH ST & MARKET ST,1,3,0,0,5,7,0,0,,0,0,0,0,0,3,2,16
,2024-045632,39.65302653,-104.8813914,10/19/2024 15:04,15:04,12,0,1,E HAMPDEN AVE & S AKRON ST,1,1,0,0,1,3,0,0,40,0,0,0,0,2,2,4,14
,2024-045633,39.79834997,-104.8532201,10/19/2024 17:34,17:34,15,0,0,E 56TH AVE & N JOLIET ST,1,1,0,0,1,4,0,0,40,0,0,0,0,0,4,2,7
,2024-045636,39.71128376,-104.9034949,10/18/2024 21:03,21:03,1,0,0,E ALAMEDA AVE & S QUEBEC ST,1,3,0,0,1,1,0,0,35,0,0,0,0,0,4,2,13
,2024-045642,39.69639722,-104.9929885,10/19/2024 14:01,14:01,5,0,1, PLATTE RIVER DR & W MISSISSIPPI AVE,1,1,0,0,2,4,0,0,,0,0,0,0,1,2,1,13
,2024-045643,39.71124043,-105.0249448,10/17/2024 22:58,22:58,3,0,2, FEDERAL BLVD & W ALAMEDA AVE,1,3,0,0,1,1,0,0,40,0,0,0,0,2,2,2,16
,2024-045644,39.72565153,-105.0129312,10/18/2024 15:20,15:20,15,0,0,I-25 NB ON RAMP FROM EB W 6TH AVE & W 6TH AVE UNDERPASS,11,1,1,1,1,8,0,0,65,0,0,0,0,0,1,2,13
,2024-045647,39.73366553,-104.9942794,10/19/2024 17:11,17:11,15,0,0,W 11TH AVE & N SPEER BLVD,1,2,0,0,1,3,0,0,30,0,0,0,0,0,4,2,3
,2024-045648,39.71112025,-104.9804736,10/17/2024 16:41,16:41,11,0,1,E ALAMEDA AVE & S PEARL ST,1,1,0,0,1,3,0,0,0,0,1,0,0,1,4,1,16
,2024-045649,39.69852676,-104.9862425,10/18/2024 22:36,22:36,6,0,0, LINCOLN ST & E TENNESSEE AVE,11,3,0,1,1,4,0,0,25,0,0,0,0,0,4,2,10
,2024-045657,39.690814,-105.0222391,10/18/2024 17:28,17:28,3,0,1,W ARKANSAS AVE & S DECATUR ST,1,4,0,0,1,1,0,0,25,0,0,0,0,1,4,2,16
,2024-045660,39.69311522,-105.0247907,10/15/2024 7:30,7:30,11,0,1,W LOUISIANA AVE & S FEDERAL BLVD,1,1,0,0,1,1,0,0,35,0,1,0,0,1,2,1,16
,2024-045662,39.75145587,-104.9858147,10/15/2024 9:37,9:37,2,0,1,22ND ST & STOUT ST,1,1,0,0,1,1,0,0,0,1,0,0,0,2,4,1,16
,2024-045665,39.76029135,-104.8901903,10/18/2024 23:14,23:14,12,0,1,E MLK JR BLVD & N CENTRAL PARK BLVD,1,3,0,0,1,3,0,0,35,0,0,0,0,2,4,3,1
,2024-045670,39.65183293,-105.0531526,10/19/2024 11:15,11:15,12,0,0, SHERIDAN BLVD & W HAMPDEN FRTG RD,1,1,0,0,1,1,0,0,40,0,0,0,0,0,2,2,3
,2024-045672,39.72390166,-104.8841395,10/19/2024 10:45,10:45,15,0,0, YOSEMITE ST & E LOWRY BLVD,1,1,0,0,1,6,0,0,25,0,0,0,0,0,4,2,7
,2024-045673,39.78002357,-104.9403685,10/19/2024 15:05,15:05,15,0,0,I-70 & COLORADO BLVD,1,1,0,7,1,13,0,0,55,0,0,0,0,0,1,2,13
,2024-045677,39.73309465,-105.0532215,10/18/2024 20:46,20:46,1,0,1, SHERIDAN BLVD & W 10TH AVE,1,3,0,0,1,1,0,0,40,0,0,0,0,1,2,2,16
,2024-045694,39.77732207,-104.8827848,10/18/2024 16:06,16:06,12,0,0,I-70 & N CENTRAL PARK BLVD,11,1,0,0,1,4,0,0,55,0,0,0,0,0,1,2,1
,2024-045695,39.67528914,-105.02504,10/18/2024 14:32,14:32,1,0,2,W ILIFF AVE & S FEDERAL BLVD,1,1,0,0,1,2,0,0,30,0,0,0,0,1,2,3,13
,2024-045696,39.76735597,-104.8980265,10/18/2024 18:36,18:36,3,0,0,E 36TH AVE & ROSEMARY ST,11,3,0,1,1,2,0,0,30,0,0,0,0,0,4,2,3
,2024-045698,39.8257926,-104.7466001,10/19/2024 14:13,14:13,5,0,1,E-470 & PENA BLVD,1,1,0,0,3,8,0,1,65,0,0,0,0,1,2,1,8
,2024-045700,39.75631624,-104.9896569,10/18/2024 22:45,22:45,15,0,0,PARK AVE W & WALNUT ST,1,3,0,0,1,4,0,0,20,0,0,0,0,0,4,2,10
,2024-045710,39.77485147,-104.8446081,10/18/2024 23:44,23:44,8,0,0,E 42ND AVE & N QUENTIN ST,1,3,0,0,1,1,0,0,25,0,0,0,0,0,4,2,10
,2024-045714,39.65302609,-104.9129217,10/18/2024 21:32,21:32,14,0,0,E HAMPDEN AVE & S MONACO ST PKWY,11,3,0,0,1,3,0,0,45,0,0,0,0,0,2,2,7
,2024-045716,39.68576287,-104.9769456,10/19/2024 14:21,14:21,3,0,1,E MEXICO AVE & S EMERSON ST,1,1,0,0,1,1,0,0,20,0,0,0,0,1,4,2,16
,2024-045718,39.76034782,-105.0053063,10/19/2024 18:44,18:44,12,0,2,I-25 & 20TH ST,1,3,0,0,1,4,0,0,55,0,0,0,0,1,1,3,13
,2024-045719,39.74628283,-104.9874069,10/18/2024 17:32,17:32,12,0,0, BROADWAY ST & GLENARM ST,11,1,0,1,1,3,0,0,35,0,0,0,0,0,4,2,16
,2024-045730,39.75668048,-104.9999502,10/10/2024 12:42,12:42,2,0,1,CHESTNUT PL & 19TH ST,1,1,0,0,1,1,0,0,30,1,0,0,0,3,4,1,13
,2024-045735,39.74375981,-104.9407837,10/1/2024 10:32,10:32,12,0,0,E 17TH AVE & N COLORADO BLVD,1,1,0,0,1,1,0,0,30,0,0,0,0,0,2,2,16
,2024-045737,39.74604927,-104.9848539,9/29/2024 23:51,23:51,11,0,1, SHERMAN ST & E 19TH AVE,1,3,0,0,1,4,0,0,,0,1,0,0,3,4,1,16
,2024-045739,39.74021398,-104.9105017,10/14/2024 7:50,7:50,1,0,1,E COLFAX AVE & N NIAGARA ST,1,1,0,0,1,1,0,0,35,0,0,0,0,1,2,2,16
,2024-045740,39.6523368,-104.9181638,10/16/2024 7:06,7:06,12,0,0,I-25 & E HAMPDEN AVE,1,1,3,0,1,4,0,0,60,0,0,0,0,0,1,2,13
,2024-045741,39.72622277,-104.9836205,10/15/2024 23:55,23:55,10,0,0,609  GRANT ST & E 6TH AVE,1,3,0,0,1,2,0,0,30,0,0,0,0,0,4,2,8
,2024-045862,39.71657696,-104.9875019,10/20/2024 1:59,1:59,11,0,0, BROADWAY ST & E ELLSWORTH AVE,1,3,0,0,1,1,0,0,0,0,1,0,0,0,4,1,16
,2024-045863,39.7546938,-104.9257829,10/18/2024 10:25,10:25,3,0,1, GLENCOE ST & E 26TH AVE,1,1,0,0,1,1,0,0,25,0,0,0,0,1,4,2,11
,2024-045864,39.76245644,-104.9634474,9/28/2024 1:15,1:15,6,0,0, RACE ST & 33RD AVE,1,3,0,0,6,4,0,0,,0,0,0,0,0,4,2,16
,2024-045865,39.72563955,-104.9874357,10/19/2024 16:33,16:33,12,0,1, 6TH AVE & N BROADWAY ST,1,1,0,0,1,1,0,0,30,0,0,0,0,2,4,3,10
,2024-045867,39.76563547,-105.017422,10/20/2024 11:35,11:35,3,0,1, ALCOTT ST & W 35TH AVE,1,1,0,0,1,1,0,0,25,0,0,0,1,2,4,2,11
,2024-045868,39.68227143,-105.0251148,10/19/2024 20:10,20:10,12,0,0,W JEWELL AVE & S FEDERAL BLVD,1,3,0,0,1,3,0,0,25,0,0,0,0,0,2,2,4
,2024-045872,39.736757,-105.0532158,10/19/2024 13:12,13:12,12,0,0, SHERIDAN BLVD & W 13TH AVE,1,1,0,0,1,3,0,0,,0,0,0,0,0,2,2,16
,2024-045873,39.69307563,-104.9943043,10/20/2024 1:29,1:29,15,0,1, PLATTE RIVER DR & W MISSISSIPPI,1,3,0,0,1,4,0,0,,0,0,0,0,2,4,2,16
,2024-045875,39.73727788,-104.8846671,10/20/2024 16:38,16:38,3,0,0,E 13TH AVE & N YOSEMITE ST,1,1,3,0,1,1,0,0,30,0,0,0,0,0,4,2,16
,2024-045878,39.70387757,-104.973379,10/18/2024 15:20,15:20,6,0,0, DOWNING ST & E EXPOSITION AVE,11,1,0,1,1,4,0,0,30,0,0,0,0,0,4,2,13
,2024-045880,39.73828965,-104.9350056,9/27/2024 23:43,23:43,15,0,0,E 14TH AVE & N CLERMONT ST,1,3,0,0,1,1,0,0,,0,0,0,0,0,4,2,16
,2024-045882,39.67637687,-104.9971015,10/20/2024 7:05,7:05,16,0,1,2190  PLATTE RIVER DR & W EVANS AVE,1,2,0,0,5,7,0,0,,0,0,0,0,2,3,1,2
,2024-045883,39.76148228,-104.9746147,10/19/2024 17:47,17:47,3,0,1,32ND ST & CHAMPA ST,1,2,0,0,1,1,0,0,30,0,0,0,0,2,4,2,11
,2024-045884,39.76141995,-105.0037227,10/19/2024 23:40,23:40,15,0,2,I-25 & 20TH ST,1,3,0,0,1,4,0,0,55,0,0,0,0,2,1,2,16
,2024-045887,39.74014412,-104.9935522,10/19/2024 23:50,23:50,10,0,0,W COLFAX AVE & TREMONT PL,1,3,0,0,1,1,0,0,30,0,0,0,0,0,2,2,16
,2024-045889,39.69657292,-105.0127101,10/1/2024 8:44,8:44,15,0,0, TEJON ST & W MISSISSIPPI AVE,1,1,0,0,1,4,0,0,20,0,0,0,0,0,4,2,16
,2024-045890,39.79832483,-104.8844456,10/18/2024 20:49,20:49,5,0,0,E 56TH AVE & N CENTRAL PARK BLVD,1,3,0,0,3,1,0,0,40,0,0,0,0,0,4,1,1
,2024-045891,39.78193633,-104.9844826,10/20/2024 16:24,16:24,2,0,1,E 47TH AVE & N SHERMAN ST,1,1,0,0,1,4,0,0,0,1,0,0,0,2,4,1,16
,2024-045892,39.67017247,-104.9955539,10/17/2024 23:18,23:18,12,0,0, SANTA FE DR & W HARVARD AVE,1,3,0,0,1,4,0,0,55,0,0,0,0,0,1,4,13
,2024-045893,39.75129444,-105.0167956,10/20/2024 16:00,16:00,12,0,0,I-25 & W 23RD AVE,1,1,0,0,1,4,0,0,50,0,0,0,0,0,1,2,3
,2024-045894,39.70594169,-105.0381248,10/13/2024 0:00,0:00,6,0,0,567  OSCEOLA ST & W CENTER AVE,14,5,0,7,1,4,0,0,,0,0,0,0,0,4,2,16
,2024-045895,39.66751599,-104.8661331,10/16/2024 22:15,22:15,3,0,2, HAVANA ST & E YALE AVE,1,3,0,0,1,1,0,0,40,0,0,0,0,3,2,2,3
,2024-045903,39.71116069,-104.9863693,10/19/2024 22:28,22:28,1,0,0,E ALAMEDA AVE & S LINCOLN ST,1,1,0,0,1,1,0,0,30,0,0,0,0,0,4,2,13
,2024-045904,39.74164341,-104.970546,10/18/2024 20:14,20:14,12,0,0,E 16TH AVE & PARK AVE,11,3,0,1,1,4,0,0,20,0,0,0,0,0,4,2,14
,2024-045908,39.78961506,-104.8272038,9/14/2024 21:30,21:30,15,0,0, CROWN BLVD & E 51ST AVE,1,3,0,0,1,2,0,0,35,0,0,0,0,0,4,2,13
,2024-045909,39.75511663,-105.0299415,10/19/2024 20:41,20:41,6,0,0, IRVING ST & W 26TH AVE,1,3,1,0,1,4,0,0,25,0,0,0,0,0,4,2,3
,2024-045910,39.76111191,-105.0105098,10/19/2024 22:30,22:30,3,0,1,17TH ST & ERIE ST,1,3,0,0,1,1,0,0,20,0,0,0,0,1,4,2,16
,2024-045914,39.7484624,-105.0033458,10/19/2024 23:40,23:40,3,0,0,AURARIA PKWY & N SPEER BLVD,1,3,0,0,1,1,0,0,30,0,0,0,0,0,4,2,13
,2024-045919,39.72684318,-104.9406278,10/20/2024 11:32,11:32,12,0,1, COLORADO BLVD & E 7TH AVE,1,1,1,0,1,4,0,0,,0,0,0,0,1,2,2,16
,2024-045922,39.7804608,-104.937411,10/20/2024 12:15,12:15,5,0,0,I-70 WB OFF RAMP & N COLORADO BLVD,1,1,1,0,3,8,0,0,55,0,0,0,0,0,1,1,3
,2024-045946,39.77661002,-104.9858759,9/24/2024 15:18,15:18,6,0,0, LINCOLN ST & W 44TH AVE,1,1,0,0,1,1,0,0,25,0,0,0,0,0,4,2,7
,2024-045955,39.77563322,-105.0158731,10/16/2024 15:30,15:30,11,0,0, ZUNI ST & W 43RD AVE,1,1,0,0,1,4,0,0,25,0,1,0,0,0,4,1,16
,2024-045966,39.76926036,-105.029968,10/18/2024 18:32,18:32,6,0,0, IRVING ST & W 38TH AVE,1,2,0,0,1,4,0,0,20,0,0,0,0,0,4,2,16
,2024-045975,39.78037893,-104.9891598,10/13/2024 19:28,19:28,15,0,1,I-25 & I-70,1,3,0,0,1,4,0,0,55,0,0,0,0,2,1,2,16
,2024-045978,39.71115909,-104.9875752,10/17/2024 11:32,11:32,12,0,0,E ALAMEDA AVE & S BROADWAY ST,1,1,0,0,1,3,0,0,30,0,0,0,0,0,4,2,16
,2024-045982,39.72893159,-104.9940363,10/17/2024 18:15,18:15,12,0,0, ELATI ST & W 8TH AVE,1,3,0,0,1,1,0,0,20,0,0,0,0,0,4,2,13
,2024-045987,39.77359046,-104.8421289,10/14/2024 22:18,22:18,15,0,0,I-70 & N PEORIA ST,1,4,0,0,1,4,0,0,55,0,0,0,0,0,1,2,1
,2024-046126,39.70115991,-104.9874746,10/18/2024 20:07,20:07,12,0,1, BROADWAY ST & I-25,11,3,0,1,1,4,0,0,35,0,0,0,0,2,4,5,1
,2024-046145,39.70766877,-104.9863795,10/18/2024 22:40,22:40,6,0,0, LINCOLN ST & E VIRGINIA AVE,1,3,0,0,2,4,0,0,35,0,0,0,0,0,4,2,16
,2024-046333,39.7472003,-104.9948106,10/18/2024 2:54,2:54,2,0,1,CURTIS ST & 16TH ST,1,3,0,0,1,1,0,0,,1,0,0,0,3,4,1,16
,2024-046498,39.78744741,-105.0345708,8/30/2024 16:45,16:45,12,0,0,W 50TH AVE & N LOWELL BLVD,1,1,0,0,1,1,0,0,,0,0,0,0,0,4,2,13
,2024-046499,39.71816149,-105.025645,8/3/2024 22:55,22:55,3,1,0,W 1ST AVE & N FEDERAL BLVD,1,3,0,0,1,9,0,0,35,0,0,0,1,4,4,3,1