id,drcog_id,latitude,longitude,crashtime,time,crashtype,numbkilled,numbinjurd,drcoglocat,rdconditin,lightngcon,roadcntgrd,weatherco,location,roaddescrp,schoolzone,constrzone,splimit,bikeinv,pedinv,sctrinv,motoinv,svrty,rdsystem,ttlvehcls,hcf
,2024-046500,39.751323,-105.0165225,9/20/2024 8:07,8:07,3,0,2,I-25 SB OFF RAMP & W 23RD AVE,14,1,3,7,1,1,0,0,30,0,0,0,0,1,4,2,16
,2024-046503,39.730455,-104.9874032,10/6/2024 20:42,20:42,10,0,2, BROADWAY ST & W 9TH AVE,1,3,0,0,1,1,0,1,30,0,0,0,1,3,4,2,1
,2024-046507,39.77546805,-104.903408,10/19/2024 12:17,12:17,15,0,0, NORTHFIELD QUEBEC ST & I-70 EB RAMPS,1,1,1,0,1,4,0,0,45,0,0,0,0,0,2,2,10
,2024-046508,39.75373334,-104.9933195,10/23/2024 10:22,10:22,5,0,0,MARKET ST & 20TH ST,1,1,0,0,1,4,0,0,25,0,0,0,0,0,4,1,10
,2024-046509,39.68933483,-104.8967346,10/22/2024 20:25,20:25,3,0,1, QUEBEC WY & E FLORIDA AVE,1,3,0,0,1,1,0,0,20,0,0,0,0,2,4,2,11
,2024-046511,39.67430151,-105.0532631,10/22/2024 15:03,15:03,3,0,0,W HARVARD AVE & S SHERIDAN BLVD,1,1,0,0,1,1,0,0,40,0,0,0,0,0,2,2,11
,2024-046512,39.77860141,-104.922264,10/23/2024 17:41,17:41,12,0,0,I-70 & N HOLLY ST,1,1,0,0,1,13,0,0,55,0,0,0,0,0,1,2,13
,2024-046513,39.73372185,-104.9986577,10/20/2024 19:59,19:59,6,0,0, SANTA FE DR & W 11TH AVE,1,1,0,0,1,4,0,0,35,0,0,0,0,0,4,2,14
,2024-046514,39.73496631,-104.9986704,10/21/2024 9:20,9:20,6,0,0, SANTA FE DR & W 12TH AVE,1,1,0,0,1,4,0,0,30,0,0,0,0,0,4,3,3
,2024-046515,39.7740069,-104.8470299,10/19/2024 18:27,18:27,12,0,0,I-70 & N PEORIA ST,1,2,0,0,1,4,0,0,,0,0,0,0,0,1,2,1
,2024-046516,39.69209282,-104.9766556,10/15/2024 16:14,16:14,12,0,0,I-25 & S EMERSON ST,1,1,0,0,1,4,0,0,55,0,0,0,0,0,1,2,13
,2024-046519,39.67473997,-104.874043,10/23/2024 16:12,16:12,1,0,0,E ILIFF AVE & S EMPORIA ST,1,1,0,7,1,1,0,0,35,0,0,0,0,0,4,2,3
,2024-046520,39.68756227,-104.9734242,10/23/2024 8:35,8:35,3,0,2,E IOWA AVE & S DOWNING ST,1,1,0,0,1,1,0,0,20,0,0,0,0,2,4,3,11
,2024-046521,39.72892588,-105.0001765,10/24/2024 14:06,14:06,3,0,0,W 8TH AVE & N KALAMATH ST,1,1,0,0,1,1,0,0,30,0,0,0,0,0,4,2,13
,2024-046522,39.77821885,-104.8824927,10/24/2024 20:24,20:24,12,0,0,I-70 WB OFF RAMP & N CENTRAL PARK BLVD,1,3,0,0,1,8,0,0,45,0,0,0,0,0,1,2,10
,2024-046523,39.77634946,-104.9033889,10/19/2024 13:25,13:25,12,0,1, NORTHFIELD QUEBEC ST & I-70,1,1,1,0,1,4,0,0,45,0,0,0,0,1,2,2,7
,2024-046524,39.71105461,-104.8659551,10/24/2024 5:59,5:59,15,0,1, HAVANA ST & E ALAMEDA AVE,1,3,0,0,1,4,0,0,35,0,0,0,0,1,2,2,16
,2024-046525,39.76075727,-105.0118048,10/4/2024 21:00,21:00,6,0,0, UMATILLA ST & W 31ST AVE,1,3,3,0,1,4,0,0,,0,0,0,0,0,4,2,16
,2024-046526,39.7770247,-104.8828816,10/23/2024 22:51,22:51,12,0,0,I-270 & N CENTRAL PARK BLVD,1,3,0,0,1,8,0,0,40,0,0,0,0,0,1,2,3
,2024-046527,39.71819559,-104.9713619,10/23/2024 23:14,23:14,15,0,0,E 1ST AVE & N MARION ST,1,3,0,0,1,4,0,0,35,0,0,0,0,0,4,2,16
,2024-046528,39.70150238,-104.9874935,10/17/2024 14:45,14:45,12,0,1,I-25 & S BROADWAY ST,1,1,0,0,1,4,0,0,55,0,0,0,0,1,1,2,13
,2024-046532,39.744957,-104.9406069,9/8/2024 20:50,20:50,1,0,1, COLORADO BLVD & E 18TH AVE,1,3,0,0,1,1,0,0,35,0,0,0,0,3,2,2,1
,2024-046534,39.76333822,-104.8699264,10/24/2024 8:10,8:10,12,0,0, FLORENCE WY & N FULTON ST,1,1,0,0,1,3,0,0,20,0,0,0,0,0,4,2,11
,2024-046535,39.70416793,-104.9151776,10/21/2024 14:39,14:39,15,0,0,LEETSDALE DR & E EXPOSITION AVE,1,1,0,0,1,3,1,0,45,0,0,0,0,0,2,2,11
,2024-046538,39.65316795,-104.9127013,10/21/2024 7:56,7:56,12,0,0,E HAMPDEN AVE & S MONACO ST PKWY,1,1,0,0,1,3,0,0,40,0,0,0,0,0,2,3,10
,2024-046539,39.78256855,-104.8762539,10/24/2024 8:28,8:28,1,0,0,E NORTHFIELD BLVD & N DALLAS ST,1,1,0,0,1,1,0,0,35,0,0,0,0,0,4,2,13
,2024-046540,39.68930645,-104.9593528,10/21/2024 17:28,17:28,2,0,1,E FLORIDA AVE & S UNIVERSITY BLVD,1,1,0,0,1,1,0,0,30,1,0,0,0,2,4,1,11
,2024-046541,39.71120569,-104.9983912,10/21/2024 6:45,6:45,1,0,0,W ALAMEDA AVE & S KALAMATH ST,1,3,0,0,1,1,0,0,35,0,0,0,0,0,2,2,8
,2024-046542,39.74750792,-104.9151646,10/22/2024 9:30,9:30,5,0,0, LEYDEN ST & E MONTVIEW BLVD,1,1,0,0,1,4,0,0,25,0,0,0,0,0,4,1,14
,2024-046543,39.6289763,-105.0254444,10/4/2024 15:49,15:49,15,0,0, FEDERAL BLVD & W SARATOGA AVE,1,1,0,0,1,4,0,0,,0,0,0,0,0,2,2,16
,2024-046546,39.74005807,-104.9329808,10/3/2024 12:08,12:08,12,0,0,E COLFAX AVE & N DEXTER ST,1,1,0,0,1,4,0,1,30,0,0,0,0,0,2,2,11
,2024-046547,39.77291829,-104.8611034,10/21/2024 10:40,10:40,10,0,0,E 40TH AVE & N JOILET ST,1,1,0,0,1,2,0,0,35,0,0,0,0,0,4,2,16
,2024-046549,39.72541423,-105.0237502,10/7/2024 20:11,20:11,12,0,0,W 6TH AVE & N FEDERAL BLVD,1,4,0,0,1,4,0,0,,0,0,0,0,0,2,2,16
,2024-046550,39.68954771,-105.0532506,10/21/2024 12:00,12:00,12,0,0, SHERIDAN BLVD & W FLORIDA AVE,1,3,0,7,1,3,0,0,40,0,0,0,0,0,2,3,10
,2024-046551,39.7584065,-105.0251337,10/6/2024 18:23,18:23,12,0,0, FEDERAL BLVD & W 29TH AVE,1,1,0,0,1,3,0,0,,0,0,0,0,0,2,4,16
,2024-046552,39.78210046,-104.8197557,10/20/2024 1:32,1:32,6,0,5,E BOLLING DR & N DEARBORN ST,1,3,0,0,2,1,0,0,25,0,0,0,0,3,4,2,1
,2024-046553,39.75923396,-104.9862192,10/23/2024 9:41,9:41,3,0,0,26TH ST & WALNUT ST,1,1,0,0,1,1,0,0,20,0,0,0,0,0,4,2,13
,2024-046554,39.72488601,-105.0158886,10/7/2024 14:20,14:20,15,0,0,W 6TH AVE EB OFF RAMP & I-25 NB,1,1,1,0,1,8,0,0,,0,0,0,0,0,2,2,16
,2024-046558,39.77871194,-104.9221634,10/23/2024 9:53,9:53,15,0,0, HOLLY ST & E 4TH AVE,1,1,0,0,1,3,0,0,20,0,0,0,0,0,4,2,16
,2024-046559,39.75580804,-105.013943,10/22/2024 9:36,9:36,3,0,0, SPEER BLVD & I-25 SB RAMPS,1,1,0,0,1,1,0,0,40,0,0,0,0,0,4,2,13
,2024-046560,39.67107804,-104.9406283,10/22/2024 9:15,9:15,12,0,0, COLORADO BLVD & E DICKENSON PL,1,1,0,0,1,4,0,0,35,0,0,0,0,0,2,2,11
,2024-046561,39.73548953,-105.0217619,10/19/2024 6:02,6:02,6,0,0, DECATUR ST & W HOLDEN PL,1,3,0,0,1,4,0,0,20,0,0,0,0,0,4,2,16
,2024-046562,39.68996519,-104.9734193,9/26/2024 8:30,8:30,12,0,0,I-25 NB & S DOWNING ST,1,1,0,0,1,4,0,0,,0,0,0,0,0,1,2,16
,2024-046564,39.69113564,-104.9405476,10/22/2024 15:00,15:00,15,0,0, COLORADO BLVD & E ARKANSAS AVE,1,1,0,0,1,1,0,0,35,0,0,0,0,0,2,2,11
,2024-046565,39.6676798,-104.9888289,10/22/2024 15:38,15:38,10,0,0,W YALE AVE & S ACOMA ST,1,1,0,0,1,1,0,0,25,0,0,0,0,0,4,2,3
,2024-046566,39.73663296,-105.053216,8/10/2024 16:32,16:32,12,0,0, SHERIDAN BLVD & W 13TH AVE,1,1,0,0,1,4,0,0,35,0,0,0,0,0,2,2,16
,2024-046567,39.77910109,-104.9891566,10/23/2024 17:29,17:29,12,0,0,I-25 & I-70,14,5,3,7,1,4,0,0,55,0,0,0,0,0,4,3,13
,2024-046568,39.72861438,-104.9894807,10/24/2024 11:00,11:00,3,0,0, BANNOCK ST & N SPEER BLVD,1,1,0,0,1,1,0,0,35,0,0,0,0,0,4,2,3
,2024-046569,39.73242411,-104.978683,10/22/2024 20:50,20:50,12,0,0, WASHINGTON ST & E 10TH AVE,1,3,0,0,1,4,0,0,20,0,0,0,0,0,4,2,16
,2024-046570,39.74020559,-105.0052347,10/23/2024 13:00,13:00,1,0,1,W COLFAX AVE & 7TH ST,1,1,1,0,1,1,0,0,30,0,0,0,0,1,2,2,1
,2024-046571,39.751323,-105.0165225,10/21/2024 16:42,16:42,15,0,0,I-25 & W 17TH AVE,1,1,0,0,1,4,0,0,55,0,0,0,0,0,1,2,16
,2024-046572,39.7209319,-104.982613,10/10/2024 15:55,15:55,3,0,0,E 3RD AVE & N LOGAN ST,1,1,0,0,1,1,0,0,25,0,0,0,0,0,4,4,3
,2024-046573,39.72253459,-104.9985778,10/23/2024 16:35,16:35,3,0,1,W 4TH AVE & N SANTA FE DR,1,1,0,0,1,1,0,0,25,0,0,0,0,1,4,2,11
,2024-046574,39.71311429,-104.912905,10/23/2024 12:55,12:55,15,0,0, MONACO ST PKWY & E CEDAR AVE,1,1,0,0,1,1,0,0,30,0,0,0,0,0,4,2,3
,2024-046575,39.72557487,-104.9327154,10/21/2024 10:40,10:40,3,0,0, DEXTER ST & E 6TH AVE,1,1,3,0,1,1,0,0,25,0,0,0,0,0,4,2,11
,2024-046576,39.7983393,-104.8501509,10/24/2024 14:46,14:46,1,0,0,E 56TH AVE & N OSWEGO ST,1,1,0,1,1,2,0,0,40,0,0,0,0,0,4,2,13
,2024-046578,39.78173463,-104.7344746,10/22/2024 20:35,20:35,3,0,0, PICADILLY RD & E GREEN VALLEY RANCH BLVD,1,3,0,0,1,1,0,0,45,0,0,0,0,0,4,2,16
,2024-046579,39.77406688,-104.8477231,10/19/2024 21:39,21:39,15,0,0,I-70 & N PEORIA ST,1,4,0,0,1,4,0,0,55,0,0,0,0,0,1,3,1
,2024-046580,39.76887463,-104.9938137,10/22/2024 15:52,15:52,15,0,0,I-25 & PARK AVE W,1,1,0,0,1,4,0,0,55,0,0,0,0,0,1,2,13
,2024-046581,39.66763324,-104.9128742,9/14/2024 23:20,23:20,1,1,2,E YALE AVE & S MONACO ST,1,3,0,0,1,1,0,0,30,0,0,0,0,4,4,2,16
,2024-046582,39.78238619,-104.847996,10/23/2024 12:30,12:30,3,0,0,E 47TH AVE & N PARIS ST,1,1,0,0,1,2,0,0,35,0,0,0,0,0,4,2,13
,2024-046583,39.7644381,-104.9499098,10/22/2024 13:40,13:40,15,0,0, STEELE ST & E BRUCE RANDOLPH AVE,1,1,0,0,1,3,0,0,25,0,0,0,0,0,4,2,11
,2024-046584,39.68278895,-104.9594252,10/23/2024 1:09,1:09,12,0,2, UNIVERSITY BLVD & E BUCHTEL BLVD,1,3,0,0,1,1,0,0,30,0,0,0,0,2,4,2,16
,2024-046586,39.78065839,-104.9417199,10/23/2024 14:38,14:38,15,0,0,I-70 WB ON RAMP & N COLORADO BLVD,1,1,0,0,1,8,0,0,30,0,0,0,0,0,1,2,11
,2024-046587,39.72953279,-105.0148926,9/27/2024 7:47,7:47,15,0,0,I-25 NB & W 8TH AVE,1,1,0,0,1,4,0,0,55,0,0,0,0,0,1,2,16
,2024-046588,39.67846359,-104.9128117,10/9/2024 13:45,13:45,15,0,0,E EVANS AVE & S MONACO ST PKWY,1,1,0,0,1,1,0,0,,0,0,0,0,0,4,2,16
,2024-046589,39.7675074,-104.9008062,10/21/2024 9:45,9:45,3,0,0, ROSLYN ST & E 36TH AVE,1,1,0,0,1,2,0,0,20,0,0,0,0,0,4,2,11
,2024-046590,39.78026165,-104.9895512,7/31/2024 10:00,10:00,15,0,0,I-25 SB & I-70 WB,1,1,1,0,1,4,0,0,,0,0,0,0,0,1,2,16
,2024-046591,39.72563497,-104.9034001,10/23/2024 8:24,8:24,1,0,2,E 6TH AVE & N QUEBEC ST,1,1,1,0,1,1,0,0,30,0,0,0,0,2,4,2,11
,2024-046592,39.6386749,-105.088176,10/16/2024 16:08,16:08,16,0,0,8100 W QUINCY AVE & S AMMONS ST,1,3,0,0,5,7,0,0,10,0,0,0,0,0,3,1,11
,2024-046593,39.73309465,-105.0532215,10/23/2024 15:20,15:20,15,0,0, SHERIDAN BLVD & W 10TH AVE,1,1,0,0,1,4,0,0,35,0,0,0,0,0,2,2,11
,2024-046594,39.71483504,-104.9407886,10/22/2024 7:44,7:44,12,0,0, COLORADO BLVD & E BAYAUD AVE,1,1,0,0,1,3,0,0,35,0,0,0,0,0,2,2,14
,2024-046595,39.83797771,-104.6929074,10/22/2024 12:04,12:04,10,0,0,E 78TH AVE & JACKSON GAP ST,1,1,0,0,1,1,0,0,45,0,0,0,0,0,4,2,11
,2024-046596,39.67846394,-104.9138119,10/22/2024 7:14,7:14,3,0,0,E EVANS AVE & S MONACO ST PKWY,1,1,0,0,1,2,0,0,35,0,0,0,0,0,4,2,11
,2024-046597,39.79834643,-104.7792616,10/21/2024 7:45,7:45,3,0,1,E 56TH AVE & N TOWER RD,1,1,0,0,1,2,0,0,40,0,0,0,0,2,4,2,11
,2024-046598,39.69666127,-104.9918826,10/21/2024 7:17,7:17,1,0,0,W MISSISSIPPI AVE & S SANTA FE DR,1,1,0,0,1,1,0,0,30,0,0,0,0,0,2,2,3
,2024-046599,39.73998032,-104.9602619,10/22/2024 15:40,15:40,3,0,0,E COLFAX AVE & N YORK ST,1,1,0,0,1,9,0,0,30,0,0,0,0,0,2,2,13
,2024-046602,39.75361369,-105.0208179,9/26/2024 18:00,18:00,6,0,0,W 25TH AVE & N CLAY ST,1,1,0,0,1,4,0,0,,0,0,0,0,0,4,2,16
,2024-046603,39.74089427,-104.992527,10/4/2024 20:03,20:03,16,0,0,1332 TREMONT ST,1,5,0,7,5,7,0,0,,0,0,0,0,0,3,2,16
,2024-046604,39.7617374,-104.8925467,9/22/2024 18:53,18:53,3,0,1,E 32ND AVE & N UINTA ST,1,3,0,0,1,1,0,0,,0,0,0,0,2,4,2,16
,2024-046605,39.70530625,-104.9954119,9/23/2024 9:47,9:47,5,0,0,I-25 SB OFF RAMP GORE PT & S SANTA FE DR EXIT RAMP,1,1,1,0,6,8,0,0,55,0,0,0,0,0,1,1,1
,2024-046607,39.78028889,-104.9660521,10/22/2024 13:13,13:13,12,0,0,I-70 & N BRIGHTON BLVD,1,1,0,0,1,4,0,0,55,0,0,0,0,0,1,2,7
,2024-046608,39.73847232,-105.0393112,10/6/2024 22:55,22:55,3,0,1,W 14TH AVE & N PERRY ST,1,3,0,0,1,1,0,0,25,0,0,0,1,2,4,2,3
,2024-046609,39.71439388,-105.0008262,10/17/2024 7:52,7:52,12,0,0,I-25 NB ON RAMP FROM W CEDAR AVE & ON RAMP MERGE PT,1,1,0,0,1,8,0,0,55,0,0,0,0,0,1,2,1
,2024-046610,39.75845444,-105.0081405,10/15/2024 16:53,16:53,12,0,0,I-25 & W 17TH AVE,1,1,1,0,1,4,0,0,55,0,0,0,0,0,1,2,13
,2024-046611,39.72568015,-105.0021373,10/22/2024 6:04,6:04,15,0,0,W 6TH AVE & N KALAMATH ST,1,2,0,0,1,4,0,0,45,0,0,0,0,0,4,2,7
,2024-046612,39.75014602,-104.9962084,10/21/2024 15:30,15:30,3,0,0,17TH ST & LARIMER ST,1,1,0,0,1,1,0,0,25,0,0,0,0,0,4,4,11
,2024-046613,39.65302609,-104.9129217,10/22/2024 12:30,12:30,15,0,0,E HAMPDEN AVE & S MONACO ST PKWY,1,1,0,0,1,1,0,0,,0,0,0,0,0,2,2,16
,2024-046614,39.76073935,-104.964722,10/21/2024 20:22,20:22,15,0,0,E 31ST AVE & N HIGH ST,1,4,0,0,1,1,0,0,,0,0,0,0,0,4,2,16
,2024-046615,39.77438543,-104.8514051,10/23/2024 18:54,18:54,12,0,1,I-70 & EB OFF RAMP EXT TO N PEORIA ST,1,3,0,0,1,4,0,0,55,0,0,0,0,2,2,2,13
,2024-046616,39.76928924,-105.0064586,10/24/2024 20:33,20:33,11,0,1, PECOS ST & W 38TH AVE,1,4,0,0,1,1,0,0,20,0,1,0,0,1,4,1,11
,2024-046617,39.7165057,-104.9862479,10/22/2024 15:44,15:44,15,0,0, LINCOLN ST & E ELLSWORTH AVE,1,1,0,0,1,3,0,0,35,0,0,0,0,0,4,2,11
,2024-046618,39.75239467,-104.9846119,10/21/2024 12:34,12:34,11,0,1,STOUT ST & PARK AVE W,1,1,0,0,1,1,0,0,30,0,1,0,0,2,4,1,11
,2024-046619,39.72560809,-104.9445881,9/30/2024 12:20,12:20,3,1,0,E 6TH AVE & N GARFIELD ST,1,1,0,0,1,9,0,0,30,0,0,0,1,4,4,2,1
,2024-046620,39.77696912,-104.8855073,10/19/2024 19:08,19:08,12,0,0,I-270 & MM 5.5,1,3,3,0,1,4,0,0,55,0,0,0,0,0,2,2,1
,2024-046621,39.74057866,-105.013971,9/26/2024 19:49,19:49,15,0,0,I-25 NB & E COLFAX AVE,1,1,0,0,1,4,0,0,60,0,0,0,0,0,1,2,3
,2024-046622,39.77989407,-104.9670357,10/15/2024 14:44,14:44,12,0,0,I-70 & BRIGHTON BLVD,1,1,0,0,1,4,0,0,,0,0,0,0,0,1,2,16
,2024-046623,39.78050716,-104.9671027,9/28/2024 22:50,22:50,15,0,0,I-70 WB OFF RAMP & N BRIGHTON BLVD,1,3,0,0,1,1,0,0,35,0,0,0,0,0,2,2,16
,2024-046624,39.71120573,-104.9983913,9/20/2024 18:40,18:40,3,0,1, KALAMATH ST & E ALAMEDA AVE,1,1,0,0,1,1,0,0,35,0,0,0,0,1,2,2,16
,2024-046626,39.7692469,-104.9732735,10/22/2024 13:35,13:35,15,0,0,WALNUT ST & N DOWNING ST,1,1,0,0,1,4,0,0,25,0,0,0,0,0,4,2,16
,2024-046627,39.7575929,-105.0107577,10/22/2024 16:50,16:50,12,0,0,15TH ST & CENTRAL ST,1,1,1,0,1,4,0,0,15,0,0,0,1,0,4,2,3
,2024-046628,39.800575,-104.8753903,10/23/2024 8:03,8:03,2,0,1,E 57TH AVE & N DALLAS ST,1,1,0,0,1,1,0,0,20,1,0,0,0,1,4,1,13
,2024-046629,39.78307134,-104.7560815,10/11/2024 19:50,19:50,15,0,0,E GREEN VALLEY RANCH BLVD & HIMALAYA WY,1,3,0,0,1,4,0,0,35,0,0,0,0,0,4,3,14
,2024-046631,39.67339669,-105.0229629,10/17/2024 12:57,12:57,12,0,0,W WESLEY AVE & S DECATUR ST,1,1,0,0,1,4,0,0,25,0,0,0,0,0,4,2,13
,2024-046632,39.72565709,-105.0532292,10/16/2024 7:00,7:00,5,0,0,W 6TH AVE & N SHERIDAN BLVD,1,2,0,0,3,1,0,0,55,0,0,0,0,0,2,1,1
,2024-046633,39.69164961,-104.9968628,10/23/2024 13:37,13:37,8,0,2, PLATTE RIVER DR & S HURON ST,1,1,0,0,1,4,0,0,35,0,0,0,0,2,4,2,8
,2024-046634,39.74014046,-104.9969489,10/20/2024 15:55,15:55,15,0,0,W COLFAX AVE & WELTON ST,1,1,0,0,1,1,0,0,30,0,0,0,0,0,2,2,13
,2024-046635,39.72580856,-105.0532342,10/16/2024 5:50,5:50,5,0,1,W 6TH AVE & N SHERIDAN BLVD,1,2,0,0,3,1,0,0,55,0,0,0,0,1,2,1,1
,2024-046636,39.77913824,-104.9792023,10/24/2024 12:18,12:18,1,0,0, WASHINGTON ST & I-70 EB RAMPS,1,1,0,0,1,1,0,0,35,0,0,0,0,0,4,2,7
,2024-046637,39.73972635,-104.9861353,10/5/2024 15:57,15:57,12,0,0, LINCOLN ST & E COLFAX AVE,1,1,0,0,1,4,0,0,,0,0,0,0,0,4,2,16
,2024-046638,39.67849609,-104.9695641,10/3/2024 8:37,8:37,12,0,1,E EVANS AVE & S FRANKLIN ST,1,1,0,0,1,4,0,0,35,0,0,0,0,1,4,2,16
,2024-046639,39.7417455,-104.9567127,8/29/2024 15:05,15:05,6,0,0, CITY PARK ESPLANADE ST & COLFAX AVE,1,1,0,0,1,4,0,0,25,0,0,0,0,0,4,2,16
,2024-046642,39.76706458,-105.0112017,10/23/2024 14:48,14:48,1,0,0, TEJON ST & W 36TH AVE,1,1,0,0,1,2,0,0,30,0,0,0,0,0,4,2,8
,2024-046643,39.74824287,-104.9864691,10/23/2024 12:43,12:43,10,0,0,20TH ST & WELTON ST,1,1,0,0,1,1,0,0,20,0,0,0,0,0,4,2,16
,2024-046645,39.76573605,-104.9948621,10/20/2024 21:19,21:19,12,0,0,PARK AVE & GLOBEVILLE RD,1,3,0,0,1,4,0,0,35,0,0,0,0,0,4,3,16
,2024-046646,39.68085973,-104.9875707,10/7/2024 23:30,23:30,15,0,2, BROADWAY ST & ASBURY AVE,1,3,0,0,1,4,0,0,35,0,0,0,0,1,4,3,16
,2024-046651,39.69674956,-105.0250716,10/20/2024 11:50,11:50,12,0,1, FEDERAL BLVD & W MISSISSIPPI AVE,1,1,0,0,1,4,0,0,35,0,0,0,0,1,2,4,10
,2024-046652,39.77872122,-104.9222934,10/22/2024 12:15,12:15,12,0,0,E 45TH AVE & N HOLLY ST,1,1,1,0,1,3,0,0,25,0,0,0,0,0,4,2,11
,2024-046653,39.78552733,-104.8996376,9/22/2024 3:03,3:03,5,0,0,E NORTHFIELD BLVD & QUEBEC ST,11,3,0,1,4,1,0,0,40,0,0,0,0,0,2,1,16
,2024-046654,39.68226308,-105.0262138,10/24/2024 8:30,8:30,3,0,0, GROVE ST & W JEWELL AVE,1,1,0,0,1,1,0,0,25,0,0,0,0,0,4,2,4
,2024-046655,39.71659151,-104.9908549,10/24/2024 13:44,13:44,12,0,0, BANNOCK ST & W ELLSWORTH AVE,1,1,0,0,1,4,0,0,25,0,0,0,0,0,4,2,16
,2024-046656,39.68227438,-105.0572651,10/22/2024 7:14,7:14,3,0,0,W JEWELL AVE & S DEPEW ST,1,1,0,0,1,1,0,0,40,0,0,0,0,0,4,2,13
,2024-046658,39.7026837,-105.001533,10/21/2024 2:44,2:44,6,0,2,730  LIPAN ST & W OHIO AVE,1,3,0,0,1,4,0,0,30,0,0,0,0,1,4,2,14
,2024-046659,39.78007542,-104.9414346,10/21/2024 5:32,5:32,12,0,0,I-70 & N COLORADO BLVD,1,3,0,0,1,4,0,0,55,0,0,0,0,0,1,2,13
,2024-046660,39.78363941,-104.7898894,10/19/2024 14:05,14:05,1,0,1,E GREEN VALLEY RANCH BLVD & PENA BLVD IB RAMPS,1,1,0,0,1,1,0,1,40,0,0,0,0,1,4,2,11
,2024-046661,39.74905742,-105.0251636,10/23/2024 16:15,16:15,12,0,0, FEDERAL BLVD & W 21ST AVE,1,1,0,0,1,4,0,0,30,0,0,0,0,0,2,2,13
,2024-046662,39.78033616,-104.9413699,10/22/2024 5:07,5:07,5,0,1,I-70 & N COLORADO BLVD,1,3,0,0,2,4,0,0,55,0,0,0,0,2,1,1,2
,2024-046663,39.76093915,-104.9448428,10/19/2024 21:45,21:45,6,0,0,E 31ST AVE & N MONROE ST,1,3,0,0,1,4,0,0,30,0,0,0,0,0,4,2,16
,2024-046667,39.72560156,-104.9410296,10/15/2024 12:49,12:49,12,0,0,E 6TH AVE & S COLORADO BLVD,1,1,0,0,1,3,0,0,30,0,0,0,0,0,4,3,16
,2024-046668,39.72470117,-105.0124775,10/18/2024 11:26,11:26,12,0,0,I-25 & W 6TH AVE,1,1,0,0,1,4,0,0,55,0,0,0,0,0,1,4,7
,2024-046669,39.74106966,-104.9994145,10/18/2024 14:35,14:35,15,0,0, SPEER BLVD & STOUT ST,1,1,0,0,1,3,0,0,30,0,0,0,0,0,4,2,8
,2024-046670,39.72349234,-105.025023,10/24/2024 12:41,12:41,12,0,1,W 5TH AVE & N FEDERAL BLVD,1,1,0,0,1,3,0,0,25,0,0,0,0,1,4,2,3
,2024-046671,39.73682847,-104.9679066,10/22/2024 11:03,11:03,3,0,0,E 13TH AVE & N FRANKLIN ST,1,1,0,0,1,9,0,0,30,0,0,0,0,0,4,2,11
,2024-046672,39.72372001,-104.922805,10/6/2024 21:20,21:20,6,0,0, HOLLY ST & E 4TH AVE,1,4,0,0,1,4,0,0,25,0,0,0,0,0,4,2,16
,2024-046673,39.77944869,-104.9771973,10/22/2024 6:45,6:45,12,0,0,I-70 & N WASHINGTON ST,1,2,1,0,1,4,0,0,55,0,0,0,0,0,1,2,11
,2024-046674,39.71053082,-104.9984959,10/23/2024 16:32,16:32,15,0,1,I-25 & W ALAMEDA AVE,1,1,0,0,1,4,0,0,55,0,0,0,1,2,1,3,13
,2024-046675,39.78384248,-105.0061682,10/24/2024 8:04,8:04,12,0,0,W 48TH AVE & N PECOS ST,1,1,0,0,1,6,0,0,25,0,0,0,0,0,1,2,16
,2024-046676,39.67846472,-104.9316166,10/23/2024 15:40,15:40,1,0,0,E EVANS AVE & S DAHLIA ST,1,1,0,0,1,1,0,0,30,0,0,0,0,0,4,2,3
,2024-046677,39.78099034,-104.8470163,10/22/2024 6:31,6:31,15,0,0, PEORIA ST & E 46TH AVE,1,1,0,0,1,4,0,0,35,0,0,0,0,0,4,2,13
,2024-046679,39.84928164,-104.6726895,9/20/2024 23:30,23:30,16,0,0,8400 PENA BLVD,1,3,0,0,5,7,0,0,,0,0,0,0,0,3,2,13
,2024-046680,39.68033373,-104.9734165,10/23/2024 17:07,17:07,11,0,1,E ASBURY AVE & S DOWNING ST,1,1,0,0,1,1,0,0,20,0,1,0,0,1,4,1,13
,2024-046686,39.77049775,-104.9948623,10/24/2024 12:03,12:03,3,0,0, FOX ST & W 39TH AVE,1,1,0,0,1,1,0,0,35,0,0,0,0,0,4,2,11
,2024-046687,39.77262257,-104.8297807,10/9/2024 22:08,22:08,5,0,0,I-70 WB ON RAMP FROM -225,1,3,1,0,3,8,0,0,40,0,0,0,0,0,2,1,13
,2024-046688,39.7265843,-104.9861729,10/23/2024 14:35,14:35,15,0,0, LINCOLN ST & E SPEER BLVD,1,1,0,0,1,1,0,0,30,0,0,0,0,0,4,2,3
,2024-046689,39.65606445,-104.919604,10/7/2024 8:43,8:43,12,0,2,I-25 & E HAMPDEN AVE,11,1,1,0,1,4,0,0,55,0,0,0,0,1,1,5,1