id,drcog_id,latitude,longitude,crashtime,time,crashtype,numbkilled,numbinjurd,drcoglocat,rdconditin,lightngcon,roadcntgrd,weatherco,location,roaddescrp,schoolzone,constrzone,splimit,bikeinv,pedinv,sctrinv,motoinv,svrty,rdsystem,ttlvehcls,hcf
,2024-046690,39.78380716,-105.0013899,10/22/2024 15:47,15:47,12,0,1,W 48TH AVE & N KALAMATH ST,1,1,0,0,1,4,0,0,30,0,0,0,0,1,4,2,13
,2024-046691,39.67340884,-105.0156923,10/17/2024 10:15,10:15,3,0,0,W WESLEY AVE & S ZUNI ST,1,1,0,0,1,1,0,0,25,0,0,0,0,0,4,2,11
,2024-046692,39.72580725,-104.9729181,8/5/2024 18:00,18:00,6,0,0, DOWNING ST & E 6TH AVE,1,1,1,0,1,4,0,0,,0,0,0,0,0,4,3,16
,2024-046693,39.69302047,-104.9874684,10/23/2024 20:10,20:10,1,0,0,E LOUISIANA AVE & S BROADWAY ST,1,3,0,0,1,1,0,0,25,0,0,0,0,0,4,2,11
,2024-046694,39.7170345,-104.9128514,10/22/2024 15:59,15:59,12,0,0, MONACO ST PKWY & E 1ST AVE,1,1,0,0,1,4,0,0,30,0,0,0,0,0,4,3,1
,2024-046695,39.71119469,-104.9988902,10/4/2024 14:17,14:17,15,0,0,I-25 NB & W ALAMEDA AVE,1,1,0,0,1,4,0,0,55,0,0,0,0,0,1,2,13
,2024-046697,39.78950631,-104.7721425,10/15/2024 5:07,5:07,10,0,0, TOWER RD & E 51ST AVE,2,3,0,0,1,1,0,0,40,0,0,0,0,0,4,2,1
,2024-046699,39.74482763,-104.9721247,10/22/2024 15:45,15:45,3,0,1, MARION ST & E 18TH AVE,1,1,0,0,1,1,0,0,35,0,0,0,0,1,4,2,11
,2024-046700,39.78232495,-104.882815,9/21/2024 13:30,13:30,3,0,0, CENTRAL PARK BLVD & E 47TH AVE,1,1,0,0,1,1,0,0,,0,0,0,0,0,4,2,16
,2024-046701,39.71833696,-104.9826109,10/23/2024 9:15,9:15,12,0,0, LOGAN ST & E 1ST AVE,1,1,0,0,1,1,0,0,30,0,0,0,0,0,4,2,3
,2024-046702,39.67141142,-104.9734641,10/23/2024 8:19,8:19,12,0,0, DOWNING ST & E HARVARD AVE,1,1,0,0,1,4,0,0,30,0,0,0,0,0,4,2,16
,2024-046703,39.73678582,-105.0140856,10/23/2024 6:30,6:30,12,0,1,I-25 & W COLFAX AVE,1,3,0,0,1,4,0,0,55,0,0,0,0,1,1,2,1
,2024-046704,39.71106971,-105.0328662,10/22/2024 11:46,11:46,3,0,1,MORRISON RD & W ALAMEDA AVE,1,1,0,0,1,1,0,0,30,0,0,0,0,1,2,2,8
,2024-046705,39.83304416,-104.7733294,10/21/2024 14:41,14:41,12,0,0,PENA BLVD OB & TOWER RD,1,1,0,0,1,4,0,0,65,0,0,0,0,0,2,2,11
,2024-046706,39.73688145,-104.9795504,10/20/2024 17:18,17:18,6,0,1,613 E 13TH AVE & N PEARL ST,1,2,0,0,1,4,0,0,30,0,0,0,0,2,4,3,10
,2024-046709,39.7805144,-104.9668046,10/19/2024 9:56,9:56,3,0,0, BRIGHTON BLVD & I-70 WB OFF RAMP,1,1,0,0,1,1,0,0,35,0,0,0,0,0,2,2,11
,2024-046710,39.64859073,-105.0538925,10/9/2024 18:07,18:07,6,0,0, AMES ST & S BENTON WY,1,1,0,0,1,4,0,0,,0,0,0,0,0,4,2,16
,2024-046711,39.65431684,-104.9405416,10/23/2024 9:14,9:14,12,0,0, COLORADO BLVD & E HAMPDEN AVE,1,1,0,0,1,4,0,0,40,0,0,0,0,0,2,2,3
,2024-046714,39.72529337,-105.0129248,10/23/2024 6:59,6:59,12,0,0,I-25 & W 6TH AVE,1,1,0,0,1,4,0,0,60,0,0,0,0,0,2,3,13
,2024-046715,39.7411957,-104.9994881,10/21/2024 18:41,18:41,3,0,0,STOUT ST & N SPEER BLVD,1,3,0,0,1,1,0,0,35,0,0,0,0,0,4,2,13
,2024-046716,39.78021337,-105.0509216,10/21/2024 17:50,17:50,3,0,0, YATES ST & W 46TH AVE,1,1,0,0,1,1,0,0,20,0,0,0,1,0,4,2,11
,2024-046718,39.72648562,-105.0139513,10/23/2024 13:28,13:28,15,0,0,I-25 & W 6TH AVE,1,1,0,0,1,4,0,0,55,0,0,0,0,0,1,2,13
,2024-046719,39.77838785,-105.0532594,10/23/2024 10:25,10:25,15,0,0, SHERIDAN BLVD & W 45TH AVE,1,1,0,0,1,1,0,0,35,0,0,0,0,0,2,2,13
,2024-046720,39.70321509,-104.9909798,10/22/2024 20:54,20:54,12,0,0,I-25 & SB OFF RAMP EXT TO S BROADWAY ST,1,3,0,0,1,4,0,0,60,0,0,0,0,0,1,2,13
,2024-046721,39.72542258,-105.0290701,10/23/2024 6:49,6:49,12,0,2,W 6TH AVE & N FEDERAL BLVD,1,3,1,0,1,4,0,0,55,0,0,0,0,1,2,4,1
,2024-046722,39.75769454,-104.998507,10/13/2024 3:09,3:09,5,1,0,20TH ST (1900 BLK) CHESTNUT PL,1,3,2,0,3,1,0,1,35,0,0,0,1,4,4,1,1
,2024-046723,39.77953005,-104.9828673,10/23/2024 4:00,4:00,9,0,1,I-70 EB OFF RAMP & N WASHINGTON ST,1,4,0,0,1,8,0,0,55,0,0,0,0,2,2,2,14
,2024-046728,39.76321292,-104.9909923,10/20/2024 13:35,13:35,4,0,0,DENARGO ST & DELGANY ST,1,1,0,0,1,1,0,0,20,0,0,0,0,0,4,1,11
,2024-046729,39.68792574,-104.9691193,10/18/2024 15:10,15:10,12,0,0,I-25 & S FRANKLIN ST,1,1,0,0,1,4,0,0,60,0,0,0,0,0,1,2,7
,2024-046730,39.72871574,-105.0145985,10/22/2024 12:59,12:59,12,0,0,I-25 & W 8TH AVE,1,1,0,0,1,4,0,0,55,0,0,0,0,0,1,2,13
,2024-046731,39.67432887,-105.0532631,10/22/2024 15:38,15:38,12,0,0, SHERIDAN BLVD & W HARVARD AVE,1,1,0,0,1,4,0,0,35,0,0,0,0,0,2,2,2
,2024-046733,39.63866407,-104.9040084,10/22/2024 16:25,16:25,1,0,2, QUEBEC ST & E QUINCY AVE,1,1,0,0,1,1,0,0,35,0,0,0,0,2,4,3,16
,2024-046739,39.73687011,-104.9763409,10/4/2024 23:30,23:30,6,0,0,E 13TH AVE & N EMERSON ST,1,4,0,0,1,4,0,0,,0,0,0,0,0,4,4,16
,2024-046740,39.62899576,-104.9044495,10/23/2024 19:01,19:01,15,0,0,I-25 & E UNION AVE,1,3,0,0,1,4,0,0,65,0,0,0,0,0,1,2,13
,2024-046741,39.68207086,-104.9875689,10/20/2024 22:55,22:55,5,0,0, BROADWAY & E JEWELL AVE,1,4,0,0,3,9,0,0,25,0,0,0,0,0,4,1,1
,2024-046742,39.70656419,-105.0458504,10/20/2024 5:08,5:08,6,0,0,W CUSTER PL & S UTICA ST,1,1,1,0,1,4,0,0,20,0,0,0,0,0,4,3,16
,2024-046743,39.72567437,-104.9930202,10/22/2024 12:39,12:39,15,0,0,W 6TH AVE & N DELAWARE ST,1,1,0,0,1,4,0,0,30,0,0,0,0,0,4,2,11
,2024-046744,39.73204454,-104.9846301,8/6/2024 7:30,7:30,6,0,0,E 10TH AVE & N SHERMAN ST,1,4,0,0,1,4,0,0,,0,0,0,0,0,4,2,16
,2024-046745,39.71128381,-104.9034949,10/10/2024 12:15,12:15,12,0,0, QUEBEC ST & E ALAMEDA AVE,1,1,0,0,1,1,0,0,,0,0,0,0,0,4,2,16
,2024-046746,39.83201674,-104.7154712,10/21/2024 19:33,19:33,1,0,0,GUN CLUB RD & PENA BLVD IN RAMPS,1,3,1,0,1,1,0,0,25,0,0,0,0,0,4,2,14
,2024-046747,39.78050083,-104.959355,10/23/2024 12:40,12:40,12,0,0,I-70 & N YORK ST,1,1,0,0,1,4,0,0,55,0,0,0,0,0,1,2,7
,2024-046748,39.69298345,-104.9839731,9/29/2024 2:15,2:15,6,0,0, GRANT ST & E LOUISIANA AVE,1,3,0,0,1,4,0,0,25,0,0,0,0,0,4,2,16
,2024-046749,39.77290604,-104.9498249,9/6/2024 16:26,16:26,3,0,1, STEELE ST & E 40TH AVE,1,1,0,0,1,1,0,0,35,0,0,0,0,1,4,2,11
,2024-046750,39.76901576,-104.8609285,8/17/2024 7:28,7:28,6,0,0,E 37TH AVE & N JOLIET ST,1,1,0,0,6,4,0,0,25,0,0,0,0,0,4,2,16
,2024-046751,39.77713078,-104.882844,10/22/2024 17:00,17:00,12,0,0,I-70 & N CENTRAL PARK BLVD,1,1,0,0,1,4,0,0,55,0,0,0,0,0,1,4,7
,2024-046752,39.74379558,-104.8963847,10/22/2024 20:49,20:49,3,0,1, TRENTON ST & E 17TH AVE,1,3,0,0,1,1,0,0,30,0,0,0,0,2,4,2,13
,2024-046754,39.74020559,-105.0052347,10/21/2024 20:18,20:18,1,0,0,W COLFAX AVE & 7TH ST,1,3,0,0,1,1,0,0,30,0,0,0,0,0,2,2,11
,2024-046755,39.74395054,-105.0253675,10/24/2024 19:11,19:11,8,0,0,W 17TH AVE & N FEDERAL BLVD,1,3,0,0,6,3,0,0,20,0,0,0,0,0,2,3,3
,2024-046756,39.75563992,-105.0124062,10/22/2024 14:26,14:26,12,0,1,I-25 & N SPEER BLVD,1,1,0,0,1,4,0,0,55,0,0,0,0,1,1,2,3
,2024-046757,39.68768653,-105.0250411,10/20/2024 9:07,9:07,12,0,1, FEDERAL BLVD & W IOWA AVE,1,1,1,0,1,4,0,0,40,0,0,0,0,1,2,2,13
,2024-046759,39.63323752,-104.9063409,8/6/2024 14:47,14:47,12,0,1,I-25 NB  & I-225 SB,1,1,0,0,1,4,0,0,,0,0,0,0,2,1,2,16
,2024-046760,39.76928806,-105.0112025,10/24/2024 7:54,7:54,3,0,0,W 38TH AVE & N TEJON ST,1,1,0,0,1,1,0,0,30,0,0,0,0,0,4,2,11
,2024-046761,39.74004921,-105.0000595,10/21/2024 14:47,14:47,3,0,0,W COLFAX AVE & N KALAMATH ST,1,1,0,0,1,1,0,0,35,0,0,0,0,0,2,2,3
,2024-046762,39.75629397,-104.9865206,8/24/2024 1:10,1:10,6,0,0,LAWRENCE ST & 24TH ST,1,3,0,0,1,4,1,0,25,0,0,0,0,0,4,3,13
,2024-046763,39.75616649,-104.9919111,9/22/2024 1:18,1:18,15,0,0,BLAKE ST & 22ND ST,11,3,0,1,1,1,0,0,,0,0,0,0,0,4,2,3
,2024-046764,39.73685123,-104.9872912,10/19/2024 10:17,10:17,12,0,0,E 13TH AVE & N BROADWAY ST,1,1,3,0,1,4,0,0,30,0,0,0,0,0,4,2,3
,2024-046765,39.7400792,-104.9011442,10/20/2024 23:45,23:45,1,0,0, ROSLYN ST & E COLFAX AVE,1,3,0,0,1,1,0,0,,0,0,0,0,0,2,2,16
,2024-046767,39.74515625,-105.0176286,10/22/2024 7:59,7:59,15,0,1,I-25 & MM 210.7,1,1,1,0,1,4,0,0,55,0,0,0,0,1,1,3,1
,2024-046768,39.71335533,-105.0324599,10/20/2024 9:36,9:36,12,0,0, KNOX CT & W CEDAR AVE,1,1,0,0,1,3,0,0,20,0,0,0,0,0,4,2,16
,2024-046769,39.71120975,-104.9992032,10/18/2024 13:10,13:10,11,0,2,W ALAMEDA AVE & I-25,1,1,0,0,1,1,0,0,0,0,1,1,0,1,2,1,16
,2024-046770,39.67482835,-104.9453548,10/22/2024 16:45,16:45,3,0,0, MONROE ST & E ILIFF AVE,1,1,0,0,1,1,0,0,25,0,0,0,0,0,4,2,3
,2024-046771,39.7102437,-105.0040527,10/20/2024 21:10,21:10,5,0,1,1354 W NEVADA PL & S NAVAJO ST,1,4,0,0,2,4,0,0,25,0,0,0,0,1,4,1,16
,2024-046772,39.78532768,-104.8988344,10/24/2024 19:08,19:08,15,0,0,QUEBEC ST NB OFF RAMP & E 49TH AVE,1,3,0,0,1,8,0,0,35,0,0,0,0,0,2,2,10
,2024-046774,39.66027563,-104.8662956,10/24/2024 7:49,7:49,12,0,0, HAVANA ST & E DARTMOUTH AVE,1,1,0,0,1,4,0,0,35,0,0,0,0,0,2,2,16
,2024-046775,39.70599465,-105.053261,10/23/2024 12:00,12:00,12,0,0,500  SHERIDAN BLVD,1,1,0,0,1,1,0,0,35,0,0,0,0,0,2,3,13
,2024-046776,39.78057987,-104.9407523,10/23/2024 19:45,19:45,1,0,2,COLORADO BLVD & I-70 WB RAMPS,1,3,0,0,1,1,0,0,35,0,0,0,0,2,2,2,1
,2024-046777,39.78364087,-105.0061065,10/24/2024 12:27,12:27,3,0,1,I-70 WB OFF RAMP & N PECOS ST,1,1,0,0,1,6,0,0,20,0,0,0,0,1,2,2,13
,2024-046778,39.7836352,-104.7700683,10/8/2024 17:30,17:30,3,0,0,E GREEN VALLEY RANCH BLVD & N TOWER RD,1,1,0,0,1,2,0,0,,0,0,0,0,0,4,2,16
,2024-046779,39.71750642,-104.9497494,9/28/2024 16:00,16:00,15,0,0, STEELE ST & E 1ST AVE,1,1,0,0,1,4,0,0,25,0,0,0,0,0,4,2,16
,2024-046780,39.69897159,-104.9128903,10/23/2024 8:19,8:19,15,0,0, MONACO ST PKWY & E TENNESSEE AVE,1,1,0,0,1,4,0,0,35,0,0,0,0,0,4,2,16
,2024-046781,39.68243286,-105.0531928,10/24/2024 18:36,18:36,10,0,2, SHERIDAN BLVD & W JEWELL AVE,1,4,1,0,1,4,0,0,35,0,0,0,0,2,2,2,13
,2024-046782,39.67847249,-104.9522474,10/24/2024 11:40,11:40,15,0,0, MILWAUKEE ST & E EVANS AVE,1,1,0,0,1,4,0,0,,0,0,0,0,0,4,2,16
,2024-046783,39.79825488,-104.7908955,10/24/2024 21:58,21:58,15,0,0,E 56TH AVE & N BUCKLEY RD,1,3,0,0,1,1,0,0,45,0,0,0,0,0,4,2,16
,2024-046786,39.76936157,-105.0276107,10/25/2024 8:44,8:44,3,0,1, GROVE ST & W 38TH AVE,1,1,0,0,1,1,0,0,25,0,0,0,0,1,4,2,13
,2024-046788,39.71940593,-104.9449608,10/25/2024 13:50,13:50,3,0,2, MONROE ST & E 2ND AVE,1,1,1,0,1,1,0,0,25,0,0,0,0,1,4,2,11
,2024-046790,39.68321273,-104.9409596,10/24/2024 18:06,18:06,12,0,4,I-25 & S COLORADO BLVD,1,1,0,0,1,4,0,0,60,0,0,0,0,2,1,3,13
,2024-046791,39.7736508,-104.8488139,10/25/2024 5:53,5:53,12,0,0,I-70 EB OFF RAMP & N PEORIA ST,1,3,0,0,1,8,0,0,40,0,0,0,0,0,1,2,13
,2024-046797,39.73670189,-105.0532159,10/25/2024 14:57,14:57,12,0,1, SHERIDAN BLVD & W 13TH AVE,1,1,0,0,1,3,0,0,35,0,0,0,0,3,2,2,1
,2024-046800,39.74565653,-104.987408,10/24/2024 23:40,23:40,3,0,0, BROADWAY ST & 19TH AVE,1,3,0,0,1,2,0,0,30,0,0,0,0,0,4,2,14
,2024-046808,39.73676794,-104.9439745,10/24/2024 10:02,10:02,10,0,0,E 13TH AVE & N GARFIELD ST,1,1,0,0,1,1,0,0,20,0,0,0,0,0,4,2,16
,2024-046809,39.75849705,-105.0322829,10/25/2024 15:41,15:41,2,0,0, JULIAN ST & W 29TH AVE,1,1,0,0,1,1,0,0,25,1,0,0,0,0,4,1,3
,2024-046810,39.72911069,-104.9601928,10/24/2024 13:30,13:30,3,0,0, YORK ST & E 8TH AVE,1,1,0,0,1,1,0,0,35,0,0,0,0,0,4,2,11
,2024-046812,39.77406293,-104.8820816,10/24/2024 8:15,8:15,10,0,0,E 40TH AVE & N CENTRAL PARK BLVD,1,1,0,0,1,2,0,0,35,0,0,0,0,0,4,3,16
,2024-046814,39.66753736,-104.9262337,10/25/2024 9:23,9:23,1,0,0,E YALE AVE & I-25 SB RAMPS,1,1,0,0,1,1,0,0,35,0,0,0,0,0,4,2,3
,2024-046816,39.68949233,-105.0250606,10/24/2024 15:50,15:50,16,0,0,W FLORIDA AVE & S FEDERAL BLVD,1,1,0,0,5,7,0,0,35,0,0,1,0,0,3,1,13
,2024-046819,39.74824288,-104.986469,10/25/2024 11:30,11:30,10,0,0,WELTON ST & 20TH ST,1,1,0,0,1,1,0,0,35,0,0,0,0,0,4,2,11
,2024-046820,39.67454444,-104.9407905,10/25/2024 14:43,14:43,15,0,0, COLORADO BLVD & E ILIFF AVE,1,1,0,0,1,4,0,0,40,0,0,0,0,0,2,2,11
,2024-046821,39.75755165,-104.9988308,10/24/2024 15:41,15:41,12,0,0,CHESTNUT PL & 20TH ST,1,1,0,0,1,3,0,0,25,0,0,0,0,0,4,2,8
,2024-046822,39.73298369,-105.0251694,10/25/2024 5:47,5:47,12,0,0, FEDERAL BLVD & W 10TH AVE,1,3,0,0,1,4,0,0,35,0,0,0,0,0,2,2,13
,2024-046826,39.80738239,-104.7721186,10/25/2024 2:14,2:14,15,0,0, TOWER RD & E 61ST AVE,1,3,0,0,1,1,0,0,45,0,0,0,0,0,4,2,3
,2024-046827,39.76926943,-105.0248857,10/25/2024 10:24,10:24,15,0,0,W 38TH AVE & N FEDERAL BLVD,1,1,0,0,1,4,0,0,35,0,0,0,0,0,4,2,13
,2024-046831,39.71706086,-104.9037058,10/25/2024 14:36,14:36,1,0,1, QUEBEC ST & E LOWRY BLVD,1,1,0,0,1,1,0,0,35,0,0,0,0,1,4,2,16
,2024-046836,39.67837285,-104.9931768,10/24/2024 19:45,19:45,2,0,1, SANTA FE DR NB OFF RAMP & E EVANS AVE,1,3,0,0,1,1,0,0,35,1,0,0,0,2,2,1,11
,2024-046840,39.71136607,-104.912935,10/25/2024 11:49,11:49,12,0,0, MONACO ST PKWY & E ALAMEDA AVE,1,1,0,0,1,3,0,0,30,0,0,0,0,0,4,2,3
,2024-046841,39.78355737,-104.9005052,10/25/2024 7:39,7:39,1,0,2, NORTHFIELD QUEBEC ST & I-270 WB ON RAMPS,1,1,0,0,1,1,0,0,40,0,0,0,0,3,2,3,13
,2024-046844,39.71466003,-104.9407886,10/24/2024 8:30,8:30,3,0,1,E BAYAUD AVE & S COLORADO BLVD,1,1,0,0,1,1,0,0,25,0,0,0,0,1,2,2,3
,2024-046846,39.68536564,-104.9430208,10/25/2024 10:49,10:49,6,0,0, JACKSON ST & E MEXICO AVE,1,1,0,0,1,4,0,0,25,0,0,0,0,0,4,2,10
,2024-046848,39.73566228,-105.0217634,10/25/2024 14:47,14:47,5,0,0, DECATUR ST & W HOLDEN PL,1,1,0,0,3,1,0,0,25,0,0,0,0,0,4,1,13
,2024-046849,39.68950314,-105.0203788,10/25/2024 9:32,9:32,3,0,0, CLAY ST & W FLORIDA AVE,1,1,0,0,1,1,0,0,20,0,0,0,0,0,4,2,13
,2024-046851,39.66757903,-104.9237084,10/24/2024 13:00,13:00,12,0,0,E YALE AVE & S HUDSON ST,1,1,0,0,1,1,0,0,30,0,0,0,0,0,4,2,3
,2024-046852,39.74019244,-104.9406124,10/24/2024 12:29,12:29,15,0,0,E COLFAX AVE & N COLORADO BLVD,1,1,0,0,1,1,0,0,30,0,0,0,0,0,2,4,16
,2024-046853,39.72563827,-104.9124527,10/25/2024 8:24,8:24,12,0,0, MONACO ST PKWY & E 6TH AVE,1,1,0,0,1,3,0,0,30,0,0,0,0,0,4,2,11
,2024-046854,39.78391091,-105.0252117,10/25/2024 13:03,13:03,1,0,1, FEDERAL BLVD & I-70 EB RAMPS,1,1,0,0,1,1,0,0,35,0,0,0,0,1,2,2,13
,2024-046855,39.77505065,-104.8098981,10/25/2024 20:51,20:51,1,0,1, CHAMBERS RD & E ANDREWS DR,1,3,0,0,1,1,0,0,40,0,0,0,0,1,4,4,16
,2024-046857,39.69819201,-105.0104891,10/26/2024 3:09,3:09,6,0,0,W TENNESSEE AVE & S RARITAN ST,1,3,0,0,1,4,0,0,25,0,0,0,0,0,4,2,16
,2024-046859,39.79090777,-104.9416704,10/26/2024 16:35,16:35,12,0,1,VASQUEZ BLVD & E 52ND AVE,1,1,0,0,1,4,0,0,40,0,0,0,0,1,2,2,13
,2024-046861,39.76445743,-104.9406525,10/26/2024 18:24,18:24,3,0,0, COLORADO BLVD & E BRUCE RANDOLPH AVE,1,3,0,0,1,1,0,0,25,0,0,0,0,0,2,2,13
,2024-046862,39.6579946,-104.8420882,10/22/2024 17:58,17:58,1,0,0, PARKER RD & I-225,1,1,0,0,1,2,0,0,45,0,0,0,0,0,2,2,16
,2024-046865,39.76565331,-104.9404964,10/24/2024 14:05,14:05,1,0,1, COLORADO BLVD & E 35TH AVE,1,1,3,0,1,1,0,0,40,0,0,0,1,2,2,2,13
,2024-046866,39.74488766,-104.9873292,10/25/2024 22:43,22:43,15,0,0,E 18TH AVE & N BROADWAY ST,1,3,0,0,1,1,0,0,25,0,0,0,0,0,4,2,11
,2024-046867,39.73840386,-104.9659983,10/26/2024 2:34,2:34,11,0,0, WILLIAMS ST & E 14TH AVE,1,3,0,0,1,1,0,0,0,0,0,1,0,0,4,1,16
,2024-046868,39.73669259,-104.9406165,10/26/2024 0:01,0:01,1,0,1, COLORADO BLVD & E 13TH AVE,1,3,0,0,1,1,0,0,35,0,0,0,0,3,2,2,16
,2024-046870,39.68290855,-104.9404983,10/25/2024 21:54,21:54,3,0,1, COLORADO BLVD & I-25 SB RAMPS,1,3,0,0,1,1,0,0,40,0,0,0,0,2,2,2,3
,2024-046871,39.74828862,-104.9986409,10/26/2024 2:14,2:14,5,0,1,LARIMER ST & 15TH ST,1,3,0,0,4,1,0,0,30,0,0,0,0,1,4,1,16
,2024-046872,39.78362735,-104.7721144,10/26/2024 2:32,2:32,3,0,0, TOWER RD & E GREEN VALLEY RANCH BLVD,1,3,0,0,1,1,0,0,45,0,0,0,0,0,4,2,13
,2024-046874,39.77952452,-104.8971276,10/26/2024 9:10,9:10,5,0,1,I-270 & N NORTHFIELD QUEBEC ST,1,1,0,0,2,4,0,0,55,0,0,0,0,1,2,1,7
,2024-046876,39.76328564,-105.0158592,10/25/2024 22:42,22:42,6,0,1, ZUNI ST & W 33RD AVE,1,3,0,0,1,3,0,0,30,0,0,0,0,2,4,2,16
,2024-046885,39.83345936,-104.6881052,10/26/2024 15:00,15:00,15,0,0,PENA BLVD OB & JACKSON GAP RD,1,1,0,0,1,4,0,0,45,0,0,0,0,0,4,2,7
,2024-046892,39.74140435,-104.9988394,10/25/2024 22:33,22:33,5,0,2,STOUT ST & N SPEER BLVD,1,3,0,0,3,4,0,0,35,0,0,0,0,2,4,1,1
,2024-046893,39.71112651,-105.0157049,10/26/2024 2:42,2:42,12,0,0,W ALAMEDA AVE & S ZUNI ST,1,3,0,0,1,3,0,0,35,0,0,0,0,0,1,2,16
,2024-046894,39.78004279,-104.9407636,10/26/2024 18:18,18:18,12,0,0,46TH AVE  & N COLORADO BLVD,1,1,0,0,1,1,0,0,30,0,0,0,0,0,2,2,3
,2024-046896,39.83326749,-104.7725238,10/25/2024 6:00,6:00,12,0,0,PENA BLVD IB & N TOWER RD,1,4,0,0,1,4,0,0,65,0,0,0,0,0,4,2,13
,2024-046898,39.77068341,-104.9914693,10/26/2024 16:44,16:44,12,0,2,I-25 & PARK AVE W,1,1,0,0,1,4,0,0,55,0,0,0,0,2,1,3,13
,2024-046899,39.72558837,-105.013417,10/26/2024 20:41,20:41,12,0,1,I-25 & W 6TH AVE,1,4,0,0,1,4,0,0,65,0,0,0,1,2,1,2,7
,2024-046901,39.83091718,-104.7784081,10/26/2024 10:09,10:09,12,0,0,PENA BLVD IB & N TOWER RD,1,1,1,0,1,4,0,0,65,0,0,0,0,0,4,2,3
,2024-046902,39.74653645,-105.0076224,10/26/2024 14:54,14:54,1,0,0,9TH ST & AURARIA PKWY,1,1,0,0,1,1,0,0,35,0,0,0,0,0,4,2,16
,2024-046903,39.74339743,-104.9376063,10/25/2024 21:19,21:19,6,0,0,E 17TH AVE & N BELLAIRE ST,1,3,0,0,3,4,0,0,30,0,0,0,0,0,4,2,3
,2024-046904,39.65335578,-105.0543445,10/26/2024 17:25,17:25,12,0,1,W HAMPDEN AVE & S SHERIDAN BLVD,1,1,0,0,1,4,0,0,65,0,0,0,0,2,2,2,11
,2024-046906,39.72557892,-104.9740782,10/22/2024 1:30,1:30,12,0,0,E 6TH AVE & N CORONA ST,1,3,0,0,1,1,0,0,30,0,0,0,0,0,4,2,16
,2024-046910,39.79279465,-104.9439933,10/17/2024 19:58,19:58,11,0,0,E 53RD AVE & N GARFIELD ST,1,4,0,0,1,4,0,0,25,0,1,0,0,0,4,1,16
,2024-046911,39.75848764,-105.029931,9/16/2024 19:30,19:30,11,0,0,W 29TH AVE & N IRVING ST,1,1,0,0,1,1,0,0,,0,1,0,0,0,4,1,16
,2024-046912,39.71940159,-104.9406272,10/21/2024 10:59,10:59,11,0,0, COLORADO BLVD & E 2ND AVE,11,1,1,1,1,1,0,0,0,0,0,1,0,0,2,1,16
,2024-046917,39.71745262,-104.948585,10/20/2024 10:44,10:44,6,0,0, ADAMS ST & E 1ST AVE,1,1,0,0,1,4,0,0,30,0,0,0,0,0,4,2,16
,2024-046920,39.72825753,-105.0395607,10/21/2024 11:40,11:40,6,0,1,W 7TH AVE & N PERRY ST,11,1,0,0,1,3,0,0,30,0,0,0,0,3,4,2,5
,2024-046921,39.74033675,-105.0415562,8/14/2024 17:06,17:06,12,0,0,W COLFAX AVE & N RALEIGH ST,1,1,0,0,1,3,0,0,,0,0,0,0,0,2,2,16
,2024-046925,39.66602819,-105.2039898,10/2/2024 20:30,20:30,6,0,0,18300 W ALAMEDA PKWY,1,3,1,0,1,4,0,0,25,0,0,0,0,0,4,2,16
,2024-046928,39.68945907,-105.0297063,9/14/2024 15:27,15:27,2,0,1,W FLORIDA AVE & S IRVING ST,1,1,0,0,1,3,0,0,35,1,0,0,0,3,4,1,11
,2024-046929,39.73727788,-104.8846671,10/15/2024 5:29,5:29,3,0,1,E 13TH AVE & N YOSEMITE ST,1,3,0,0,1,1,0,0,25,0,0,0,0,1,4,2,11
,2024-046933,39.71105457,-104.8659551,10/22/2024 21:01,21:01,3,0,2,E ALAMEDA AVE & S HAVANA ST,1,3,0,0,1,1,0,0,35,0,0,0,0,2,2,2,16
,2024-046940,39.71856607,-105.0552413,10/21/2024 19:36,19:36,3,0,0, SHERIDAN BLVD & W 2ND AVE,1,3,0,0,1,1,0,0,35,0,0,0,0,0,2,2,16
,2024-046941,39.71114655,-105.0203576,10/23/2024 8:36,8:36,12,0,0,W ALAMEDA AVE & S CLAY ST,1,1,0,0,1,3,0,0,30,0,0,0,0,0,2,2,16
,2024-047012,39.7402214,-104.8963529,10/23/2024 17:49,17:49,6,0,0,E COLFAX AVE & N TRENTON ST,1,1,0,0,1,4,0,0,35,0,0,0,0,0,2,2,16
,2024-047026,39.79701616,-104.7961839,10/27/2024 2:15,2:15,6,0,0,5564  LEWISTON CT & E MAXWELL PL,1,3,0,0,1,4,0,0,,0,0,0,0,0,4,3,16
,2024-047027,39.70890063,-105.0485937,10/26/2024 23:17,23:17,6,0,0, WOLFF ST & W ALASKA PL,1,3,0,0,1,4,0,0,,0,0,0,0,0,4,2,16
,2024-047029,39.71133314,-105.053258,10/25/2024 19:30,19:30,3,0,0,W ALAMEDA AVE & S SHERIDAN BLVD,1,3,0,0,1,1,0,0,40,0,0,0,0,0,2,2,3
,2024-047030,39.72117426,-105.0250621,10/25/2024 11:03,11:03,2,0,1, FEDERAL BLVD & W 3RD AVE,1,1,0,0,1,1,0,0,0,1,0,0,0,2,2,1,16