id,drcog_id,latitude,longitude,crashtime,time,crashtype,numbkilled,numbinjurd,drcoglocat,rdconditin,lightngcon,roadcntgrd,weatherco,location,roaddescrp,schoolzone,constrzone,splimit,bikeinv,pedinv,sctrinv,motoinv,svrty,rdsystem,ttlvehcls,hcf
,2024-047033,39.6533551,-104.9183644,7/5/2024 23:29,23:29,5,0,0,I-25 NB & E HAMPDEN AVE,1,3,0,0,3,4,0,0,65,0,0,0,0,0,1,1,16
,2024-047035,39.83328485,-104.7724544,10/25/2024 6:00,6:00,12,0,1,PENA BLVD IB & N TOWER RD,1,4,0,0,1,4,0,0,65,0,0,0,0,2,4,2,13
,2024-047036,39.78677967,-104.8212689,10/27/2024 15:55,15:55,11,0,1,E 51ST AVE & N SABLE ST,1,1,0,0,1,1,0,0,25,1,0,0,0,2,4,1,11
,2024-047039,39.67327332,-105.0250549,10/5/2024 18:55,18:55,1,1,1, FEDERAL BLVD & W HARVARD AVE,1,2,0,0,1,1,0,0,40,0,0,0,1,4,2,2,11
,2024-047040,39.78787655,-104.8114701,10/11/2024 18:09,18:09,6,0,0, FRASER ST & E 52ND AVE,1,1,0,0,1,1,0,0,25,0,0,0,0,0,4,3,1
,2024-047041,39.7375482,-104.8846652,10/6/2024 19:00,19:00,6,0,0, YOSEMITE ST & E 13TH AVE,1,3,1,0,1,4,0,0,25,0,0,0,0,0,4,3,16
,2024-047042,39.75696996,-104.9548752,10/25/2024 15:45,15:45,3,0,0, CLAYTON ST & E 28TH AVE,1,1,0,0,1,1,0,0,25,0,0,0,0,0,4,2,11
,2024-047045,39.76115933,-105.0047565,9/28/2024 23:57,23:57,12,0,0,I-25 SB OFF RAMP & 20TH ST,1,3,0,0,1,1,0,0,,0,0,0,0,0,1,2,7
,2024-047046,39.74395371,-105.0299572,10/24/2024 20:00,20:00,3,0,0, IRVING ST & W 17TH AVE,1,3,0,0,1,1,0,0,,0,0,0,0,0,4,2,16
,2024-047049,39.65663216,-105.0615559,10/24/2024 21:35,21:35,5,0,0,W DARTMOUTH AVE & S HOBART WY,1,4,0,0,3,4,0,0,,0,0,0,0,0,4,1,16
,2024-047050,39.70352436,-104.9827911,10/13/2024 10:16,10:16,6,0,0, LOGAN ST & E EXPOSITION AVE,1,4,0,7,3,4,0,0,30,0,0,0,0,0,4,3,16
,2024-047052,39.76026876,-105.0252441,10/27/2024 18:01,18:01,12,0,0, FEDERAL BLVD & N SPEER BLVD,1,3,0,0,1,3,0,0,35,0,0,0,0,0,2,2,3
,2024-047058,39.75072053,-104.9684261,10/26/2024 10:42,10:42,3,0,0, FRANKLIN ST & E 23RD AVE,1,1,0,0,1,1,0,0,25,0,0,0,0,0,4,2,1
,2024-047061,39.76565331,-104.9404964,10/27/2024 19:47,19:47,3,0,0, COLORADO BLVD & E 35TH AVE,1,3,0,0,1,1,0,0,,0,0,0,0,0,2,2,16
,2024-047066,39.7537868,-104.9888272,10/23/2024 14:05,14:05,2,0,0,22ND ST & ARAPAHOE ST,1,1,0,0,1,4,0,0,0,1,0,0,0,0,4,1,16
,2024-047068,39.76954909,-105.0346434,10/4/2024 22:36,22:36,10,0,1,W 38TH AVE & N LOWELL BLVD,1,3,0,0,1,1,0,0,35,0,0,0,0,2,4,2,16
,2024-047069,39.73800778,-105.025308,10/20/2024 16:51,16:51,15,0,0,W 14TH AVE & N FEDERAL BLVD,1,1,0,0,1,3,0,0,,0,0,0,0,0,2,2,16
,2024-047070,39.7251627,-105.0252128,10/23/2024 23:37,23:37,10,0,0,W 6TH AVE EB OFF RAMP & N FEDERAL BLVD,1,3,0,0,1,1,0,0,40,0,0,0,0,0,2,2,13
,2024-047071,39.82189748,-104.7719489,10/24/2024 9:33,9:33,3,0,2,E 69TH AVE & N TOWER RD,1,1,0,0,1,1,0,0,20,0,0,0,0,1,4,3,16
,2024-047072,39.65301995,-104.8746466,7/2/2024 16:03,16:03,12,0,0,E HAMPDEN AVE & S DAYTON ST,1,1,0,0,1,4,0,0,45,0,0,0,0,0,2,2,16
,2024-047073,39.77739007,-104.903402,10/22/2024 12:30,12:30,15,0,0, QUEBEC ST & I-70 EB RAMPS,1,1,0,0,1,3,0,0,35,0,0,0,0,0,2,2,16
,2024-047075,39.68954771,-105.0532506,10/21/2024 12:57,12:57,15,0,0, SHERIDAN BLVD & W FLORIDA AVE,1,1,0,0,1,3,0,0,35,0,0,0,0,0,2,3,13
,2024-047076,39.75492205,-105.0133818,8/27/2024 9:10,9:10,15,0,0,I-25 SB & SPEER BLVD,1,3,0,0,1,4,0,0,55,0,0,0,0,0,1,2,13
,2024-047077,39.69311534,-105.0250363,10/26/2024 10:21,10:21,1,0,0, FEDERAL BLVD & W LOUISIANA AVE,1,1,0,0,1,1,0,0,35,0,0,0,0,0,2,2,11
,2024-047078,39.73526924,-104.9945586,10/22/2024 7:51,7:51,3,0,0, SPEER BLVD & W 12TH AVE,1,1,0,0,1,1,0,0,35,0,0,0,0,0,4,2,16
,2024-047084,39.75507828,-104.9881009,10/22/2024 15:55,15:55,11,0,1,PARK AVE W & LAWRENCE ST,1,1,0,0,1,1,0,0,0,0,0,1,0,2,4,1,16
,2024-047085,39.69991939,-105.0344505,10/13/2024 10:22,10:22,2,0,1, LOWELL BLVD & W KENTUCKY AVE,1,1,0,0,1,9,0,0,0,1,0,0,0,3,4,1,16
,2024-047088,39.71150857,-104.9390049,10/24/2024 17:47,17:47,14,0,0,4200 E ALAMEDA AVE,1,1,0,0,1,4,0,0,35,0,0,0,0,0,4,2,13
,2024-047091,39.75709273,-104.9907272,10/22/2024 16:19,16:19,11,0,1,BLAKE ST & PARK AVE W,1,1,0,0,1,1,0,0,0,0,0,1,0,2,4,1,16
,2024-047095,39.64321486,-104.8850705,10/26/2024 17:31,17:31,3,0,2, YOSEMITE ST & E NASSAU AVE,1,2,1,0,1,1,0,0,35,0,0,0,0,1,4,2,13
,2024-047096,39.75536831,-105.0126881,10/27/2024 15:35,15:35,12,0,2,I-25 & N SPEER BLVD,1,1,0,0,1,4,0,0,55,0,0,0,0,2,1,4,3
,2024-047097,39.81277758,-104.7744576,10/27/2024 17:21,17:21,3,0,4, YAMPA ST & E 64TH AVE,1,2,0,0,1,1,0,0,35,0,0,0,0,1,4,2,11
,2024-047098,39.698608,-104.9035867,10/27/2024 13:24,13:24,12,0,0,LEETSDALE DR & S QUEBEC ST,1,1,0,0,1,3,0,0,,0,0,0,0,0,2,2,16
,2024-047100,39.7149824,-105.0252397,9/29/2024 18:26,18:26,9,0,0, FEDERAL BLVD & W BAYAUD AVE,1,3,0,0,6,4,0,0,35,0,0,0,0,0,2,2,16
,2024-047101,39.67845597,-104.9406291,9/29/2024 5:15,5:15,1,0,0, COLORADO BLVD & E EVANS AVE,1,3,0,0,1,1,0,0,35,0,0,0,0,0,2,2,16
,2024-047104,39.7129752,-104.9862685,10/25/2024 19:11,19:11,6,0,0,E CEDAR AVE & S LINCOLN ST,1,3,0,0,1,4,0,0,,0,0,0,0,0,4,2,16
,2024-047106,39.69666127,-104.9918826,10/22/2024 8:17,8:17,15,0,0,W MISSISSIPPI AVE & S SANTA FE DR,1,1,0,0,1,1,0,0,30,0,0,0,0,0,2,2,16
,2024-047107,39.75937175,-104.9877377,10/26/2024 20:00,20:00,12,0,0, BROADWAY ST & BLAKE ST,1,3,0,0,1,3,0,0,35,0,0,0,0,0,4,2,14
,2024-047108,39.7053557,-105.0227022,10/25/2024 22:54,22:54,12,0,0,625  DECATUR ST & W CENTER AVE,1,3,0,0,1,4,0,0,,0,0,0,0,0,4,4,16
,2024-047111,39.73942496,-104.8964138,7/4/2024 18:00,18:00,6,0,0,1400   TRENTON ST,1,3,0,0,6,4,0,0,25,0,0,0,0,0,4,2,16
,2024-047115,39.71139467,-104.9792284,9/6/2024 10:44,10:44,12,0,0, WASHINGTON ST & E ALAMEDA AVE,1,1,0,0,1,3,0,0,25,0,0,0,0,0,4,2,16
,2024-047124,39.74000176,-104.9771713,10/25/2024 21:11,21:11,2,0,1,880 E COLFAX AVE & N CLARKSON ST,1,3,3,0,1,2,0,0,0,1,0,0,0,1,2,1,16
,2024-047127,39.75581374,-104.9888935,10/24/2024 20:59,20:59,6,0,0,LARIMER ST & PARK AVE W,1,3,0,0,1,4,0,0,25,0,0,0,0,0,4,3,16
,2024-047132,39.75072053,-104.9684261,10/24/2024 9:37,9:37,2,0,1, FRANKLIN ST & E 23RD AVE,1,1,0,0,1,1,0,0,0,1,0,0,0,1,4,1,16
,2024-047136,39.75537006,-104.9733672,10/25/2024 0:25,0:25,6,0,0, DOWNING ST & N TREMONT ST,1,3,0,0,2,4,0,0,35,0,0,0,0,0,4,3,16
,2024-047143,39.73686148,-104.9924818,10/24/2024 23:55,23:55,16,0,0,360 W 13TH AVE,1,3,1,0,5,7,0,0,0,0,1,0,0,1,3,1,16
,2024-047199,39.75405232,-104.9915863,10/17/2024 22:08,22:08,6,0,0,21ST ST & 1300,1,3,0,0,1,4,0,0,30,0,0,0,0,0,4,2,16
,2024-047216,39.77913252,-104.7480935,9/30/2024 17:21,17:21,6,0,0,20541 E 45TH AVE & E SCOTT CIRCLE,1,1,0,0,1,4,0,0,25,0,0,0,0,0,4,2,1
,2024-047218,39.77941575,-104.9827177,10/26/2024 2:28,2:28,5,0,0,I-70 & MM 274.412,1,3,0,0,3,8,0,0,55,0,0,0,0,0,1,1,16
,2024-047220,39.76921497,-104.9305232,10/17/2024 3:25,3:25,5,0,0,38TH AVE & 4900-4999 E,1,3,0,7,3,1,0,0,35,0,0,0,0,0,4,1,16
,2024-047221,39.78621636,-104.8299027,10/20/2024 1:22,1:22,12,0,1,5000  CROWN BLVD & E 50TH AVE,1,3,0,0,1,4,0,0,25,0,0,0,0,3,4,2,10
,2024-047222,39.73386777,-104.9935154,10/2/2024 9:00,9:00,10,0,2, SPEER BLVD & W 11TH AVE,1,1,0,0,1,1,0,0,35,0,0,0,0,3,4,2,1
,2024-047227,39.6980294,-104.9917519,10/28/2024 2:18,2:18,5,0,4, SANTA FE DR & W MISSISSIPPI AVE,1,3,0,0,3,4,0,0,45,0,0,0,0,1,2,2,1
,2024-047228,39.71759666,-105.0044375,10/28/2024 6:24,6:24,15,0,1,I-25 & W ALAMEDA AVE,1,3,0,0,1,4,0,0,55,0,0,0,0,1,1,2,13
,2024-047230,39.6637267,-105.025148,10/28/2024 19:17,19:17,12,0,0, FEDERAL BLVD & W BATES AVE,1,3,0,0,1,4,0,0,40,0,0,0,0,0,2,3,13
,2024-047231,39.72037109,-105.0479765,10/27/2024 11:35,11:35,6,0,0,4700 W 2ND AVE N WOLFF ST,1,4,0,0,1,3,0,0,20,0,0,0,0,0,4,2,16
,2024-047233,39.75690548,-104.9857196,10/9/2024 8:00,8:00,11,0,1,25TH ST & LAWRENCE ST,1,1,0,0,1,9,0,0,,0,1,0,0,2,4,1,13
,2024-047235,39.7782071,-104.9111603,10/27/2024 18:28,18:28,15,0,1,I-70 & N MONACO ST,1,3,0,0,1,4,0,0,,0,0,0,0,2,1,2,16
,2024-047236,39.79839407,-104.7721172,10/28/2024 16:53,16:53,1,0,0, TOWER RD & E 56TH AVE,1,1,0,0,1,1,0,0,40,0,0,0,0,0,4,2,11
,2024-047237,39.76383396,-104.9428498,10/28/2024 20:14,20:14,16,0,0,3899  JACKSON ST & N. JACKSON ST,1,3,0,0,5,7,0,0,,0,0,0,0,0,3,3,16
,2024-047241,39.75175194,-104.9958688,9/6/2024 23:47,23:47,2,0,1,18TH ST & MARKET ST,1,3,0,7,1,1,0,0,,1,0,0,0,2,4,1,16
,2024-047242,39.65681603,-105.0252022,10/25/2024 9:59,9:59,11,0,1,W FLOYD AVE & S FEDERAL BLVD,1,1,1,0,1,1,0,0,,0,1,0,0,2,2,1,13
,2024-047243,39.69262577,-105.0367229,10/27/2024 6:30,6:30,6,0,0,1300  NEWTON ST W LOUISIANA AVE,1,1,0,0,1,4,0,0,20,0,0,0,0,0,4,2,16
,2024-047245,39.76737189,-104.9006915,10/20/2024 14:50,14:50,1,0,0,E 36TH AVE & N SYRACUSE ST,1,1,0,0,1,2,0,0,30,0,0,0,0,0,4,2,11
,2024-047246,39.74410659,-104.9883632,10/25/2024 22:36,22:36,3,0,2,17TH ST & TREMONT ST,1,3,0,0,1,1,0,0,35,0,0,0,0,1,4,2,1
,2024-047247,39.70035958,-105.0367608,10/14/2024 9:16,9:16,3,0,0, NEWTON ST & W KENTUCKY AVE,1,1,0,0,1,1,0,0,25,0,0,0,0,0,4,2,16
,2024-047248,39.76001474,-104.8905208,10/27/2024 22:00,22:00,3,0,0,E MLK JR BLVD & N CENTRAL PARK BLVD,1,4,0,0,1,1,0,0,30,0,0,0,0,0,4,2,14
,2024-047254,39.73514131,-104.9517113,10/28/2024 12:34,12:34,3,0,1, MILWAUKEE ST & E 12TH AVE,1,1,0,0,1,1,0,0,25,0,0,0,0,1,4,2,10
,2024-047256,39.73077752,-105.0158253,10/27/2024 21:55,21:55,8,0,4,I-25 SB OFF RAMP & MM 209.589,1,3,1,0,6,8,0,0,25,0,0,0,0,1,1,2,3
,2024-047258,39.68324589,-104.9394953,10/27/2024 9:55,9:55,12,0,1,I-25 & S COLORADO BLVD,1,1,1,0,1,8,0,0,35,0,0,0,0,1,1,2,16
,2024-047259,39.71816149,-105.025645,10/27/2024 20:27,20:27,12,0,0,3100 W 1ST N FEDERAL BLVD,1,3,0,0,1,4,0,0,30,0,0,0,0,0,4,2,11
,2024-047260,39.74378496,-104.9512624,10/27/2024 20:38,20:38,3,0,1,E 17TH AVE & N ST PAUL ST,1,3,0,0,1,1,0,0,20,0,0,0,0,2,4,2,11
,2024-047263,39.71104729,-104.8662941,10/28/2024 12:54,12:54,15,0,0,E ALAMEDA AVE & S HAVANA ST,1,1,0,0,1,3,0,0,40,0,0,0,0,0,4,2,11
,2024-047265,39.73680344,-104.97872,10/28/2024 5:02,5:02,6,0,0, WASHINGTON ST & E 13TH AVE,1,3,0,0,1,4,0,0,20,0,0,0,0,0,4,2,16
,2024-047269,39.74044801,-105.0141497,10/25/2024 10:12,10:12,12,0,0,I-25 & W COLFAX AVE,1,1,0,0,1,4,0,0,55,0,0,0,0,0,1,2,3
,2024-047270,39.77419349,-104.8470304,10/24/2024 6:20,6:20,12,0,0,I-70 & N PEORIA ST,1,3,0,0,1,4,0,0,55,0,0,0,0,0,1,2,13
,2024-047271,39.66747889,-104.927465,10/28/2024 6:52,6:52,1,0,0,E YALE AVE & E YALE CIR,1,2,0,0,1,1,0,0,30,0,0,0,0,0,4,2,10
,2024-047272,39.79614987,-104.8143765,10/25/2024 20:20,20:20,6,0,0,PENSACOLA PL & 14891 E,1,3,0,0,1,2,0,0,,0,0,0,0,0,4,2,16
,2024-047274,39.65307901,-104.8987255,10/3/2024 23:36,23:36,3,0,0,E HAMPDEN AVE & S TAMARAC DR,1,3,0,0,1,1,0,0,35,0,0,0,0,0,2,2,16
,2024-047275,39.69566304,-104.9035085,10/7/2024 9:10,9:10,12,0,0, QUEBEC ST & E MISSISSIPPI AVE,1,1,0,0,1,1,0,0,,0,0,0,0,0,4,2,16
,2024-047276,39.74726299,-104.9406043,10/27/2024 15:57,15:57,12,0,0, COLORADO BLVD & E MONTVIEW BLVD,1,1,0,0,1,4,0,0,35,0,0,0,0,0,2,2,11
,2024-047277,39.71775113,-105.0043102,10/28/2024 8:49,8:49,12,0,2,I-25 & W ALAMEDA AVE,1,1,0,0,1,4,0,0,55,0,0,0,0,1,1,2,13
,2024-047279,39.7202558,-105.0250545,10/20/2024 23:40,23:40,5,0,0, FEDERAL BLVD & 2ND AVE,1,3,1,0,3,3,0,0,40,0,0,0,0,0,2,3,1
,2024-047280,39.73927795,-104.9610167,10/28/2024 10:35,10:35,3,0,0, GAYLORD ST & E COLFAX AVE,1,1,0,0,1,2,0,0,15,0,0,0,0,0,4,2,11
,2024-047281,39.74391854,-104.987393,10/28/2024 6:30,6:30,6,0,0, BROADWAY ST & E 17TH AVE,1,3,0,0,1,4,0,0,,0,0,0,0,0,4,2,16
,2024-047282,39.74000901,-104.9729963,7/21/2024 18:26,18:26,15,0,0,E COLFAX AVE & N DOWNING ST,1,1,0,0,1,1,0,0,35,0,0,0,0,0,2,2,16
,2024-047283,39.71814891,-105.0397023,10/27/2024 2:37,2:37,3,0,3,W 1ST AVE & N PERRY ST,1,3,0,0,1,1,0,0,30,0,0,0,0,1,4,2,13
,2024-047284,39.68946543,-105.0532528,10/11/2024 17:04,17:04,12,0,0, SHERIDAN BLVD & W FLORIDA AVE,1,1,0,0,1,3,0,0,,0,0,0,0,0,2,2,16
,2024-047285,39.7690649,-105.0520794,9/27/2024 8:28,8:28,15,0,0,5100 W 38TH AVE & N SHERIDAN BLVD,1,1,0,0,1,3,0,0,30,0,0,0,0,0,4,2,16
,2024-047286,39.8352842,-104.6708543,10/28/2024 20:07,20:07,12,0,0,SHADY GROVE ST & PENA BLVD,1,3,1,0,1,4,0,0,25,0,0,0,0,0,4,2,13
,2024-047287,39.65301615,-104.9406856,9/12/2024 9:00,9:00,15,0,0,E HAMPDEN AVE & COLORADO BLVD,1,1,0,0,1,1,0,0,35,0,0,0,1,0,2,2,11
,2024-047288,39.68897366,-104.9736005,10/28/2024 8:57,8:57,15,0,0,E BUCHTEL BLVD & S DOWNING ST,1,1,0,0,1,3,0,0,30,0,0,0,0,0,4,2,8
,2024-047292,39.72565715,-105.0532501,10/26/2024 14:49,14:49,12,0,0,W 6TH AVE EB ON RAMP & N SHERIDAN BLVD,1,1,0,0,1,3,0,0,55,0,0,0,0,0,2,2,3
,2024-047293,39.77317181,-104.8101726,10/28/2024 1:50,1:50,5,0,1,E 40TH AVE & N CHAMBERS RD,1,3,0,0,3,4,0,0,40,0,0,0,0,3,4,1,1
,2024-047294,39.6891414,-105.006868,10/26/2024 9:24,9:24,6,0,0,1500  QUIVAS ST W FLORIDA AVE,1,1,0,0,1,4,0,0,20,0,0,0,0,0,4,2,16
,2024-047295,39.7202558,-105.0250545,10/28/2024 1:55,1:55,10,0,0, FEDERAL BLVD & W 2ND AVE,1,3,0,0,1,1,0,0,35,0,0,0,0,0,2,2,16
,2024-047296,39.6817252,-105.0250214,10/27/2024 15:29,15:29,12,0,1, FEDERAL BLVD & W JEWELL AVE,1,1,0,0,1,2,0,0,40,0,0,0,0,3,2,3,16
,2024-047297,39.66778753,-105.0532564,10/28/2024 15:18,15:18,12,0,0,W YALE AVE & S SHERIDAN BLVD,1,1,0,0,1,3,0,0,35,0,0,0,0,0,2,2,13
,2024-047298,39.83477109,-104.7540194,9/26/2024 8:50,8:50,15,0,0, AT MILE MARKER 11.5 & MM 11.5,1,1,0,0,1,3,0,0,45,0,0,0,0,0,4,2,3
,2024-047299,39.6822722,-105.0250198,10/27/2024 21:45,21:45,1,0,2, FEDERAL BLVD & W JEWELL AVE,1,2,0,0,1,1,0,0,40,0,0,0,0,2,2,3,13
,2024-047301,39.84928164,-104.6726895,10/27/2024 12:20,12:20,6,0,0,8400 PENA BLVD,1,1,0,0,5,4,0,0,10,0,0,0,0,0,3,2,3
,2024-047302,39.72541968,-105.0272025,10/26/2024 0:39,0:39,12,0,1,W 6TH AVE & N FEDERAL BLVD,1,3,0,0,1,4,0,0,,0,0,0,1,3,2,2,16
,2024-047304,39.75217729,-104.9988096,10/27/2024 1:39,1:39,12,0,0,17TH ST & WAZEE ST,1,3,0,0,1,4,0,0,25,0,0,0,0,0,4,2,13
,2024-047305,39.72518381,-105.0128483,10/10/2024 10:38,10:38,12,0,0,I-25 & MM 209.184,1,1,0,0,1,4,0,0,,0,0,0,0,0,1,6,16
,2024-047306,39.77332518,-104.8470281,10/27/2024 20:20,20:20,15,0,0,I-70 EB OFF RAMP & N PEORIA ST,1,3,0,0,1,1,0,0,,0,0,0,0,0,4,2,16
,2024-047307,39.82189752,-104.7719489,10/28/2024 20:30,20:30,1,0,0, TOWER RD & E 69TH AVE,1,3,0,0,1,1,0,0,30,0,0,0,0,0,4,2,13
,2024-047308,39.6822722,-105.0250198,10/4/2024 23:37,23:37,1,0,3, FEDERAL BLVD & W JEWELL AVE,1,3,0,0,1,1,0,0,40,0,0,0,0,2,2,2,11
,2024-047309,39.65589083,-104.9197721,10/28/2024 17:49,17:49,12,0,1,I-25 & E HAMPDEN AVE,1,3,0,0,1,4,0,0,65,0,0,0,0,1,1,2,13
,2024-047312,39.70384829,-104.9407895,10/28/2024 13:10,13:10,12,0,1, COLORADO BLVD & E EXPOSITION AVE,1,1,0,0,1,3,0,0,40,0,0,0,0,3,2,3,16
,2024-047313,39.73876069,-104.8975561,10/26/2024 0:00,0:00,6,0,0,1400  SPRUCE ST E 14TH AVE,1,3,0,0,1,4,0,0,,0,0,0,0,0,4,2,16
,2024-047314,39.77273354,-104.7721758,10/24/2024 10:42,10:42,3,0,0, TOWER RD & E 40TH AVE,1,1,1,0,1,1,0,0,10,0,0,0,0,0,4,2,11
,2024-047319,39.78742488,-105.0310563,10/27/2024 3:00,3:00,5,0,0,W REGIS BLVD & N JULIAN ST,1,4,0,0,1,1,0,0,30,0,0,0,0,0,4,1,10
,2024-047320,39.63815921,-104.9122481,10/20/2024 6:25,6:25,5,0,0,4300  MONACO ST & E HAPPY CANYON RD,1,2,0,7,6,4,0,0,35,0,0,0,0,0,4,1,13
,2024-047323,39.73469076,-104.9312117,10/24/2024 5:35,5:35,6,0,0,1200  DAHLIA ST & E 13TH AVE,1,4,1,0,1,4,0,0,20,0,0,0,0,0,4,2,16
,2024-047324,39.72613544,-105.0531192,10/28/2024 13:31,13:31,3,0,0,W 6TH AVE WB OFF RAMP & N SHERIDAN BLVD,1,1,0,0,1,1,0,0,,0,0,0,0,0,2,2,16
,2024-047330,39.7819652,-104.9592779,10/25/2024 18:21,18:21,15,0,0, YORK ST & E 47TH AVE,1,3,3,0,1,1,0,0,25,0,0,0,0,0,4,2,16
,2024-047374,39.78365289,-104.7640103,10/11/2024 19:50,19:50,15,0,0,19390 E GREEN VALLEY RANCH BLVD & HIMALAYA RD,1,3,0,0,1,3,0,0,35,0,0,0,0,0,4,3,11
,2024-047396,39.7797585,-104.94031,10/26/2024 19:26,19:26,12,0,0,I-70 EB ON RAMP & N COLORADO BLVD,1,4,0,0,1,8,0,0,35,0,0,0,0,0,1,3,12
,2024-047405,39.76115933,-105.0047565,10/28/2024 15:37,15:37,12,0,1,I-25 & 20TH ST,1,1,0,0,1,13,0,0,55,0,0,0,0,1,1,3,13
,2024-047407,39.74000995,-104.9684619,10/25/2024 14:00,14:00,10,0,0,E COLFAX AVE & N FRANKLIN ST,1,1,0,0,1,1,0,0,35,0,0,0,0,0,2,2,8
,2024-047408,39.67917013,-105.0382487,10/28/2024 8:43,8:43,12,0,0,W EVANS AVE & S PATTON CT,1,1,0,0,1,3,0,0,30,0,0,0,0,0,4,2,3
,2024-047409,39.69312088,-105.0213817,10/29/2024 1:00,1:00,5,0,0,W LOUISIANA AVE & S DALE CT,1,3,0,0,2,3,0,0,30,0,0,0,0,0,4,1,16
,2024-047411,39.78059716,-104.9410819,10/4/2024 7:25,7:25,12,0,0,I-70 WB RAMP & N COLORADO BLVD,1,1,3,0,1,3,0,0,20,0,0,0,0,0,2,2,3
,2024-047412,39.80664549,-104.7721184,9/30/2024 18:18,18:18,15,0,0,6100 OF  TOWER RD E 61ST AVE,1,1,0,0,1,4,0,0,,0,0,0,0,0,4,2,16
,2024-047413,39.73083792,-105.0157876,10/16/2024 5:15,5:15,5,0,0,I-25 SB OFF RAMP & MM 209.482,1,3,1,0,2,8,0,0,,0,0,0,0,0,1,1,16
,2024-047414,39.68756784,-104.9836815,10/26/2024 3:00,3:00,6,0,1,1600  GRANT ST & E IOWA AVE,1,4,0,0,3,12,0,0,25,0,0,0,0,2,4,2,16
,2024-047415,39.77974235,-104.9785858,10/29/2024 18:53,18:53,12,0,0,I-70 & N WASHINGTON ST,1,3,0,0,1,4,0,0,55,0,0,0,0,0,1,2,3
,2024-047418,39.7384099,-104.9704547,10/29/2024 1:41,1:41,6,0,0,E 14TH AVE & N LAFAYETTE ST,1,4,0,0,1,4,0,0,30,0,0,0,0,0,4,3,16
,2024-047419,39.78030474,-104.9495349,10/13/2024 19:21,19:21,12,0,0,I-70 & N STEELE ST,1,3,0,0,1,4,0,0,55,0,0,0,0,0,1,2,16
,2024-047421,39.75000101,-104.979053,10/4/2024 15:40,15:40,3,0,0,24TH ST & COURT PL,1,1,0,0,1,1,0,0,,0,0,0,0,0,4,2,16
,2024-047422,39.71133319,-105.053258,9/28/2024 20:17,20:17,3,0,0, SHERIDAN BLVD & W ALAMEDA AVE,1,2,0,0,1,1,0,0,35,0,0,0,0,0,2,2,13
,2024-047424,39.7121509,-105.006901,10/12/2024 3:30,3:30,6,0,0,1400 W BYERS PL S PECOS ST,1,3,0,0,1,4,0,0,,0,0,0,0,0,4,2,16
,2024-047425,39.68222512,-105.0320868,10/20/2024 16:00,16:00,3,0,0, KNOX CT & JEWELL AVE,1,1,0,0,1,1,0,0,25,0,0,0,0,0,4,2,11
,2024-047426,39.67831316,-104.9406296,10/29/2024 9:08,9:08,15,0,0, COLORADO BLVD & E EVANS AVE,1,1,0,0,1,3,0,0,35,0,0,0,0,0,2,2,16
,2024-047427,39.69495943,-104.9805638,10/29/2024 8:12,8:12,15,0,0,I-25 SB OFF RAMP & S WASHINGTON ST,1,1,0,0,1,8,0,0,40,0,0,0,0,0,1,2,11
,2024-047431,39.78917459,-104.9033102,10/24/2024 0:06,0:06,5,0,0,5100  QUEBEC ST & E 53RD PL,1,3,0,0,3,4,0,0,45,0,0,0,0,0,4,1,16
,2024-047432,39.77282496,-104.8016298,10/22/2024 15:59,15:59,1,0,1, KITTREDGE ST & E 40TH AVE,1,1,0,0,1,1,0,0,40,0,0,0,0,1,4,2,11
,2024-047437,39.73648927,-104.9315421,10/28/2024 12:20,12:20,3,0,1,E 13TH AVE & N DAHLIA ST,1,1,0,0,1,1,0,0,25,0,0,0,0,2,4,2,11
,2024-047438,39.78292938,-104.8470157,10/28/2024 12:14,12:14,3,0,0,4700  PEORIA ST E 47TH AVE,1,1,0,0,1,2,0,0,35,0,0,0,0,0,4,2,1
,2024-047439,39.75679986,-104.9806439,9/29/2024 0:24,0:24,3,0,0,CHAMPA ST & 27TH ST,1,3,0,0,1,1,0,0,25,0,0,0,0,0,4,2,16
,2024-047440,39.77282829,-104.7921501,10/28/2024 6:35,6:35,12,0,0,OB PENA BLVD & E 40TH AVE,1,1,0,0,1,4,0,0,15,0,0,0,0,0,4,3,16
,2024-047442,39.78880846,-104.987567,10/17/2024 16:45,16:45,6,0,0,5000  BROADWAY ST W 51ST AVE,1,4,0,7,1,4,0,0,20,0,0,0,0,0,4,2,16
,2024-047444,39.69673713,-105.0238585,10/29/2024 7:56,7:56,12,0,1,W MISSISSIPPI AVE & S ELIOT ST,1,1,0,0,1,4,0,0,30,0,0,0,0,1,4,2,3
,2024-047445,39.71473062,-104.9407886,10/22/2024 5:50,5:50,2,0,1,COLORADO BLVD & E BAYAUD AVE,1,3,0,0,1,1,0,0,35,1,0,0,0,3,2,1,11
,2024-047448,39.78365207,-104.7887521,10/29/2024 13:15,13:15,12,0,1,E GREEN VALLEY RANCH BLVD & PENA BLVD IB,1,1,0,0,1,4,0,0,35,0,0,0,0,1,4,3,13