id,drcog_id,latitude,longitude,crashtime,time,crashtype,numbkilled,numbinjurd,drcoglocat,rdconditin,lightngcon,roadcntgrd,weatherco,location,roaddescrp,schoolzone,constrzone,splimit,bikeinv,pedinv,sctrinv,motoinv,svrty,rdsystem,ttlvehcls,hcf
,2024-047449,39.78930485,-104.8419988,10/11/2024 15:47,15:47,12,0,0, TROY ST & E 51ST AVE,1,1,0,0,1,1,0,0,25,0,0,0,0,0,4,2,1
,2024-047452,39.74,-104.9788142,9/27/2024 1:39,1:39,6,0,0,E COLFAX AVE & N WASHINGTON ST,1,3,0,0,1,4,0,0,35,0,0,0,1,0,2,2,3
,2024-047453,39.69846503,-104.9035582,10/28/2024 19:00,19:00,11,0,1,E PARKER RD & S QUEBEC ST,1,3,0,0,1,1,0,0,40,0,1,0,0,1,2,1,16
,2024-047455,39.65712497,-105.062218,10/24/2024 17:30,17:30,6,0,0,3000  HURLEY CIR W DATRMOUTH AVE,1,1,0,0,1,4,0,0,,0,0,0,0,0,4,2,16
,2024-047458,39.74543439,-104.9918913,9/29/2024 10:23,10:23,6,0,0,1600 CALIFORNIA ST & 16TH ST.,1,1,0,0,1,4,0,0,20,0,0,0,0,0,4,2,16
,2024-047460,39.78924444,-105.0251804,10/29/2024 9:30,9:30,1,0,0, FEDERAL BLVD & W 51ST AVE,1,1,0,0,1,1,0,0,35,0,0,0,0,0,2,2,11
,2024-047464,39.69300917,-104.9827771,10/28/2024 16:50,16:50,12,0,0, LOGAN ST & E LOUISIANA AVE,1,1,0,0,1,1,0,0,25,0,0,0,0,0,4,2,3
,2024-047466,39.68470109,-104.9650334,10/28/2024 12:20,12:20,12,0,0,2100 E BUCHTEL BLVD & S UNIVERSITY BLVD,1,1,0,0,1,4,0,0,25,0,0,0,0,0,4,2,3
,2024-047469,39.70024813,-104.9152702,10/29/2024 8:38,8:38,3,0,2, LEYDEN ST & E KENTUCKY AVE,1,1,0,0,1,1,0,0,25,0,0,0,0,2,4,2,11
,2024-047470,39.74169237,-105.0145205,10/29/2024 9:24,9:24,12,0,2,I-25 SB ON RAMP FROM AURARIA PKWY,1,1,0,0,1,8,0,0,40,0,0,0,0,1,4,2,13
,2024-047475,39.72932281,-105.0148301,9/29/2024 16:04,16:04,15,0,0,I-25 & W 8TH AVE,1,1,0,1,1,4,0,0,55,0,0,0,0,0,1,2,16
,2024-047476,39.81302946,-104.7863675,10/29/2024 16:23,16:23,12,0,0,PENA BLVD IB & E 56TH AVE,1,1,0,0,1,4,0,0,65,0,0,0,0,0,4,2,11
,2024-047481,39.67646,-105.00318,10/27/2024 5:26,5:26,12,0,1,1300 W EVANS AVE & S NAVAJO ST,1,3,1,0,1,4,0,0,30,0,0,0,0,1,4,2,16
,2024-047483,39.66525682,-104.8912555,10/27/2024 18:48,18:48,5,0,1, SYRACUSE WAY & S YOSEMITE ST,1,3,0,0,3,4,0,0,30,0,0,0,0,2,4,1,13
,2024-047484,39.76823099,-104.9815108,10/29/2024 8:03,8:03,15,0,0, BRIGHTON BLVD & 33RD ST,1,1,0,0,1,4,0,0,30,0,0,0,0,0,4,2,11
,2024-047485,39.70751443,-105.02468,10/1/2024 9:00,9:00,15,0,0,500  FEDERAL BLVD & W CUSTER PL,1,1,0,0,1,4,0,0,40,0,0,0,0,0,2,2,1
,2024-047486,39.68470109,-104.9650334,10/28/2024 12:45,12:45,12,0,0,2100 E BUCHTEL BLVD & HIGH ST,1,1,0,0,1,4,0,0,25,0,0,0,0,0,4,2,3
,2024-047489,39.73675568,-104.9418233,10/28/2024 17:22,17:22,10,0,1,E 13TH AVE & N HARRISON ST,1,1,0,0,1,1,0,0,30,0,0,0,0,1,4,2,8
,2024-047491,39.79830251,-104.7697804,10/29/2024 17:20,17:20,1,0,3,E 56TH AVE & N ARGONNE ST,1,2,0,0,1,1,0,0,35,0,0,0,0,1,4,2,11
,2024-047492,39.73515305,-104.9787,10/28/2024 1:11,1:11,6,0,1,E 12TH AVE & N WASHINGTON ST,1,3,0,0,1,3,0,0,20,0,0,0,0,1,4,2,16
,2024-047498,39.71113818,-105.0184084,10/27/2024 19:00,19:00,15,0,0,2600 W ALAMEDA AVE & S BRYANT ST,1,3,0,0,1,1,0,0,30,0,0,0,0,0,4,5,1
,2024-047499,39.71123942,-105.0251718,10/28/2024 19:48,19:48,15,0,0,W ALAMEDA AVE & S FEDERAL BLVD,1,3,0,0,1,4,0,0,35,0,0,0,0,0,2,2,16
,2024-047502,39.74755595,-104.8881735,10/9/2024 10:25,10:25,2,0,1, WILLOW ST & E MONTVIEW BLVD,1,1,0,0,1,3,0,0,20,1,0,0,0,1,4,1,13
,2024-047503,39.78003447,-104.9851964,10/16/2024 17:10,17:10,12,0,0,I-70 WB OFF RAMP & MM 274.280,1,1,0,0,1,8,0,0,55,0,0,0,0,0,1,2,16
,2024-047504,39.83185603,-104.6929572,10/28/2024 16:30,16:30,12,0,0,E 75TH AVE & N JACKSON GAP ST,1,1,0,0,1,1,0,0,45,0,0,0,0,0,4,2,11
,2024-047505,39.74327313,-104.9835889,10/27/2024 3:50,3:50,3,0,3,E 17TH AVE & N GRANT ST,1,3,0,0,1,3,0,0,35,0,0,0,0,1,4,2,16
,2024-047506,39.75365591,-104.9934187,10/18/2024 23:00,23:00,15,0,0,20TH ST & MARKET ST,1,3,0,0,1,3,0,0,25,0,0,0,0,0,4,2,13
,2024-047511,39.74650833,-105.0106392,10/27/2024 17:16,17:16,16,0,0,1000 CHOPPER CIR,1,1,0,0,5,7,0,0,,0,0,0,0,0,3,2,3
,2024-047519,39.78112898,-104.7423381,10/29/2024 17:00,17:00,1,0,0,E GREEN VALLEY RANCH BLVD & N MALAYA ST,1,1,0,0,1,1,0,0,35,0,0,0,0,0,4,2,11
,2024-047525,39.76565327,-104.9404964,10/13/2024 0:12,0:12,11,0,1,E 35TH AVE & N COLORADO BLVD,1,3,0,0,1,1,0,0,35,0,1,0,0,3,4,1,16
,2024-047526,39.67846013,-104.9333608,9/28/2024 16:40,16:40,15,0,0,I-25 NB OFF RAMP & E EVANS AVE,1,1,1,0,1,1,0,0,,0,0,0,0,0,1,2,16
,2024-047527,39.63428827,-104.9070813,10/12/2024 4:46,4:46,9,0,0,I-25 & MM 200.136,1,3,0,0,1,4,0,0,65,0,0,0,0,0,1,1,16
,2024-047531,39.7644549,-104.9499098,10/25/2024 10:56,10:56,11,0,0,3100 E BRUCE RANDOLPH AVE N ST PAUL ST,1,1,1,0,1,4,0,0,30,0,1,0,0,0,4,1,13
,2024-047532,39.78020751,-104.9502387,10/29/2024 19:41,19:41,12,0,0,I-70 & N BRIGHTON BLVD,1,1,0,0,1,4,0,0,55,0,0,0,0,0,1,2,13
,2024-047533,39.7637962,-104.9222919,10/29/2024 15:45,15:45,12,0,0, HOLLY ST & E 33RD AVE,1,1,0,0,1,3,0,0,25,0,0,0,0,0,4,2,3
,2024-047535,39.77317856,-104.8079312,10/29/2024 7:43,7:43,3,0,0,E ANDREWS DR & E 40TH AVE,1,1,0,0,1,1,0,0,25,0,0,0,0,0,4,2,13
,2024-047536,39.7202558,-105.0250545,10/29/2024 8:14,8:14,12,0,1, FEDERAL BLVD & W 2ND AVE,1,1,0,0,1,3,0,0,35,0,0,0,0,1,2,2,13
,2024-047537,39.75638947,-104.9776984,10/28/2024 11:35,11:35,10,0,1,CALIFORNIA ST & 28TH ST,1,1,0,0,1,1,0,0,30,0,0,0,0,1,4,2,16
,2024-047538,39.70383015,-104.9425756,10/28/2024 9:05,9:05,12,0,0, HARRISON LN & E EXPOSITION AVE,1,1,0,0,1,1,0,0,25,0,0,0,0,0,4,2,11
,2024-047543,39.75334649,-104.995522,10/26/2024 19:49,19:49,2,0,1,BLAKE ST & 19TH ST,1,3,0,0,1,1,0,0,25,1,0,0,0,3,4,1,16
,2024-047558,39.7531621,-104.973365,10/26/2024 5:26,5:26,6,0,0, DOWNING ST & E 25TH AVE,1,3,0,0,1,4,0,0,30,0,0,0,0,0,4,3,16
,2024-047564,39.78363958,-104.789873,10/28/2024 18:30,18:30,12,0,0, PENA BLVD NB ON RAMP & N GREEN VALLEY RANCH BLVD,1,4,0,0,1,8,0,0,65,0,0,0,0,0,4,2,3
,2024-047569,39.79832483,-104.8844456,10/24/2024 22:12,22:12,2,0,1,E 56TH AVE & N CENTRAL PARK BLVD,1,3,0,0,1,1,0,0,0,1,0,0,0,2,4,1,16
,2024-047648,39.72093986,-104.9949307,10/9/2024 8:34,8:34,6,0,0,300  FOX ST & W 4TH AVE,1,1,0,0,1,4,0,0,20,0,0,0,0,0,4,3,13
,2024-047649,39.74081595,-104.8916871,10/8/2024 15:25,15:25,6,0,0,1500  VALENTIA ST & E 16TH AVE,1,1,0,0,1,3,0,0,,0,0,0,0,0,4,2,16
,2024-047650,39.63426529,-105.1099016,10/28/2024 18:39,18:39,1,0,1,W STANFORD AVE & S KIPLING ST,1,3,0,0,1,1,0,0,45,0,0,0,0,3,4,3,16
,2024-047651,39.69737667,-104.9826243,10/30/2024 17:17,17:17,12,0,0,I-25 & S LOGAN ST,1,2,0,0,1,4,0,0,55,0,0,0,0,0,1,3,11
,2024-047653,39.66746048,-105.0814229,10/30/2024 17:14,17:14,15,0,0, WADSWORTH BLVD & W YALE AVE,11,2,0,1,1,4,0,0,45,0,0,0,0,0,2,2,11
,2024-047654,39.66996764,-105.0813753,10/29/2024 13:23,13:23,15,0,0, WADSWORTH BLVD & W VASSAR AVE,1,1,1,0,1,3,0,1,35,0,0,0,0,0,2,2,1
,2024-047655,39.68298063,-104.9399763,10/29/2024 9:57,9:57,12,0,0,I-25 & S COLORADO BLVD,1,1,0,0,1,4,0,0,50,0,0,0,0,0,1,2,7
,2024-047656,39.74717729,-104.9034504,10/24/2024 18:44,18:44,12,0,0, QUEBEC ST & E MONTVIEW BLVD,1,3,0,0,1,4,0,0,35,0,0,0,0,0,4,2,11
,2024-047657,39.67099049,-105.02154,10/4/2024 16:00,16:00,6,0,0,HILLSIDE AVE & 2765 W,1,1,0,0,1,4,0,0,,0,0,0,0,0,4,2,16
,2024-047658,39.77581676,-104.8658545,10/29/2024 6:05,6:05,12,0,0,I-70 & N HAVANA ST,1,3,0,0,1,4,0,0,,0,0,0,0,0,1,3,16
,2024-047659,39.68376017,-104.9408896,10/28/2024 9:57,9:57,5,0,0,I-25 NB ON RAMP & COLORADO BLVD,1,1,1,0,3,8,0,0,25,0,0,0,0,0,1,1,7
,2024-047660,39.7390557,-104.9194582,10/30/2024 16:18,16:18,2,0,0,JERSEY ST & E COLFAX AVE,1,1,0,0,1,4,0,0,25,1,0,0,0,0,4,1,13
,2024-047661,39.76904498,-104.9058425,10/28/2024 10:08,10:08,6,0,0,3691 . PONTIAC ST & E. 38TH AVE,1,1,0,0,1,4,0,0,20,0,0,0,0,0,4,2,16
,2024-047665,39.69859579,-104.9035551,10/29/2024 21:30,21:30,1,0,0,1050  QUEBEC ST & LEETSDALE DR,1,3,3,0,1,1,0,0,30,0,0,0,0,0,4,2,13
,2024-047666,39.7149824,-105.0252397,10/28/2024 16:30,16:30,3,0,0, FEDERAL BLVD & W BAYAUD AVE,1,1,0,0,1,1,0,0,35,0,0,0,0,0,2,2,16
,2024-047667,39.78566672,-104.8825234,10/21/2024 16:33,16:33,3,0,0, CENTRAL PARK BLVD & E NORTHFIELD BLVD,1,1,0,0,1,1,0,0,35,0,0,0,0,0,4,2,11
,2024-047668,39.72509243,-105.0324753,10/14/2024 19:14,19:14,1,0,0, KNOX CT & W 6TH AVE,1,3,0,0,1,1,0,0,,0,0,0,0,0,2,2,16
,2024-047669,39.73207703,-104.940773,10/16/2024 18:00,18:00,15,0,0,E 10TH AVE & N COLORADO BLVD,1,1,0,0,1,1,0,0,,0,0,0,0,0,4,2,16
,2024-047674,39.68040339,-104.9222743,10/30/2024 17:29,17:29,3,0,0, HOLLY ST & E ASBURY AVE,1,1,0,0,1,1,0,0,35,0,0,0,0,0,4,2,16
,2024-047676,39.71496404,-105.0435305,10/21/2024 22:45,22:45,5,0,0,4300 W BAYAUD AVE & S STUART ST,1,3,0,0,3,4,0,0,,0,0,0,0,0,4,1,1
,2024-047677,39.751323,-105.0165225,10/28/2024 14:07,14:07,12,0,0,I-25 & W 23RD AVE,1,1,0,0,1,4,0,0,55,0,0,0,0,0,1,3,10
,2024-047678,39.75824133,-104.9659504,10/30/2024 15:38,15:38,3,0,0, WILLIAMS ST & E 29TH AVE,1,1,0,0,1,1,0,0,25,0,0,0,0,0,4,2,13
,2024-047680,39.67661442,-104.9565177,10/29/2024 12:32,12:32,3,0,1, COLUMBINE ST & E WARREN AVE,1,1,0,7,1,1,0,0,25,0,0,0,0,1,4,2,11
,2024-047681,39.7234924,-105.0250231,10/30/2024 8:53,8:53,1,0,3, FEDERAL BLVD & W 5TH AVE,1,1,0,0,1,1,0,0,35,0,0,0,0,2,2,2,13
,2024-047682,39.7112143,-104.9129184,10/27/2024 21:01,21:01,12,0,1, MONACO ST & E ALAMEDA AVE,1,3,0,0,1,4,0,0,35,0,0,0,0,2,4,2,14
,2024-047683,39.76050507,-105.0056637,10/29/2024 9:34,9:34,15,0,0,I-25 & 20TH ST,1,1,0,0,1,13,0,0,55,0,0,0,0,0,1,2,7
,2024-047685,39.65564443,-105.0532174,10/23/2024 13:57,13:57,15,0,0, SHERIDAN BLVD & MM 0.176,1,1,1,0,1,4,0,0,15,0,0,0,0,0,2,2,13
,2024-047695,39.72562519,-104.9787744,10/29/2024 19:24,19:24,11,0,1,E 6TH AVE & N WASHINGTON ST,1,3,0,0,1,1,0,0,0,0,0,1,0,1,4,1,16
,2024-047711,39.72534117,-104.9167192,10/28/2024 18:03,18:03,15,0,0,E 6TH AVE & N KRAMERIA ST,1,3,3,0,1,3,0,0,35,0,0,0,0,0,2,2,16
,2024-047726,39.74150541,-105.0066607,10/10/2024 9:18,9:18,6,0,0,7TH STREET & CURTIS STREET,1,1,0,0,1,4,0,0,30,0,0,0,0,0,4,2,7
,2024-047729,39.77303146,-104.8356857,10/28/2024 12:27,12:27,11,0,1,I-70 & I-225 ON RAMP ENT,1,1,0,0,1,4,0,0,0,0,1,0,0,3,1,1,16
,2024-047802,39.79170742,-104.9035347,3/10/2024 1:00,1:00,1,1,0, QUEBEC ST & E 53RD AVE,1,3,0,0,1,2,0,0,35,0,0,0,0,4,2,2,1
,2024-047805,39.74358377,-104.9925206,9/30/2024 10:00,10:00,2,0,1,15TH ST & WELTON ST,1,1,3,0,1,2,0,0,30,1,0,0,0,3,4,1,8
,2024-047810,39.70220354,-105.0250601,10/31/2024 7:27,7:27,12,0,0, FEDERAL BLVD & W OHIO AVE,1,1,0,0,1,4,0,0,35,0,0,0,0,0,2,2,16
,2024-047811,39.83811043,-104.7131699,10/13/2024 6:40,6:40,12,0,1,23500 E 78TH AVE & JACKSON GAP RD,1,2,0,0,1,4,0,0,,0,0,0,1,2,4,2,16
,2024-047824,39.77766773,-104.9537698,9/29/2024 16:30,16:30,6,0,0,4400  CLAYTON ST & E 45TH AVE,1,1,0,0,1,4,0,0,30,0,0,0,0,0,4,2,10
,2024-047825,39.74405969,-105.0006066,10/17/2024 15:45,15:45,15,0,1, SPEER BLVD & ARAPAHOE ST,1,1,0,0,1,1,0,0,35,0,0,0,0,1,4,2,16
,2024-047828,39.70558272,-104.9593304,10/31/2024 14:05,14:05,12,0,1, UNIVERSITY BLVD & E CENTER AVE,1,1,0,0,1,3,0,0,30,0,0,0,0,2,4,2,1
,2024-047831,39.68870037,-104.9711704,10/30/2024 8:40,8:40,15,0,0,I-25 & SB OFF RAMP EXT TO S UNIVERSITY BLVD,11,1,1,1,1,8,0,0,55,0,0,0,0,0,1,2,11
,2024-047832,39.75740204,-105.0105108,10/22/2024 16:35,16:35,3,0,0,15TH ST & CENTRAL ST,1,1,0,0,1,1,0,0,20,0,0,0,0,0,4,2,11
,2024-047833,39.72805065,-105.0462707,10/30/2024 23:53,23:53,5,0,0,677  VRAIN ST & W 7TH AVE,1,3,1,0,2,4,0,0,25,0,0,0,0,0,4,1,13
,2024-047834,39.72255253,-104.9594433,10/29/2024 17:20,17:20,12,0,0, UNIVERSITY BLVD & E 4TH AVE,1,1,0,0,1,1,0,0,30,0,0,0,0,0,4,3,3
,2024-047835,39.70027604,-104.9082185,9/30/2024 11:45,11:45,8,0,0,LEETSDALE DR & S ONEIDA ST,1,1,0,0,1,1,0,0,40,0,0,0,0,0,2,2,10
,2024-047836,39.69661306,-105.0532406,9/29/2024 17:15,17:15,12,0,1, SHERIDAN BLVD & W MISSISSIPPI AVE,1,1,1,0,1,3,0,0,,0,0,0,0,1,2,3,16
,2024-047837,39.78333712,-105.0077257,10/30/2024 5:55,5:55,12,0,0,I-70 & N PECOS ST,1,3,1,0,1,4,0,0,55,0,0,0,0,0,1,3,11
,2024-047838,39.68291519,-104.9405273,10/29/2024 10:00,10:00,15,0,0,I-25 & S COLORADO BLVD,1,1,0,0,1,4,0,0,65,0,0,0,0,0,1,2,3
,2024-047841,39.7111855,-105.0015651,10/29/2024 12:15,12:15,15,0,0,W ALAMEDA AVE & S LIPAN ST,1,1,0,0,1,4,0,0,35,0,0,0,0,0,2,2,16
,2024-047842,39.65308108,-104.89269,10/31/2024 6:16,6:16,15,0,1,E HAMPDEN AVE & S ULSTER ST,1,4,1,0,1,4,0,0,40,0,0,0,0,1,2,2,1
,2024-047843,39.7209413,-104.9862462,10/31/2024 10:24,10:24,6,0,1,E 3RD AVE & N LINCOLN ST,1,1,0,0,1,7,0,0,10,0,0,0,0,3,4,3,10
,2024-047844,39.72695285,-104.99284,10/31/2024 13:42,13:42,3,0,0, DELAWARE ST & W 7TH AVE,1,1,0,0,1,2,0,0,30,0,0,0,0,0,4,2,13
,2024-047845,39.73688788,-104.9823025,10/31/2024 7:16,7:16,3,0,1, LOGAN ST & E 13TH AVE,1,1,0,0,1,1,0,0,35,0,0,0,0,2,4,2,3
,2024-047846,39.76930364,-104.9974998,10/30/2024 6:15,6:15,5,0,0,W 38TH AVE & N INCA ST,11,1,1,1,1,4,0,0,30,0,0,0,0,0,4,1,14
,2024-047847,39.75301193,-104.9854221,10/2/2024 17:30,17:30,15,0,0,PARK AVE & CHAMPA ST,1,1,0,0,1,3,0,0,35,0,0,0,0,0,4,2,8
,2024-047848,39.77670335,-105.0427282,10/31/2024 13:04,13:04,3,0,2, STUART ST & W 44TH AVE,1,1,0,0,1,1,0,0,30,0,0,0,0,1,4,2,13
,2024-047849,39.78054189,-104.9495337,10/31/2024 5:55,5:55,3,0,1, STEELE ST & E 46TH N AVE,1,3,0,0,1,1,0,0,35,0,0,0,0,2,2,2,16
,2024-047850,39.72542501,-105.0306482,10/31/2024 6:16,6:16,15,0,1,W 6TH AVE & N KNOX CT,1,4,1,0,1,4,0,0,55,0,0,0,0,1,2,2,14
,2024-047851,39.72566041,-104.9904601,10/31/2024 8:01,8:01,10,0,0,W 6TH AVE & N BANNOCK ST,1,1,0,0,1,1,0,0,35,0,0,0,0,0,4,2,13
,2024-047852,39.76539841,-104.9026045,10/25/2024 14:47,14:47,1,0,0,E 35TH AVE & N QUEBEC ST,1,1,0,0,1,1,0,0,30,0,0,0,0,0,4,2,13
,2024-047853,39.75932784,-104.9005162,10/25/2024 15:28,15:28,3,0,0,2900  ROSLYN ST E 29TH AVE,1,1,0,0,1,1,0,0,30,0,0,0,0,0,4,2,13
,2024-047854,39.7525906,-104.9872933,10/29/2024 12:15,12:15,12,0,1,22ND ST & N BROADWAY ST,1,1,0,0,1,3,0,0,30,0,0,0,0,1,4,3,2
,2024-047855,39.74946453,-104.9406017,10/29/2024 15:40,15:40,12,0,1, COLORADO BLVD & E 22ND AVE,1,1,0,0,1,3,0,0,35,0,0,0,0,2,1,2,3
,2024-047856,39.65064368,-104.9286015,10/31/2024 8:11,8:11,3,0,1, FOREST WY & E HAPPY CANYON RD,1,1,0,0,1,1,0,0,25,0,0,0,0,1,4,2,11
,2024-047857,39.79479312,-104.8097221,10/31/2024 5:27,5:27,3,0,2,E MAXWELL PL & N CHAMBERS RD,1,3,0,0,1,1,0,0,30,0,0,0,0,3,4,2,16
,2024-047859,39.69295517,-104.9523678,10/29/2024 8:30,8:30,15,0,0, MILWAUKEE ST & E LOUISIANA AVE,1,1,0,0,1,1,0,0,,0,0,0,0,0,4,2,16
,2024-047860,39.71121663,-105.0299617,10/30/2024 8:47,8:47,15,0,0,W ALAMEDA AVE & S IRVING ST,1,1,0,0,1,4,0,0,30,0,0,0,0,0,2,2,16
,2024-047862,39.7448419,-105.0174055,10/6/2024 17:30,17:30,5,0,0,I-25 & MM 210.619,1,1,3,0,2,4,0,0,,0,0,0,0,0,1,2,16
,2024-047863,39.725674,-105.0132201,10/11/2024 17:05,17:05,15,0,0,I-25 & W 6TH AVE,1,1,0,0,1,4,0,0,55,0,0,0,0,0,1,2,3
,2024-047864,39.73658332,-105.0360685,9/24/2024 16:20,16:20,6,0,0,13TH AVE & 3700 W,1,1,0,0,1,4,0,0,25,0,0,0,0,0,4,2,16
,2024-047865,39.69268921,-104.9769383,10/30/2024 7:41,7:41,3,0,1, EMERSON ST & E BUCHTEL BLVD,1,1,0,0,1,1,0,0,30,0,0,0,0,1,4,2,11
,2024-047866,39.70389368,-104.9593593,10/30/2024 14:00,14:00,12,0,0, UNIVERSITY BLVD & E EXPOSITION AVE,1,1,0,0,1,3,0,0,30,0,0,0,0,0,4,2,2
,2024-047867,39.69112848,-104.9980327,10/23/2024 18:22,18:22,1,1,0, PLATTE RIVER DR & S INCA ST,1,3,0,0,1,1,0,0,30,0,0,0,1,4,4,2,1
,2024-047868,39.75659653,-105.0158313,10/5/2024 13:25,13:25,12,0,0, ZUNI ST & SPEER BLVD,1,1,0,0,1,4,0,0,30,0,0,0,0,0,4,2,16
,2024-047869,39.74002481,-104.9980148,10/31/2024 12:45,12:45,3,0,0,W COLFAX AVE & N SPEER BLVD,1,1,0,0,1,1,0,0,35,0,0,0,0,0,2,2,3
,2024-047870,39.78363983,-104.7850791,10/30/2024 16:29,16:29,12,0,0,E GREEN VALLEY RANCH BLVD & N SALIDA ST,1,2,0,0,1,4,0,0,40,0,0,0,0,0,4,2,13
,2024-047871,39.71115848,-105.0015558,10/31/2024 17:12,17:12,12,0,1, LIPAN ST & W ALAMEDA AVE,1,2,0,0,1,3,0,0,20,0,0,0,0,1,2,2,3
,2024-047872,39.74743261,-104.9128032,10/31/2024 8:00,8:00,6,0,0, MONACO ST PKWY & E MONTVIEW BLVD,1,1,0,0,3,4,0,0,30,0,0,0,0,0,4,4,16
,2024-047873,39.69117086,-104.9827975,10/31/2024 17:13,17:13,3,0,1,E ARKANSAS AVE & S LOGAN ST,1,3,0,0,1,1,0,0,20,0,0,0,0,2,4,3,13
,2024-047874,39.67411519,-104.9407928,10/31/2024 9:29,9:29,15,0,0, COLORADO BLVD & E JEROME AVE,1,1,0,0,1,4,0,1,35,0,0,0,0,0,2,2,16
,2024-047876,39.66718697,-105.0814243,10/19/2024 22:04,22:04,15,0,1, WADSWORTH BLVD & W YALE AVE,1,3,0,0,1,4,0,0,40,0,0,0,0,2,2,2,16
,2024-047877,39.64298261,-104.9124478,10/31/2024 8:57,8:57,15,0,0,I-25 & E HAMPDEN AVE,1,1,0,0,1,4,0,0,65,0,0,0,0,0,1,2,1
,2024-047878,39.74346347,-104.959172,10/31/2024 8:00,8:00,3,0,0, JOSEPHINE ST & E 17TH AVE,1,1,0,0,1,1,0,0,25,0,0,0,0,0,4,2,7
,2024-047879,39.6574431,-105.0479007,10/31/2024 8:19,8:19,3,0,0, WOLFF ST & W DARTMOUTH AVE,1,1,0,0,1,1,0,0,20,0,0,0,0,0,4,2,13
,2024-047880,39.78098521,-104.8470163,10/26/2024 22:00,22:00,3,0,1,E ALBROOK DR & 4600 N PEORIA ST,1,3,0,0,1,1,0,0,35,0,0,0,0,3,4,3,14
,2024-047881,39.83185603,-104.6929572,10/31/2024 1:09,1:09,1,0,0,E 75TH AVE & JACKSON GAP RD,1,3,0,0,1,1,0,0,35,0,0,0,0,0,4,2,2
,2024-047882,39.67525413,-104.9311809,10/3/2024 9:28,9:28,15,0,0,I-25 & MM 203.236,1,1,0,0,1,4,0,0,,0,0,0,0,0,1,3,16
,2024-047883,39.7681657,-104.9721118,10/29/2024 17:05,17:05,1,0,0,E 37TH AVE & N MARION ST,1,1,0,0,1,1,0,0,25,0,0,0,0,0,4,2,11
,2024-047885,39.76746179,-104.9039603,10/18/2024 6:30,6:30,12,0,0,I-70 & N PEORIA ST,1,1,0,0,1,4,0,0,55,0,0,0,0,0,1,2,16
,2024-047886,39.7805565,-104.9630872,8/27/2024 18:00,18:00,15,0,0,I-70 & MM 275.367,1,1,0,0,1,4,0,0,,0,0,0,0,0,1,2,16
,2024-047887,39.75121054,-105.0252855,10/17/2024 23:16,23:16,3,0,1, FEDERAL BLVD & W 23RD AVE,1,3,0,0,1,1,0,0,35,0,0,0,0,1,2,2,16
,2024-047888,39.78363983,-104.7850791,10/30/2024 17:24,17:24,12,0,0,E GREEN VALLEY RANCH BLVD & N SALIDA ST,1,2,0,0,1,4,0,0,40,0,0,0,0,0,4,2,13
,2024-047889,39.6802373,-105.0275226,10/31/2024 9:17,9:17,3,0,0,W ASBURY AVE & S HAZEL CT,1,1,0,0,1,1,0,0,25,0,0,0,0,0,4,2,11
,2024-047890,39.74742523,-105.0181231,10/30/2024 7:28,7:28,12,0,0,I-25 & W 23RD AVE,1,1,0,0,1,4,0,0,55,0,0,0,0,0,1,3,13
,2024-047891,39.63828518,-104.8947947,10/31/2024 9:53,9:53,1,0,1,E QUINCY AVE & S TAMARAC ST,1,1,0,0,1,1,0,0,30,0,0,0,0,1,4,2,10
,2024-047892,39.75504637,-105.0252863,10/31/2024 11:55,11:55,12,0,1, FEDERAL BLVD & W 26TH AVE,1,1,0,0,1,3,0,1,30,0,0,0,0,1,2,2,13
,2024-047893,39.63549215,-104.8935993,10/29/2024 8:35,8:35,12,0,0,I-225 & S TAMARAC ST,1,1,0,0,1,4,0,0,55,0,0,0,0,0,1,2,3
,2024-047894,39.74375981,-104.9407837,10/30/2024 9:00,9:00,1,0,1,E 17TH AVE & N COLORADO BLVD,1,1,0,0,1,1,0,0,30,0,0,0,0,1,2,4,1
,2024-047897,39.79105487,-105.0532484,10/17/2024 14:10,14:10,10,0,0, SHERIDAN BLVD & N. 52ND AVE,1,1,1,0,1,1,0,0,,0,0,0,0,0,2,2,16
,2024-047898,39.7484624,-105.0033458,10/30/2024 22:21,22:21,3,0,0,AURARIA PKWY & N SPEER BLVD,1,3,0,0,1,1,0,0,35,0,0,0,0,0,4,2,14
,2024-047899,39.76738125,-104.9025338,10/31/2024 15:34,15:34,15,0,0,E 36TH AVE & QUEBEC ST,1,1,0,0,1,1,0,0,30,0,0,0,0,0,4,2,14
,2024-047900,39.71336751,-104.893185,10/31/2024 14:28,14:28,3,0,0,E CEDAR PL & S FAIRMOUNT DR,1,1,0,0,1,1,0,0,30,0,0,0,0,0,4,2,13
,2024-047901,39.69790153,-104.9733831,10/1/2024 23:01,23:01,6,0,0, DOWNING ST & E TENNESSEE AVE,1,3,0,0,1,4,0,0,35,0,0,0,0,0,4,2,16
,2024-047904,39.70734731,-104.9222823,10/31/2024 23:42,23:42,3,0,0, HOLLY ST & LEETSDALE DR,1,3,0,0,1,1,0,0,25,0,0,0,0,0,2,2,2