id,drcog_id,latitude,longitude,crashtime,time,crashtype,numbkilled,numbinjurd,drcoglocat,rdconditin,lightngcon,roadcntgrd,weatherco,location,roaddescrp,schoolzone,constrzone,splimit,bikeinv,pedinv,sctrinv,motoinv,svrty,rdsystem,ttlvehcls,hcf
,2024-047905,39.735276,-104.9861235,10/30/2024 12:00,12:00,3,0,0, LINCOLN ST & E 12TH AVE,1,1,0,0,1,1,0,0,35,0,0,0,0,0,4,2,1
,2024-047909,39.7351086,-104.9445241,11/1/2024 17:35,17:35,16,0,0,GARFIELD ST & MONROE ST ALLEY,1,1,0,0,5,9,0,0,20,0,0,0,0,0,3,2,13
,2024-047910,39.72242559,-105.0101974,10/31/2024 19:50,19:50,12,0,2,I-25 & W 6TH AVE,1,1,0,0,1,4,0,0,60,0,0,0,0,2,1,3,13
,2024-047911,39.72571765,-105.0250832,11/1/2024 17:33,17:33,15,0,0,W 6TH AVE & N FEDERAL BLVD,1,1,0,0,1,4,0,0,55,0,0,0,0,0,2,2,16
,2024-047912,39.77355728,-104.8396625,10/30/2024 8:24,8:24,12,0,1,I-70 & PEORIA ST,1,1,0,0,1,4,0,0,55,0,0,0,0,1,1,3,13
,2024-047914,39.77319002,-104.8098795,11/1/2024 6:26,6:26,11,0,1,E 40TH AVE & N CHAMBERS RD,1,3,0,0,1,1,0,0,35,0,1,0,0,3,4,1,13
,2024-047915,39.76075215,-104.9717203,11/1/2024 5:47,5:47,6,0,0,E 31ST AVE & N MARION ST,1,3,0,0,1,4,0,0,25,0,0,0,0,0,4,2,16
,2024-047916,39.7003593,-104.9084739,11/1/2024 8:07,8:07,15,0,2,LEETSDALE DR & S ONEIDA ST,1,1,0,0,1,3,0,0,30,0,0,0,0,2,2,2,14
,2024-047917,39.72909606,-104.9874042,10/31/2024 16:00,16:00,15,0,0,E 8TH AVE & N BROADWAY ST,1,1,0,0,1,1,0,0,30,0,0,0,0,0,4,2,3
,2024-047918,39.77282866,-104.798138,10/31/2024 19:55,19:55,3,0,1,E ANDREWS WY & N MEMPHIS CT,1,3,0,0,1,2,0,0,25,0,0,0,0,2,4,2,11
,2024-047919,39.66763324,-104.9128742,10/31/2024 12:30,12:30,12,0,0,E YALE AVE & S MONACO ST PKWY,1,1,0,0,1,1,0,0,30,0,0,0,0,0,4,2,3
,2024-047920,39.83792481,-104.6855698,10/31/2024 5:45,5:45,1,0,0,26296 E 78TH AVE & N NEWBERN ST,1,3,0,0,1,2,0,0,35,0,0,0,0,0,4,2,16
,2024-047923,39.66757648,-104.9257748,10/31/2024 9:25,9:25,12,0,0,I-25 & E YALE AVE,1,1,0,0,1,4,0,0,60,0,0,0,0,0,1,2,3
,2024-047924,39.72732139,-105.0001924,11/1/2024 19:57,19:57,5,0,0, KALAMATH ST & W 7TH AVE,1,3,0,0,2,1,0,0,,0,0,0,0,0,4,1,16
,2024-047925,39.68408586,-105.0128942,11/1/2024 9:14,9:14,3,0,0,W COLORADO AVE & S VALLEJO ST,1,1,0,0,1,1,0,0,25,0,0,0,0,0,4,2,11
,2024-047926,39.67772296,-104.933583,10/31/2024 11:35,11:35,12,0,2,I-25 SB ON RAMP & E EVANS AVE,1,1,0,0,1,8,0,0,45,0,0,0,0,1,1,2,13
,2024-047927,39.83528808,-104.7468329,10/31/2024 16:11,16:11,12,0,0,E-470 NB & PENA BLVD,1,1,0,0,1,4,0,0,75,0,0,0,0,0,2,3,11
,2024-047928,39.7111102,-104.9733931,11/1/2024 8:43,8:43,3,0,2,E ALAMEDA AVE & S DOWNING ST,1,1,0,0,1,1,0,0,30,0,0,0,0,1,4,3,16
,2024-047929,39.63843602,-104.8874296,10/31/2024 6:32,6:32,15,0,0,I-225 & SB OFF RAMP TO S TAMARAC ST GORE PT,1,1,3,0,1,8,0,0,55,0,0,0,0,0,1,2,1
,2024-047930,39.65307888,-104.8981934,11/1/2024 17:49,17:49,12,0,0,E HAMPDEN AVE & S TAMARAC DR,1,2,1,0,1,3,0,0,35,0,0,0,0,0,2,2,13
,2024-047931,39.74003283,-104.989896,11/1/2024 6:02,6:02,15,0,0,W COLFAX AVE & N BANNOCK ST,1,3,0,0,1,4,0,0,30,0,0,0,0,0,2,2,13
,2024-047932,39.6762006,-104.9036072,11/1/2024 8:24,8:24,12,0,1, QUEBEC ST & E ILIFF AVE,1,1,0,0,1,4,0,0,35,0,0,0,0,1,4,4,3
,2024-047933,39.78017683,-104.9895609,10/29/2024 6:58,6:58,12,0,0,I-25 & I-70,1,1,1,0,1,4,0,0,55,0,0,0,0,0,1,2,14
,2024-047935,39.76445945,-104.9401575,10/19/2024 1:16,1:16,5,0,2,E BRUCE RANDOLPH AVE & N COLORADO BLVD,1,3,0,0,3,4,0,0,30,0,0,0,0,3,4,1,16
,2024-047936,39.65841531,-104.9208896,11/1/2024 18:23,18:23,12,0,0,I-25 & MM 202,1,3,0,0,1,4,0,0,65,0,0,0,0,0,1,2,11
,2024-047937,39.69860723,-104.9874555,10/31/2024 10:40,10:40,3,0,0, BROADWAY ST & E TENNESSEE AVE,1,1,0,0,1,1,0,0,30,0,0,0,0,0,4,2,3
,2024-047938,39.68467277,-104.9495508,10/31/2024 16:45,16:45,12,0,1,I-25 & S UNIVERSITY BLVD,1,3,0,0,1,4,0,0,55,0,0,0,0,1,1,4,13
,2024-047941,39.75637493,-104.8705579,9/28/2024 3:30,3:30,6,0,0,2742  FULTON ST & E 28TH AVE,1,3,0,0,1,4,0,0,20,0,0,0,0,0,4,3,16
,2024-047942,39.7638422,-105.002283,11/1/2024 7:02,7:02,12,0,0,I-25 & 20TH ST,1,2,1,0,1,4,0,0,55,0,0,0,0,0,1,2,14
,2024-047943,39.77288115,-104.9405108,10/9/2024 17:39,17:39,12,0,0,E 40TH AVE & N COLORADO BLVD,1,1,0,0,1,1,0,0,25,0,0,0,0,0,2,2,13
,2024-047944,39.749296,-104.9798008,10/31/2024 15:35,15:35,15,0,0,COURT PL & PARK AVE W,1,1,0,0,1,4,0,0,35,0,0,0,0,0,4,3,11
,2024-047945,39.72728452,-105.0143235,10/31/2024 15:46,15:46,15,0,0,I-25 & W 6TH AVE,1,1,1,0,1,4,0,0,55,0,0,0,0,0,1,3,11
,2024-047946,39.6822722,-105.0250198,11/1/2024 14:31,14:31,12,0,0, FEDERAL BLVD & W JEWELL AVE,1,1,0,0,1,4,0,0,35,0,0,0,0,0,2,2,13
,2024-047947,39.7476249,-104.9870985,10/30/2024 14:30,14:30,6,0,0,WELTON ST & N BROADWAY ST,1,1,0,0,1,3,0,0,35,0,0,0,0,0,4,2,16
,2024-047948,39.78037288,-104.9681746,10/29/2024 14:05,14:05,12,0,2,I-70 WB OFF RAMP & E 46TH AVE N,1,1,0,0,1,8,0,0,35,0,0,0,0,3,1,2,7
,2024-047949,39.72567938,-105.0027263,10/31/2024 13:34,13:34,12,0,2,W 6TH AVE & N KALAMATH ST,1,1,0,0,1,4,0,0,55,0,0,0,0,1,2,3,14
,2024-047950,39.77926457,-104.9894767,10/30/2024 11:54,11:54,5,0,0,I-70 EB OFF RAMP TO NB -25 & I-25,11,1,1,2,2,8,0,0,55,0,0,0,0,0,1,1,7
,2024-047951,39.78227722,-104.8630972,10/31/2024 16:26,16:26,6,0,0,E 47TH AVE & IRONTON ST,1,1,3,0,1,4,0,0,35,0,0,0,0,0,4,2,13
,2024-047952,39.74744331,-104.9034481,10/31/2024 22:13,22:13,3,0,1,E MONTVIEW BLVD & N QUEBEC ST,1,3,0,0,1,1,0,0,30,0,0,0,0,1,4,2,16
,2024-047953,39.71605731,-104.9222618,11/1/2024 9:59,9:59,12,0,0, HOLLY ST & E ELLSWORTH AVE,1,1,0,0,1,3,0,0,25,0,0,0,0,0,4,2,3
,2024-047955,39.73452539,-104.9586094,11/1/2024 11:24,11:24,6,0,0, JOSEPHINE ST & E 11TH AVE,1,1,0,0,1,4,0,0,30,0,0,0,0,0,4,3,10
,2024-047956,39.78138454,-104.816869,11/1/2024 11:37,11:37,3,0,1,E BOLLING DR & N ENID WY,1,1,0,0,1,1,0,0,25,0,0,0,0,1,4,2,13
,2024-047957,39.65299786,-104.9233923,11/1/2024 9:15,9:15,12,0,0,E HAMPDEN AVE & S HOLLY ST,1,1,0,0,1,4,0,0,35,0,0,0,0,0,2,2,3
,2024-047959,39.73685757,-104.9957206,10/31/2024 23:56,23:56,3,0,0, SPEER BLVD & W 13TH AVE,1,3,0,0,1,1,0,0,35,0,0,0,0,0,4,2,1
,2024-047961,39.66763324,-104.9128742,10/31/2024 11:00,11:00,12,0,0,E YALE AVE & S MONACO ST PKWY,1,1,0,0,1,1,0,0,30,0,0,0,0,0,4,2,3
,2024-047962,39.72409102,-105.0532653,10/31/2024 19:16,19:16,3,0,0,W 5TH AVE & N SHERIDAN BLVD,1,3,0,0,1,1,0,0,,0,0,0,0,0,2,2,16
,2024-047963,39.78362122,-104.7744645,10/31/2024 22:30,22:30,1,0,3,GREEN VALLEY RANCH BLVD & YAMPA ST,1,3,0,0,1,1,0,0,35,0,0,0,0,2,4,2,1
,2024-047964,39.77179887,-104.8287298,9/3/2024 12:26,12:26,15,0,0,I-225 NB TO WB FLYOVER & I-70,1,1,1,0,1,8,0,0,55,0,0,0,0,0,1,2,10
,2024-047965,39.79844446,-104.7413643,10/16/2024 9:48,9:48,3,0,0,E 56TH AVE & N NEPAL ST,1,1,0,0,1,1,0,0,20,0,0,0,0,0,4,2,13
,2024-047969,39.74020651,-104.9222959,11/2/2024 2:48,2:48,3,0,1, HOLLY ST & E COLFAX AVE,1,3,0,0,1,1,0,0,35,0,0,0,1,2,2,2,11
,2024-047970,39.70657291,-105.0467447,11/2/2024 8:26,8:26,12,0,0,W CUSTER PL & S UTICA ST,1,1,0,0,1,4,0,0,20,0,0,0,0,0,4,2,11
,2024-047973,39.76434282,-104.9867539,11/2/2024 2:55,2:55,5,0,1,2890  BRIGHTON BLVD & 28TH AVE,1,3,0,0,2,4,0,0,35,0,0,0,0,2,4,1,16
,2024-047977,39.8332565,-104.7196438,11/2/2024 10:17,10:17,5,0,0,PENA BLVD IB & N GUN CLUB RD,1,1,0,0,3,4,0,0,65,0,0,0,0,0,4,1,3
,2024-047978,39.78363941,-104.7898894,11/2/2024 13:51,13:51,1,0,1,E GREEN VALLEY RANCH BLVD & PENA BLVD IB RAMPS,1,1,0,0,1,1,0,0,40,0,0,0,0,2,4,2,11
,2024-047986,39.78389244,-105.0251927,11/2/2024 14:50,14:50,1,0,1, FEDERAL BLVD & I-70 EB RAMPS,1,1,0,0,1,1,0,0,35,0,0,0,0,2,2,2,11
,2024-047989,39.76757848,-104.996916,11/2/2024 19:35,19:35,12,0,1,I-25 & PARK AVE W,1,3,0,0,1,4,0,0,55,0,0,0,0,2,1,2,13
,2024-047993,39.72548674,-105.0327933,11/2/2024 18:26,18:26,12,0,0,W 6TH AVE & S KNOX CT,1,2,0,0,1,4,0,0,65,0,0,0,0,0,2,2,13
,2024-047994,39.7538625,-104.9792599,10/28/2024 22:20,22:20,2,0,1,26TH ST & WELTON ST,1,3,0,0,1,1,0,0,0,1,0,0,0,2,4,1,16
,2024-047995,39.72412276,-105.0001817,10/29/2024 17:25,17:25,3,0,1,W 5TH AVE & N KALAMATH ST,1,3,0,0,1,1,0,0,35,0,0,0,0,2,4,3,16
,2024-047996,39.71108422,-105.0249415,10/28/2024 12:48,12:48,12,0,0, FEDERAL BLVD & W ALAMEDA AVE,1,1,0,0,1,3,0,0,40,0,0,0,0,0,2,2,3
,2024-047997,39.78363965,-104.7904783,11/1/2024 18:31,18:31,12,0,0,PENA BLVD & GREEN VALLEY RANCH BLVD,1,3,0,0,1,1,0,0,50,0,0,0,0,0,4,2,3
,2024-047998,39.78167456,-104.9958367,11/1/2024 22:17,22:17,5,0,0,I-70 & EB OFF RAMP MERGE PT TO I-25,1,4,0,0,3,8,0,0,55,0,0,0,0,0,1,1,16
,2024-047999,39.74740186,-104.9337732,11/1/2024 21:38,21:38,12,0,0,E MONTVIEW BLVD & N CHERRY ST,1,3,0,0,1,1,0,0,30,0,0,0,0,0,4,2,13
,2024-048003,39.77296404,-104.8348991,11/1/2024 18:32,18:32,12,0,0,I-70 & I-225 ON RAMP ENT,1,3,0,0,1,8,0,0,55,0,0,0,0,0,1,2,11
,2024-048004,39.61474343,-105.0911446,11/2/2024 15:09,15:09,1,0,0, WADSWORTH BLVD & W LONG DR,1,1,0,0,1,1,0,0,45,0,0,0,0,0,2,2,11
,2024-048006,39.68278889,-104.9594252,11/2/2024 19:58,19:58,1,0,1,E BUCHTEL BLVD & S UNIVERSITY BLVD,1,3,0,0,1,1,0,0,35,0,0,0,0,2,4,2,11
,2024-048026,39.84928164,-104.6726895,11/1/2024 5:10,5:10,16,0,0,8400 PENA BLVD,1,3,0,0,5,7,0,0,15,0,0,0,0,0,3,2,13
,2024-048027,39.71842969,-104.9985751,11/2/2024 18:06,18:06,3,0,0,W 1ST AVE & N SANTA FE DR,1,3,0,0,1,1,0,0,40,0,0,0,0,0,2,2,7
,2024-048028,39.79840361,-104.7879482,11/1/2024 20:30,20:30,12,0,1,PENA BLVD OB ON RAMP & E 56TH AVE,1,3,0,0,1,8,0,0,55,0,0,0,0,1,4,2,16
,2024-048029,39.72932336,-105.0150501,11/1/2024 23:10,23:10,5,0,1,I-25 SB OFF RAMP & W 8TH AVE,1,3,0,0,2,8,0,0,15,0,0,0,0,2,1,1,3
,2024-048037,39.68497908,-105.0250115,10/16/2024 15:22,15:22,11,0,0, FEDERAL BLVD & W COLORADO AVE,1,1,0,0,1,1,0,0,0,0,0,1,0,0,2,1,16
,2024-048044,39.736849,-104.9861297,10/25/2024 16:19,16:19,15,0,0,E 13TH AVE & N LINCOLN ST,1,1,1,0,1,1,0,0,30,0,0,0,0,0,4,2,13
,2024-048045,39.75583871,-104.9987506,10/29/2024 15:32,15:32,11,0,1,19TH ST & WEWATTA ST,1,1,0,0,1,1,0,0,0,0,0,1,0,2,4,1,16
,2024-048050,39.75843866,-104.9854909,10/4/2024 22:50,22:50,6,0,0,LARIMER ST & 26TH ST,1,3,0,0,1,4,0,0,,0,0,0,0,0,4,3,16
,2024-048058,39.67846249,-104.9975463,10/30/2024 16:39,16:39,11,0,1,W EVANS AVE & S PLATTE RIVER DR,11,2,0,1,1,1,0,0,0,0,0,1,0,1,4,1,16
,2024-048072,39.73385781,-104.9874157,10/11/2024 1:12,1:12,2,0,1,E 11TH AVE & N BROADWAY ST,1,3,0,0,1,1,0,0,0,1,0,0,0,3,4,1,16
,2024-048105,39.74015078,-105.0019112,10/8/2024 21:24,21:24,16,0,0,10TH ST & COLFAX AVE,1,3,0,0,5,7,0,0,,0,0,0,0,0,3,1,14
,2024-048109,39.74658,-105.00467,10/3/2024 6:35,6:35,5,0,0,WALNUT ST & 11TH ST,1,2,0,0,3,1,0,0,15,0,0,0,0,0,4,1,7
,2024-048122,39.73966325,-105.0092743,10/2/2024 11:23,11:23,6,0,0,COLFAX  & 5TH STREET,1,1,0,0,1,7,0,0,35,0,0,0,0,0,2,2,7
,2024-048153,39.70666763,-104.9965606,8/30/2024 19:25,19:25,12,0,1,I25 HWYNB & S SANTA FE DR,1,1,0,0,1,4,0,0,60,0,0,0,0,2,1,2,1
,2024-048154,39.75536831,-105.0126881,8/27/2024 8:00,8:00,15,0,0,I-25 & SPEER BLVD,1,3,0,0,1,4,0,0,55,0,0,0,0,0,1,2,13
,2024-048171,39.71114154,-104.9827821,10/20/2024 0:31,0:31,3,0,0,E ALAMEDA AVE & S LOGAN ST,1,3,0,0,1,1,0,0,35,0,0,0,0,0,4,2,16
,2024-048179,39.68577892,-104.987534,11/3/2024 11:28,11:28,10,0,0, BROADWAY ST & E MEXICO AVE,1,1,0,0,1,1,0,0,30,0,0,0,0,0,4,2,10
,2024-048184,39.7967963,-104.820947,11/3/2024 19:01,19:01,6,0,0, DILLON ST & E RANDOLPH PL,11,3,0,1,1,4,0,0,20,0,0,0,0,0,4,2,7
,2024-048185,39.71815652,-105.034913,11/2/2024 23:34,23:34,3,0,0, LOWELL BLVD & W 1ST AVE,1,3,0,0,1,1,0,0,25,0,0,0,0,0,4,5,11
,2024-048186,39.74879055,-104.9944488,10/19/2024 0:54,0:54,3,0,0,17TH ST & ARAPAHOE ST,1,3,0,0,1,1,0,0,,0,0,0,0,0,4,2,16
,2024-048187,39.71000293,-105.0508688,10/7/2024 21:10,21:10,6,0,0,YATES ST & 374 S,1,3,0,0,1,4,0,0,,0,0,0,0,0,4,3,16
,2024-048188,39.74004921,-105.0000595,11/3/2024 8:25,8:25,3,0,2, KALAMATH ST & W COLFAX AVE,1,1,0,0,1,1,0,0,30,0,0,0,0,1,2,2,14
,2024-048189,39.73370168,-104.974116,10/18/2024 18:30,18:30,6,0,1,E 11TH AVE & N CORONA ST,1,3,0,0,1,4,0,0,20,0,0,0,0,2,4,2,16
,2024-048191,39.78445541,-104.7649009,10/19/2024 19:05,19:05,3,0,0, ARGONNE ST & E 48TH PL,1,2,0,0,1,1,0,0,30,0,0,0,0,0,4,2,14
,2024-048192,39.71118264,-105.0372817,11/2/2024 19:42,19:42,3,0,2, NEWTON ST & W ALAMEDA AVE,1,3,0,0,1,1,0,0,35,0,0,0,0,2,2,2,16
,2024-048193,39.72839789,-105.0394691,11/2/2024 14:38,14:38,2,0,1, PERRY ST & W 7TH AVE,1,1,1,0,1,3,0,0,25,1,0,0,0,3,4,1,11
,2024-048194,39.78066156,-104.9410799,11/3/2024 16:36,16:36,10,0,0,E 46TH AVE  & N COLORADO BLVD,11,3,0,1,1,1,0,0,35,0,0,0,0,0,2,2,13
,2024-048195,39.77703709,-104.8800299,10/24/2024 18:02,18:02,12,0,0,I-70 & MM 279.749,1,2,0,0,1,4,0,0,,0,0,0,0,0,1,2,16
,2024-048196,39.73308605,-105.0157855,11/1/2024 19:59,19:59,12,0,0,I-25 & W 6TH AVE,1,3,0,0,1,4,0,0,55,0,0,0,0,0,1,3,3
,2024-048197,39.73763475,-104.9874035,10/11/2024 21:59,21:59,12,0,0,BROADWAY ST & 1300 N,1,3,0,0,1,1,0,0,,0,0,0,0,0,4,2,16
,2024-048203,39.71119458,-104.8929101,11/2/2024 1:34,1:34,3,0,1,E ALAMEDA AVE & E FAIRMOUNT DR,1,3,0,0,1,1,0,0,40,0,0,0,0,3,4,2,16
,2024-048204,39.74041945,-105.0297036,11/2/2024 0:15,0:15,12,0,2,N IRVING ST,1,3,0,0,1,3,0,0,35,0,0,0,0,2,2,2,3
,2024-048205,39.77005761,-104.9656294,10/20/2024 2:51,2:51,6,0,0,1800 E 38TH AVE & N WILLIAMS ST,1,3,0,0,1,4,0,0,25,0,0,0,0,0,4,4,16
,2024-048207,39.76232973,-104.8659798,10/13/2024 13:32,13:32,12,0,0, FLORENCE WAY & N HAVANA ST,1,1,0,7,1,4,0,0,40,0,0,0,0,0,4,2,16
,2024-048208,39.75829465,-104.9405256,10/17/2024 15:44,15:44,12,0,1,E 29TH AVE & N COLORADO BLVD,1,1,0,0,1,1,0,0,,0,0,0,0,2,2,2,16
,2024-048210,39.74411527,-104.9932318,10/18/2024 14:19,14:19,10,0,1,15TH ST & CALIFORNIA ST,1,1,0,0,1,2,0,0,,0,0,0,0,2,4,2,16
,2024-048217,39.77252256,-104.9759975,11/2/2024 12:32,12:32,12,0,1, BRIGHTON BLVD & E 38TH AVE,1,1,0,0,1,4,0,0,30,0,0,0,0,1,4,2,2
,2024-048218,39.70395462,-105.0133295,11/3/2024 16:17,16:17,1,0,0,W EXPOSITION AVE & S VALLEJO ST,11,3,0,1,1,1,0,0,20,0,0,0,0,0,4,2,16
,2024-048220,39.73798725,-105.0138559,11/3/2024 9:30,9:30,12,0,2,I-25 & W COLFAX AVE,1,1,0,0,1,4,0,0,55,0,0,0,0,2,1,4,16
,2024-048221,39.72548051,-104.9823613,11/3/2024 1:21,1:21,6,0,1, LOGAN ST & E 6TH AVE,1,3,0,0,1,4,0,0,35,0,0,0,0,2,4,3,3
,2024-048222,39.72726382,-104.9787711,11/3/2024 3:39,3:39,5,0,0,777  WASHINGTON ST & E 7TH AVE,14,5,3,7,3,2,0,0,,0,0,0,0,0,4,1,16
,2024-048223,39.73563114,-104.8987514,10/6/2024 21:18,21:18,3,0,0, SYRACUSE ST & E 12TH AVE,1,4,0,0,1,3,0,0,30,0,0,0,0,0,4,2,16
,2024-048224,39.76440502,-104.9866306,9/29/2024 21:15,21:15,16,0,0,2890  BRIGHTON BLVD & 28TH ST,1,3,0,0,5,7,0,0,10,0,0,0,0,0,3,2,3
,2024-048227,39.81276638,-104.7721169,11/2/2024 22:55,22:55,12,0,2, TOWER RD & E 64TH AVE,1,3,0,0,1,3,0,0,45,0,0,0,0,2,4,2,3
,2024-048228,39.74586792,-104.9930762,11/3/2024 2:00,2:00,5,0,0,16TH ST & CHAMPA ST,1,3,0,0,4,9,0,1,30,0,0,0,0,0,4,1,1
,2024-048229,39.78053046,-104.8994568,11/3/2024 1:26,1:26,5,0,0,I-270 SB OFF RAMP & N NORTHFIELD QUEBEC ST,1,4,0,0,2,8,0,0,40,0,0,0,0,0,2,1,3
,2024-048230,39.69434572,-105.0297264,11/2/2024 20:11,20:11,2,0,1, IRVING ST & W ARIZONA AVE,1,3,1,0,1,4,0,0,,1,0,0,0,3,4,1,16
,2024-048232,39.72565514,-104.9897771,11/2/2024 9:55,9:55,15,0,0,W 6TH AVE & N BANNOCK ST,1,1,0,0,1,4,0,0,30,0,0,0,0,0,4,2,13
,2024-048233,39.7554915,-104.9910464,10/31/2024 19:26,19:26,3,0,3,22ND ST & MARKET ST,1,3,0,0,1,1,0,0,20,0,0,0,0,2,4,2,10
,2024-048234,39.77391486,-104.9382672,9/30/2024 8:59,8:59,6,0,0,ALBION ST & 4099 N,1,1,0,0,1,4,0,0,,0,0,0,0,0,4,2,16
,2024-048235,39.84928164,-104.6726895,11/3/2024 17:06,17:06,16,0,0,8400 PENA BLVD & TERMINAL,11,3,1,1,5,4,0,0,25,0,0,0,0,0,3,2,13
,2024-048236,39.74000503,-104.9753262,10/26/2024 21:22,21:22,10,0,0, OGDEN ST & E COLFAX AVE,1,3,0,0,1,3,0,0,20,0,0,0,0,0,2,3,11
,2024-048238,39.74028116,-105.0124023,10/8/2024 2:29,2:29,5,1,0,W COLFAX AVE & I-25R SB ON RAMP,1,4,0,0,4,1,0,0,35,0,0,0,0,4,2,1,16
,2024-048239,39.71651803,-104.9790971,10/29/2024 14:20,14:20,6,0,0,E ELLSWORTH AVE & N WASHINGTON ST,1,1,0,0,1,4,0,0,,0,0,0,0,0,4,2,16
,2024-048240,39.74044344,-105.0139599,10/27/2024 4:23,4:23,12,0,0,W COLFAX AVE & I-25 NB OFF RAMP SLIP,1,3,0,0,1,3,0,0,35,0,0,0,0,0,2,2,16
,2024-048241,39.77921759,-104.8399108,11/3/2024 6:00,6:00,6,0,0, CROWN BLVD & E ALBROOK DR,1,1,0,0,1,3,0,0,25,0,0,0,0,0,4,2,3
,2024-048242,39.66771915,-105.0251113,11/2/2024 9:40,9:40,12,0,0, FEDERAL BLVD & W YALE AVE,1,1,0,0,1,4,0,0,40,0,0,0,0,0,2,2,16
,2024-048243,39.72931913,-105.0275069,10/17/2024 17:03,17:03,15,0,0,W 8TH AVE & N HAZEL CT,1,1,0,0,1,4,0,0,,0,0,0,0,0,4,2,16
,2024-048244,39.69656571,-104.878694,10/22/2024 10:10,10:10,5,0,1,9100 E MISSISSIPPI AVE S CLINTON ST,1,1,0,0,3,4,0,0,40,0,0,0,0,1,4,1,10
,2024-048248,39.641266,-104.911459,10/8/2024 9:38,9:38,12,0,0,I-25 & E QUINCY AVE,1,1,0,0,1,4,0,0,65,0,0,0,0,0,1,2,13
,2024-048280,39.7254156,-105.0246152,10/31/2024 21:53,21:53,12,0,0,W 6TH AVE & N FEDERAL BLVD,1,3,0,0,1,4,0,0,30,0,0,0,0,0,2,2,13
,2024-048287,39.70023081,-104.968716,11/1/2024 13:18,13:18,2,0,1,E KENTUCKY AVE & S FRANKLIN ST,1,1,0,0,1,1,0,0,10,1,0,0,0,2,4,1,11
,2024-048311,39.76502414,-105.0012569,11/1/2024 19:09,19:09,12,0,1,I-25 & 20TH ST,1,3,0,0,1,4,0,0,55,0,0,0,0,1,1,3,16
,2024-048315,39.77315972,-105.0346105,10/31/2024 8:09,8:09,2,0,1, LOWELL BLVD & W 41ST AVE,1,1,0,0,1,1,0,0,30,1,0,0,0,2,4,1,11
,2024-048339,39.78752452,-104.978282,10/31/2024 15:12,15:12,15,0,0, WASHINGTON ST & E 50TH AVE,1,1,3,7,1,3,0,0,35,0,0,0,0,0,4,2,16
,2024-048354,39.75365591,-104.9934187,9/7/2024 3:30,3:30,11,0,1,20TH ST & MARKET ST,1,3,0,0,1,1,0,0,,0,0,1,0,1,4,1,16
,2024-048355,39.73288478,-104.9694936,10/26/2024 9:00,9:00,5,0,0,1000  HUMBOLDT ST E. 10TH AVE.,1,4,0,0,3,4,0,0,20,0,0,0,0,0,4,1,16
,2024-048381,39.72569457,-104.9963692,10/31/2024 6:29,6:29,10,0,0,W 6TH AVE & N GALAPAGO ST,1,3,0,0,1,1,0,0,30,0,0,0,0,0,2,2,16
,2024-048450,39.74000093,-104.9776406,11/3/2024 12:00,12:00,1,0,0,E COLFAX AVE & N CLARKSON ST,1,1,0,0,1,1,0,0,30,0,0,0,0,0,2,2,13
,2024-048452,39.69841166,-104.9824652,11/3/2024 13:00,13:00,6,0,0,E TENNESSEE AVE & S LOGAN ST,1,1,0,0,1,4,0,0,25,0,0,0,0,0,4,2,16
,2024-048453,39.62716723,-105.1048843,11/3/2024 11:57,11:57,6,0,0, HOYT ST & W DUMBARTON PL,1,2,0,0,1,4,0,0,,0,0,0,0,0,4,2,16
,2024-048458,39.71918421,-105.0061844,11/4/2024 18:52,18:52,15,0,0,I-25 & NB OFF RAMP EXT TO W 6TH AVE,1,3,0,0,1,8,0,0,60,0,0,0,0,0,1,2,13
,2024-048462,39.64590896,-104.8850163,11/4/2024 17:20,17:20,1,0,0, YOSEMITE ST & E MANSFIELD AVE,1,3,1,0,1,1,0,0,30,0,0,0,0,0,4,2,11
,2024-048465,39.76207873,-105.0252199,11/3/2024 23:14,23:14,12,0,0, FEDERAL BLVD & W 32ND AVE,1,3,0,0,1,4,0,0,35,0,0,0,0,0,2,2,13
,2024-048466,39.67849077,-104.9687485,11/3/2024 20:50,20:50,3,0,1,E EVANS AVE & S FRANKLIN ST,11,3,3,1,1,1,0,0,35,0,0,0,0,2,4,2,3
,2024-048468,39.71108718,-105.0263633,11/3/2024 16:31,16:31,12,0,0,W ALAMEDA AVE & S GROVE ST,1,1,0,0,1,4,0,0,40,0,0,0,0,0,2,2,14
,2024-048469,39.75104534,-105.0251381,11/1/2024 15:54,15:54,12,0,0, FEDERAL BLVD & W 23RD AVE,1,1,0,0,1,3,0,0,40,0,0,0,0,0,2,2,3
,2024-048471,39.79830251,-104.7697804,11/4/2024 19:38,19:38,12,0,0,E 56TH AVE & N ARGONNE ST,1,3,0,0,1,1,0,0,45,0,0,0,0,0,4,2,11
,2024-048473,39.67890064,-105.0532678,11/4/2024 8:17,8:17,12,0,0, SHERIDAN BLVD & W EVANS AVE,11,1,0,1,1,3,0,0,40,0,0,0,0,0,2,2,16
,2024-048479,39.76001474,-104.8905208,11/2/2024 7:14,7:14,3,0,0,E MLK JR BLVD & N CENTRAL PARK BLVD,1,1,0,0,1,1,0,0,30,0,0,0,0,0,4,2,3