id,drcog_id,latitude,longitude,crashtime,time,crashtype,numbkilled,numbinjurd,drcoglocat,rdconditin,lightngcon,roadcntgrd,weatherco,location,roaddescrp,schoolzone,constrzone,splimit,bikeinv,pedinv,sctrinv,motoinv,svrty,rdsystem,ttlvehcls,hcf
,2024-048480,39.79764563,-104.8115033,11/2/2024 9:15,9:15,6,0,1,E RANDOLPH PL & N FAIRPLAY ST,1,1,0,0,1,4,0,0,20,0,0,0,0,1,4,2,1
,2024-048481,39.76120902,-105.0039973,11/4/2024 3:15,3:15,5,0,2,I-25 & 20TH ST,11,3,0,1,3,4,0,0,55,0,0,0,0,1,1,1,16
,2024-048482,39.79468703,-104.8066325,11/3/2024 21:42,21:42,12,0,0,E MAXWELL PL & N HELENA CT,11,3,0,1,1,3,0,0,20,0,0,0,0,0,4,2,16
,2024-048485,39.83196194,-104.6929562,11/4/2024 6:23,6:23,10,0,0, JACKSON GAP ST & E 75TH AVE,11,3,1,1,1,3,0,1,35,0,0,0,0,0,4,2,14
,2024-048488,39.75646213,-105.0092778,11/3/2024 23:04,23:04,3,0,3,15TH ST & PLATTE ST,11,3,0,1,1,1,0,0,25,0,0,0,0,1,4,2,16
,2024-048490,39.76911722,-104.9952968,10/28/2024 17:44,17:44,5,0,0,W 38TH AVE & N FOX ST,1,1,0,0,1,4,0,0,,0,0,0,0,0,4,2,16
,2024-048491,39.77316317,-104.8098727,11/4/2024 19:55,19:55,15,0,0, CHAMBERS RD & E 40TH AVE,1,3,0,0,1,3,0,0,40,0,0,0,0,0,4,2,11
,2024-048492,39.78093286,-104.9937801,11/4/2024 1:41,1:41,5,0,1,I-70 & EB OFF RAMP MERGE PT TO I-25,11,3,1,2,3,8,0,0,55,0,0,0,0,3,1,1,16
,2024-048493,39.68946714,-104.992077,11/2/2024 18:58,18:58,15,0,0, SANTA  FE DR & W MISSISSIPPI AVE,1,3,0,0,1,4,0,0,45,0,0,0,0,0,2,2,13
,2024-048495,39.67821123,-104.9337553,10/31/2024 15:00,15:00,12,0,2,I-25 & E EVANS AVE,1,1,0,0,1,4,0,0,55,0,0,0,0,1,1,2,3
,2024-048497,39.75259518,-104.9872998,11/3/2024 12:00,12:00,15,0,0,22ND ST & CURTIS ST,1,1,0,0,1,4,0,0,30,0,0,0,0,0,4,2,11
,2024-048500,39.67844699,-104.93397,10/6/2024 17:00,17:00,15,0,0,E EVANS AVE & I-25 SB ON RAMP,1,1,3,0,1,3,0,0,,0,0,0,0,0,4,2,16
,2024-048506,39.80739427,-104.7746394,9/17/2024 8:50,8:50,5,0,0,18000 E 61ST AVE & N TELLURIDE WAY,1,1,0,0,3,4,0,0,25,0,0,0,0,0,4,1,7
,2024-048507,39.6782019,-105.0298058,11/4/2024 11:19,11:19,3,0,2, IRVING ST & W EVANS AVE,1,1,0,0,1,1,0,0,25,0,0,0,0,2,4,3,16
,2024-048508,39.78016409,-105.0041184,11/4/2024 0:02,0:02,6,0,1,W 46TH AVE & N NAVAJO ST,11,3,0,1,1,4,0,0,25,0,0,0,0,2,4,5,16
,2024-048510,39.69311534,-105.0250363,11/3/2024 22:13,22:13,12,0,0, FEDERAL BLVD & W LOUISIANA AVE,11,2,0,1,1,3,0,0,40,0,0,0,0,0,2,2,16
,2024-048512,39.67838684,-104.9506634,11/3/2024 23:54,23:54,12,0,0,E EVANS AVE & S ST PAUL ST,11,3,3,0,1,3,0,0,,0,0,0,0,0,4,2,16
,2024-048517,39.63859818,-104.8969093,10/3/2024 9:13,9:13,16,0,0,8000 E QUINCY AVE,1,1,0,0,5,7,0,0,,0,0,0,0,0,3,2,16
,2024-048521,39.77841505,-104.9034011,10/2/2024 7:20,7:20,15,0,0, NORTHFIELD QUEBEC ST & HWY 170 WB,14,5,3,7,1,4,0,0,35,0,0,0,0,0,1,2,1
,2024-048526,39.7679986,-104.9948952,11/4/2024 7:37,7:37,12,0,1,I-25 & PARK AVE W,11,1,1,2,1,4,0,0,55,0,0,0,0,1,1,2,7
,2024-048529,39.69692765,-104.9918028,11/3/2024 10:09,10:09,15,0,0, SANTA FE DR & W MISSISSIPPI AVE,1,1,0,0,1,4,0,0,45,0,0,0,0,0,2,2,4
,2024-048533,39.67225784,-105.0530758,11/2/2024 8:58,8:58,6,0,0,5190 W LAKERIDGE RD & S SHERIDAN BLVD,1,1,0,0,1,2,0,0,20,0,0,0,0,0,4,2,16
,2024-048534,39.61440584,-105.091418,11/4/2024 15:36,15:36,12,0,0,W CROSS DR & S WADSWORTH BLVD,1,1,0,0,1,1,0,0,35,0,0,0,0,0,2,2,16
,2024-048535,39.72546119,-105.0139977,11/4/2024 10:08,10:08,5,0,0,W 6TH AVE & I-25 SB OFF RAMP MERGE PT,14,5,3,7,1,8,0,0,55,0,0,0,0,0,2,1,1
,2024-048537,39.69663553,-104.9874309,11/3/2024 21:49,21:49,3,0,0, BROADWAY ST & E MISSISSIPPI AVE,11,3,0,1,1,1,0,0,35,0,0,0,0,0,4,2,16
,2024-048538,39.73596656,-105.0143821,11/4/2024 6:23,6:23,12,0,0,I-25 & MM 210,11,2,1,1,1,8,0,0,55,0,0,0,0,0,1,2,1
,2024-048539,39.779334,-104.9879937,11/3/2024 1:16,1:16,15,0,0,I-70 EB ON RAMP FROM NB -25 & I-70 EB,1,4,3,0,1,8,0,0,55,0,0,0,0,0,1,2,14
,2024-048547,39.75122343,-105.0270103,11/4/2024 19:06,19:06,6,0,0,W 23RD AVE & N GROVE ST,1,4,0,0,1,4,0,0,30,0,0,0,0,0,4,3,8
,2024-048549,39.61833476,-105.0918418,11/4/2024 12:50,12:50,3,0,0,W CRESTLINE AVE & S WADSWORTH BLVD,1,1,0,0,1,2,0,0,25,0,0,0,0,0,4,2,11
,2024-048555,39.76706102,-104.9946537,11/4/2024 13:50,13:50,12,0,0,I-25 NB ON-RAMP & PARK AVE W,1,1,0,0,1,8,0,0,35,0,0,0,0,0,4,2,1
,2024-048556,39.73370239,-105.0044908,11/4/2024 12:03,12:03,15,0,1,W 11TH AVE & N NAVAJO ST,1,1,0,0,1,4,0,0,20,0,0,0,0,1,4,2,11
,2024-048559,39.78070309,-104.9200323,11/4/2024 7:09,7:09,15,0,0, IVY ST & E 47TH AVE,11,1,0,0,1,4,0,0,25,0,0,0,0,0,4,2,4
,2024-048561,39.67846503,-104.9313734,10/3/2024 14:00,14:00,15,0,0,4800 E EVANS AVE S DAHLIA ST,1,1,0,0,1,4,0,0,35,0,0,0,0,0,4,2,16
,2024-048564,39.74033858,-105.0393188,10/22/2024 20:40,20:40,8,0,0,W COLFAX AVE & N PERRY ST,1,3,0,0,1,1,0,0,25,0,0,0,0,0,2,2,16
,2024-048632,39.74007826,-104.9023193,6/12/2024 17:45,17:45,11,0,1,E COLFAX AVE & N QUINCE ST,1,1,0,0,1,1,0,0,0,0,1,0,0,2,2,1,16
,2024-048633,39.78013969,-104.9671124,7/3/2024 16:32,16:32,12,0,0,I-70 & MM 275.25,1,1,3,0,1,4,0,0,65,0,0,0,0,0,1,2,14
,2024-048665,39.73677078,-105.0532158,10/23/2024 17:19,17:19,12,0,1, SHERIDAN BLVD & W 13TH AVE,1,1,0,0,1,4,0,0,35,0,0,0,0,1,2,2,16
,2024-048666,39.75512815,-105.0127082,9/24/2024 18:30,18:30,15,0,0,I-25 & N SPEER BLVD,1,2,0,0,1,4,0,0,55,0,0,0,0,0,1,2,16
,2024-048667,39.71300062,-105.0250144,10/26/2024 0:04,0:04,5,0,0, FEDERAL BLVD & W CEDAR AVE,1,3,2,0,6,1,0,0,35,0,0,0,0,0,2,2,16
,2024-048668,39.71146342,-104.9382841,11/5/2024 17:13,17:13,1,0,2,E ALAMEDA AVE & E LEETSDALE DR,11,3,0,2,1,2,0,0,35,0,0,0,0,2,4,2,11
,2024-048669,39.72548782,-105.0324811,11/5/2024 7:55,7:55,5,0,1,W 6TH AVE & N KNOX CT,1,1,1,0,2,4,0,0,55,0,0,0,0,1,2,1,13
,2024-048671,39.73688399,-105.0052579,11/5/2024 17:45,17:45,3,0,3, OSAGE ST & W 13TH AVE,11,3,0,2,1,1,0,0,25,0,0,0,0,1,4,2,13
,2024-048674,39.69739845,-104.921635,10/28/2024 17:10,17:10,15,0,0, HOLLY ST & E CHERRY CREEK N DR,1,1,0,0,1,4,0,0,25,0,0,0,0,0,4,2,13
,2024-048675,39.76867846,-104.8564058,10/31/2024 23:25,23:25,5,0,0,E 37TH AVE & N JOLIET ST,1,3,0,7,3,4,0,0,35,0,0,0,0,0,4,1,16
,2024-048678,39.75104341,-104.9407644,11/4/2024 14:07,14:07,3,0,2, COLORADO BLVD & E 23RD AVE,1,1,0,0,1,1,0,0,35,0,0,0,0,1,2,2,3
,2024-048679,39.66548519,-104.9406047,11/4/2024 14:00,14:00,12,0,0, COLORADO BLVD & E AMHERST AVE,1,1,0,0,1,1,0,0,35,0,0,0,0,0,2,2,3
,2024-048683,39.65311274,-104.921736,11/4/2024 15:25,15:25,12,0,0,E HAMPDEN AVE & S IVANHOE WY,1,1,0,0,1,1,0,0,35,0,0,0,0,0,2,2,3
,2024-048684,39.73778155,-104.9439682,11/4/2024 21:14,21:14,6,0,0, GARFIELD ST & E 14TH AVE,1,3,0,0,1,4,0,0,20,0,0,0,0,0,4,2,10
,2024-048685,39.75055647,-104.9991866,11/5/2024 0:40,0:40,5,0,0,BLAKE ST  & 16TH ST,1,3,0,0,1,9,0,0,,0,0,0,0,0,4,1,11
,2024-048690,39.7384502,-104.9902411,11/2/2024 1:57,1:57,5,0,0,W 14TH AVE & N BANNOCK ST,1,3,0,0,2,1,0,0,,0,0,0,0,0,4,1,16
,2024-048691,39.751323,-105.0165225,8/12/2024 12:57,12:57,12,0,0,I-25 & W 23RD AVE,1,1,0,0,1,4,0,0,,0,0,0,0,0,1,2,16
,2024-048693,39.6967647,-105.0156904,9/21/2024 8:29,8:29,3,0,0,W MISSISSIPPI AVE & S ZUNI ST,1,1,0,0,1,1,0,0,30,0,0,0,0,0,4,2,16
,2024-048694,39.75104341,-104.9407644,11/5/2024 6:04,6:04,1,0,1, COLORADO BLVD & E 23RD AVE,1,1,0,0,1,1,0,0,35,0,0,0,0,2,2,2,16
,2024-048697,39.69658898,-104.982737,11/3/2024 1:35,1:35,5,0,0,E BUCHTEL BLVD & E MISSISSIPPI AVE,1,3,0,0,3,3,0,0,35,0,0,0,0,0,4,1,16
,2024-048698,39.67849261,-104.9690307,10/15/2024 17:07,17:07,15,0,0,1599 E EVANS AVE & S FRANKLIN ST,1,1,0,0,1,3,0,0,35,0,0,0,0,0,4,2,16
,2024-048699,39.69527338,-104.9874447,11/5/2024 7:23,7:23,5,0,1, BROADWAY ST & W ARIZONA AVE,1,1,0,0,3,4,0,0,35,0,0,0,0,2,4,1,2
,2024-048702,39.7740069,-104.8470299,9/20/2024 19:42,19:42,15,0,0,I-70 & N PEORIA ST,1,3,0,0,1,13,0,0,55,0,0,0,0,0,1,3,1
,2024-048703,39.72083429,-105.0079553,11/5/2024 11:00,11:00,12,0,0,I-25 & NB OFF RAMP EXT TO W 6TH AVE,1,1,0,0,1,4,0,0,55,0,0,0,0,0,1,2,13
,2024-048708,39.77927906,-105.0017149,11/5/2024 15:03,15:03,3,0,0, MARIPOSA WY & N LIPAN ST,1,1,0,0,1,1,0,0,25,0,0,0,0,0,4,2,13
,2024-048709,39.71118519,-104.9924163,8/4/2024 11:00,11:00,15,0,0,W ALAMEDA AVE & S CHEROKEE ST,1,1,0,0,1,4,0,0,,0,0,0,0,0,4,2,16
,2024-048710,39.74034049,-105.0369862,11/5/2024 17:44,17:44,11,0,1, NEWTON ST & W COLFAX AVE,11,3,0,2,1,1,0,0,35,0,1,0,0,1,2,1,13
,2024-048713,39.77979532,-104.9377151,10/19/2024 23:46,23:46,6,0,0,I-70  & MM 276.716,1,3,0,0,3,8,0,0,55,0,0,0,0,0,1,2,16
,2024-048715,39.72565226,-104.98887,11/5/2024 13:51,13:51,15,0,0,W 6TH AVE & N ACOMA ST,1,1,0,0,1,1,0,0,30,0,0,0,0,0,4,2,13
,2024-048716,39.69790983,-104.976912,11/4/2024 20:30,20:30,6,0,1, EMERSON ST & E TENNESSEE AVE,1,3,0,0,1,4,0,0,25,0,0,0,0,2,4,3,14
,2024-048718,39.76581542,-105.0381622,8/20/2024 8:30,8:30,6,0,0,3500  OSCEOLA ST & W 35TH AVE,1,3,0,0,1,3,0,0,,0,0,0,0,0,4,2,16
,2024-048721,39.74044344,-105.0139599,8/20/2024 14:15,14:15,12,0,0,I-25 & W COLFAX AVE,1,1,0,0,1,4,0,0,,0,0,0,0,0,1,2,16
,2024-048722,39.78552125,-104.8876224,11/4/2024 15:39,15:39,5,0,0,E NORTHFIELD BLVD & N WILLOW ST,1,1,0,0,6,4,0,0,35,0,0,0,0,0,4,1,1
,2024-048723,39.73963172,-105.0138857,11/4/2024 17:48,17:48,12,0,0,I-25 & W COLFAX AVE,2,1,0,0,1,4,0,0,55,0,0,0,0,0,1,2,7
,2024-048724,39.73216008,-104.9976158,10/30/2024 23:10,23:10,6,0,0, INCA ST & W 10TH AVE,1,3,0,0,1,4,0,0,,0,0,0,0,0,4,2,16
,2024-048725,39.740216,-104.9069476,10/27/2024 2:20,2:20,3,0,0,E COLFAX AVE & N OLIVE ST,1,3,0,0,1,1,0,0,35,0,0,0,0,0,2,2,16
,2024-048726,39.76206592,-104.9027442,10/29/2024 18:02,18:02,12,0,0, QUEBEC  ST & E MLK JR BLVD,1,2,0,0,1,4,0,0,35,0,0,0,0,0,4,2,13
,2024-048731,39.75823305,-104.96467,11/4/2024 18:19,18:19,6,0,1,E 29TH AVE & N HIGH ST,1,3,0,0,1,4,0,0,30,0,0,0,0,2,4,3,16
,2024-048733,39.70027296,-104.9827875,11/5/2024 12:35,12:35,5,0,0, LOGAN ST & E KENTUCKY AVE,1,1,0,0,6,1,0,0,30,0,0,0,0,0,4,1,16
,2024-048734,39.75850179,-105.0386899,11/5/2024 13:18,13:18,15,0,0,W 29TH AVE & N OSCEOLA ST,1,1,0,0,1,4,0,0,30,0,0,0,0,0,4,2,11
,2024-048737,39.72735132,-104.9706083,10/9/2024 9:30,9:30,6,0,0, LAFAYETTE ST & E 7TH AVE,1,1,0,0,1,4,0,0,,0,0,0,0,0,4,2,16
,2024-048738,39.73997748,-104.9614606,10/15/2024 6:48,6:48,11,0,0,E COLFAX AVE & N GAYLORD ST,1,1,0,0,1,4,0,0,0,0,1,0,0,0,2,1,16
,2024-048740,39.74379349,-104.8905139,11/4/2024 10:10,10:10,3,0,0, VERBENA ST & E 17TH AVE,1,1,0,0,1,1,0,0,20,0,0,0,0,0,4,2,1
,2024-048741,39.79839402,-104.7721172,11/5/2024 9:55,9:55,15,0,0,E 56TH AVE & N TOWER RD,1,1,0,0,1,1,0,0,35,0,0,0,0,0,4,2,8
,2024-048743,39.71480051,-104.9109733,11/5/2024 7:50,7:50,3,0,0,E BAYAUD AVE & S MONACO ST PKWY,1,1,0,0,1,2,0,0,25,0,0,0,0,0,4,2,11
,2024-048746,39.63415908,-104.9067174,10/23/2024 7:30,7:30,15,0,0,I-25 & MM 200.125,1,1,0,0,1,4,0,0,65,0,0,0,0,0,1,2,14
,2024-048747,39.71125876,-105.0324558,10/22/2024 18:07,18:07,3,0,0,W ALAMEDA AVE & S KNOX CT,1,1,0,0,1,1,0,0,,0,0,0,0,0,2,2,1
,2024-048748,39.74028116,-105.0124023,10/26/2024 16:14,16:14,3,0,0,W COLFAX AVE & I-25 SB OFF RAMP,1,1,0,0,1,1,0,0,,0,0,0,0,0,2,2,16
,2024-048750,39.74397398,-105.0440235,11/2/2024 21:03,21:03,11,0,1,W 17TH AVE & N TENNYSON ST,1,3,0,0,1,1,0,0,0,0,0,1,0,3,4,1,16
,2024-048752,39.76894309,-104.9647146,10/24/2024 16:41,16:41,6,0,0,HIGH ST & E 38TH AVE,1,1,0,0,1,4,0,0,25,0,0,0,0,0,4,2,14
,2024-048753,39.74552633,-105.0068389,10/3/2024 6:35,6:35,5,0,0,9TH ST & WALNUT ST,14,5,3,7,3,3,0,0,,0,0,0,0,0,4,1,7
,2024-048754,39.7705073,-105.0112082,11/2/2024 23:06,23:06,11,0,1,W 39TH AVE & N TEJON ST,1,3,0,0,1,4,0,0,0,0,0,1,0,3,4,1,16
,2024-048773,39.76451423,-104.9733408,10/2/2024 17:30,17:30,11,0,1, DOWNING ST & BRUCE RANDOLPH AVE,1,1,0,0,1,1,0,0,30,0,1,0,0,2,4,1,11
,2024-048834,39.7437734,-104.9427492,9/2/2024 12:15,12:15,6,0,0,3800 E 17TH AVE & N JACKSON ST,1,1,0,0,1,4,0,0,30,0,0,0,0,0,4,2,10
,2024-048846,39.6791603,-105.0532681,11/6/2024 7:28,7:28,5,0,0, SHERIDAN BLVD & W EVANS AVE,7,1,0,0,3,4,0,0,40,0,0,0,0,0,2,1,1
,2024-048857,39.78394594,-105.0214968,11/3/2024 1:10,1:10,12,0,0,I-70 & N FEDERAL BLVD,1,4,1,0,1,4,0,0,55,0,0,0,0,0,1,2,16
,2024-048858,39.66748135,-104.9250305,11/2/2024 8:30,8:30,3,0,0,I-25 NB OFF RAMP & E YALE AVE,1,1,0,0,1,1,0,0,35,0,0,0,0,0,4,2,11
,2024-048859,39.77688689,-104.7905379,10/30/2024 9:00,9:00,15,0,0,PENA BLVD OB & E 40TH AVE,1,1,0,0,1,4,0,0,65,0,0,0,0,0,4,2,13
,2024-048860,39.72460738,-105.0126808,11/5/2024 11:20,11:20,12,0,0,I-25 & W 6TH AVE,1,1,0,0,1,4,0,0,55,0,0,0,0,0,1,2,3
,2024-048861,39.70667762,-104.9967468,10/26/2024 0:13,0:13,5,1,0, SANTA FE DR & I-25 NB ON RAMP,1,3,0,0,2,3,0,0,45,0,0,0,0,4,2,1,16
,2024-048870,39.74755288,-104.982311,11/1/2024 14:13,14:13,1,0,0,E 20TH AVE & N LOGAN ST,1,1,0,0,1,1,0,0,20,0,0,0,0,0,4,3,13
,2024-048871,39.73713589,-104.9124378,11/6/2024 6:43,6:43,12,0,0, MONACO ST PKWY & E 13TH AVE,7,1,0,2,1,1,0,0,35,0,0,0,0,0,4,2,13
,2024-048872,39.76037554,-105.053241,10/12/2024 3:34,3:34,12,0,1, SHERIDAN BLVD & W 30TH AVE,1,3,0,0,1,4,0,0,35,0,0,0,0,1,2,2,16
,2024-048878,39.76201907,-105.0129654,10/29/2024 17:35,17:35,6,0,0,W 32ND AVE & N VALLEJO ST,1,1,0,0,1,9,0,0,35,0,0,0,0,0,4,2,16
,2024-048879,39.8340204,-104.6733594,11/5/2024 19:50,19:50,15,0,2,PENA BLVD OB & JACKSON GAP RD,11,4,0,2,1,4,0,0,,0,0,0,0,1,4,2,16
,2024-048880,39.78375726,-104.8097976,11/5/2024 23:41,23:41,3,0,0, CHAMBERS RD & E GREEN VALLEY RANCH BLVD,7,3,0,2,1,1,0,0,40,0,0,0,0,0,4,2,1
,2024-048881,39.71155668,-104.9404525,11/6/2024 14:26,14:26,12,0,0,E ALAMEDA AVE & S COLORADO BLVD,11,1,0,2,1,3,0,0,35,0,0,0,0,0,4,3,10
,2024-048883,39.83190901,-104.6929567,10/17/2024 6:11,6:11,15,0,0, JACKSON GAP ST & E 75TH AVE,1,3,1,0,1,1,0,0,,0,0,0,0,0,4,2,16
,2024-048884,39.71143568,-105.0110119,10/10/2024 14:00,14:00,16,0,0,2001 W ALAMEDA AVE,1,1,0,0,5,7,0,0,,0,0,0,0,0,3,2,13
,2024-048885,39.75991034,-104.9846744,10/5/2024 12:01,12:01,6,0,0,1300 27TH ST WALNUT ST,1,1,0,0,1,4,0,0,,0,0,0,0,0,4,2,16
,2024-048886,39.78410649,-105.0230992,11/4/2024 8:08,8:08,12,0,1,I-70 & N FEDERAL BLVD,11,1,1,1,1,4,0,0,55,0,0,0,0,1,1,3,1
,2024-048888,39.76182622,-104.9081792,11/3/2024 22:30,22:30,6,0,0,E MLK JR BLVD & N ONEIDA ST,11,3,0,1,1,4,0,0,35,0,0,0,0,0,4,2,16
,2024-048889,39.78031165,-104.990254,11/5/2024 16:27,16:27,12,0,0,I-70 WB OFF RAMP TO SB -25,2,1,0,0,1,8,0,0,55,0,0,0,0,0,1,2,7
,2024-048890,39.76803139,-104.8474104,11/6/2024 18:39,18:39,15,0,0, PEORIA ST & E 37TH AVE,11,3,2,2,1,4,0,0,,0,0,0,0,0,4,2,16
,2024-048891,39.69123842,-104.898458,11/6/2024 13:14,13:14,12,0,0,1470  QUEBEC WY & E ARKANSAS AVE,11,1,0,2,1,2,0,0,25,0,0,0,0,0,4,2,16
,2024-048892,39.83333057,-104.6714005,11/6/2024 6:18,6:18,12,0,0,HARRY  COMBS PKWY & E 75TH AVE,4,1,0,2,1,3,0,0,35,0,0,0,0,0,4,2,13
,2024-048893,39.71804997,-104.9546147,10/8/2024 14:43,14:43,12,0,0, DETROIT ST & E 1ST AVE,1,1,0,0,1,1,0,0,,0,0,0,0,0,4,2,10
,2024-048895,39.69689038,-105.0532425,11/4/2024 10:37,10:37,5,0,0, SHERIDAN BLVD & W MISSISSIPPI AVE,11,1,0,0,2,4,0,0,35,0,0,0,0,0,2,1,10
,2024-048897,39.71819784,-104.9732324,11/2/2024 1:04,1:04,5,0,2,E 1ST AVE & N DOWNING ST,1,3,0,0,3,1,0,0,35,0,0,0,0,3,4,1,16
,2024-048898,39.73672822,-104.9916495,11/1/2024 2:30,2:30,6,0,0, CHEROKEE ST & W 13TH AVE,1,3,0,0,1,4,0,0,,0,0,0,0,0,4,2,16
,2024-048901,39.74025549,-105.0068206,10/29/2024 16:09,16:09,12,0,0,W COLFAX AVE & 7TH ST,1,1,0,0,1,4,0,0,45,0,0,0,0,0,2,2,8
,2024-048923,39.68402435,-104.943201,10/29/2024 8:20,8:20,11,1,0,E MONTANA PL & S JACKSON ST,1,1,0,0,1,4,0,0,0,0,1,0,0,4,4,1,16
,2024-048924,39.6791603,-105.0532681,11/6/2024 7:28,7:28,12,0,0, SHERIDAN BLVD & W EVANS AVE,7,1,0,0,1,4,0,0,40,0,0,0,0,0,2,2,1
,2024-048925,39.75995329,-104.8743047,11/6/2024 18:08,18:08,12,0,0,E MLK JR BLVD & N CLINTON ST,4,3,0,2,1,4,0,0,30,0,0,0,0,0,4,2,16
,2024-048927,39.67813541,-104.9330559,11/5/2024 14:04,14:04,12,0,0,I-25 NB OFF RAMP & E EVANS AVE,1,1,0,0,1,8,0,0,55,0,0,0,0,0,1,2,1
,2024-048928,39.77869259,-104.8933068,10/26/2024 21:21,21:21,3,0,0,UINTA ST & YOSEMITE ST,1,3,0,0,1,2,0,0,10,0,0,0,0,0,4,2,13
,2024-048929,39.69676197,-105.0477695,10/14/2024 22:30,22:30,6,0,1,W MISSISSIPPI AVE & S WINONA CT,1,3,0,0,1,4,0,0,20,0,0,0,0,1,4,3,1
,2024-048930,39.74378667,-104.9034554,11/1/2024 15:13,15:13,8,0,0,QUEBEC ST & E 17TH AVE,1,1,0,0,1,3,0,0,30,0,0,0,0,0,4,3,13
,2024-048931,39.73527614,-104.9857304,10/12/2024 23:10,23:10,6,0,0,LINCOLN ST & 1160 N,1,3,0,0,5,7,0,0,,0,0,0,0,0,3,2,3
,2024-048932,39.66212108,-105.0251449,10/29/2024 20:07,20:07,1,0,0, FEDERAL BLVD & W CORNELL AVE,1,3,0,0,1,1,0,0,40,0,0,0,0,0,2,2,14
,2024-048933,39.76936408,-105.0440132,10/27/2024 15:20,15:20,1,0,0,W 38TH AVE & N TENNYSON ST,1,1,0,0,1,1,0,0,35,0,0,0,0,0,4,2,16
,2024-048934,39.77653767,-105.007943,10/19/2024 20:06,20:06,5,0,0,1800 W 44TH AVE & N SHOESHONE ST.,1,3,0,0,3,4,0,0,20,0,0,0,0,0,4,1,16
,2024-048939,39.69674956,-105.0250716,11/3/2024 15:07,15:07,12,0,2, FEDERAL BLVD & W MISSISSIPPI AVE,1,1,0,0,1,4,0,0,,0,0,0,0,1,2,4,16
,2024-048940,39.76447661,-104.9343949,10/22/2024 18:28,18:28,2,0,1,E BRUCE RANDOLPH AVE & N CHERRY ST,1,2,0,0,1,1,0,0,20,1,0,0,0,3,4,1,3
,2024-048941,39.734748,-104.9269137,10/26/2024 23:59,23:59,6,0,0,1200  FOREST ST & E 12TH AVE,1,3,3,0,1,4,0,0,,0,0,0,0,0,4,2,16
,2024-048942,39.78017584,-104.9895609,11/6/2024 19:55,19:55,15,0,0,I-25 & I-70,4,3,1,2,1,4,0,0,55,0,0,0,0,0,1,3,13
,2024-048943,39.74008042,-104.9034579,11/2/2024 19:26,19:26,3,0,0, QUEBEC ST & E COLFAX AVE,1,3,0,0,1,1,0,0,35,0,0,0,0,0,2,2,7
,2024-048945,39.71118486,-105.0396994,11/6/2024 10:27,10:27,12,0,1,W ALAMEDA AVE & S PERRY ST,11,1,0,0,1,3,0,0,35,0,0,0,0,2,2,2,1
,2024-048946,39.74231514,-104.9993361,11/5/2024 17:05,17:05,15,0,0, SPEER BLVD & CHAMPA ST,11,2,0,2,1,3,0,0,35,0,0,0,0,0,4,3,13
,2024-048947,39.78373873,-104.8470235,11/5/2024 19:30,19:30,11,0,1, PEORIA ST & E ALBROOK DR,11,3,0,2,1,4,0,0,0,0,1,0,0,3,4,1,16
,2024-048948,39.82896562,-104.7471682,11/6/2024 14:09,14:09,5,0,0,E-470 & MM 28.5,11,1,0,2,2,4,0,0,75,0,0,0,0,0,2,1,16
,2024-048949,39.65308527,-104.9190311,11/6/2024 18:13,18:13,1,0,0,E HAMPDEN AVE & I-25 SB RAMPS,5,3,1,2,1,1,0,0,40,0,0,0,0,0,2,2,13
,2024-048950,39.7111721,-104.9900167,8/8/2024 17:40,17:40,6,0,0,300  BANNOCK ST W ALAMEDA AVE,1,1,0,0,1,4,0,0,20,0,0,0,0,0,4,2,16
,2024-048951,39.78193672,-104.9668327,10/6/2024 12:30,12:30,12,0,0,E 47TH AVE & N BRIGHTON BLVD,1,1,0,0,1,3,0,0,,0,0,0,0,0,4,2,16
,2024-048956,39.83425057,-104.7718819,11/5/2024 23:25,23:25,5,0,1,PENA BLVD OB & N TOWER RD,14,3,0,2,2,4,0,0,65,0,0,0,0,2,4,1,15
,2024-048967,39.78004817,-104.9408743,11/6/2024 7:36,7:36,15,0,0,I-70 & N COLORADO BLVD,7,1,0,2,1,4,0,0,55,0,0,0,0,0,1,2,7
,2024-048968,39.84880401,-104.6750045,11/5/2024 10:56,10:56,16,0,0,8400 PENA BLVD & DOOR 500,1,1,0,0,5,4,0,0,25,0,0,0,0,0,3,2,11
,2024-048969,39.76378393,-104.9279705,10/7/2024 19:20,19:20,6,0,0,33RD AVE & 5164 E,1,3,0,0,1,4,0,0,,0,0,0,0,0,4,2,16
,2024-048974,39.77374552,-104.8416909,11/5/2024 9:02,9:02,12,0,0,I-70 WB ON RAMP ENT FROM I-225 NB,1,1,0,0,1,4,0,0,55,0,0,0,0,0,1,2,16
,2024-048975,39.78362731,-104.7721143,11/5/2024 23:22,23:22,1,0,0,E GREEN VALLEY RANCH BLVD & N TOWER RD,9,3,0,2,1,1,0,0,45,0,0,0,0,0,4,2,8
,2024-048976,39.69680773,-104.8917176,11/4/2024 16:45,16:45,3,0,0,888  VALENTIA ST & E MISSISSIPPI AVE,1,1,0,0,1,2,0,0,25,0,0,0,0,0,4,2,3
,2024-048979,39.79441156,-104.830245,11/5/2024 16:30,16:30,6,0,0, XANADU ST & N XAPARY WY,11,1,1,3,1,3,0,0,25,0,0,0,0,0,4,2,3