id,drcog_id,latitude,longitude,crashtime,time,crashtype,numbkilled,numbinjurd,drcoglocat,rdconditin,lightngcon,roadcntgrd,weatherco,location,roaddescrp,schoolzone,constrzone,splimit,bikeinv,pedinv,sctrinv,motoinv,svrty,rdsystem,ttlvehcls,hcf
,2024-048988,39.75285625,-104.9997348,11/4/2024 10:40,10:40,6,0,0,1735 WYNKOOP ST & 17TH ST,1,1,0,0,1,9,0,0,15,0,0,0,0,0,4,2,16
,2024-049002,39.74323939,-104.9684481,9/10/2024 13:21,13:21,11,0,2,E 17TH AVE & N FRANKLIN ST,1,1,0,0,1,1,0,0,30,0,1,0,0,1,4,1,16
,2024-049004,39.725674,-105.0132201,9/19/2024 16:50,16:50,12,0,0,I-25  & W 6TH AVE,1,1,0,0,1,4,0,0,55,0,0,0,0,0,1,2,16
,2024-049009,39.73676885,-104.9139504,11/5/2024 8:45,8:45,10,0,0,E 13TH AVE & N LOCUST ST,1,1,0,0,1,1,0,0,30,0,0,0,0,0,4,2,3
,2024-049010,39.67842705,-104.9593934,11/5/2024 18:10,18:10,3,0,0,E EVANS AVE & S UNIVERSITY BLVD,11,1,0,2,1,1,0,0,30,0,0,0,0,0,4,2,3
,2024-049017,39.7002172,-104.9328787,11/7/2024 14:23,14:23,1,0,0,E KENTUCKY AVE & S DEXTER ST,11,1,0,0,1,1,0,0,25,0,0,0,0,0,4,2,10
,2024-049018,39.68485975,-104.9034431,11/7/2024 5:31,5:31,5,0,0, QUEBEC ST & E CHERRY CREEK S DR,4,3,0,2,6,3,0,0,35,0,0,0,0,0,4,1,1
,2024-049022,39.77982953,-104.9495374,11/5/2024 12:20,12:20,15,0,1,E 46TH  AVE & N STEELE ST,1,1,0,0,1,1,0,0,25,0,0,0,0,2,2,2,8
,2024-049026,39.66602687,-104.9593994,11/6/2024 7:41,7:41,3,0,0, UNIVERSITY BLVD & E AMHERST AVE,7,1,0,2,1,2,0,0,30,0,0,0,0,0,4,2,14
,2024-049030,39.73727793,-104.8846671,11/7/2024 17:03,17:03,1,0,1, YOSEMITE ST & E 13TH AVE,11,3,0,0,1,1,0,0,30,0,0,0,0,2,4,2,11
,2024-049034,39.74771933,-105.0252226,10/6/2024 18:00,18:00,15,0,0, FEDERAL BLVD & W 20TH AVE,1,1,3,0,1,4,0,0,35,0,0,0,0,0,2,2,16
,2024-049035,39.79323008,-104.8354747,11/6/2024 14:03,14:03,3,0,0,E 55TH AVE & N UVALDA ST,9,1,0,2,1,1,0,0,,0,0,0,0,0,4,2,16
,2024-049036,39.7063929,-104.8860615,11/7/2024 9:29,9:29,6,0,0, XENIA ST & E ALAMEDA AVE,7,1,0,0,1,4,0,0,25,0,0,0,0,0,4,2,14
,2024-049041,39.72561295,-104.977555,11/5/2024 14:00,14:00,3,0,0, CLARKSON ST & E 6TH AVE,1,1,3,0,1,1,0,0,20,0,0,0,0,0,4,2,13
,2024-049043,39.72965776,-104.9316282,11/5/2024 16:50,16:50,6,0,0, DAHLIA ST & E 9TH AVE,11,2,0,1,1,4,0,0,25,0,0,0,0,0,4,2,11
,2024-049044,39.73043749,-104.9823883,11/7/2024 12:05,12:05,3,0,0,E 9TH AVE & N LOGAN ST,1,1,0,0,1,1,0,0,35,0,0,0,0,0,4,2,8
,2024-049045,39.7964939,-104.7721366,11/7/2024 7:27,7:27,12,0,0,E MAXWELL PL & N TOWER RD,9,1,0,2,1,3,0,0,20,0,0,0,0,0,4,2,13
,2024-049047,39.76945075,-105.0314632,11/6/2024 20:01,20:01,12,0,0,W 38TH AVE & N JUIAN ST,5,3,0,2,1,4,0,0,35,0,0,0,0,0,4,2,7
,2024-049048,39.66554919,-105.081433,11/7/2024 15:56,15:56,6,0,0,7566 W AMHERST AVE & WADSWORTH BLVD,11,3,0,0,1,4,0,0,30,0,0,0,0,0,4,3,16
,2024-049049,39.72164912,-105.0088468,11/7/2024 14:34,14:34,12,0,1,I-25 & NB OFF RAMP EXT TO W 6TH AVE,11,1,0,0,1,4,0,0,45,0,0,0,0,1,1,2,13
,2024-049050,39.65335603,-104.9191494,11/6/2024 14:43,14:43,12,0,0,I-25 SB OFF RAMP & E HAMPDEN AVE,9,1,1,2,1,8,0,0,30,0,0,0,0,0,1,2,14
,2024-049051,39.71133511,-104.9364799,11/5/2024 16:55,16:55,12,0,0,E ALAMEDA AVE & LEETSDALE DR,1,1,0,0,1,1,0,0,30,0,0,0,0,0,2,2,3
,2024-049053,39.65302655,-104.8814091,10/15/2024 14:25,14:25,10,0,0,E HAMPDEN AVE & S AKRON ST,1,1,0,0,1,1,0,0,45,0,0,0,0,0,2,2,1
,2024-049060,39.71655236,-104.9848543,11/1/2024 2:19,2:19,6,0,0,E ELLSWORTH AVE & N SHERMAN ST,1,3,0,0,1,4,0,0,25,0,0,0,0,0,4,2,16
,2024-049062,39.70649295,-104.8857163,11/7/2024 10:52,10:52,6,0,0,FAIRMOUNT DR & S XENIA ST,9,1,0,0,1,4,0,0,25,0,0,0,0,0,4,2,1
,2024-049064,39.69843922,-104.9769274,11/7/2024 7:30,7:30,3,0,0,E TENNESSEE AVE & S EMERSON ST,9,1,0,2,1,1,0,0,25,0,0,0,0,0,4,2,1
,2024-049065,39.80024437,-104.7721166,11/7/2024 17:30,17:30,12,0,0, TOWER RD & E 57TH AVE,11,3,1,0,1,3,0,0,45,0,0,0,0,0,4,2,11
,2024-049067,39.69574472,-104.9317349,11/7/2024 6:45,6:45,15,0,0, DAHLIA ST & E MISSOURI AVE,4,1,0,2,1,4,0,0,30,0,0,0,0,0,4,2,11
,2024-049068,39.71029439,-105.0340739,11/7/2024 7:03,7:03,6,0,0,MORRISON RD & W NEVADA PL,5,2,0,2,1,4,0,0,30,0,0,0,0,0,4,2,7
,2024-049069,39.74594926,-105.0182805,11/2/2024 10:25,10:25,12,0,0,I-25 & W 17TH AVE,1,1,0,0,1,4,0,0,55,0,0,0,0,0,1,2,16
,2024-049070,39.74228205,-104.9907364,11/6/2024 11:40,11:40,10,0,0,15TH ST & TREMONT PL,7,1,0,0,1,1,0,0,35,0,0,0,0,0,4,2,8
,2024-049071,39.69156739,-104.9128894,11/6/2024 17:23,17:23,12,0,0, MONACO ST PKWY & CHERRY CREEK DR N,9,3,0,2,1,3,0,0,35,0,0,0,0,0,4,2,13
,2024-049073,39.68310839,-104.9405102,11/6/2024 21:12,21:12,15,0,1,I-25 & S COLORADO BLVD,4,3,1,2,1,4,0,0,60,0,0,0,0,1,1,3,13
,2024-049074,39.77891497,-104.9508246,11/1/2024 9:56,9:56,3,0,0, ST PAUL ST & E 45TH AVE,1,1,0,0,1,1,0,0,45,0,0,0,0,0,4,2,13
,2024-049075,39.74618866,-104.9848548,10/29/2024 18:48,18:48,3,0,0,E 19TH AVE & N SHERMAN ST,1,4,1,0,1,1,0,0,25,0,0,0,0,0,4,2,13
,2024-049076,39.63929499,-104.8851168,11/6/2024 12:40,12:40,12,0,0,I-225 & S YOSEMITE ST,9,1,0,2,1,4,0,0,,0,0,0,0,0,1,2,16
,2024-049081,39.74002481,-104.9980148,11/6/2024 21:31,21:31,3,0,0,W COLFAX AVE & N SPEER BLVD,12,3,0,0,1,1,0,0,35,0,0,0,0,0,2,2,2
,2024-049082,39.73212702,-104.9835824,11/6/2024 6:30,6:30,6,0,0, GRANT ST & E 10TH AVE,9,1,0,2,1,4,0,0,30,0,0,0,0,0,4,2,14
,2024-049083,39.65302614,-104.9129217,11/7/2024 7:04,7:04,14,0,1, MONACO ST & E HAMPDEN AVE,9,1,0,2,1,3,0,0,40,0,0,0,0,1,2,4,10
,2024-049084,39.71149037,-104.9437686,11/7/2024 8:30,8:30,12,0,0,E ALAMEDA AVE & S GARFIELD ST,9,1,0,2,1,1,0,0,30,0,0,0,0,0,4,2,3
,2024-049085,39.76814719,-104.9954218,11/5/2024 16:30,16:30,12,0,0,I-25 & PARK AVE W,1,1,0,0,1,4,0,0,55,0,0,0,0,0,1,2,10
,2024-049087,39.76444145,-104.9865649,11/7/2024 8:04,8:04,12,0,2, BRIGHTON BLVD & 29TH ST,9,1,0,2,1,4,0,0,30,0,0,0,0,1,4,2,16
,2024-049088,39.67846396,-104.9138645,11/5/2024 13:03,13:03,1,0,0,E EVANS AVE & S MONACO ST PKWY,1,1,0,0,1,2,0,0,30,0,0,0,0,0,4,3,3
,2024-049089,39.73848071,-105.0404784,11/6/2024 13:57,13:57,3,0,0, QUITMAN ST & W 14TH AVE,4,1,0,2,1,1,0,0,25,0,0,0,0,0,4,4,13
,2024-049091,39.68598665,-104.9361191,11/5/2024 18:50,18:50,6,0,0, BIRCH ST & E MEXICO AVE,9,2,0,2,1,4,0,0,,0,0,0,0,0,4,2,16
,2024-049092,39.74397854,-105.0509241,11/7/2024 8:42,8:42,3,0,0, YATES ST & W 17TH AVE,9,1,0,2,1,1,0,0,25,0,0,0,0,0,4,2,14
,2024-049098,39.74,-104.9788142,10/29/2024 20:00,20:00,5,0,0,E COLFAX AVE & N WASHINGTON ST,1,3,0,0,2,1,0,0,,0,0,0,0,0,2,1,16
,2024-049099,39.74374532,-104.9927368,7/26/2024 6:44,6:44,15,0,0,15TH ST & 600,1,1,0,0,1,4,0,0,,0,0,0,0,0,4,2,16
,2024-049104,39.65302451,-104.9132417,11/7/2024 12:45,12:45,12,0,1,E HAMPDEN AVE & S MONACO ST PKWY,11,1,0,2,1,4,0,0,40,0,0,0,0,1,2,2,3
,2024-049108,39.75603364,-105.0205531,9/24/2024 13:29,13:29,3,0,0,W 27TH AVE & N CLAY ST,1,1,0,0,1,1,0,0,25,0,0,0,1,0,4,2,13
,2024-049110,39.67868502,-105.0156957,11/8/2024 10:25,10:25,3,0,0, ZUNI ST & W EVANS AVE,7,1,0,2,1,2,0,0,30,0,0,0,0,0,4,2,13
,2024-049112,39.7729124,-104.9541571,11/8/2024 15:07,15:07,12,0,0,E 40TH AVE & N CLAYTON ST,11,3,0,2,1,3,0,0,35,0,0,0,0,0,4,2,13
,2024-049113,39.72568157,-104.9943872,11/8/2024 9:24,9:24,15,0,0,W 6TH AVE & S ELATI ST,7,1,0,2,1,3,0,0,35,0,0,0,0,0,4,2,11
,2024-049115,39.72581379,-104.9509135,11/7/2024 7:45,7:45,6,0,1, ST PAUL ST & E 6TH AVE,4,1,0,2,1,3,0,0,25,0,0,0,0,2,4,3,7
,2024-049123,39.64084884,-104.9116163,11/7/2024 6:22,6:22,15,0,3,I-25 & E QUINCY AVE,10,2,0,2,1,4,0,0,65,0,0,0,0,2,1,3,1
,2024-049124,39.75440898,-104.9873778,11/7/2024 21:48,21:48,12,0,0, BROADWAY ST & PARK AVE W,11,3,0,2,1,3,0,0,30,0,0,0,0,0,4,2,1
,2024-049127,39.77443813,-104.8636753,11/8/2024 19:43,19:43,5,0,0,I-70 EB ON RAMP & N HAVANA ST,9,3,1,2,3,8,0,0,35,0,0,0,0,0,2,1,3
,2024-049137,39.75433662,-104.9942728,11/6/2024 12:44,12:44,3,0,0,20TH ST & BLAKE ST,9,1,0,2,1,1,0,0,25,0,0,0,0,0,4,2,13
,2024-049140,39.68192313,-105.0016925,11/7/2024 18:40,18:40,5,0,0,2001  PLATTE RIVER DR & W JEWELL BLVD,8,3,0,0,3,4,0,0,30,0,0,0,0,0,4,1,1
,2024-049143,39.72925193,-104.9124383,11/7/2024 9:25,9:25,15,0,0, MONACO ST PKWY & E 8TH AVE,9,1,0,2,1,3,0,0,30,0,0,0,0,0,4,2,16
,2024-049154,39.74514788,-104.9848479,11/5/2024 17:19,17:19,15,0,0, SHERMAN ST & E 18TH AVE,11,4,0,2,1,4,0,0,25,0,0,0,0,0,4,2,14
,2024-049160,39.67865774,-105.0210735,11/8/2024 18:25,18:25,3,0,0,2777 W EVANS DR & S CLAY ST,12,3,0,2,1,2,0,0,35,0,0,0,0,0,4,3,11
,2024-049162,39.71149037,-104.9437686,11/7/2024 9:45,9:45,12,0,0,E ALAMEDA AVE & S GARFIELD ST,9,1,0,2,1,1,0,0,30,0,0,0,0,0,4,2,3
,2024-049189,39.73289647,-104.903459,11/9/2024 2:21,2:21,3,0,1, QUEBEC ST & E 11TH AVE,7,4,0,2,1,1,0,0,25,0,0,0,0,2,4,2,13
,2024-049190,39.83333057,-104.6714005,11/8/2024 9:06,9:06,8,0,0,HARRY  COMBS ST & E 75TH AVE,9,1,0,2,1,3,0,0,35,0,0,0,0,0,4,2,7
,2024-049191,39.7180431,-104.9558591,11/9/2024 9:30,9:30,3,0,0,E 1ST AVE & N CLAYTON LN,7,1,0,7,1,1,0,0,30,0,0,0,0,0,4,2,13
,2024-049193,39.67983797,-105.0412761,11/8/2024 21:27,21:27,5,0,0,W EVANS AVE & S QUITMAN ST,9,3,0,2,3,1,0,0,,0,0,0,0,0,4,1,16
,2024-049196,39.66763326,-104.9128743,11/9/2024 19:04,19:04,3,0,0, MONACO ST PKWY & E YALE AVE,11,3,0,0,1,1,0,0,35,0,0,0,0,0,4,2,16
,2024-049200,39.71839148,-105.053281,11/9/2024 17:42,17:42,1,0,0, SHERIDAN BLVD & W 1ST AVE,2,3,0,0,1,1,0,0,30,0,0,0,0,0,2,3,11
,2024-049204,39.75106903,-104.982887,11/9/2024 11:50,11:50,3,0,0,PARK AVE W & WELTON ST,1,1,0,0,1,1,0,0,20,0,0,0,0,0,4,3,8
,2024-049205,39.68226303,-105.0262138,11/8/2024 17:33,17:33,12,0,0,W JEWELL AVE & S GROVE ST,9,3,0,2,1,1,0,0,30,0,0,0,0,0,4,2,16
,2024-049209,39.77526852,-104.8616198,11/9/2024 3:53,3:53,5,0,0,I-70 & EB ON RAMP ENT FROM N HAVANA ST,7,3,0,2,3,4,0,0,65,0,0,0,0,0,1,1,14
,2024-049210,39.77243733,-104.9076859,11/8/2024 21:44,21:44,5,0,0,E SMITH RD & N ONEIDA ST,9,3,0,2,2,1,0,0,35,0,0,0,0,0,4,1,16
,2024-049215,39.77296414,-104.975426,11/7/2024 21:25,21:25,12,0,0, BRIGHTON BLVD & 38TH ST,11,3,0,2,1,1,0,0,30,0,0,0,0,0,4,2,1
,2024-049221,39.73645925,-104.9776077,11/8/2024 2:35,2:35,6,0,0, CLARKSON ST & E 13TH AVE,7,3,1,2,1,4,0,0,30,0,0,0,0,0,4,5,16
,2024-049222,39.63901043,-104.9105313,11/8/2024 18:11,18:11,15,0,0,I-25 & E QUINCY AVE,7,3,0,2,1,4,0,0,,0,0,0,0,0,1,2,16
,2024-049256,39.74000305,-104.9669656,11/9/2024 19:56,19:56,10,0,0,E COLFAX AVE & N GILPIN ST,12,3,0,0,1,2,0,0,30,0,0,0,0,0,2,2,16
,2024-049257,39.772965,-104.9936307,10/12/2024 1:35,1:35,5,0,1,I-25 SB OFF RAMP & PARK AVE W,1,3,0,0,3,8,0,0,55,0,0,0,0,1,1,1,16
,2024-049258,39.77016791,-104.9914493,11/9/2024 6:53,6:53,5,0,1,I-25 NB ON RAMP ENT FROM PARK AVE W,11,1,0,1,3,4,0,0,55,0,0,0,0,3,1,1,14
,2024-049266,39.78406278,-104.9895503,10/28/2024 13:39,13:39,15,0,0,I-25 & W 48TH AVE,1,1,0,0,1,4,0,0,55,0,0,0,0,0,1,3,7
,2024-049267,39.7737379,-104.8409724,11/8/2024 23:50,23:50,15,0,1,I-70 WB ON RAMP FROM NB -225 & I-70 WB ON RAMP MERGE PT,5,3,1,2,1,8,0,0,40,0,0,0,0,2,1,3,1
,2024-049268,39.72502905,-105.0165335,11/10/2024 2:02,2:02,12,0,1,W 6TH AVE EB OFF RAMP & I-25 NB,4,4,1,0,1,8,0,0,45,0,0,0,0,1,2,3,16
,2024-049269,39.74020416,-104.9989093,11/7/2024 23:01,23:01,3,0,2, SPEER BLVD & W COLFAX AVE,11,3,0,2,1,1,0,0,35,0,0,0,0,2,2,5,1
,2024-049274,39.69672937,-105.0083459,11/8/2024 13:26,13:26,15,0,0,W MISSISSIPPI AVE & S RARITAN ST,7,1,0,0,1,4,0,0,30,0,0,0,0,0,4,2,13
,2024-049276,39.79479312,-104.8097221,11/10/2024 20:15,20:15,3,0,0,E MAXWELL PL & N CHAMBERS RD,1,3,0,0,1,1,0,0,25,0,0,0,0,0,4,2,16
,2024-049277,39.69679448,-104.9918427,11/10/2024 2:14,2:14,5,0,1, SANTA FE DR & W MISSISSIPPI AVE,5,3,0,0,3,4,0,0,45,0,0,0,0,2,2,1,14
,2024-049278,39.71117206,-104.9900082,11/9/2024 22:36,22:36,3,0,0,W ALAMEDA AVE & S BANNOCK ST,1,3,0,0,1,1,0,0,30,0,0,0,0,0,4,2,11
,2024-049287,39.65313264,-104.8988293,10/17/2024 15:31,15:31,12,0,0,E HAMPDEN AVE & S TAMARAC DR,1,1,0,0,1,3,0,0,,0,0,0,0,0,2,2,16
,2024-049288,39.61440589,-105.091418,11/10/2024 14:17,14:17,12,0,0, WADSWORTH BLVD & W CROSS DR,1,1,0,0,1,1,0,0,45,0,0,0,0,0,2,2,16
,2024-049289,39.66896556,-104.9316273,11/10/2024 10:10,10:10,10,0,0, DAHLIA ST & E VASSAR AVE,1,1,0,0,1,2,0,0,20,0,0,0,0,0,4,2,13
,2024-049291,39.72913315,-104.948394,11/8/2024 21:30,21:30,12,0,0,E 8TH AVE & N ADAMS ST,9,3,0,2,1,3,0,0,,0,0,0,0,0,4,2,16
,2024-049294,39.76961545,-105.0229082,10/14/2024 11:20,11:20,16,0,0,2911 W 38TH AVE,1,1,0,0,5,7,0,0,,0,0,0,0,0,3,2,16
,2024-049296,39.73870594,-104.8887492,7/9/2024 9:36,9:36,11,0,1,E 14TH & N WILLOW ST,1,1,0,0,1,9,0,0,,0,1,0,0,3,4,1,1
,2024-049297,39.70932903,-104.9593273,11/10/2024 14:42,14:42,12,0,0, UNIVERSITY BLVD & E DAKOTA AVE,1,1,0,0,1,3,0,0,35,0,0,0,0,0,4,2,13
,2024-049298,39.78055463,-104.9407518,11/10/2024 15:06,15:06,12,0,0,I-70 WB OFF RAMP & N COLORADO BLVD,1,1,0,0,1,8,0,0,,0,0,0,0,0,4,2,16
,2024-049299,39.71029918,-105.0532643,10/12/2024 21:14,21:14,12,0,3, SHERIDAN BLVD & W NEVADA PL,1,3,0,0,1,3,0,0,,0,0,0,0,2,2,4,16
,2024-049300,39.65318611,-105.0513026,11/7/2024 15:14,15:14,12,0,0,W HAMPDEN AVE & S SHERIDAN AVE,11,1,0,2,1,4,0,0,55,0,0,0,0,0,2,2,13
,2024-049301,39.76920042,-105.0189745,11/10/2024 16:07,16:07,15,0,0, BRYANT ST & W 38TH AVE,1,1,0,0,1,3,0,0,20,0,0,0,0,0,4,2,11
,2024-049302,39.74380666,-104.8858192,11/8/2024 18:02,18:02,3,0,1, XENIA ST & E 17TH AVE,9,3,0,2,1,1,0,0,,0,0,0,0,2,4,3,16
,2024-049308,39.73843777,-104.9835952,11/9/2024 22:52,22:52,3,0,0, GRANT ST & E 14TH AVE,1,3,0,0,1,1,0,0,30,0,0,0,0,0,4,2,11
,2024-049309,39.67845205,-104.9933178,10/30/2024 22:19,22:19,15,0,1, SANTA FE DR & W EVANS AVE,1,3,0,0,1,4,0,0,55,0,0,0,0,2,2,2,16
,2024-049316,39.77730033,-104.7659175,10/15/2024 5:00,5:00,6,0,0,18952 E 44TH PL & N BISCAY ST,1,3,0,0,1,4,0,0,25,0,0,0,0,0,4,4,16
,2024-049317,39.71657547,-105.0252155,10/22/2024 13:53,13:53,11,0,1,W ELLSWORTH AVE & N FEDERAL BLVD,1,1,0,0,1,1,0,0,0,0,1,0,0,3,2,1,16
,2024-049318,39.76180394,-104.9405117,11/2/2024 16:57,16:57,2,0,0, COLORADO BLVD & E MLK JR BLVD,1,2,0,0,1,1,0,0,0,1,0,0,1,0,2,1,16
,2024-049320,39.71317751,-104.9491313,11/9/2024 3:19,3:19,5,0,0, STEELE ST & E BAYAUD AVE,9,3,0,2,2,4,0,0,30,0,0,0,0,0,4,1,14
,2024-049321,39.75158218,-104.987384,11/9/2024 15:00,15:00,3,0,1, BROADWAY ST & CHAMPA ST,1,1,0,0,1,2,0,0,30,0,0,0,0,2,4,2,3
,2024-049322,39.75947178,-104.9937781,11/10/2024 15:59,15:59,12,0,2,PARK AVE W & WEWATTA ST,1,3,0,0,1,3,0,0,35,0,0,0,0,2,4,3,3
,2024-049326,39.72146508,-104.8976601,10/19/2024 13:42,13:42,5,1,0,7700 E  1ST PL,1,1,0,0,2,4,0,0,25,0,0,0,1,4,4,1,1
,2024-049328,39.73687059,-104.9764507,11/9/2024 22:45,22:45,3,0,0, EMERSON ST & E 13TH AVE,1,3,0,0,1,1,0,0,30,0,0,0,0,0,4,2,11
,2024-049329,39.70378362,-104.9328627,11/8/2024 19:00,19:00,6,0,0, DEXTER ST & CHERRY CREEK S DR,4,3,0,2,1,4,0,0,,0,0,0,0,0,4,2,13
,2024-049337,39.74486383,-104.9798806,11/6/2024 12:50,12:50,10,0,1,E 18TH AVE & N PEARL ST,7,1,0,2,1,1,0,0,30,0,0,0,0,1,4,2,16
,2024-049345,39.74167468,-104.9804611,11/6/2024 2:16,2:16,2,0,0,E 16TH AVE & PEARL ST,7,3,0,2,1,9,0,0,,1,0,0,0,0,4,1,16
,2024-049348,39.76450868,-104.9721011,11/5/2024 10:37,10:37,11,0,1, MARION ST & E BRUCE RANDOLPH BLVD,1,1,0,0,1,1,0,0,0,0,1,0,0,2,4,1,16
,2024-049350,39.74000055,-104.9979974,7/30/2024 9:15,9:15,12,0,0, SPEER BLVD & W COLFAX AVE,1,1,0,0,1,4,0,0,,0,0,0,0,0,2,2,16
,2024-049351,39.6846939,-104.959457,11/6/2024 5:50,5:50,5,0,0,I-25 & S UNIVERSITY BLVD,11,2,0,2,2,4,0,0,55,0,0,0,0,0,1,2,1
,2024-049362,39.75663524,-105.0287625,10/15/2024 15:27,15:27,11,0,1,2700  HOOKER ST & W 28TH AVE,1,1,0,0,1,4,0,1,20,0,1,0,0,1,4,1,16
,2024-049367,39.63798556,-104.9040932,10/23/2024 1:32,1:32,5,0,0,4300  QUEBEC ST & E TECHNOLOGY WAY,1,3,0,0,6,4,0,0,35,0,0,0,0,0,4,1,16
,2024-049368,39.78497892,-104.9475791,10/22/2024 22:00,22:00,6,0,0,4955  COOK ST & E 49TH RD,1,3,0,0,2,4,0,0,25,0,0,0,0,0,4,2,3
,2024-049369,39.66737931,-104.9504325,11/6/2024 7:55,7:55,8,0,0,E YALE AVE & S STEELE ST,9,1,0,2,6,4,0,0,30,0,0,0,0,0,4,2,16
,2024-049370,39.76951465,-105.0229079,10/24/2024 10:58,10:58,5,0,0,3800  ELIOT ST & W 38TH AVE,1,1,0,0,3,4,0,0,25,0,0,0,0,0,4,1,16
,2024-049371,39.77292226,-104.8639679,10/23/2024 20:18,20:18,12,0,0,E 40TH AVE & N HAVANA ST,1,4,0,0,1,4,0,0,30,0,0,0,0,0,4,2,16
,2024-049372,39.75996322,-104.8766927,11/6/2024 17:33,17:33,5,0,1,E MLK JR BLVD & N CLINTON ST,4,3,0,2,3,4,0,0,35,0,0,0,0,3,4,1,16
,2024-049374,39.72577341,-105.0058441,7/29/2024 7:29,7:29,12,0,1,W 6TH AVE  & N SEMINOLE ST,4,1,0,4,1,3,0,0,35,0,0,0,0,1,4,2,16
,2024-049380,39.68229721,-105.0203667,10/15/2024 15:53,15:53,3,0,1, CLAY ST & W JEWELL AVE,1,1,0,0,1,1,0,0,,0,0,0,0,1,4,2,16
,2024-049388,39.77400206,-104.9897506,11/7/2024 8:35,8:35,5,0,0,I-25 & PARK AVE W,11,1,0,2,3,4,0,0,55,0,0,0,0,0,1,1,16
,2024-049397,39.71111921,-104.9592612,11/6/2024 22:22,22:22,3,0,1, UNIVERSITY BLVD & E ALAMEDA AVE,5,3,1,0,1,1,0,0,30,0,0,0,0,1,4,2,7
,2024-049406,39.74346347,-104.959172,11/5/2024 12:05,12:05,11,0,0, JOSEPHINE ST & E 17TH AVE,1,1,0,0,1,2,0,0,0,0,0,1,0,0,4,1,16
,2024-049408,39.71116074,-104.9863693,11/8/2024 15:11,15:11,11,0,1, LINCOLN ST & E ALAMEDA AVE,9,1,0,2,1,1,0,0,30,0,1,0,0,2,4,1,13
,2024-049498,39.65288241,-104.9176517,11/9/2024 22:29,22:29,12,0,1,I-25 NB OFF RAMP & E HAMPDEN AVE,4,3,1,0,1,8,0,0,35,0,0,0,0,3,1,4,14
,2024-049513,39.77747267,-104.8828798,11/11/2024 12:33,12:33,15,0,0,I-270 & I-70 WB OFF RAMP MERGE PTI,2,1,0,0,1,8,0,0,55,0,0,0,0,0,1,2,7
,2024-049514,39.77581526,-104.8658371,11/11/2024 13:41,13:41,5,0,1,I-70 & N HAVANA ST,1,1,0,0,2,13,0,0,55,0,0,0,0,2,1,1,1
,2024-049515,39.74666719,-104.9989592,11/5/2024 15:38,15:38,15,0,0,LAWRENCE ST & 14TH ST,1,1,0,0,1,1,0,0,25,0,0,0,0,0,4,2,8
,2024-049516,39.77337073,-104.8449278,11/11/2024 9:07,9:07,12,0,0,I-70 EB ON RAMP & N PEORIA ST,1,1,1,0,1,8,0,0,55,0,0,0,0,0,1,2,10
,2024-049518,39.76565331,-104.9404964,11/11/2024 18:44,18:44,1,0,0, COLORADO BLVD & E 35TH AVE,1,3,0,0,1,1,0,0,35,0,0,0,0,0,2,3,13
,2024-049519,39.73359921,-104.9986568,11/11/2024 10:19,10:19,12,0,0, SANTA FE DR & W 11TH AVE,1,1,0,0,1,4,0,0,30,0,0,0,0,0,4,2,13
,2024-049520,39.63516718,-104.8959677,11/7/2024 10:44,10:44,15,0,0,I-225 & I-25 NB,10,1,0,2,1,4,0,0,60,0,0,0,0,0,2,2,13
,2024-049521,39.63488514,-104.8932827,11/8/2024 8:47,8:47,3,0,0, DTC BLVD & I-225 S FRTG RD,9,1,3,2,1,1,0,0,35,0,0,0,0,0,4,2,16
,2024-049522,39.72563827,-104.9124527,10/31/2024 21:07,21:07,2,0,0, MONACO ST PKWY & E 6TH AVE,1,3,0,0,1,1,0,0,25,1,0,0,0,0,4,1,16
,2024-049524,39.78227719,-104.8632825,11/11/2024 15:45,15:45,3,0,1, IRONTON ST & E 47TH AVE,1,1,0,0,1,1,0,0,25,0,0,0,0,2,4,2,16
,2024-049525,39.66051245,-105.0251647,10/27/2024 19:04,19:04,16,0,0,3080  FEDERAL BLVD & W DARTMOUTH AVE,1,3,0,0,5,4,0,0,20,0,0,0,0,0,3,2,16
,2024-049529,39.76911722,-104.9952968,10/15/2024 8:30,8:30,15,0,0,W 38TH AVE & N FOX ST,1,1,0,0,1,8,0,0,,0,0,0,0,0,1,2,16
,2024-049530,39.67216939,-104.9406329,10/21/2024 12:25,12:25,12,0,1, COLORADO BLVD & E DICKENSON PL,1,1,0,0,1,3,0,0,35,0,0,0,0,1,2,3,4
,2024-049531,39.78412047,-104.8405625,10/5/2024 1:45,1:45,5,0,0, TULSA CT & E ANDREWS DR,1,3,0,0,4,4,0,0,25,0,0,0,0,0,4,1,13
,2024-049532,39.73952132,-104.9394923,11/11/2024 5:39,5:39,6,0,1, ALBION ST & E COLFAX AVE,1,3,0,0,1,4,0,0,15,0,0,0,0,1,4,2,3
,2024-049536,39.67797681,-104.905051,10/3/2024 17:53,17:53,16,0,0,7100 E EVANS AVE,1,1,0,0,5,7,0,0,,0,0,0,0,0,3,2,16
,2024-049538,39.71759666,-105.0044375,10/31/2024 16:58,16:58,12,0,0,I-25 & W ALAMEDA AVE,1,1,0,0,1,4,0,0,,0,0,0,0,0,1,2,16