id,drcog_id,latitude,longitude,crashtime,time,crashtype,numbkilled,numbinjurd,drcoglocat,rdconditin,lightngcon,roadcntgrd,weatherco,location,roaddescrp,schoolzone,constrzone,splimit,bikeinv,pedinv,sctrinv,motoinv,svrty,rdsystem,ttlvehcls,hcf
,2024-049539,39.71053552,-104.9863775,11/11/2024 9:54,9:54,10,0,0, LINCOLN ST & E ALAMEDA AVE,1,1,0,0,1,2,0,0,35,0,0,0,0,0,4,2,10
,2024-049551,39.74007096,-104.9216664,11/8/2024 22:15,22:15,12,0,0,E COLFAX AVE & N IVANHOE ST,7,3,0,2,1,1,0,0,35,0,0,0,0,0,2,2,13
,2024-049553,39.78607541,-105.008915,11/8/2024 3:23,3:23,6,0,1,W DIXIE PL & N RARITAN ST,11,3,0,2,2,4,0,0,25,0,0,0,0,2,4,2,16
,2024-049557,39.70034871,-105.0344525,11/7/2024 22:43,22:43,3,0,1,W KENTUCKY AVE & S LOWELL BLVD,12,3,0,0,1,1,0,0,20,0,0,0,0,1,4,2,11
,2024-049582,39.78915744,-104.9863902,11/8/2024 19:23,19:23,6,0,0, LINCOLN ST & E 51ST AVE,9,3,0,2,1,4,0,0,20,0,0,0,0,0,4,2,16
,2024-049593,39.82940504,-104.7806538,11/10/2024 13:00,13:00,12,0,0,PENA BLVD & TOWER RD,1,1,0,0,1,4,0,0,35,0,0,0,0,0,4,2,11
,2024-049655,39.77877065,-104.882744,11/12/2024 8:51,8:51,15,0,0, CENTRAL PARK BLVD & I-70,1,1,0,0,1,4,0,0,35,0,0,0,0,0,4,2,13
,2024-049656,39.69940444,-104.9920611,11/11/2024 10:29,10:29,15,0,0, SANTA FE DR & E MISSISSIPPI AVE,1,1,0,0,1,4,0,0,45,0,0,0,0,0,2,2,13
,2024-049657,39.78357227,-105.0157322,11/12/2024 8:30,8:30,12,0,1,I-70 & N PECOS ST,1,1,1,0,1,4,0,0,55,0,0,0,0,1,1,2,1
,2024-049658,39.77051294,-105.0162528,10/28/2024 16:00,16:00,6,0,0,W 39TH AVE & N ZUNI ST,1,3,0,0,1,4,0,0,,0,0,0,0,0,4,2,16
,2024-049672,39.64343872,-105.0533511,11/12/2024 11:17,11:17,5,0,0, SHERIDAN BLVD & W OXFORD AVE,1,1,0,0,3,4,0,0,,0,0,0,0,0,4,1,16
,2024-049673,39.71576091,-104.986257,11/12/2024 17:52,17:52,12,0,1, LINCOLN ST & E ELLSWORTH AVE,1,3,0,0,1,4,0,0,30,0,0,0,0,2,4,2,8
,2024-049676,39.68935866,-104.9140578,11/12/2024 15:20,15:20,3,0,1, LOCUST ST & E FLORIDA AVE,1,1,0,0,1,1,0,0,25,0,0,0,0,2,4,2,11
,2024-049677,39.77114233,-105.0473957,10/28/2024 5:29,5:29,6,0,0,W 39TH AVE & N WINONA CT,1,3,0,0,1,4,0,0,25,0,0,0,0,0,4,2,13
,2024-049678,39.75822553,-104.9499213,11/11/2024 8:18,8:18,3,0,0, STEELE ST & E 29TH AVE,1,1,0,0,1,1,0,0,30,0,0,0,0,0,4,2,1
,2024-049679,39.72849891,-104.8872587,11/12/2024 8:38,8:38,3,0,0,E 8TH AVE & N YOSEMITE ST,1,1,0,0,1,1,0,0,25,0,0,0,0,0,4,2,16
,2024-049680,39.71044386,-105.0338496,11/11/2024 15:26,15:26,15,0,0,MORRISON RD & W NEVADA PL,1,1,0,0,1,2,0,0,,0,0,0,0,0,4,2,16
,2024-049681,39.6805878,-104.9451408,11/11/2024 16:01,16:01,1,0,1,E BUCHTEL BLVD & S MONROE ST,2,1,0,0,1,1,0,0,35,0,0,0,0,3,4,2,11
,2024-049683,39.71815431,-105.037309,11/12/2024 7:32,7:32,3,0,0, NEWTON ST & W 1ST AVE,1,1,0,0,1,1,0,0,25,0,0,0,0,0,4,2,11
,2024-049685,39.77595426,-104.8695592,10/20/2024 21:30,21:30,15,0,0,I-70 & N HAVANA ST,1,3,0,0,1,4,0,0,,0,0,0,0,0,1,2,16
,2024-049686,39.71863801,-105.0055524,11/11/2024 13:53,13:53,12,0,0,I-25 & NB OFF RAMP EXT TO W 6TH AVE,1,1,1,0,1,8,0,0,55,0,0,0,0,0,1,3,1
,2024-049687,39.74349484,-104.9128103,11/11/2024 16:15,16:15,12,0,0, MONACO ST PKWY & E 17TH AVE,1,1,0,0,1,4,0,0,30,0,0,0,0,0,4,2,11
,2024-049688,39.63015162,-105.0817641,10/14/2024 12:00,12:00,12,0,0,W LAYTON AVE & S WADSWORTH BLVD,1,1,0,0,1,3,0,0,,0,0,0,0,0,4,2,13
,2024-049689,39.70367964,-105.0015353,11/1/2024 22:28,22:28,6,0,0, LIPAN ST & W EXPOSITION AVE,1,3,0,0,1,4,0,0,,0,0,0,0,0,4,2,16
,2024-049690,39.70330787,-104.9733805,11/11/2024 10:42,10:42,6,0,0, DOWNING ST & E EXPOSITION AVE,1,1,0,0,1,4,0,0,30,0,0,0,0,0,4,2,16
,2024-049691,39.69666308,-104.9929154,11/12/2024 12:30,12:30,1,0,0,W MISSISSIPPI AVE & S SANTA FE DR,1,1,0,0,1,1,0,0,30,0,0,0,0,0,2,2,7
,2024-049693,39.77991016,-104.9648333,11/12/2024 7:23,7:23,12,0,1,I-70 EB ON RAMP & N BRIGHTON BLVD,1,1,0,0,1,8,0,0,45,0,0,0,0,1,1,2,13
,2024-049694,39.67851563,-104.9887948,11/12/2024 7:34,7:34,3,0,0,W EVANS AVE & S ACOMA ST,1,1,0,0,1,1,0,0,35,0,0,0,0,0,4,2,13
,2024-049695,39.83469561,-104.6929259,11/12/2024 17:30,17:30,1,0,0, JACKSON GAP ST & PENA BLVD OB RAMPS,11,3,0,1,1,1,0,0,35,0,0,0,0,0,4,2,16
,2024-049696,39.75679985,-104.9806439,10/24/2024 7:50,7:50,3,0,0,27TH ST & CHAMPA ST,1,1,0,0,1,1,0,0,30,0,0,0,0,0,4,2,16
,2024-049697,39.79830251,-104.7697804,10/31/2024 17:40,17:40,12,0,0,E 56TH AVE & N ARGONNE ST,1,1,0,0,1,1,0,0,40,0,0,0,0,0,4,2,16
,2024-049698,39.72548995,-104.9036787,11/12/2024 17:37,17:37,12,0,0,E 6TH AVE & N QUEBEC ST,1,3,0,0,1,3,0,0,,0,0,0,0,0,4,2,14
,2024-049699,39.7795725,-104.9790479,11/12/2024 12:30,12:30,15,0,0,I-70 & N WASHINGTON ST,1,1,0,0,1,13,0,1,55,0,0,0,0,0,1,2,13
,2024-049700,39.69311534,-105.0250363,11/12/2024 14:59,14:59,1,0,0, FEDERAL BLVD & W LOUISIANA AVE,1,1,0,0,1,1,0,0,40,0,0,0,0,0,2,2,13
,2024-049702,39.6803405,-104.9828689,11/7/2024 13:00,13:00,3,0,0,E ASBURY AVE & S LOGAN ST,9,1,0,2,1,1,0,0,25,0,0,0,0,0,4,3,3
,2024-049703,39.65319071,-104.9047387,11/11/2024 17:15,17:15,15,0,0,E HAMPDEN AVE & S POPLAR ST,1,3,0,0,1,4,0,0,,0,0,0,0,0,2,2,16
,2024-049704,39.77703412,-104.8827898,10/16/2024 20:00,20:00,12,0,0, CENTRAL PARK BLVD & I-70,1,3,1,0,1,3,0,0,35,0,0,0,0,0,4,2,7
,2024-049705,39.76928321,-105.0017601,11/12/2024 9:20,9:20,11,0,1, LIPAN ST & W 38TH AVE,1,1,0,0,1,1,0,0,35,0,1,0,0,3,4,1,16
,2024-049706,39.75546439,-104.9893402,11/10/2024 13:35,13:35,12,0,0,LARIMER ST & PARK AVE W,1,1,0,0,1,4,0,0,20,0,0,0,0,0,4,2,13
,2024-049707,39.78434516,-104.8470292,11/11/2024 15:26,15:26,5,0,1, PEORIA ST & E 48TH AVE,1,1,0,1,6,4,0,0,40,0,0,0,0,1,4,1,13
,2024-049708,39.76936408,-105.0440132,11/11/2024 8:20,8:20,15,0,0,W 38TH AVE & N TENNYSON ST,1,1,0,0,1,1,0,0,35,0,0,0,0,0,4,2,11
,2024-049709,39.72412976,-104.9594552,11/8/2024 6:35,6:35,10,0,0, UNIVERSITY BLVD & E 5TH AVE,9,3,0,2,1,1,0,0,30,0,0,0,0,0,4,2,11
,2024-049711,39.67843591,-104.9959981,11/12/2024 17:29,17:29,3,0,0, GALAPAGO ST & W EVANS AVE,1,3,0,0,1,1,0,0,35,0,0,0,0,0,4,2,11
,2024-049712,39.78272581,-105.0060766,11/2/2024 0:20,0:20,5,0,0,I-70 EB ON RAMP & N PECOS ST,1,3,0,0,3,8,0,0,55,0,0,0,0,0,1,1,13
,2024-049713,39.7165313,-104.9758434,7/12/2024 10:55,10:55,6,0,0,E ELLSWORTH AVE & N OGDEN ST,1,1,0,0,1,4,0,0,20,0,0,0,0,0,4,2,16
,2024-049714,39.72906549,-104.9034667,11/7/2024 16:20,16:20,12,0,0, QUEBEC ST & E 8TH AVE,7,1,0,0,1,4,0,0,,0,0,0,0,0,4,3,16
,2024-049715,39.74163542,-104.9680617,11/8/2024 21:10,21:10,6,0,0,E 16TH AVE & N FRANKLIN ST,9,4,0,2,1,4,0,0,,0,0,0,0,0,4,2,16
,2024-049717,39.68950369,-105.0201964,11/8/2024 21:00,21:00,6,0,0,W FLORIDA AVE & S CLAY ST,9,3,0,2,3,4,0,0,35,0,0,0,0,0,4,2,14
,2024-049718,39.76696045,-104.9684203,11/12/2024 16:05,16:05,15,0,1,3580  FRANKLIN ST & E 36TH AVE,1,2,0,0,1,4,0,0,20,0,0,0,0,2,4,2,11
,2024-049719,39.72571189,-105.0256701,11/12/2024 11:04,11:04,12,0,0,W 6TH AVE WB ON RAMP & N FEDERAL BLVD,1,1,0,0,1,8,0,0,35,0,0,0,0,0,2,2,13
,2024-049720,39.70580369,-105.0391143,11/1/2024 16:58,16:58,6,0,0,596  PATTON CT & W CENTER AVE,1,1,0,0,1,4,0,0,20,0,0,0,0,0,4,2,16
,2024-049721,39.67661066,-104.9408405,11/11/2024 9:23,9:23,3,0,1,E WARREN AVE & S COLORADO BLVD,1,1,0,0,1,1,0,0,25,0,0,0,0,1,2,2,11
,2024-049724,39.78370587,-105.0064348,11/12/2024 7:30,7:30,3,0,0, PECOS ST & W 48TH AVE,1,1,0,0,1,6,0,0,30,0,0,0,0,0,1,2,13
,2024-049725,39.77752988,-104.9037887,7/8/2024 12:21,12:21,12,0,0,I-70 EB OFF RAMP SLIP & N NORTHFIELD QUEBEC ST,1,1,1,0,1,8,0,0,55,0,0,0,0,0,1,2,13
,2024-049728,39.76923464,-104.7607994,11/10/2024 8:26,8:26,8,0,0, ENSENADA ST & E 38TH AVE,1,1,0,0,1,3,0,0,40,0,0,0,0,0,4,2,11
,2024-049729,39.74370032,-104.941891,8/5/2024 11:10,11:10,6,0,0, HARRISON ST & E 17TH AVE,1,1,0,0,1,4,0,0,20,0,0,0,0,0,4,2,16
,2024-049731,39.71156603,-104.9407889,11/10/2024 11:10,11:10,1,0,0,E ALAMEDA AVE & S COLORADO BLVD,1,1,0,0,1,1,0,0,,0,0,0,0,0,2,2,16
,2024-049732,39.65307901,-104.8987255,11/7/2024 12:15,12:15,3,0,0,E HAMPDEN AVE & S TAMARAC DR,9,1,0,2,1,1,0,0,40,0,0,0,0,0,2,3,3
,2024-049733,39.62761046,-104.9000547,11/8/2024 10:25,10:25,5,0,0, SYRACUSE ST & E UNION AVE,7,1,0,2,6,4,0,0,35,0,0,0,0,0,4,1,16
,2024-049735,39.67846359,-104.9128117,11/10/2024 6:40,6:40,3,0,0,E EVANS AVE & S MONACO ST PKWY,4,1,0,0,1,1,0,0,35,0,0,0,0,0,4,2,13
,2024-049737,39.77016254,-104.9719378,11/10/2024 13:36,13:36,12,0,1, MARION ST & WALNUT ST,1,1,0,0,1,3,0,0,20,0,0,0,0,1,4,2,3
,2024-049738,39.72802993,-104.9902643,10/31/2024 1:14,1:14,16,0,0,777  BANNOCK ST & SPEER BLVD,1,3,1,0,5,7,0,0,,0,0,0,0,0,3,1,13
,2024-049739,39.74028116,-105.0124023,11/5/2024 7:05,7:05,3,0,0,W COLFAX AVE & I-25 SB OFF RAMP,1,1,0,0,1,1,0,0,40,0,0,0,0,0,2,2,3
,2024-049744,39.71815801,-105.0299842,10/28/2024 2:52,2:52,6,0,0,3233 W 1ST AVE & S IRVING ST,1,3,0,0,1,4,0,0,30,0,0,0,0,0,4,2,16
,2024-049747,39.73829688,-104.9407607,10/11/2024 23:31,23:31,15,0,0, COLORADO BLVD & E 14TH AVE,1,3,0,1,1,3,0,0,30,0,0,0,0,0,4,2,14
,2024-049762,39.77940385,-104.9891646,10/24/2024 11:22,11:22,15,0,1,I-25 & I-70,1,1,0,0,1,4,0,0,55,0,0,0,0,1,1,3,7
,2024-049776,39.74396625,-105.0168838,11/10/2024 19:41,19:41,15,0,1,I-25 & SB OFF RAMP EXT TO W COLFAX AVE,1,3,0,0,1,4,0,0,55,0,0,0,0,1,1,2,16
,2024-049858,39.77940385,-104.9891646,10/24/2024 11:22,11:22,15,0,1,I-25 & I-70,1,1,0,0,1,4,0,0,55,0,0,0,0,1,1,3,7
,2024-049863,39.73467177,-105.0150324,9/28/2024 14:30,14:30,12,0,0,I-25 & NB OFF RAMP EXT TO W COLFAX AVE,1,1,0,0,1,8,0,0,50,0,0,0,0,0,2,2,16
,2024-049870,39.84084361,-104.6655042,11/11/2024 14:30,14:30,6,0,0,E 80TH AVE & N VANDRIVER ST,1,1,0,0,1,2,0,0,25,0,0,0,0,0,4,2,13
,2024-049871,39.71119525,-104.997141,8/29/2024 13:45,13:45,12,0,0, SANTA FE DR & W ALAMEDA AVE,1,1,0,0,1,1,0,0,,0,0,0,0,0,4,2,16
,2024-049874,39.75253077,-104.9896284,9/21/2024 9:42,9:42,12,0,1,21ST ST & ARAPAHOE ST,1,1,0,0,1,3,0,0,,0,0,0,0,2,4,2,3
,2024-049880,39.75483279,-105.0191582,11/13/2024 10:19,10:19,3,0,0, BRYANT ST & W 26TH AVE,1,1,0,0,1,1,0,0,25,0,0,0,0,0,4,2,13
,2024-049893,39.75493249,-104.9950654,11/11/2024 18:13,18:13,12,0,1,W 20TH ST & WAZEE ST,1,3,1,0,1,4,0,0,,0,0,0,0,2,4,2,16
,2024-049894,39.75874935,-105.0532399,11/13/2024 14:48,14:48,12,0,1, SHERIDAN BLVD & W 29TH AVE,1,1,1,0,1,4,0,0,35,0,0,0,0,2,2,2,13
,2024-049895,39.7582124,-104.940526,10/18/2024 16:15,16:15,12,0,0, COLORADO BLVD & E 29TH AVE,1,1,0,0,1,3,0,0,,0,0,0,0,0,2,2,16
,2024-049896,39.74328266,-104.9862201,10/30/2024 16:15,16:15,12,0,0,E 17TH AVE & N LINCOLN ST,1,1,1,0,1,3,0,0,,0,0,0,0,0,4,2,16
,2024-049898,39.67366324,-104.9734497,10/18/2024 10:30,10:30,6,0,0, DOWNING ST & E WESLEY AVE,1,1,0,0,1,4,0,0,30,0,0,0,0,0,4,2,16
,2024-049902,39.75773102,-104.9794437,11/13/2024 12:42,12:42,9,0,1,28TH ST & CHAMPA ST,1,1,0,0,1,1,0,0,20,0,0,0,1,3,4,1,14
,2024-049909,39.69666133,-104.9918826,11/3/2024 2:17,2:17,3,0,0, SANTA FE DR & W MISSISSIPPI AVE,1,3,0,0,1,1,0,0,55,0,0,0,0,0,2,2,16
,2024-049910,39.73834606,-104.9463449,11/13/2024 9:24,9:24,10,0,0,E 14TH AVE & N MADISON ST,1,1,0,0,1,1,0,0,30,0,0,0,0,0,4,2,13
,2024-049911,39.64391857,-104.9129869,11/13/2024 8:55,8:55,12,0,1,I-25 & MM 200.9,1,1,0,0,1,4,0,0,55,0,0,0,0,1,1,2,13
,2024-049912,39.64370734,-105.0533465,11/8/2024 19:41,19:41,5,0,0, SHERIDAN BLVD & W OXFORD AVE,7,4,0,2,3,4,0,0,,0,0,0,0,0,4,1,16
,2024-049913,39.77720639,-104.8819981,9/24/2024 5:45,5:45,12,0,0,I-70 & I-270 WB ON RAMP ENT,1,1,0,0,1,4,0,0,,0,0,0,0,0,2,2,16
,2024-049914,39.74045842,-105.0218405,11/10/2024 23:12,23:12,5,0,0,W COLFAX AVE & EB ON RAMP ENT FROM NB N FEDERAL BLVD,1,3,0,0,2,8,0,0,35,0,0,0,0,0,2,1,16
,2024-049915,39.73691542,-105.0159571,10/8/2024 14:40,14:40,15,0,0, ZUNI ST & W 13TH AVE,1,1,0,0,1,3,0,0,,0,0,0,0,0,4,2,16
,2024-049917,39.74454736,-104.9672098,11/1/2024 20:30,20:30,6,0,0, GILPIN ST & E 18TH AVE,1,4,0,0,1,4,0,0,25,0,0,0,0,0,4,2,13
,2024-049918,39.78004508,-104.9893854,11/13/2024 21:08,21:08,15,0,0,I-70 & I-25,1,4,0,0,1,4,0,0,55,0,0,0,0,0,1,2,3
,2024-049919,39.75452625,-104.9696482,11/11/2024 16:23,16:23,11,0,0,2538  HUMBOLDT ST & E 26TH AVE PKWY,1,1,0,0,1,4,0,0,,0,1,0,0,0,4,1,16
,2024-049922,39.76211347,-105.017406,10/2/2024 17:30,17:30,6,0,0, ALCOTT ST & W 32ND AVE,1,2,0,0,1,4,0,0,20,0,0,0,0,0,4,3,1
,2024-049924,39.75609311,-104.9885328,10/18/2024 20:40,20:40,6,0,0,LARIMER ST & PARK AVE W,1,3,0,0,1,4,0,0,,0,0,0,0,0,4,2,16
,2024-049936,39.72294021,-105.037281,11/13/2024 11:22,11:22,3,0,0,W 4TH AVE & N NEWTON ST,1,1,0,0,1,1,0,0,25,0,0,0,0,0,4,2,13
,2024-049937,39.72558774,-105.0134166,10/1/2024 14:30,14:30,15,0,0,I-25 & W 6TH AVE,1,1,0,0,1,4,0,0,,0,0,0,0,0,1,2,16
,2024-049938,39.77249778,-105.0440141,11/2/2024 17:30,17:30,6,0,0,E 41ST AVE & TENNYSON ST,1,3,0,0,1,4,0,0,25,0,0,0,0,0,4,2,13
,2024-049940,39.68228129,-105.0227017,10/30/2024 19:54,19:54,3,0,0, DECATUR ST & W JEWELL AVE,11,3,0,1,1,1,0,0,,0,0,0,0,0,4,2,16
,2024-049941,39.83185608,-104.6929572,11/13/2024 7:28,7:28,3,0,0, JACKSON GAP ST & E 75TH AVE,1,1,0,0,1,1,0,0,35,0,0,0,0,0,4,2,13
,2024-049942,39.78384281,-104.7721156,10/16/2024 14:22,14:22,15,0,0, TOWER RD & E GREEN VALLEY RANCH BLVD,1,1,0,0,1,4,0,0,,0,0,0,0,0,4,2,16
,2024-049949,39.78076922,-104.9495607,10/26/2024 11:03,11:03,3,0,0, VASQUEZ BLVD & E 46TH N AVE,1,1,0,0,1,1,0,0,,0,0,0,0,0,2,2,16
,2024-049950,39.74042388,-104.9690286,11/3/2024 11:04,11:04,16,0,1,1515 E COLFAX AVE,1,1,0,0,5,7,0,0,,0,1,0,0,2,3,1,11
,2024-049953,39.82899381,-104.7469038,11/13/2024 17:20,17:20,12,0,0,E-470 & MM 27.5,1,3,0,0,1,4,0,0,75,0,0,0,0,0,2,4,11
,2024-049954,39.70866677,-105.0227066,11/13/2024 17:44,17:44,6,0,0, DECATUR ST & W DAKOTA AVE,1,4,0,0,1,4,0,0,,0,0,0,0,0,4,2,16
,2024-049957,39.74033568,-105.0428379,10/11/2024 11:59,11:59,12,0,0,W COLFAX AVE & N STUART ST,1,3,0,0,1,4,0,0,,0,0,0,0,0,2,3,16
,2024-049959,39.80230749,-104.7863575,10/25/2024 10:00,10:00,12,0,0,PENA BLVD IB & E 56TH AVE NB ON RAMP MERGE PT,1,1,0,0,1,8,0,0,65,0,0,0,0,0,2,2,16
,2024-049960,39.68884578,-104.9714879,9/23/2024 8:15,8:15,12,0,0,I-25 & SB OFF RAMP EXT TO S UNIVERSITY BLVD,1,1,3,0,1,4,0,0,65,0,0,0,0,0,1,2,16
,2024-049961,39.73688006,-104.9799962,10/13/2024 13:10,13:10,6,0,0,E 13TH AVE & N PEARL ST,1,1,0,0,1,4,0,0,,0,0,0,0,0,4,2,16
,2024-049962,39.67485774,-104.9152053,11/7/2024 16:30,16:30,5,0,0,E ILIFF AVE & S LINDEN CT,9,3,0,2,3,4,0,0,25,0,0,0,0,0,4,1,16
,2024-049966,39.83482538,-104.7718852,11/13/2024 13:54,13:54,12,0,0,PENA BLVD OB OFF RAMP & N TOWER RD,1,1,0,0,1,8,0,0,45,0,0,0,0,0,2,2,3
,2024-049975,39.74007515,-104.9952733,11/12/2024 17:37,17:37,1,0,1,GLENARM PL & W COLFAX AVE,1,5,3,7,1,1,0,0,30,0,0,0,0,3,2,2,10
,2024-049978,39.61831469,-105.0900434,11/13/2024 12:53,12:53,14,0,0,W CRESTLINE AVE & S WADSWORTH BLVD,1,1,0,0,1,2,0,0,30,0,0,0,0,0,4,2,11
,2024-049979,39.69856575,-105.0250782,11/13/2024 7:04,7:04,5,0,0, FEDERAL BLVD & W TENNESSEE AVE,1,1,0,0,2,3,0,0,40,0,0,0,0,0,2,1,3
,2024-049980,39.74008567,-104.8920049,11/2/2024 0:28,0:28,6,0,1,8274 E COLFAX AVE & N VALENTIA ST,1,3,0,0,1,4,0,0,35,0,0,0,0,2,2,2,10
,2024-049981,39.7110112,-104.9480266,11/13/2024 18:00,18:00,1,0,1,E CHERRY CREEK  DR & E ALAMEDA AVE,1,3,0,0,1,1,0,0,35,0,0,0,0,2,4,2,13
,2024-049982,39.73790554,-104.9953035,10/25/2024 19:30,19:30,6,0,0, FOX ST & W 14TH AVE,1,3,0,0,1,4,0,0,,0,0,0,0,0,4,2,16
,2024-049983,39.67851125,-104.9726924,11/13/2024 17:16,17:16,12,0,1,E EVANS AVE & S DOWNING ST,1,3,0,0,1,4,0,0,35,0,0,0,0,1,4,2,13
,2024-049985,39.73712999,-104.903458,10/22/2024 17:10,17:10,12,0,0, QUEBEC ST & E 13TH AVE,1,2,0,1,1,3,0,0,,0,0,0,0,0,4,2,16
,2024-049986,39.80792909,-104.7721187,11/9/2024 19:57,19:57,12,0,0, TOWER RD & E 61ST AVE,11,3,0,0,1,4,0,0,,0,0,0,0,0,4,2,16
,2024-049989,39.68276367,-105.0250183,7/25/2024 22:51,22:51,16,0,0,1885  FEDERAL BLVD,1,3,0,0,5,7,0,0,10,0,0,0,0,0,3,2,13
,2024-049990,39.73518456,-104.9586091,10/27/2024 1:50,1:50,6,0,0, JOSEPHINE ST & E 12TH AVE,1,3,0,0,1,4,0,0,25,0,0,0,0,0,4,2,16
,2024-049996,39.7374138,-105.0486776,10/20/2024 0:19,0:19,6,0,0, WOLFF ST & W 14TH AVE,1,3,0,0,1,4,0,0,20,0,0,0,0,0,4,3,16
,2024-049997,39.69284447,-105.0297213,11/12/2024 21:00,21:00,6,0,0, IRVING ST & W LOUISIANA AVE,1,1,0,0,1,4,0,0,,0,0,0,0,0,4,2,16
,2024-049998,39.71118458,-105.0089821,11/13/2024 19:05,19:05,15,0,0,W ALAMEDA AVE & S RARITAN ST,1,3,0,0,1,4,0,0,35,0,0,0,0,0,2,2,13
,2024-049999,39.78363941,-104.7898894,11/13/2024 7:02,7:02,1,0,1,E GREEN VALLEY RANCH BLVD & PENA BLVD IB RAMPS,1,1,0,0,1,1,0,0,35,0,0,0,0,2,4,2,13
,2024-050007,39.76446924,-104.9508762,11/12/2024 22:44,22:44,6,0,1,E BRUCE RANDOLPH AVE & N ST PAUL ST,1,3,0,0,1,4,0,0,25,0,0,0,0,2,4,2,11
,2024-050009,39.7265843,-104.9861729,11/13/2024 3:03,3:03,10,0,0, LINCOLN ST & E SPEER BLVD,1,3,0,0,1,1,0,0,35,0,0,0,0,0,4,2,8
,2024-050012,39.71527637,-104.9593069,10/5/2024 22:00,22:00,12,0,0, UNIVERSITY BLVD & E CHERRY CREEK N DR,1,3,0,0,1,4,0,0,35,0,0,0,0,0,4,2,16
,2024-050124,39.78364299,-104.7895367,10/16/2024 17:40,17:40,15,0,0,E GREEN VALLEY RANCH BLVD & PENA BLVD IN RAMPS,1,1,0,0,1,4,0,0,35,0,0,0,0,0,4,2,16
,2024-050128,39.66051245,-105.0251647,11/14/2024 14:57,14:57,1,0,0,3101  FEDERAL BLVD & W DARTMOUTH AVE,1,1,0,0,1,2,0,0,35,0,0,0,0,0,2,2,16
,2024-050129,39.63867111,-105.0878467,11/14/2024 8:10,8:10,12,0,1,W QUINCY AVE & S AMMONS ST,1,1,0,0,1,3,0,0,40,0,0,0,0,1,4,2,16
,2024-050135,39.77312503,-104.9806877,11/13/2024 12:25,12:25,3,0,0,RINGSBY CT & N WASHINGTON ST,1,1,0,0,1,2,0,0,25,0,0,0,0,0,4,2,11
,2024-050138,39.72904635,-104.9899352,11/12/2024 13:11,13:11,15,0,0, SPEER BLVD & W 8TH AVE,1,1,0,0,1,1,0,0,30,0,0,0,0,0,4,2,13
,2024-050140,39.83468662,-104.6929257,11/11/2024 23:00,23:00,1,0,1,JACKSON GAP ST & PENA BLVD OB RAMPS,1,3,0,0,6,1,0,0,25,0,0,0,0,1,4,2,1
,2024-050142,39.65588286,-104.9129553,11/13/2024 8:40,8:40,15,0,0, MONACO ST PKWY & E FLOYD AVE,1,1,0,0,1,4,0,0,35,0,0,0,0,0,4,2,14
,2024-050149,39.67383469,-104.9036771,11/12/2024 14:10,14:10,15,0,0, QUEBEC ST & E ILIFF AVE,1,1,1,0,1,4,0,0,30,0,0,0,0,0,4,2,11
,2024-050151,39.77175462,-105.0017683,11/12/2024 11:33,11:33,8,0,4, LIPAN ST & W 40TH AVE,1,1,0,0,1,1,0,0,20,0,0,0,0,3,4,3,2
,2024-050157,39.76064087,-104.8705196,11/14/2024 8:23,8:23,10,0,1, FULTON ST & E MLK JR BLVD,1,1,0,0,1,4,0,0,25,0,0,0,0,1,4,2,13
,2024-050162,39.73844534,-104.9861225,11/12/2024 9:20,9:20,15,0,0,E 14TH AVE & N LINCOLN ST,1,1,0,0,1,1,0,0,20,0,0,0,0,0,4,2,13
,2024-050165,39.78362735,-104.7721144,11/14/2024 8:43,8:43,1,0,1, TOWER RD & E GREEN VALLEY RANCH BLVD,1,1,0,0,1,1,0,0,45,0,0,0,0,1,4,2,13
,2024-050170,39.71269384,-104.9593095,11/14/2024 16:04,16:04,1,0,0, UNIVERSITY BLVD & E CHERRY CREEK N DR,1,1,0,0,1,2,0,0,35,0,0,0,0,0,4,2,13
,2024-050175,39.76737248,-104.9008073,11/13/2024 7:09,7:09,1,0,2,E 36TH AVE & N ROSLYN ST,1,1,0,0,1,1,0,0,30,0,0,0,0,2,4,2,16
,2024-050176,39.7802719,-104.966365,11/12/2024 16:38,16:38,12,0,0,I-70 & N BRIGHTON BLVD,1,2,0,0,1,4,0,0,55,0,0,0,0,0,1,2,3
,2024-050179,39.71156608,-104.9407889,11/13/2024 13:05,13:05,12,0,0, COLORADO BLVD & E ALAMEDA AVE,1,1,0,0,1,1,0,0,35,0,0,0,0,0,2,2,3
,2024-050180,39.76449943,-104.9609777,11/8/2024 23:36,23:36,6,0,0,E BRUCE RANDOLPH AVE & N GAYLORD ST,7,3,0,2,1,4,0,0,35,0,0,0,0,0,4,2,16
,2024-050181,39.73566228,-105.0217634,11/14/2024 11:58,11:58,5,0,0, DECATUR ST & W HOLDEN PL,1,1,0,0,3,1,0,0,25,0,0,0,0,0,4,1,13
,2024-050183,39.77714136,-104.8829592,11/12/2024 14:39,14:39,15,0,0,I-70 & N CENTRAL PARK BLVD,1,1,0,0,1,4,0,0,55,0,0,0,0,0,1,2,7