id,drcog_id,latitude,longitude,crashtime,time,crashtype,numbkilled,numbinjurd,drcoglocat,rdconditin,lightngcon,roadcntgrd,weatherco,location,roaddescrp,schoolzone,constrzone,splimit,bikeinv,pedinv,sctrinv,motoinv,svrty,rdsystem,ttlvehcls,hcf
,2024-050186,39.67541641,-104.9959878,11/11/2024 8:51,8:51,6,0,0, GALAPAGO ST & W ILIFF AVE,1,1,0,1,1,4,0,0,20,0,0,0,0,0,4,2,16
,2024-050187,39.75144645,-105.0167252,10/12/2024 11:33,11:33,12,0,0,I-25 & 23RD ST,1,1,0,0,1,4,0,0,55,0,0,0,0,0,1,2,1
,2024-050188,39.73526164,-104.987401,11/11/2024 15:30,15:30,10,0,0, BROADWAY ST & E 12TH AVE,1,1,0,0,1,1,0,0,30,0,0,0,0,0,4,2,13
,2024-050190,39.77986299,-104.9311938,11/13/2024 14:05,14:05,9,0,0,I-70 & N DAHLIA ST,1,1,0,0,1,4,0,0,60,0,0,0,0,0,1,2,14
,2024-050191,39.68577888,-104.987534,11/14/2024 15:40,15:40,8,0,0,E MEXICO AVE & S BROADWAY ST,1,1,0,0,1,3,0,0,,0,0,0,0,0,4,2,11
,2024-050193,39.66854476,-105.02506,11/10/2024 14:15,14:15,1,0,0, FEDERAL BLVD & W COLLEGE AVE,2,1,0,0,1,1,0,0,35,0,0,0,0,0,2,2,16
,2024-050196,39.71839148,-105.053281,10/13/2024 11:01,11:01,15,0,0, SHERIDAN BLVD & W 1ST AVE,1,1,0,0,1,3,0,0,35,0,0,0,0,0,2,2,11
,2024-050197,39.7465604,-105.0181292,11/13/2024 6:26,6:26,12,0,0,I-25 & W 23RD AVE,1,2,0,0,1,4,0,0,55,0,0,0,0,0,1,3,1
,2024-050198,39.62961361,-104.9047888,11/12/2024 15:14,15:14,15,0,0,I-25 NB & NB OFF RAMP EXT TO I-225,1,1,0,0,1,8,0,0,55,0,0,0,0,0,1,3,13
,2024-050200,39.74395371,-105.0299572,11/14/2024 14:41,14:41,3,0,0, IRVING ST & W 17TH AVE,1,1,0,0,1,1,0,0,30,0,0,0,0,0,4,2,13
,2024-050203,39.70877186,-104.888397,11/13/2024 8:10,8:10,12,0,0,E ALAMEDA AVE & S XENIA ST,1,1,0,0,1,4,0,0,35,0,0,0,0,0,4,2,3
,2024-050205,39.71842969,-104.9985751,11/14/2024 18:10,18:10,1,0,0,W 1ST AVE & N SANTA FE DR,1,3,0,0,1,1,0,0,20,0,0,0,0,0,4,2,13
,2024-050207,39.66300727,-104.8922832,11/14/2024 8:08,8:08,3,0,1,3021  VALENTIA ST & E CORNELL DR,1,1,0,0,1,2,0,0,25,0,0,0,0,1,4,2,16
,2024-050208,39.67189369,-104.9403157,11/14/2024 5:40,5:40,6,0,0,E DICKENSON PL & S COLORADO BLVD,1,3,0,0,1,2,0,0,25,0,0,0,0,0,2,2,2
,2024-050212,39.68278895,-104.9594252,11/14/2024 11:35,11:35,1,0,0, UNIVERSITY BLVD & E BUCHTEL BLVD,1,1,0,0,1,1,0,0,30,0,0,0,0,0,4,2,14
,2024-050214,39.75832035,-104.987445,11/13/2024 18:56,18:56,10,0,0, BROADWAY ST & WALNUT ST,1,3,1,0,1,1,0,0,35,0,0,0,0,0,4,3,1
,2024-050215,39.78259403,-105.006578,11/13/2024 18:17,18:17,5,0,0,I-70 EB OFF RAMP & N PECOS,1,3,0,0,3,8,0,0,35,0,0,0,0,0,4,1,9
,2024-050217,39.77695563,-104.8809367,10/16/2024 14:58,14:58,15,0,0,I-70 & N CENTRAL PARK BLVD,1,1,0,0,1,4,0,0,55,0,0,0,0,0,1,3,7
,2024-050218,39.68932353,-104.9405462,11/13/2024 13:50,13:50,15,0,0, COLORADO BLVD & E FLORIDA AVE,1,1,0,0,1,1,0,0,35,0,0,0,0,0,2,2,3
,2024-050219,39.71239623,-104.9996039,11/13/2024 16:15,16:15,15,0,0,I-25 & NB ON RAMP ENT FROM S SANTA FE DR,1,3,1,0,1,8,0,0,35,0,0,0,0,0,1,2,13
,2024-050224,39.73114871,-105.0251819,10/15/2024 16:56,16:56,1,0,0, FEDERAL BLVD & W 9TH AVE,1,1,0,0,1,1,0,0,30,0,0,0,0,0,2,2,11
,2024-050225,39.74014228,-104.9952705,11/14/2024 6:56,6:56,3,0,1,W COLFAX AVE & N FOX ST,1,1,0,0,1,1,0,0,30,0,0,0,0,3,2,2,13
,2024-050228,39.77970588,-104.977179,11/14/2024 0:18,0:18,15,0,0,I-70 & N WASHINGTON ST,1,3,0,0,1,4,0,0,55,0,0,0,0,0,1,2,16
,2024-050229,39.69757995,-105.0480044,11/8/2024 19:26,19:26,5,0,0,W TENNESSEE AVE & S TENNYSON ST,4,3,0,2,2,4,0,0,,0,0,0,0,0,4,2,16
,2024-050231,39.78055052,-104.9407517,11/12/2024 16:00,16:00,12,0,0,I-70 WB OFF RAMP & N COLORADO BLVD,1,2,0,0,1,8,0,0,,0,0,0,0,0,1,2,16
,2024-050233,39.73048193,-104.9407762,11/13/2024 8:10,8:10,15,0,0, COLORADO BLVD & E 9TH AVE,1,1,0,0,1,1,0,0,35,0,0,0,0,0,2,3,3
,2024-050235,39.78357229,-105.0157382,11/14/2024 7:29,7:29,12,0,1,I-70 & PECOS ST,1,1,0,0,1,4,0,0,55,0,0,0,0,1,1,2,13
,2024-050237,39.7644396,-105.0112007,11/13/2024 10:12,10:12,3,0,0,W 34TH AVE & N TEJON ST,1,1,0,0,1,1,0,0,20,0,0,0,0,0,4,2,3
,2024-050239,39.67846359,-104.9128117,11/14/2024 8:40,8:40,15,0,0,E EVANS AVE & S MONACO ST PKWY,1,1,0,0,1,1,0,0,30,0,0,0,0,0,4,2,3
,2024-050240,39.62932846,-104.8952687,11/14/2024 15:49,15:49,5,0,0,E UNION AVE & S ULSTER ST,1,1,0,0,6,3,0,0,40,0,0,0,0,0,4,1,3
,2024-050241,39.68024789,-104.9555619,11/14/2024 11:48,11:48,6,0,0,E ASBURY AVE & S CLAYTON ST,1,1,0,0,1,4,0,0,25,0,0,0,0,0,4,2,10
,2024-050247,39.70751197,-104.9827955,11/14/2024 16:00,16:00,12,0,0, LOGAN ST & E VIRGINIA AVE,1,1,0,0,1,1,0,0,30,0,0,0,0,0,4,2,3
,2024-050254,39.7802027,-104.9676392,11/15/2024 15:21,15:21,15,0,0,I-70 & N BRIGHTON BLVD,1,1,0,0,1,4,0,0,55,0,0,0,0,0,1,2,13
,2024-050255,39.77851929,-104.9035582,11/15/2024 15:28,15:28,12,0,0,I-70 & N QUEBEC ST,1,1,0,0,1,4,0,0,55,0,0,0,0,0,1,2,7
,2024-050257,39.7910132,-104.9475521,11/15/2024 17:03,17:03,10,0,0,E 52ND AVE & N COOK ST,1,3,0,0,1,1,0,0,30,0,0,0,0,0,4,2,13
,2024-050258,39.72552184,-104.9510019,11/15/2024 9:58,9:58,5,0,0,E 6TH AVE & N ST PAUL ST,1,1,0,0,3,1,0,0,25,0,0,0,0,0,4,2,1
,2024-050259,39.7527491,-104.9928523,11/13/2024 19:35,19:35,15,0,0,LARIMER ST & 20TH ST,1,3,0,0,1,4,0,0,25,0,0,0,0,0,4,2,8
,2024-050268,39.77279033,-104.8471983,11/15/2024 6:11,6:11,12,0,0,I-70 EB OFF RAMP SLIP & N PEORIA ST,1,1,0,0,1,8,0,0,20,0,0,0,0,0,1,2,13
,2024-050269,39.73538454,-104.9848577,11/15/2024 13:40,13:40,3,0,0, SHERMAN ST & 12TH AVE,1,1,0,0,1,2,0,0,25,0,0,0,0,0,4,2,11
,2024-050271,39.66035919,-104.9056864,11/14/2024 15:10,15:10,3,0,0, PONTIAC ST & E CORNELL AVE,1,1,0,0,1,1,0,0,25,0,0,0,0,0,4,2,13
,2024-050272,39.71325397,-104.9994137,11/15/2024 4:49,4:49,3,0,4, KALAMATH ST & W CEDAR AVE,1,3,0,0,1,1,0,0,35,0,0,0,0,2,1,2,16
,2024-050273,39.63591436,-104.908185,11/7/2024 15:50,15:50,15,0,0,I-25 & SB OFF RAMP GORE PT TO E BELLEVIEW AVE,7,2,0,0,1,8,0,0,60,0,0,0,0,0,1,2,13
,2024-050279,39.71118119,-104.9269785,11/14/2024 15:20,15:20,3,0,0, FOREST ST & E ALAMEDA AVE,1,1,0,0,1,1,0,0,25,0,0,0,0,0,4,2,3
,2024-050291,39.69843542,-104.9757582,11/15/2024 18:07,18:07,11,0,1, OGDEN ST & E TENNESSEE AVE,1,3,0,0,1,1,0,0,20,0,1,0,0,2,4,1,11
,2024-050292,39.70341339,-105.0050364,11/14/2024 8:12,8:12,6,0,0, OSAGE ST & W EXPOSITION AVE,1,3,0,0,1,4,0,0,20,0,0,0,0,0,4,2,16
,2024-050295,39.69476045,-104.94104,11/15/2024 10:25,10:25,12,0,0,E ARIZONA AVE & S COLORADO BLVD,1,1,0,0,1,4,0,0,25,0,0,0,0,0,4,2,11
,2024-050300,39.72570938,-105.0001487,11/14/2024 17:46,17:46,10,0,0, KALAMATH ST & W 6TH AVE,1,3,0,0,1,1,0,0,35,0,0,0,0,0,4,2,8
,2024-050301,39.74164287,-104.970617,10/25/2024 17:02,17:02,1,0,2,PARK AVE & E 16TH AVE,1,1,0,0,1,1,0,0,30,0,0,0,0,1,4,3,13
,2024-050303,39.70401183,-105.0275306,11/15/2024 15:11,15:11,3,0,0,W EXPOSITION AVE & S HAZEL CT,1,1,0,0,1,1,0,0,20,0,0,0,0,0,4,2,16
,2024-050304,39.75811474,-105.015834,11/15/2024 14:32,14:32,3,0,0, ZUNI ST & W 29TH AVE,1,1,0,0,1,2,0,0,30,0,0,0,0,0,4,2,13
,2024-050309,39.74970168,-104.9811061,11/15/2024 8:22,8:22,3,0,1,TREMONT PL & PARK AVE W,1,1,0,0,1,1,0,0,20,0,0,0,0,2,4,2,14
,2024-050312,39.77404702,-104.8453336,11/14/2024 12:46,12:46,12,0,1,I-70 & N PEORIA ST,1,1,0,0,1,4,0,0,55,0,0,0,0,1,1,2,16
,2024-050316,39.74033858,-105.0393188,11/15/2024 22:30,22:30,10,0,0,W COLFAX AVE & N PERRY ST,1,3,0,0,1,1,0,0,35,0,0,0,0,0,2,2,16
,2024-050318,39.7313018,-104.9888554,11/16/2024 0:10,0:10,6,0,0,900  ACOMA ST,1,4,0,0,1,4,0,0,,0,0,0,0,0,4,2,16
,2024-050322,39.77892821,-104.9496085,11/15/2024 8:28,8:28,15,0,0,E 45TH AVE & N STEELE ST,1,1,0,0,1,4,0,0,25,0,0,0,0,0,4,2,13
,2024-050324,39.79843653,-104.7626953,11/16/2024 2:00,2:00,1,0,0, DUNKIRK ST & E 56TH AVE,1,3,0,0,1,1,0,0,35,0,0,0,0,0,4,2,16
,2024-050326,39.72544204,-105.0314653,11/16/2024 14:49,14:49,12,0,0,W 6TH AVE & N FEDERAL BLVD,1,1,0,0,1,4,0,0,,0,0,0,0,0,2,2,16
,2024-050334,39.78760929,-104.8408235,11/15/2024 17:28,17:28,6,0,0, TUCSON WY & N TITAN CT,1,3,0,0,1,4,0,0,,0,0,0,0,0,4,2,16
,2024-050346,39.72008934,-104.890743,11/15/2024 18:59,18:59,15,0,0, UINTA WY & E LOWRY BLVD,1,1,0,0,1,6,0,0,30,0,0,0,0,0,4,2,16
,2024-050347,39.74105584,-105.0143802,11/16/2024 16:34,16:34,12,0,0,I-25 & W COLFAX AVE,1,2,0,0,1,4,0,0,65,0,0,0,0,0,1,2,7
,2024-050351,39.71465984,-104.9406244,11/16/2024 2:09,2:09,1,0,1,LEETSDALE DR & S COLORADO BLVD,1,3,0,0,1,1,0,0,45,0,0,0,0,1,2,2,13
,2024-050356,39.75553363,-105.012552,11/15/2024 20:36,20:36,12,0,1,I-25 & N SPEER BLVD,1,3,0,0,1,4,0,0,55,0,0,0,0,1,1,2,13
,2024-050357,39.70678111,-104.9964851,11/15/2024 18:21,18:21,15,0,0, SANTA FE DR & I-25,1,3,0,0,1,3,0,0,35,0,0,0,0,0,2,2,14
,2024-050360,39.71123946,-105.0251719,11/15/2024 23:23,23:23,12,0,0, FEDERAL BLVD & W ALAMEDA AVE,1,3,0,0,1,3,0,0,35,0,0,0,0,0,2,2,3
,2024-050363,39.73839208,-104.9586919,11/16/2024 13:17,13:17,3,0,0,E 14TH AVE & N JOSEPHINE ST,1,1,0,0,1,1,0,0,30,0,0,0,0,0,4,2,16
,2024-050372,39.78396326,-105.0345731,11/13/2024 14:01,14:01,6,0,1, LOWELL BLVD & W 48TH AVE,1,1,0,0,1,4,0,0,30,0,0,0,0,2,1,2,16
,2024-050375,39.77482239,-104.8543191,11/16/2024 10:45,10:45,12,0,0,I-70 & N PEORIA ST,1,1,0,0,1,4,0,0,55,0,0,0,0,0,1,4,16
,2024-050376,39.72168485,-105.0088862,11/16/2024 9:20,9:20,12,0,1,I-25 & NB ON RAMP ENT TO W 6TH AVE,1,1,0,0,1,8,0,0,65,0,0,0,0,2,1,2,16
,2024-050378,39.72090952,-105.0080359,11/12/2024 5:45,5:45,12,0,0,I-25 & W 3RD AVE,1,4,0,0,1,4,0,0,55,0,0,0,0,0,1,2,16
,2024-050383,39.73594371,-105.0532171,11/15/2024 18:27,18:27,12,0,0, SHERIDAN BLVD & W 13TH AVE,1,3,0,0,1,4,0,0,35,0,0,0,0,0,2,2,3
,2024-050387,39.72893958,-104.9928585,11/11/2024 10:20,10:20,3,0,3, DELAWARE ST & W 8TH AVE,1,1,0,0,1,1,0,0,20,0,0,0,0,1,4,2,1
,2024-050389,39.69397358,-105.0284686,11/13/2024 22:20,22:20,6,0,0, HOOKER ST & W ALABAMA PL,1,3,0,0,1,3,0,0,20,0,0,0,0,0,4,3,16
,2024-050390,39.74027908,-105.0298586,11/11/2024 8:47,8:47,11,0,1, IRVING ST & W COLFAX AVE,1,1,0,0,1,1,0,0,25,0,1,0,0,2,2,1,16
,2024-050394,39.7265843,-104.9861729,11/15/2024 18:12,18:12,15,0,0, LINCOLN ST & E SPEER BLVD,1,3,0,0,1,1,0,0,30,0,0,0,0,0,4,2,16
,2024-050397,39.73993685,-104.9634694,11/11/2024 10:10,10:10,11,0,1, RACE ST & E COLFAX AVE,1,1,0,0,1,1,0,0,0,0,1,0,0,3,2,1,16
,2024-050401,39.70395082,-105.0250877,10/19/2024 12:00,12:00,11,0,1, FEDERAL BLVD & W EXPOSITION AVE,1,1,0,0,1,1,0,0,,0,1,0,0,1,2,1,16
,2024-050409,39.74004546,-105.0005693,10/21/2024 12:40,12:40,15,0,0,W COLFAX AVE & N KALAMATH AVE,1,1,0,0,1,4,0,0,,0,0,0,0,0,2,2,16
,2024-050485,39.78431367,-104.8097938,7/5/2024 14:18,14:18,15,0,0, CHAMBERS RD & E GREEN VALLEY RANCH BLVD,1,1,0,0,1,4,0,0,35,0,0,0,0,0,4,2,16
,2024-050487,39.75120806,-105.0205265,10/22/2024 17:58,17:58,2,0,1,W 23RD AVE & N CLAY ST,1,1,1,0,1,1,0,0,25,1,0,0,0,3,4,1,16
,2024-050516,39.74001466,-104.969679,11/16/2024 23:40,23:40,3,0,0,E COLFAX AVE & N HUMBOLDT ST,1,3,0,0,1,1,0,0,,0,0,0,0,0,2,2,16
,2024-050518,39.69298684,-104.9734141,11/17/2024 11:53,11:53,2,0,1, DOWNING ST & E LOUISIANA AVE,1,1,0,0,1,1,0,0,0,1,0,0,0,1,4,1,16
,2024-050521,39.76000606,-105.0058576,11/17/2024 18:15,18:15,12,0,1,I-25 & 20TH ST,1,3,0,0,1,4,0,0,55,0,0,0,0,2,1,3,3
,2024-050522,39.79355176,-104.9034361,11/17/2024 10:53,10:53,15,0,0, QUEBEC ST & E 53RD PL,1,1,1,0,1,4,0,0,40,0,0,0,0,0,2,2,11
,2024-050533,39.74020412,-104.9989092,11/17/2024 14:26,14:26,3,0,1,W COLFAX AVE & N SPEER BLVD,1,1,0,0,1,1,0,0,30,0,0,0,1,2,2,2,16
,2024-050534,39.83201668,-104.7155396,11/17/2024 17:41,17:41,1,0,0, GUN CLUB RD & E 75TH AVE,1,3,0,0,1,1,0,0,30,0,0,0,0,0,4,2,13
,2024-050539,39.68569561,-104.9500525,11/17/2024 17:50,17:50,3,0,0,E MEXICO AVE & S STEELE ST,1,3,0,0,1,1,0,0,25,0,0,0,0,0,4,2,11
,2024-050540,39.77822567,-104.9029683,11/17/2024 18:32,18:32,12,0,1,I-70 & N NORTHFIELD QUEBEC ST,1,3,0,0,1,4,0,0,55,0,0,0,0,2,1,4,12
,2024-050541,39.66503998,-105.0251412,11/15/2024 20:20,20:20,12,0,2, FEDERAL BLVD & W AMHERST AVE,1,4,0,0,1,3,0,0,35,0,0,0,0,1,2,2,13
,2024-050543,39.77786106,-104.9048405,11/16/2024 14:46,14:46,12,0,1,I-70 EB RAMP & N QUEBEC ST,1,1,1,0,1,8,0,0,30,0,0,0,0,2,1,3,3
,2024-050545,39.77563323,-104.8658416,11/17/2024 4:03,4:03,12,0,0,I-70 & N HAVANA ST,1,3,0,0,1,4,0,0,55,0,0,0,0,0,1,4,1
,2024-050546,39.63243295,-104.9064724,11/17/2024 17:46,17:46,15,0,0,I-225 SB OFF RAMP & I-25 OVERPASS,1,3,1,0,1,8,0,0,,0,0,0,0,0,1,2,16
,2024-050547,39.74034325,-105.0334258,11/17/2024 9:52,9:52,3,0,0, KING ST & W COLFAX AVE,1,1,0,0,1,1,0,0,20,0,0,0,0,0,2,2,11
,2024-050548,39.74028204,-104.9672305,11/17/2024 1:51,1:51,6,0,0, GILPIN ST & E COLFAX AVE,1,3,0,0,1,4,0,0,25,0,0,0,0,0,4,2,14
,2024-050549,39.77394437,-104.8806672,11/16/2024 20:37,20:37,1,0,0,E 40TH AVE & CENTRAL PARK BLVD,1,3,0,0,1,2,0,0,40,0,0,0,0,0,4,2,16
,2024-050551,39.69611517,-104.9299701,10/10/2024 22:34,22:34,3,0,0,4870 E  MISSOURI AVE,1,1,0,0,1,2,0,0,,0,0,0,0,0,4,2,16
,2024-050554,39.75691993,-105.0346303,11/17/2024 19:14,19:14,6,0,1, LOWELL BLVD & W 27TH AVE,1,3,0,0,1,4,0,0,25,0,0,0,0,1,4,3,1
,2024-050558,39.76440165,-104.9866367,11/5/2024 18:15,18:15,11,0,1,29TH ST & BRIGHTON BLVD,14,3,0,7,1,1,0,0,,0,1,0,0,3,4,1,16
,2024-050563,39.7270707,-104.9648182,11/14/2024 17:03,17:03,2,0,1,E 7TH AVE PKWY & N HIGH ST,1,2,0,0,1,1,0,0,15,1,0,0,0,2,4,1,13
,2024-050572,39.74014476,-105.005235,11/6/2024 15:10,15:10,11,0,1,W COLFAX AVE & N OSAGE ST,7,1,0,2,1,1,0,0,,0,1,0,0,2,2,1,16
,2024-050573,39.75467507,-104.8468871,11/4/2024 9:00,9:00,12,0,0,E MLK JR BLVD & N PEORIA ST,1,1,0,0,1,1,0,0,,0,0,0,0,0,2,2,16
,2024-050637,39.74099221,-105.006765,10/22/2024 0:00,0:00,6,0,0,CURTIS ST & 7TH ST,1,1,0,0,1,7,0,0,,0,0,0,0,0,4,2,16
,2024-050722,39.71118064,-105.0112418,11/18/2024 8:55,8:55,12,0,1,W ALAMEDA AVE & S TEJON ST,4,1,0,7,1,3,0,0,30,0,0,0,0,1,2,2,16
,2024-050733,39.72568212,-104.9944581,11/17/2024 4:34,4:34,5,0,0,W 6TH AVE & ELATI ST,1,3,0,0,2,4,0,0,30,0,0,0,0,0,4,1,14
,2024-050738,39.77637899,-104.8401467,11/18/2024 19:00,19:00,6,0,0, CROWN BLVD & E 44TH AVE,1,3,0,0,1,4,0,0,30,0,0,0,0,0,4,2,3
,2024-050739,39.77401015,-104.8470344,11/17/2024 15:29,15:29,12,0,1,I-70 & N PEORIA ST,1,1,0,0,1,4,0,0,65,0,0,0,0,2,1,3,16
,2024-050740,39.69298155,-105.0203801,11/17/2024 10:14,10:14,6,0,0, CLAY ST & W LOUISIANA AVE,1,1,0,0,1,4,0,0,30,0,0,0,0,0,4,2,10
,2024-050741,39.73018682,-105.0153726,11/18/2024 14:14,14:14,15,0,0,I-25 & W 8TH AVE,1,1,0,0,1,4,0,0,,0,0,0,0,0,1,2,16
,2024-050742,39.74004921,-105.0000595,11/18/2024 16:03,16:03,1,0,2, KALAMATH ST & W COLFAX AVE,1,1,0,0,1,1,0,0,35,0,0,0,0,2,2,2,11
,2024-050743,39.7800759,-104.9414444,11/18/2024 17:42,17:42,15,0,0,I-70 & N COLORADO BLVD,1,3,0,0,1,4,0,0,,0,0,0,0,0,1,2,16
,2024-050744,39.76744532,-104.9124886,11/18/2024 16:35,16:35,3,0,0, MONACO ST PKWY & E 36TH AVE,1,1,0,0,1,1,0,0,30,0,0,0,0,0,4,2,13
,2024-050747,39.74043008,-105.0218991,11/17/2024 13:51,13:51,15,0,0,W COLFAX AVE EB OFF RAMP & N ELIOT ST,1,1,1,0,1,8,0,0,30,0,0,0,0,0,2,2,11
,2024-050748,39.77822474,-104.9034013,11/16/2024 15:58,15:58,15,0,0,QUEBEC ST & I-70,1,1,1,0,1,4,0,0,45,0,0,0,0,0,4,3,1
,2024-050751,39.7067301,-104.9965112,11/17/2024 6:42,6:42,9,0,0, SANTA FE DR & I-25,1,1,0,0,1,4,0,0,55,0,0,0,0,0,2,2,13
,2024-050752,39.77821148,-104.9092513,11/17/2024 18:29,18:29,12,0,0,I-70 & EB OFF RAMP MERGE PT TO N NORTHFIELD QUEBEC ST,1,3,3,0,1,4,0,0,55,0,0,0,0,0,1,2,3
,2024-050753,39.71304322,-105.0067887,11/17/2024 9:19,9:19,6,0,0,W CEDAR AVE & S PECOS ST,1,1,0,0,1,4,0,0,20,0,0,0,0,0,4,3,16
,2024-050755,39.74007331,-104.9195095,11/16/2024 23:52,23:52,6,0,0,E COLFAX AVE & N JERSEY ST,1,3,0,0,6,5,0,0,35,0,0,0,0,0,2,6,14
,2024-050756,39.76449081,-104.9597604,11/17/2024 22:00,22:00,16,0,0, YORK ST & E BRUCE RANDOLPH AVE,1,3,0,0,5,7,0,0,,0,0,0,0,0,3,2,16
,2024-050757,39.7289072,-105.0015899,11/15/2024 12:07,12:07,3,0,0, LIPAN ST & W 8TH AVE,1,1,0,0,1,1,0,0,25,0,0,0,0,0,4,2,16
,2024-050758,39.76595727,-104.9222915,11/18/2024 5:12,5:12,6,0,0, HOLLY ST & E 35TH AVE,1,2,0,0,2,4,0,0,20,0,0,0,0,0,4,4,2
,2024-050759,39.76163733,-105.0048997,11/15/2024 12:01,12:01,12,0,1,I-25 SB OFF RAMP & N SPEER BLVD,1,1,1,0,1,8,0,0,60,0,0,0,0,1,1,2,3
,2024-050760,39.7825438,-104.7648975,11/18/2024 3:18,3:18,6,0,1, ARGONNE ST & E 47TH DR,1,4,3,0,1,4,0,0,20,0,0,0,0,2,4,2,2
,2024-050761,39.71112785,-105.0326979,11/18/2024 10:49,10:49,12,0,0,W ALAMEDA AVE & MORRISON RD,1,1,0,0,1,3,0,0,40,0,0,0,0,0,2,2,12
,2024-050763,39.7275154,-105.0198511,11/18/2024 8:44,8:44,12,0,0,W 7TH AVE & N CANOSA CT,1,1,0,0,1,3,0,0,,0,0,0,0,0,4,2,16
,2024-050764,39.75122528,-105.017353,11/15/2024 14:51,14:51,3,0,0,I-25 SB OFF RAMP & W 23RD AVE,1,1,0,0,1,1,0,0,25,0,0,0,0,0,1,2,13
,2024-050765,39.78389648,-105.0252059,11/18/2024 5:42,5:42,1,0,0, FEDERAL BLVD & I-70 EB RAMPS,1,2,0,0,1,1,0,0,35,0,0,0,0,0,2,2,16
,2024-050766,39.75499479,-104.9951483,11/17/2024 17:44,17:44,3,0,0,20TH ST & WAZEE ST,1,3,1,0,1,1,0,0,30,0,0,0,0,0,4,2,13
,2024-050775,39.67846366,-104.9130223,11/18/2024 8:43,8:43,12,0,0,E EVANS AVE & S MONACO ST PKWY,1,1,0,0,1,3,0,0,30,0,0,0,0,0,4,2,3
,2024-050776,39.7984031,-104.7878847,11/18/2024 15:13,15:13,12,0,0,PENA BLVD & E 56TH AVE,1,1,0,0,1,4,0,0,65,0,0,0,0,0,4,3,11
,2024-050779,39.74000433,-104.9672324,11/15/2024 10:40,10:40,3,0,1, GILPIN ST & E COLFAX AVE,1,1,0,0,1,1,0,1,20,0,0,0,0,2,2,3,11
,2024-050780,39.6908238,-104.974902,11/18/2024 10:10,10:10,12,0,0,I-25 & MM 206,1,1,0,0,1,4,0,0,55,0,0,0,0,0,1,2,7
,2024-050781,39.77657569,-105.0440022,11/14/2024 7:55,7:55,14,0,0,W 44TH AVE & N TENNYSON ST,1,1,0,0,1,3,0,0,30,0,0,0,0,0,4,2,16
,2024-050782,39.73298369,-105.0251694,11/18/2024 17:57,17:57,3,0,0, FEDERAL BLVD & W 10TH AVE,1,2,0,0,1,1,0,0,35,0,0,0,0,0,2,2,8
,2024-050783,39.6285178,-104.9045022,11/18/2024 6:29,6:29,12,0,1,I-25 & E UNION AVE,1,1,0,0,1,4,0,0,60,0,0,0,0,1,1,2,1
,2024-050784,39.77888808,-105.0451241,11/18/2024 8:10,8:10,11,0,1, UTICA ST & W 46TH AVE,1,1,0,0,1,9,0,0,,0,1,0,0,3,4,1,13
,2024-050785,39.69870347,-105.0297453,11/1/2024 15:43,15:43,6,0,0, IRVING ST & W TENNESSEE AVE,1,1,0,0,1,4,0,0,25,0,0,0,0,0,4,2,8
,2024-050786,39.76119488,-104.9910726,11/18/2024 7:27,7:27,6,0,0,DENARGO ST & DELGANEY ST,1,1,0,0,1,4,0,0,20,0,0,0,0,0,4,2,16
,2024-050789,39.74363789,-104.9925931,11/18/2024 16:56,16:56,2,0,0,15TH ST & WELTON ST,1,2,0,0,1,2,0,0,25,1,0,0,0,0,4,1,8
,2024-050790,39.73999935,-104.9787428,11/18/2024 9:30,9:30,3,0,1,E COLFAX AVE & N WASHINGTON ST,1,1,0,0,1,1,0,0,30,0,0,0,0,1,2,2,16
,2024-050791,39.7022424,-105.0338456,11/18/2024 7:09,7:09,6,0,0,W OHIO AVE & S LOWELL BLVD,1,1,0,0,1,4,0,0,20,0,0,0,0,0,4,2,3
,2024-050794,39.69579941,-104.9407259,11/16/2024 10:08,10:08,15,0,0, COLORADO BLVD & E MISSISSIPPI AVE,1,1,1,0,1,4,0,0,35,0,0,0,0,0,2,2,11
,2024-050795,39.69859579,-104.9035551,11/17/2024 18:46,18:46,12,0,0, QUEBEC ST & LEETSDALE DR,1,3,0,0,1,3,0,0,35,0,0,0,0,0,2,2,3
,2024-050796,39.75113097,-105.0018978,11/15/2024 15:21,15:21,12,0,1,WYNKOOP ST & 15TH ST,1,1,0,0,1,3,0,0,25,0,0,0,0,1,4,2,13
,2024-050800,39.69128629,-105.029717,11/14/2024 17:44,17:44,3,0,0, IRVING ST & W ARKANSAS AVE,1,3,0,0,1,1,0,0,30,0,0,0,0,0,4,5,16
,2024-050802,39.74337337,-104.9873769,11/18/2024 2:30,2:30,12,0,0, BROADWAY ST & E 17TH AVE,1,3,0,0,1,3,0,0,35,0,0,0,0,0,4,2,8
,2024-050803,39.65302655,-104.8814091,11/17/2024 11:20,11:20,11,0,1,E HAMPDEN AVE & S AKRON ST,1,1,0,0,1,1,0,0,40,0,1,0,0,1,2,1,13