id,drcog_id,latitude,longitude,crashtime,time,crashtype,numbkilled,numbinjurd,drcoglocat,rdconditin,lightngcon,roadcntgrd,weatherco,location,roaddescrp,schoolzone,constrzone,splimit,bikeinv,pedinv,sctrinv,motoinv,svrty,rdsystem,ttlvehcls,hcf
,2024-050806,39.77279811,-105.0017594,11/17/2024 12:00,12:00,6,0,0, LIPAN ST & W 41ST AVE,1,1,0,0,1,3,0,0,25,0,0,0,0,0,4,2,1
,2024-050808,39.75158218,-104.987384,11/18/2024 12:26,12:26,10,0,0, BROADWAY ST & CHAMPA ST,1,1,0,0,1,1,0,0,30,0,0,0,0,0,4,2,8
,2024-050811,39.69673561,-105.0237177,11/17/2024 20:58,20:58,3,0,0, ELIOT ST & W MISSISSIPPI AVE,1,1,0,0,1,1,0,0,20,0,0,0,0,0,4,2,16
,2024-050812,39.73686851,-105.0001439,11/18/2024 9:40,9:40,3,0,0,W 13TH AVE & N KALAMATH ST,1,1,0,0,1,1,0,0,30,0,0,0,0,0,4,2,11
,2024-050814,39.78526691,-105.025207,11/16/2024 12:59,12:59,15,0,0, FEDERAL BLVD & W 49TH AVE,1,1,0,0,1,4,0,0,35,0,0,0,0,0,2,2,1
,2024-050816,39.66938272,-104.9477036,11/15/2024 8:23,8:23,11,0,1, COOK ST & E VASSAR AVE,1,1,0,0,1,1,0,0,25,0,0,1,0,2,4,1,11
,2024-050817,39.78711697,-104.9017845,11/15/2024 16:21,16:21,15,0,3,QUEBEC ST & E NORTHFIELD BLVD,1,2,0,0,1,4,0,0,40,0,0,0,0,2,2,3,16
,2024-050819,39.71136758,-104.9465428,11/15/2024 10:23,10:23,12,0,0,CHERRY CREEK  DR & E ALAMEDA AVE,1,1,0,0,1,3,0,0,35,0,0,0,0,0,2,3,14
,2024-050842,39.77833091,-104.9792445,11/15/2024 11:32,11:32,1,0,1, WASHINGTON ST & E 45TH AVE,1,1,0,0,1,1,0,0,35,0,0,0,0,1,4,2,16
,2024-050850,39.78533165,-104.8432563,11/15/2024 3:30,3:30,6,0,1, SCRANTON ST & E ANDREWS DR,1,1,0,0,1,4,0,0,20,0,0,0,0,1,4,2,16
,2024-051016,39.74605502,-105.0056457,10/28/2024 23:07,23:07,5,0,0,WALNUT ST & 11TH ST,1,3,0,0,2,4,0,0,,0,0,0,0,0,4,1,14
,2024-051120,39.83190901,-104.6929567,10/17/2024 6:11,6:11,15,0,0, JACKSON GAP ST & E 75TH AVE,1,3,1,0,1,3,0,0,,0,0,0,0,0,4,2,13
,2024-051130,39.65302101,-104.8757125,11/18/2024 17:45,17:45,12,0,0,E HAMPDEN AVE & S DAYTON ST,1,2,0,0,1,3,0,0,45,0,0,0,0,0,2,2,3
,2024-051145,39.78121582,-104.8993025,11/13/2024 17:31,17:31,15,0,0,I-270 WB ON RAMP MERGE PT FROM WB I-70,1,3,0,0,1,8,0,0,55,0,0,0,0,0,1,2,14
,2024-051149,39.79839407,-104.7721172,10/22/2024 23:17,23:17,3,0,0, TOWER RD & E 56TH AVE,1,4,0,0,1,1,0,0,45,0,0,0,0,0,4,2,14
,2024-051150,39.7614546,-105.0252132,11/9/2024 9:33,9:33,15,0,0, FEDERAL BLVD & W 32ND AVE,11,1,0,0,1,4,0,0,35,0,0,0,0,0,2,2,16
,2024-051151,39.72585418,-104.9902807,11/19/2024 9:27,9:27,11,0,1, BANNOCK ST & W 6TH AVE,1,1,0,0,1,2,0,0,0,0,1,0,0,2,4,1,16
,2024-051152,39.76536081,-105.0158548,11/19/2024 10:07,10:07,6,0,1, ZUNI ST & W 35TH AVE,1,1,0,0,1,4,0,0,30,0,0,0,0,2,4,2,3
,2024-051153,39.67838677,-104.9550908,11/16/2024 2:00,2:00,5,0,0,E EVANS AVE & S CLAYTON ST,1,3,0,0,6,1,0,0,35,0,0,0,0,0,4,1,16
,2024-051161,39.6964832,-104.921969,7/22/2024 23:14,23:14,5,0,0, HOLLY ST & E CHERRY CREEK N DR,1,3,0,0,3,3,0,0,30,0,0,0,0,0,4,1,16
,2024-051162,39.73156976,-105.0532239,11/19/2024 18:13,18:13,12,0,0, SHERIDAN BLVD & W 9TH AVE,1,3,0,0,1,4,0,0,35,0,0,0,0,0,2,3,16
,2024-051164,39.72932072,-105.0139883,11/4/2024 13:11,13:11,1,0,0,W 8TH AVE & N WYANDOT ST,1,1,0,0,1,1,0,0,30,0,0,0,0,0,1,2,13
,2024-051165,39.6674789,-104.92748,11/19/2024 10:29,10:29,12,0,2,E YALE AVE & S GLENCOE ST,1,1,0,0,1,3,0,0,30,0,0,0,0,1,4,2,7
,2024-051167,39.80512812,-104.7580294,10/25/2024 16:21,16:21,6,0,0,E 59TH DR & GENOA ST,1,1,0,0,1,4,0,0,20,0,0,0,0,0,4,2,13
,2024-051168,39.74034989,-105.0488481,11/19/2024 12:50,12:50,15,0,0,W COLFAX AVE & N WOLFF ST,1,1,0,0,1,4,0,0,30,0,0,0,0,0,2,2,13
,2024-051170,39.83460455,-104.6929241,11/18/2024 15:00,15:00,15,0,0,JACKSON GAP ST & PENA BLVD OB RAMP,1,1,0,0,1,3,0,0,35,0,0,0,0,0,4,4,14
,2024-051171,39.6784577,-104.9082015,10/15/2024 13:46,13:46,12,0,0, ONEIDA ST & E EVANS AVE,1,1,0,0,1,2,0,0,,0,0,0,0,0,4,2,16
,2024-051174,39.83267815,-104.6884352,11/19/2024 16:20,16:20,5,0,0,E 75TH AVE & N JACKSON GAP ST,1,1,0,0,2,4,0,1,35,0,0,0,0,0,4,1,11
,2024-051176,39.71311429,-104.912905,11/18/2024 16:20,16:20,3,0,0, MONACO ST PKWY & E CEDAR AVE,1,1,0,0,1,1,0,0,30,0,0,0,0,0,4,3,3
,2024-051177,39.73057896,-104.9740929,11/18/2024 19:22,19:22,3,0,0, CORONA ST & 9TH AVE,1,3,0,0,1,2,0,0,30,0,0,0,0,0,4,2,13
,2024-051178,39.77623903,-104.872858,11/15/2024 16:17,16:17,12,0,0,I-70 & N HAVANA ST,1,1,0,0,1,11,0,0,65,0,0,0,0,0,1,2,1
,2024-051183,39.79835794,-104.7813988,11/19/2024 16:20,16:20,3,0,0,E 56TH AVE & N TELLURIDE ST,1,2,0,0,1,1,0,0,40,0,0,0,0,0,4,2,11
,2024-051185,39.77574695,-104.7905457,11/19/2024 1:30,1:30,6,0,0,PENA BLVD & E 40TH AVE,1,3,0,0,2,4,0,0,65,0,0,0,0,0,4,2,8
,2024-051186,39.76738125,-104.9025338,11/13/2024 12:55,12:55,3,0,0,E 36TH AVE & QUEBEC ST,1,1,0,0,1,2,0,0,,0,0,0,0,0,4,2,16
,2024-051188,39.76212107,-105.0439944,7/22/2024 14:42,14:42,1,0,2, TENNYSON ST & W 32ND AVE,1,1,1,0,1,1,0,1,20,0,0,0,0,2,4,2,10
,2024-051189,39.74008896,-104.8869706,11/19/2024 6:15,6:15,1,0,0,E COLFAX AVE & N XANTHIA ST,1,1,0,0,1,1,0,0,35,0,0,0,0,0,2,2,11
,2024-051191,39.83110841,-104.771882,7/20/2024 8:48,8:48,1,0,7, TOWER RD & PENA BLVD IB RAMPS,1,1,1,0,1,1,0,0,45,0,0,0,0,2,4,2,11
,2024-051193,39.78365157,-104.7648972,11/1/2024 7:40,7:40,12,0,0,E GREEN VALLEY RANCH BLVD & N ARGONNE ST,1,1,0,0,1,3,0,0,,0,0,0,0,0,4,2,16
,2024-051194,39.79961246,-104.7863515,11/18/2024 12:53,12:53,12,0,1,PENA BLVD OB & E 56TH AVE,1,1,0,0,1,4,0,0,65,0,0,0,0,1,2,3,11
,2024-051196,39.74800822,-105.000674,11/19/2024 8:48,8:48,15,0,0,MARKET ST & 14TH ST,1,1,0,0,1,4,0,0,30,0,0,0,0,0,4,2,11
,2024-051197,39.67867548,-105.0332513,10/28/2024 19:38,19:38,6,0,0,2096  KING ST & W EVANS AVE,1,3,0,0,1,4,0,0,,0,0,0,0,0,4,2,16
,2024-051198,39.74008092,-104.8987596,11/3/2024 0:46,0:46,12,0,0,E COLFAX AVE & N SYRACUSE ST,1,3,1,0,1,1,0,0,,0,0,0,0,0,2,2,16
,2024-051200,39.77347583,-104.8344617,11/17/2024 16:49,16:49,12,0,1,I-70 WB ON RAMP FROM NB -225 & I-70 WB ON RAMP MERGE PT,1,3,1,0,1,8,0,0,55,0,0,0,0,2,1,2,7
,2024-051206,39.7111855,-105.0015651,11/19/2024 15:30,15:30,15,0,0,W ALAMEDA AVE & S LIPAN ST,1,1,0,0,1,4,0,0,35,0,0,0,0,0,2,2,13
,2024-051209,39.80137432,-104.8829591,9/12/2024 8:55,8:55,6,0,0, ALTON ST & E 58TH AVE,1,1,0,0,1,4,0,0,20,0,0,0,0,0,4,2,16
,2024-051212,39.74140436,-104.9988395,11/8/2024 11:30,11:30,3,0,0, SPEER BLVD & STOUT ST,7,1,0,2,1,1,0,0,30,0,0,0,0,0,4,2,11
,2024-051213,39.69711654,-104.9617433,11/18/2024 9:11,9:11,14,0,0, GAYLORD & E MISSISSIPPI AVE,1,1,0,0,1,9,0,0,10,0,0,0,0,0,4,2,3
,2024-051214,39.72908121,-104.9720639,11/19/2024 8:18,8:18,12,0,0,E 8TH AVE & S MARION ST,1,1,0,0,1,3,0,0,30,0,0,0,0,0,4,2,3
,2024-051215,39.73488052,-105.0151877,11/19/2024 7:18,7:18,12,0,1,I-25 & MM 209.9,1,1,0,0,1,4,0,0,55,0,0,0,0,1,1,2,1
,2024-051218,39.66549556,-104.9407845,11/19/2024 17:31,17:31,1,0,0,E AMHERST AVE & S COLORADO BLVD,1,3,0,0,1,1,0,0,35,0,0,0,0,0,2,2,13
,2024-051219,39.78232495,-104.882815,11/19/2024 15:22,15:22,1,0,0, CENTRAL PARK BLVD & E 47TH AVE,1,1,0,0,1,1,0,0,40,0,0,0,0,0,4,2,11
,2024-051223,39.72932281,-105.0148301,10/27/2024 1:58,1:58,12,0,0,I-25 & W 8TH AVE,1,3,0,0,1,4,0,0,55,0,0,0,0,0,1,2,16
,2024-051224,39.72562688,-104.9305219,10/10/2024 13:43,13:43,3,0,1, EUDORA ST & E 6TH AVE,1,1,0,0,1,1,0,0,,0,0,0,0,1,4,2,16
,2024-051228,39.71116005,-104.986221,11/8/2024 15:00,15:00,14,0,0,E ALAMEDA AVE & S LINCOLN ST,9,1,0,2,1,4,0,0,30,0,0,0,0,0,4,2,13
,2024-051229,39.67032967,-105.0318716,11/19/2024 7:18,7:18,3,0,0,W VASSAR AVE & S KNOX CT,1,1,0,0,1,1,0,0,20,0,0,0,0,0,4,2,13
,2024-051230,39.6529817,-104.9369208,10/26/2024 15:25,15:25,15,0,0,E HAMPDEN AVE & S COLORADO BLVD,1,1,0,0,1,4,0,0,40,0,0,0,0,0,2,2,16
,2024-051234,39.78004971,-104.882741,11/7/2024 23:30,23:30,15,0,0, CENTRAL PARK BLVD & E 46TH AVE,11,3,0,0,1,3,0,0,,0,0,0,0,0,4,2,16
,2024-051238,39.78381056,-104.9477774,11/16/2024 12:30,12:30,12,0,0, VASQUEZ BLVD & E 48TH AVE,1,1,0,0,1,4,0,0,45,0,0,0,0,0,2,4,16
,2024-051239,39.74075158,-104.9124351,11/11/2024 11:09,11:09,15,0,0, MONACO ST PKWY & E COLFAX AVE,1,1,0,0,1,4,0,0,30,0,0,0,0,0,4,3,10
,2024-051240,39.72003968,-105.0071042,9/3/2024 10:00,10:00,15,0,0,I-25 & W 6TH AVE,1,1,1,0,1,4,0,0,55,0,0,0,0,0,1,2,11
,2024-051241,39.70749216,-104.973374,11/19/2024 13:19,13:19,3,0,0,E VIRGINIA AVE & S DOWNING ST,1,1,0,0,1,1,0,0,30,0,0,0,0,0,4,2,3
,2024-051242,39.73769774,-104.9941176,11/18/2024 9:00,9:00,6,0,0, ELATI ST & W 14TH AVE,1,1,0,0,1,4,0,0,,0,0,0,0,0,4,2,16
,2024-051243,39.74377304,-104.9124342,11/12/2024 13:30,13:30,1,0,0,E 17TH AVE & N MONACO ST PKWY,1,1,0,0,1,1,0,0,30,0,0,0,0,0,4,2,8
,2024-051244,39.7520987,-104.9901817,11/7/2024 23:18,23:18,5,0,0,200 ARAPAHOE ST,11,3,0,2,2,9,0,0,,0,0,0,0,0,4,1,11
,2024-051246,39.75424435,-105.0101022,11/11/2024 3:00,3:00,5,0,3,WATER ST & PLATTE ST,1,3,0,0,3,4,0,0,25,0,0,0,0,1,4,1,16
,2024-051248,39.69676038,-105.0375243,11/19/2024 6:55,6:55,10,0,0,W MISSISSIPPI AVE & S OSCEOLA ST,1,1,0,0,1,4,0,0,25,0,0,0,0,0,4,3,11
,2024-051249,39.79830654,-104.8055424,11/9/2024 1:20,1:20,5,0,1,E 56TH AVE & N LAREDO ST,7,3,0,2,6,4,0,0,40,0,0,0,0,2,4,1,14
,2024-051250,39.74482551,-104.9696763,11/18/2024 10:00,10:00,3,0,0, HUMBOLDT ST & E 18TH AVE,1,1,0,0,1,1,0,0,25,0,0,0,0,0,4,2,3
,2024-051251,39.78703131,-104.8506628,11/19/2024 6:45,6:45,5,0,0,4940  OAKLAND ST & E 49TH AVE,1,1,0,0,3,2,0,0,20,0,0,0,0,0,4,1,7
,2024-051252,39.76824562,-104.9951632,7/16/2024 12:32,12:32,15,0,0,I-25 & PARK AVE W,1,1,0,0,1,4,0,0,55,0,0,0,0,0,1,2,16
,2024-051257,39.75022502,-105.0047788,11/17/2024 11:52,11:52,3,0,1, SPEER BLVD & WEWATTA ST,1,1,0,0,1,1,0,0,25,0,0,0,0,2,4,2,16
,2024-051313,39.77771746,-104.9033611,11/18/2024 12:33,12:33,2,0,1, QUEBEC ST & I-70 EB RAMPS,1,1,0,7,1,1,0,0,0,1,0,0,0,3,2,1,16
,2024-051323,39.74000696,-104.9929152,8/15/2024 14:44,14:44,1,0,0,W COLFAX AVE & N DELAWARE ST,1,1,0,0,1,1,0,0,35,0,0,0,0,0,2,2,3
,2024-051332,39.74014476,-105.005235,11/13/2024 18:17,18:17,1,0,0,W COLFAX AVE & N OSAGE ST,1,3,0,0,1,1,0,0,35,0,0,0,0,0,2,2,11
,2024-051333,39.74891382,-104.9873973,11/19/2024 16:45,16:45,15,0,0,20TH ST & N BROADWAY ST,1,2,0,0,1,1,0,0,,0,0,0,0,0,4,2,16
,2024-051334,39.75457031,-104.940542,10/29/2024 17:14,17:14,12,0,0,E 26TH AVE & N COLORADO BLVD,1,1,0,0,1,4,0,0,,0,0,0,0,0,2,2,16
,2024-051335,39.77724673,-104.8824672,11/20/2024 16:10,16:10,12,0,0,I-70 & N CENTRAL PARK BLVD,1,1,0,0,1,4,0,0,65,0,0,0,0,0,1,2,13
,2024-051336,39.69689038,-105.0532425,11/20/2024 6:56,6:56,12,0,1, SHERIDAN BLVD & W MISSISSIPPI AVE,1,1,0,0,1,3,0,0,40,0,0,0,0,1,2,2,4
,2024-051345,39.67302827,-104.9982452,11/19/2024 16:36,16:36,15,0,0,W WESLEY AVE & S PLATTE RIVER DR,1,3,0,0,1,1,0,0,20,0,0,0,0,0,4,2,13
,2024-051347,39.71118523,-104.9924341,10/25/2024 22:20,22:20,12,0,0,W ALAMEDA AVE & S CHEROKEE ST,1,3,0,0,1,3,0,0,35,0,0,0,0,0,4,3,16
,2024-051348,39.78131779,-104.8268089,11/14/2024 22:08,22:08,12,0,0,E ANDREWS DR & N DILLON ST,1,3,0,0,1,1,0,0,25,0,0,0,0,0,4,2,1
,2024-051349,39.72556263,-104.986261,10/18/2024 17:27,17:27,12,0,0, LINCOLN ST & E SPEER BLVD,1,1,0,0,1,3,0,0,30,0,0,0,0,0,4,2,1
,2024-051352,39.71931598,-104.9874984,11/19/2024 20:00,20:00,6,0,0, BROADWAY ST & 2ND AVE,1,3,0,0,1,4,0,0,30,0,0,0,0,0,4,2,11
,2024-051353,39.71120943,-104.998899,11/20/2024 7:45,7:45,15,0,1,I-25 & W ALAMEDA AVE,1,1,1,0,1,4,0,0,55,0,0,0,0,1,1,3,1
,2024-051355,39.6791603,-105.0532681,10/15/2024 13:47,13:47,3,1,0, SHERIDAN BLVD & W EVANS AVE,1,1,0,0,1,1,0,0,40,0,0,0,0,4,2,3,16
,2024-051357,39.76738088,-104.9024612,11/7/2024 17:28,17:28,3,0,0,E 36TH AVE & N QUEBEC ST,11,3,0,0,1,1,0,0,,0,0,0,0,0,4,2,16
,2024-051359,39.72502916,-105.0165353,9/30/2024 16:20,16:20,12,0,0,W 6TH AVE EB OFF RAMP & I-25 NB,1,2,0,0,1,8,0,0,45,0,0,0,0,0,2,3,16
,2024-051362,39.754006,-104.9842639,9/27/2024 15:45,15:45,12,0,0,CHAMPA ST & 24TH ST,1,1,0,0,1,1,0,0,,0,0,0,0,0,4,2,16
,2024-051363,39.65616523,-105.0532235,10/24/2024 20:05,20:05,1,0,1, SHERIDAN BLVD & W DARTMOUTH AVE,1,4,0,0,1,1,0,0,40,0,0,0,1,3,2,2,11
,2024-051367,39.75562255,-104.9873927,10/5/2024 22:30,22:30,12,0,1,LAWRENCE ST & N BROADWAY ST,1,3,0,0,1,3,0,0,35,0,0,0,0,1,4,3,16
,2024-051372,39.75052234,-104.9634525,11/13/2024 20:29,20:29,11,0,1, RACE ST & E 23RD AVE,1,4,0,0,1,4,0,0,0,0,0,1,0,1,4,1,16
,2024-051373,39.6778861,-104.903557,11/17/2024 19:35,19:35,3,0,0,2080  QUEBEC ST & E WARREN DR,1,4,0,0,1,2,0,0,,0,0,0,0,0,4,2,16
,2024-051376,39.65308139,-104.8918693,10/18/2024 17:20,17:20,10,0,0,E HAMPDEN AVE & S VERBENA ST,11,1,0,1,1,1,0,0,,0,0,0,0,0,2,2,16
,2024-051377,39.78189239,-104.844805,11/13/2024 18:45,18:45,16,0,0,12395 E ALBROOK DR & N PEORIA ST,1,3,0,0,5,7,0,0,10,0,0,0,0,0,3,2,16
,2024-051379,39.74013707,-104.9124343,9/1/2024 8:00,8:00,12,0,0, MONACO ST PKWY & E COLFAX AVE,1,1,0,0,1,4,0,0,,0,0,0,0,0,2,2,16
,2024-051380,39.78327522,-105.0061336,11/11/2024 0:18,0:18,5,0,1,I-70 & N PECOS ST,1,3,0,0,3,4,0,0,55,0,0,0,0,2,1,1,16
,2024-051381,39.7384502,-104.9902411,7/16/2024 13:00,13:00,12,0,0,W 14TH AVE & N BANNOCK ST,1,1,0,0,1,1,0,0,30,0,0,0,0,0,4,2,16
,2024-051385,39.68743131,-104.8949672,10/23/2024 22:50,22:50,3,0,4,E IOWA AVE & S QUEBEC WY,1,3,0,0,1,1,0,0,25,0,0,0,0,2,4,2,13
,2024-051386,39.74295986,-104.9672175,11/11/2024 22:58,22:58,6,0,0, GILPIN ST & E 17TH AVE,1,4,0,0,1,4,0,0,,0,0,0,0,0,4,3,16
,2024-051391,39.72567859,-104.9940001,7/22/2024 21:39,21:39,10,0,0,W 6TH AVE & N ELATI ST,1,1,0,0,1,1,0,0,30,0,0,0,0,0,4,2,16
,2024-051393,39.71119521,-104.997141,11/20/2024 9:31,9:31,1,0,0,W ALAMEDA AVE & S SANTA FE DR,1,1,0,0,1,1,0,0,35,0,0,0,0,0,4,2,11
,2024-051396,39.73800481,-105.0260527,11/13/2024 0:40,0:40,6,0,1,W AVONDALE DR & W 14TH AVE,1,4,0,0,1,4,0,0,15,0,1,0,0,1,4,2,16
,2024-051397,39.7363079,-104.9929403,10/18/2024 20:41,20:41,6,0,0, DELAWARE ST & W 13TH AVE,1,3,0,0,1,4,0,0,35,0,0,0,0,0,4,2,16
,2024-051401,39.69688368,-104.9824501,11/20/2024 7:51,7:51,15,0,0,I-25 & S WASHINGTON ST,1,1,1,0,1,4,0,0,60,0,0,0,0,0,1,2,14
,2024-051402,39.66577625,-105.0347889,11/1/2024 0:38,0:38,6,0,0,2750  LOWELL BLVD & W OSCEOLA WY,1,3,0,0,1,3,0,0,30,0,0,0,0,0,4,3,1
,2024-051410,39.7448388,-104.9750927,11/16/2024 7:34,7:34,12,0,0,E 18TH AVE & N OGDEN ST,1,1,0,0,1,3,0,0,25,0,0,0,0,0,4,3,3
,2024-051417,39.75464009,-104.9973542,10/15/2024 10:11,10:11,6,0,0,WYNKOOP ST & 19TH ST,1,1,0,0,1,4,0,0,,0,0,0,0,0,4,2,16
,2024-051418,39.77791479,-104.8357613,10/19/2024 11:44,11:44,11,0,1,E ALBROOK DR & N ATCHISON WY,1,1,0,0,1,4,0,0,25,0,1,0,0,3,4,1,14
,2024-051420,39.69674956,-105.0250716,11/16/2024 10:51,10:51,12,0,0, FEDERAL BLVD & W MISSISSIPPI AVE,1,1,0,0,1,4,0,0,35,0,0,0,0,0,2,2,16
,2024-051424,39.71108093,-104.9863704,7/21/2024 19:50,19:50,12,0,0, LINCOLN ST & E ALAMEDA AVE,1,1,0,0,1,3,0,0,30,0,0,0,0,0,4,2,16
,2024-051427,39.74058278,-104.9848545,10/15/2024 6:26,6:26,6,0,0, SHERMAN ST & E COLFAX AVE,1,3,0,0,1,2,0,0,,0,0,0,0,0,4,2,16
,2024-051429,39.74821375,-105.0181741,10/6/2024 17:42,17:42,15,0,1,I-25 & W 23RD AVE,1,1,0,0,1,4,0,0,55,0,0,0,0,2,1,3,16
,2024-051430,39.6974996,-104.9831021,11/19/2024 14:42,14:42,15,0,1,I-25 & S LOGAN ST,1,1,0,0,1,4,0,0,60,0,0,0,0,1,1,3,11
,2024-051434,39.74744335,-104.9034481,11/19/2024 21:25,21:25,1,0,0, QUEBEC ST & E MONTVIEW BLVD,1,3,0,0,1,1,0,0,30,0,0,0,0,0,4,2,16
,2024-051435,39.79825488,-104.7908955,10/19/2024 19:56,19:56,15,0,0,E 56TH AVE & N MEMPHIS ST,1,3,0,0,1,4,0,0,45,0,0,0,0,0,4,2,16
,2024-051436,39.71024379,-105.0038791,11/19/2024 12:50,12:50,3,0,0, NAVAJO ST & W NEVADA PL,1,1,0,0,1,1,0,0,25,0,0,0,0,0,4,2,8
,2024-051437,39.65247215,-104.91823,7/14/2024 21:30,21:30,12,0,0,I-25 & E HAMPDEN AVE,1,3,0,0,1,4,0,0,65,0,0,0,0,0,1,2,16
,2024-051440,39.72567291,-104.992681,11/19/2024 20:26,20:26,15,0,0,W 6TH AVE & N DELAWARE ST,1,3,0,0,1,4,0,0,35,0,0,0,0,0,4,2,11
,2024-051441,39.66752749,-104.912957,11/20/2024 19:34,19:34,15,0,0, MONACO ST PKWY & E YALE AVE,1,3,0,0,1,4,0,0,35,0,0,0,0,0,4,2,14
,2024-051444,39.77443036,-104.8519246,11/20/2024 15:17,15:17,12,0,1,I-70 & EB OFF RAMP EXT TO N PEORIA ST,1,1,0,0,1,4,0,0,55,0,0,0,0,3,2,2,10
,2024-051445,39.74019579,-105.000156,11/20/2024 17:57,17:57,1,0,0, KALAMATH ST & W COLFAX AVE,1,1,0,0,1,1,0,0,35,0,0,0,0,0,2,2,13
,2024-051450,39.7714588,-104.8474368,11/20/2024 8:24,8:24,12,0,0, PEORIA ST & E 39TH AVE,1,1,0,0,1,4,0,0,35,0,0,0,0,0,4,2,13
,2024-051453,39.75931994,-104.9317163,11/20/2024 15:59,15:59,6,0,0,2900 DAHLIA ST,1,1,0,0,1,4,0,0,,0,0,0,0,0,4,2,16
,2024-051455,39.73384875,-104.9861304,10/31/2024 13:48,13:48,12,0,0,E 11TH AVE & N LINCOLN ST,1,1,0,0,1,3,0,0,,0,0,0,0,0,4,2,16
,2024-051457,39.6784837,-104.9986926,11/20/2024 8:25,8:25,12,0,0,W EVANS AVE & S PLATTE RIVER DR,1,1,0,0,1,3,0,0,35,0,0,0,0,0,4,2,10
,2024-051458,39.72609077,-105.0383742,11/19/2024 21:21,21:21,6,0,0, OSCEOLA ST & W 6TH AVE FRTG RD,1,3,0,0,1,4,0,0,25,0,0,0,0,0,4,3,14
,2024-051459,39.71098916,-105.0330163,11/19/2024 19:09,19:09,12,0,1,3548 MORRISON RD & W ALAMEDA AVE,1,3,0,0,1,4,0,0,,0,0,0,0,1,4,2,16
,2024-051460,39.76184535,-104.9293908,11/19/2024 21:00,21:00,3,0,1, ELM ST & E MLK JR BLVD,1,4,0,0,1,1,0,0,25,0,0,0,0,3,4,2,16
,2024-051465,39.65388087,-105.0529743,8/23/2024 20:50,20:50,12,0,0,W HAMPDEN AVE WB OFF RAMP SLIP & S SHERIDAN BLVD,1,3,0,0,1,8,0,0,35,0,0,0,0,0,2,2,16
,2024-051466,39.74021283,-104.9124344,8/21/2024 8:00,8:00,12,0,0,E COLFAX AVE & N MONACO ST,1,1,0,0,1,1,0,0,30,0,0,0,0,0,2,2,16
,2024-051467,39.68543974,-104.9638288,11/2/2024 6:08,6:08,12,0,1,I-25 & NB ON RAMP ENT FROM S UNIVERSITY BLVD,1,3,1,0,1,4,0,0,60,0,0,0,0,1,1,4,16
,2024-051469,39.78747109,-104.9894662,11/18/2024 8:45,8:45,15,0,0,I-25 & SB OFF RAMP MERGE PT TO I-70,1,1,1,0,1,8,0,0,55,0,0,0,0,0,1,2,1
,2024-051470,39.78015896,-104.9900156,11/19/2024 19:59,19:59,5,0,2,I-70 & I-25,1,3,0,0,3,4,0,0,55,0,0,0,0,2,1,6,14
,2024-051471,39.71120815,-104.9991197,11/19/2024 18:32,18:32,12,0,0,I-25 & W ALAMEDA AVE,1,3,0,0,1,4,0,0,65,0,0,0,0,0,1,2,16
,2024-051475,39.77483258,-104.8469413,11/17/2024 11:20,11:20,15,0,0,I-70 WB OFF RAMP & N PEORIA ST,1,1,0,0,1,1,0,0,,0,0,0,0,0,1,2,16
,2024-051476,39.68749927,-104.9394681,11/20/2024 8:50,8:50,2,0,1, ALBION ST & E IOWA AVE,1,1,0,0,1,1,0,0,0,1,0,0,0,2,4,1,16
,2024-051478,39.71115703,-105.0226607,11/20/2024 15:54,15:54,1,0,0,W ALAMEDA AVE & S DECATUR ST,1,1,0,0,1,1,0,0,35,0,0,0,0,0,2,2,13
,2024-051484,39.71294794,-104.9827794,11/20/2024 18:29,18:29,3,0,0,E CEDAR AVE & S LOGAN ST,1,3,0,0,1,1,0,0,30,0,0,0,0,0,4,2,8
,2024-051485,39.71465157,-104.9436381,11/16/2024 5:01,5:01,5,0,0,E BAYAUD AVE & S GARFIELD ST,1,1,0,0,6,4,0,0,25,0,0,0,0,0,4,1,16
,2024-051486,39.75333612,-105.0153216,8/20/2024 18:15,18:15,12,0,0,I-25 & SB ON RAMP MERGE PT FROM N SPEER BLVD,1,2,0,0,1,4,0,0,55,0,0,0,0,0,2,2,16
,2024-051487,39.74469247,-105.0175777,11/19/2024 7:55,7:55,15,0,0,I-25 SB ON RAMP MERGE PT,1,1,1,0,1,8,0,0,55,0,0,0,0,0,1,2,13
,2024-051488,39.72547782,-105.0001545,8/23/2024 21:00,21:00,5,0,0,537  KALAMATH ST & W 6TH AVE,1,3,0,0,3,4,0,0,45,0,0,0,0,0,4,1,16
,2024-051489,39.72932336,-105.0150501,11/20/2024 7:31,7:31,12,0,0,I-25 & W 8TH AVE,1,1,0,0,1,4,0,0,55,0,0,0,0,0,1,2,1
,2024-051490,39.73481549,-105.0392925,10/20/2024 20:25,20:25,12,0,0, PERRY ST & W 12TH AVE,1,3,1,0,1,3,0,0,30,0,0,0,0,0,4,2,3
,2024-051491,39.74014498,-104.9927421,10/24/2024 22:20,22:20,11,0,1,W COLFAX AVE & 13TH ST,1,3,0,0,1,3,0,0,0,0,1,0,0,1,2,1,16
,2024-051495,39.68005755,-104.94064,9/22/2024 8:54,8:54,12,0,1, COLORADO BLVD & E COLORADO CENTER DR,11,1,0,1,1,3,0,0,40,0,0,0,0,1,2,2,16