id,drcog_id,latitude,longitude,crashtime,time,crashtype,numbkilled,numbinjurd,drcoglocat,rdconditin,lightngcon,roadcntgrd,weatherco,location,roaddescrp,schoolzone,constrzone,splimit,bikeinv,pedinv,sctrinv,motoinv,svrty,rdsystem,ttlvehcls,hcf
,2024-051496,39.74971184,-104.9810929,11/15/2024 8:53,8:53,11,0,1,TREMONT PL & PARK AVE W,1,1,0,0,1,1,0,0,,0,1,0,0,1,4,1,16
,2024-051507,39.75714088,-104.8903829,11/19/2024 9:07,9:07,6,0,1, CENTRAL PARK BLVD & E 28TH AVE,1,1,0,0,1,4,0,0,35,0,0,0,0,1,4,2,16
,2024-051513,39.72852429,-105.0147812,11/3/2024 17:05,17:05,12,0,3,I-25 & SB OFF RAMP EXT TO W 6TH AVE,11,2,0,0,1,4,0,0,55,0,0,0,0,1,2,2,16
,2024-051522,39.74035488,-105.0498068,10/11/2024 16:08,16:08,12,0,0,W COLFAX AVE & N XAVIER ST,1,1,0,0,1,3,0,0,,0,0,0,0,0,2,2,16
,2024-051531,39.74381384,-105.0085804,10/28/2024 14:23,14:23,12,0,0,7TH ST & WALNUT ST,2,1,0,0,1,3,0,0,35,0,0,0,0,0,4,2,11
,2024-051603,39.72531378,-105.024112,6/12/2024 22:45,22:45,12,0,1,W 6TH AVE EB OFF RAMP & EB OFF RAMP TO I-25 MERGE PT,1,4,0,0,1,8,0,0,55,0,0,0,0,2,2,4,13
,2024-051606,39.73686645,-104.9916491,10/8/2024 15:15,15:15,2,0,0,W 13TH AVE & N CHEROKEE ST,1,5,0,0,1,1,0,0,,1,0,0,0,0,4,1,16
,2024-051607,39.72374088,-104.9729161,9/28/2024 19:24,19:24,3,0,1,E 5TH AVE & N DOWNING ST,1,3,0,0,1,1,0,0,25,0,0,0,0,2,4,2,16
,2024-051624,39.74016302,-104.9541654,11/19/2024 9:05,9:05,12,0,0, DETROIT ST & E COLFAX AVE,1,1,0,0,1,3,0,0,20,0,0,0,0,0,2,2,16
,2024-051625,39.63117872,-104.8924131,11/21/2024 8:31,8:31,1,0,1, DTC BLVD & E UNION AVE,1,1,0,0,1,1,0,0,35,0,0,0,0,1,4,2,16
,2024-051628,39.73555061,-104.9776028,11/20/2024 13:05,13:05,15,0,0, CLARKSON ST & E 12TH AVE,1,1,0,0,1,4,0,0,35,0,0,0,0,0,4,3,11
,2024-051629,39.83346504,-104.6937229,11/20/2024 6:00,6:00,12,0,0,PENA BLVD IB & N JACKSON GAP ST,1,3,0,0,1,4,0,0,65,0,0,0,0,0,4,2,13
,2024-051630,39.7987061,-104.7721171,11/20/2024 17:38,17:38,12,0,1, TOWER RD & E 56TH AVE,1,4,0,1,1,4,0,0,40,0,0,0,0,1,4,2,13
,2024-051631,39.69676056,-105.03905,11/21/2024 7:58,7:58,3,0,0, PATTON CT & W MISSISSIPPI AVE,1,1,0,0,1,1,0,0,20,0,0,0,0,0,4,2,13
,2024-051633,39.78023543,-105.0252781,11/21/2024 8:27,8:27,12,0,0, FEDERAL BLVD & W 46TH AVE,1,1,0,0,1,3,0,0,35,0,0,0,0,0,2,4,11
,2024-051634,39.66769026,-104.9840261,11/21/2024 17:33,17:33,12,0,0,E YALE AVE & S GRANT ST,1,2,0,0,1,3,0,0,,0,0,0,0,0,4,3,4
,2024-051635,39.7188875,-104.9740546,11/21/2024 15:45,15:45,3,0,1,E SPEER BLVD & N CORONA ST,1,1,0,0,1,1,0,0,35,0,0,0,0,2,4,2,3
,2024-051636,39.77820075,-104.9132051,11/20/2024 17:15,17:15,15,0,0,I-70 & N QUEBEC ST,1,3,3,0,1,13,0,0,55,0,0,0,0,0,1,2,14
,2024-051637,39.67482191,-104.9407897,11/19/2024 9:15,9:15,1,0,0, COLORADO BLVD & E ILIFF AVE,1,1,0,0,1,1,0,0,35,0,0,0,0,0,2,2,3
,2024-051638,39.71156239,-104.9406226,11/19/2024 13:40,13:40,3,0,0, COLORADO BLVD & E ALAMEDA AVE,1,1,0,0,1,1,0,0,,0,0,0,0,0,2,2,16
,2024-051643,39.73637875,-104.9752894,11/20/2024 9:03,9:03,6,0,0, OGDEN ST & E 13TH AVE,1,1,1,0,1,4,0,0,20,0,0,0,0,0,4,2,16
,2024-051644,39.78384197,-105.0064371,11/21/2024 9:16,9:16,15,0,0,W 48TH AVE & N PECOS ST,1,1,0,0,1,6,0,0,20,0,0,0,0,0,1,2,13
,2024-051645,39.74740785,-104.9293251,11/21/2024 15:16,15:16,14,0,0,MONTVIEW BLVD & N ELM ST,1,1,0,0,1,1,0,0,30,0,0,0,0,0,4,2,13
,2024-051649,39.7529113,-104.9925488,11/20/2024 16:31,16:31,15,0,0,20TH ST & LARIMER ST,1,3,0,0,1,3,0,1,25,0,0,0,0,0,4,2,1
,2024-051651,39.68750794,-104.9593948,11/19/2024 16:00,16:00,1,0,0, UNIVERSITY BLVD & E IOWA AVE,1,1,0,0,1,1,0,0,30,0,0,0,0,0,4,2,3
,2024-051652,39.69294349,-104.940549,11/20/2024 10:13,10:13,1,0,1, COLORADO BLVD & E LOUISIANA AVE,1,1,0,0,1,1,0,1,35,0,0,0,0,1,2,2,14
,2024-051653,39.67309039,-104.9875815,11/19/2024 14:30,14:30,3,0,0,E WESLEY AVE & S BROADWAY ST,1,1,0,0,1,1,0,0,25,0,0,0,0,0,4,2,3
,2024-051654,39.74194251,-104.9418878,11/13/2024 8:25,8:25,11,0,1,E 16TH AVE & N HARRISON ST,1,1,0,0,1,1,0,0,0,0,1,0,0,1,4,1,16
,2024-051655,39.69299762,-104.9772808,11/19/2024 11:30,11:30,12,0,0,E LOUISIANA AVE & E BUCHTEL BLVD,1,1,0,0,1,1,0,0,,0,0,0,0,0,4,2,16
,2024-051660,39.73562896,-104.8870255,11/21/2024 9:41,9:41,3,0,0,E 12TH AVE & N XANTHIA ST,1,1,0,0,1,1,0,0,20,0,0,0,0,0,4,2,16
,2024-051663,39.65317732,-104.8989158,11/20/2024 9:02,9:02,15,0,0,E HAMPDEN AVE & S TAMARAC DR,1,1,1,0,1,4,0,0,35,0,0,0,0,0,2,2,16
,2024-051664,39.70040651,-105.0250848,11/20/2024 13:05,13:05,1,0,0, FEDERAL BLVD & W KENTUCKY AVE,1,1,0,0,1,1,0,0,40,0,0,0,0,0,2,2,11
,2024-051665,39.68569375,-104.9465115,11/19/2024 17:15,17:15,3,0,0, MADISON ST & E MEXICO AVE,1,1,0,0,1,1,0,0,25,0,0,0,0,0,4,2,3
,2024-051666,39.69294349,-104.940549,11/19/2024 11:00,11:00,12,0,0, COLORADO BLVD & E LOUISIANA AVE,1,1,0,0,1,1,0,0,35,0,0,0,0,0,2,2,3
,2024-051667,39.73889299,-104.9450715,10/19/2024 17:40,17:40,6,0,0, MONROE ST & E COLFAX AVE,1,1,0,0,1,4,0,0,20,0,0,0,0,0,4,2,16
,2024-051668,39.62928593,-104.8953817,11/21/2024 17:10,17:10,12,0,0,E UNION AVE & S ULSTER ST,1,3,0,0,1,3,0,0,35,0,0,0,0,0,4,2,11
,2024-051670,39.68215831,-104.9828562,11/21/2024 17:07,17:07,3,0,2,E JEWELL AVE & S LOGAN ST,1,3,0,0,1,1,0,0,35,0,0,0,0,2,4,2,13
,2024-051671,39.78362869,-104.7717585,11/20/2024 15:09,15:09,15,0,0,E GREEN VALLEY RANCH BLVD & N TOWER RD,1,1,0,0,1,3,0,0,40,0,0,0,0,0,4,2,13
,2024-051673,39.74483136,-104.9684476,11/20/2024 11:30,11:30,3,0,0, FRANKLIN ST & E 18TH AVE,1,1,0,0,1,2,0,0,35,0,0,0,0,0,4,2,11
,2024-051674,39.77373907,-104.9744437,11/19/2024 8:31,8:31,1,0,0, BRIGHTON BLVD & 39TH ST,1,1,0,6,1,4,0,0,30,0,0,0,0,0,4,3,16
,2024-051675,39.74881431,-104.9892357,11/19/2024 14:40,14:40,15,0,0,STOUT ST & 19TH ST,1,1,0,0,1,4,0,0,25,0,0,0,0,0,4,2,13
,2024-051676,39.75122231,-105.0173792,11/21/2024 18:19,18:19,1,0,0,W 23RD AVE & I-25 SB RAMPS,1,3,0,0,1,1,0,0,25,0,0,0,0,0,1,3,7
,2024-051681,39.74397903,-105.0528634,11/21/2024 13:54,13:54,3,0,0,W 17TH AVE & N SHERIDAN BLVD,1,1,0,0,1,9,0,0,20,0,0,0,0,0,4,2,16
,2024-051682,39.74139358,-104.991881,11/20/2024 15:22,15:22,15,0,0,TREMONT PL & 14TH ST,1,2,0,0,1,4,0,0,25,0,0,0,0,0,4,2,8
,2024-051685,39.79109832,-105.0216056,11/20/2024 7:36,7:36,6,0,0,5250  DECATUR ST & W PARKSIDE PL,1,1,0,0,1,2,0,0,25,0,0,0,0,0,4,2,13
,2024-051686,39.78438551,-105.0532729,10/17/2024 18:00,18:00,15,0,0, SHERIDAN BLVD & W 48TH AVE,1,1,0,0,1,4,0,0,35,0,0,0,0,0,2,2,1
,2024-051689,39.74013972,-104.9439736,11/21/2024 13:22,13:22,12,0,1,E COLFAX AVE & N GARFIELD ST,1,1,0,0,1,3,0,0,,0,0,0,0,1,2,2,16
,2024-051690,39.75679986,-104.9806439,10/31/2024 21:59,21:59,3,0,1,CHAMPA ST & 27TH ST,1,3,0,0,1,1,0,0,25,0,0,0,0,2,4,2,1
,2024-051691,39.74398198,-105.0532228,11/21/2024 13:27,13:27,3,0,0,W 17TH AVE & N SHERIDAN BLVD,1,1,0,0,1,1,0,0,30,0,0,0,0,0,2,2,16
,2024-051692,39.73688399,-105.0052579,11/21/2024 10:03,10:03,3,0,0, OSAGE ST & W 13TH AVE,1,1,0,0,1,1,0,0,30,0,0,0,0,0,4,2,13
,2024-051693,39.83626261,-104.7463715,11/20/2024 15:34,15:34,15,0,0,E-470 NB OFF RAMP & PENA BLVD,1,1,0,0,1,8,0,1,65,0,0,0,0,0,2,2,11
,2024-051694,39.78262701,-104.9992412,11/21/2024 7:38,7:38,12,0,0,I-70 & PECOS ST,1,1,0,0,1,4,0,0,55,0,0,0,0,0,1,3,13
,2024-051695,39.77256741,-104.8302525,11/20/2024 21:57,21:57,15,0,1,I-70 & I-225 NB OVERPASS,1,3,0,0,1,4,0,1,65,0,0,0,0,1,1,3,13
,2024-051696,39.73511492,-104.9172532,11/14/2024 15:10,15:10,6,0,0,E 12TH AVE & N KEARNEY ST,1,1,0,0,1,4,0,0,35,0,0,0,0,0,4,2,3
,2024-051697,39.71639118,-104.9222604,11/19/2024 13:45,13:45,12,0,1, HOLLY ST & E ELLSWORTH AVE,1,1,0,0,1,4,0,0,30,0,0,0,0,1,4,2,3
,2024-051698,39.67485532,-104.9129473,11/20/2024 13:08,13:08,1,0,1,E ILIFF AVE & S MONACO ST PKWY,1,1,0,0,1,1,0,0,25,0,0,0,0,2,4,2,11
,2024-051699,39.79382385,-104.7380293,11/19/2024 21:30,21:30,6,0,0,21346 E 53RD PL & NETHERLAND ST,1,3,0,0,1,4,0,0,,0,0,0,0,0,4,2,16
,2024-051700,39.68920875,-105.0002412,11/20/2024 17:20,17:20,8,0,0, PLATTE RIVER DR & W FLORIDA AVE,1,1,0,5,1,1,0,0,30,0,0,0,0,0,4,2,14
,2024-051702,39.72928036,-104.9124384,11/18/2024 16:55,16:55,1,0,1,E 8TH AVE & N MONACO ST PKWY,1,2,0,0,1,1,0,0,30,0,0,0,0,1,4,2,11
,2024-051710,39.6956646,-104.9034365,11/21/2024 12:20,12:20,5,0,1,E MISSISSIPPI AVE & S QUEBEC ST,1,1,0,0,2,4,0,0,25,0,0,0,0,2,4,1,1
,2024-051711,39.69747205,-105.0532437,11/22/2024 7:11,7:11,10,0,1, SHERIDAN BLVD & W MISSISSIPPI AVE,1,1,1,0,1,2,0,0,40,0,0,0,0,2,2,2,16
,2024-051715,39.68870037,-104.9711704,11/22/2024 14:59,14:59,12,0,0,I-25 & SB OFF RAMP EXT TO S UNIVERSITY BLVD,1,1,0,0,1,4,0,0,55,0,0,0,0,0,1,3,13
,2024-051720,39.73845525,-104.9953011,11/22/2024 6:49,6:49,3,0,1, FOX ST & W 14TH AVE,1,1,0,0,1,1,0,0,20,0,0,0,0,1,4,2,16
,2024-051722,39.74739028,-104.8987494,11/22/2024 7:48,7:48,12,0,0, SYRACUSE ST & E MONTVIEW BLVD,1,1,0,0,1,3,0,0,30,0,0,0,0,0,4,2,16
,2024-051723,39.63117872,-104.8924131,11/20/2024 13:36,13:36,1,0,0, DTC BLVD & E UNION AVE,1,1,0,0,1,1,0,1,40,0,0,0,0,0,4,2,3
,2024-051724,39.74058606,-104.9886203,11/21/2024 20:35,20:35,15,0,0,W COLFAX AVE & 15TH ST,1,3,0,0,1,3,0,0,30,0,0,0,0,0,2,2,16
,2024-051725,39.75298355,-105.0082369,11/22/2024 9:00,9:00,3,0,0, SPEER BLVD & ELITCH CIR,1,1,0,0,1,1,0,0,35,0,0,0,0,0,4,2,13
,2024-051728,39.77282977,-104.7905735,11/21/2024 10:44,10:44,12,0,0,PENA BLVD & E 40TH AVE,1,1,0,0,1,4,0,0,65,0,0,0,0,0,2,2,11
,2024-051729,39.72560118,-104.9407858,11/21/2024 11:15,11:15,15,0,0,E 6TH AVE & N COLORADO BLVD,1,1,0,0,1,3,0,0,30,0,0,0,0,0,2,2,3
,2024-051730,39.72558026,-104.9717629,11/22/2024 13:27,13:27,3,0,0, MARION ST & E 6TH AVE,6,1,0,0,1,1,0,0,25,0,0,0,0,0,4,2,14
,2024-051732,39.73839448,-104.9623117,11/18/2024 22:05,22:05,6,0,0,E 14TH AVE & VINE ST,1,4,0,0,1,4,0,0,30,0,0,0,0,0,4,2,11
,2024-051733,39.69662721,-104.9809201,11/22/2024 11:45,11:45,6,0,0,E MISSISSIPPI AVE & S PEARL ST,1,1,0,0,1,4,0,0,25,0,0,0,0,0,4,2,11
,2024-051739,39.68752334,-104.9570017,11/22/2024 7:54,7:54,3,0,0,E IOWA AVE & S COLUMBINE ST,1,1,0,0,1,1,0,0,25,0,0,0,0,0,4,2,11
,2024-051740,39.70386293,-104.9145887,11/21/2024 15:40,15:40,12,0,1,LEETSDALE DR & E EXPOSITION AVE,1,1,0,0,1,1,0,0,30,0,0,0,0,1,2,2,2
,2024-051741,39.68295175,-104.9412047,11/18/2024 3:42,3:42,15,0,0,I-25 SB ON RAMP MERGE PT FROM S COLORADO BLVD,1,3,1,0,1,8,0,0,,0,0,0,0,0,1,2,16
,2024-051744,39.72516596,-104.9407867,11/21/2024 13:15,13:15,15,0,0, COLORADO BLVD & E 6TH AVE,1,1,1,0,1,4,0,0,35,0,0,0,0,0,2,2,16
,2024-051754,39.73043749,-104.9823883,11/21/2024 14:00,14:00,3,0,0,E 9TH AVE & N LOGAN ST,1,1,0,0,1,1,0,0,25,0,0,0,0,0,4,3,13
,2024-051766,39.71823508,-104.9473776,11/4/2024 14:45,14:45,16,0,0,100  COOK ST,1,3,0,0,5,7,0,0,,0,0,0,0,0,3,2,16
,2024-051768,39.77979993,-104.7673712,11/22/2024 3:00,3:00,6,0,0,4701  ARGONNE ST & E 46TH PL,1,3,0,0,1,4,0,0,25,0,0,0,0,0,4,2,14
,2024-051778,39.63795847,-104.9094257,11/22/2024 18:40,18:40,15,0,0,I-25 NB ON RAMP MEREGE PT FROM SB I-225,1,3,0,0,1,8,0,0,,0,0,0,0,0,1,2,16
,2024-051787,39.61833315,-105.0911085,11/22/2024 23:14,23:14,3,0,0,WADSWORTH BLVD & W CRESTLINE AVE,1,3,0,0,1,1,0,0,40,0,0,0,0,0,2,2,11
,2024-051788,39.62712439,-104.8852803,11/23/2024 9:25,9:25,1,0,0, YOSEMITE ST & E CHENANGO AVE,1,1,0,0,1,1,0,0,35,0,0,0,0,0,4,2,13
,2024-051790,39.75408316,-104.9911282,11/23/2024 2:21,2:21,15,0,0,LARIMER ST & 21ST ST,1,3,0,0,1,4,0,0,20,0,0,0,0,0,4,2,1
,2024-051792,39.77419349,-104.8470304,11/22/2024 21:14,21:14,5,0,0,I-70 & N PEORIA ST,1,3,0,0,3,4,0,0,55,0,0,0,0,0,1,1,16
,2024-051794,39.68768653,-105.0250411,11/23/2024 17:48,17:48,12,0,2, FEDERAL BLVD & W IOWA AVE,1,1,3,0,1,12,0,0,35,0,0,0,0,2,2,2,3
,2024-051795,39.73050541,-104.9986319,11/22/2024 17:22,17:22,3,0,1,W 9TH AVE & N SANTA FE DR,1,3,0,0,1,1,0,0,35,0,0,0,0,1,4,2,11
,2024-051796,39.72568576,-105.0271614,11/23/2024 13:59,13:59,12,0,0,W 6TH AVE WB ON RAMP & N FEDERAL BLVD,1,1,1,0,1,8,0,0,25,0,0,0,0,0,2,2,1
,2024-051797,39.73526998,-104.9986735,11/23/2024 16:32,16:32,15,0,0,W 12TH AVE & N SANTA FE DR,1,1,0,0,1,3,0,0,25,0,0,0,0,0,4,2,11
,2024-051803,39.67846348,-104.9875675,11/22/2024 18:26,18:26,12,0,0, BROADWAY ST & E EVANS AVE,1,3,0,0,1,4,0,0,35,0,0,0,0,0,4,2,13
,2024-051804,39.77494745,-104.924613,11/23/2024 13:51,13:51,2,0,1, GRAPE ST & SMITH RD,1,1,0,0,1,1,0,0,0,1,0,0,0,1,4,1,16
,2024-051816,39.749825,-104.9914289,7/30/2024 13:15,13:15,2,0,0,CURTIS ST & 19TH ST,1,1,0,0,1,2,0,0,0,1,0,0,0,0,4,1,16
,2024-051822,39.72850404,-104.9752503,11/14/2024 4:54,4:54,6,0,0, OGDEN ST & E 8TH AVE,1,3,0,0,1,4,0,0,25,0,0,0,0,0,4,3,16
,2024-051826,39.68749219,-104.9405447,11/19/2024 15:40,15:40,11,0,1,E IOWA AVE & S COLORADO BLVD,1,1,0,0,1,3,0,0,20,0,1,0,0,2,2,1,13
,2024-051830,39.67864423,-105.0251585,11/20/2024 12:55,12:55,12,0,0,W EVANS AVE & S FEDERAL BLVD,1,1,0,0,1,3,0,0,30,0,0,0,0,0,2,2,3
,2024-051847,39.75834051,-104.9923079,11/16/2024 2:43,2:43,5,0,0,PARK AVE W & DELGANY ST,1,3,0,0,2,4,0,0,,0,0,0,0,0,4,1,16
,2024-051856,39.67882968,-104.9343297,10/20/2024 21:10,21:10,12,0,4,I-25 & MM 203.6,1,3,0,0,1,4,0,0,65,0,1,0,0,3,1,5,16
,2024-051858,39.70088948,-105.0111702,11/18/2024 18:22,18:22,6,0,0,844  TEJON ST & OHIO AVE,1,3,0,0,3,4,0,0,25,0,0,0,0,0,4,4,16
,2024-051864,39.7836168,-105.0252128,11/20/2024 12:07,12:07,10,0,3, FEDERAL BLVD & I-70 EB RAMPS,1,1,0,0,1,4,0,0,35,0,0,0,0,1,2,2,16
,2024-051868,39.703882,-104.9874888,11/16/2024 2:33,2:33,11,0,1, BROADWAY ST & E EXPOSITION AVE,1,3,0,0,1,1,0,0,35,0,0,1,0,3,4,2,13
,2024-051934,39.65699334,-104.8664145,11/24/2024 11:41,11:41,15,0,0,E GIRARD AVE & S HAVANA ST,1,2,3,0,1,3,0,0,35,0,0,0,0,0,2,2,11
,2024-051944,39.69666312,-104.99294,11/24/2024 0:50,0:50,3,0,0,W MISSISSIPPI AVE & S PLATTE RIVER DR,1,3,0,0,1,1,0,0,,0,0,0,0,0,2,2,16
,2024-051949,39.78131324,-104.847015,11/22/2024 21:27,21:27,15,0,0, PEORIA ST & E ALBROOK RD,1,3,3,0,1,4,0,0,40,0,0,0,0,0,4,2,16
,2024-051950,39.72558764,-104.9407859,11/23/2024 23:33,23:33,12,0,0, COLORADO BLVD & E 6TH AVE,1,3,0,0,1,3,0,0,40,0,0,0,0,0,2,2,11
,2024-051951,39.78437786,-105.0249731,11/24/2024 18:36,18:36,12,0,0,I-70 & N FEDERAL BLVD,1,4,0,0,1,4,0,0,55,0,0,0,0,0,2,2,13
,2024-051955,39.72542116,-105.0281532,11/23/2024 17:19,17:19,12,0,0,W 6TH AVE & N FEDERAL BLVD,1,3,1,0,1,4,0,0,,0,0,0,0,0,2,6,16
,2024-051960,39.72472163,-105.0124942,11/23/2024 17:41,17:41,15,0,0,I-25 & W 6TH AVE,1,2,0,0,1,4,0,0,55,0,0,0,0,0,1,3,13
,2024-051961,39.73386021,-104.9897496,11/23/2024 21:50,21:50,12,0,0,W 11TH AVE & BANNOCK ST,1,3,0,0,1,4,0,0,,0,0,0,0,0,4,2,11
,2024-051962,39.74000297,-104.9764761,11/23/2024 22:55,22:55,3,0,0,E COLFAX AVE & N EMERSON ST,1,3,0,0,1,1,0,0,,0,0,0,0,0,2,2,16
,2024-051963,39.73840386,-104.9659983,11/24/2024 9:50,9:50,3,0,2, WILLIAMS ST & E 14TH AVE,1,1,0,0,1,1,0,0,30,0,0,0,0,2,4,2,16
,2024-051966,39.77319007,-104.8098795,11/23/2024 12:43,12:43,3,0,1, CHAMBERS RD & E 40TH AVE,1,1,0,0,1,1,0,0,40,0,0,0,0,1,4,2,16
,2024-051968,39.73820246,-105.0298482,11/23/2024 20:31,20:31,12,0,0, IRVING ST & W 14TH AVE,1,3,0,0,1,4,0,0,20,0,0,0,0,0,4,2,16
,2024-051970,39.73385786,-104.9874157,11/24/2024 1:35,1:35,12,0,0, BROADWAY ST & E 11TH AVE,1,3,0,0,1,3,0,0,35,0,0,0,0,0,4,2,3
,2024-051973,39.73384949,-104.9862347,11/24/2024 0:30,0:30,15,0,0,E 11TH AVE & N LINCOLN ST,1,3,0,7,1,3,0,0,25,0,0,0,0,0,4,2,3
,2024-051974,39.678566,-104.9828857,11/24/2024 4:11,4:11,3,0,1, LOGAN ST & E EVANS AVE,1,3,1,0,1,1,0,0,30,0,0,0,0,1,4,3,14
,2024-051977,39.75420804,-105.0014815,11/24/2024 17:39,17:39,14,0,0,WEWATTA ST & 17TH ST,1,3,0,0,1,1,0,0,25,0,0,0,0,0,4,2,11
,2024-051979,39.69843687,-104.9082326,11/23/2024 18:05,18:05,3,0,0, ONEIDA ST & E TENNESSEE AVE,1,3,0,0,1,1,0,0,30,0,0,0,0,0,4,2,13
,2024-051980,39.78259783,-104.9895363,11/23/2024 5:40,5:40,5,0,0,I-25 & W 48TH AVE,1,4,0,0,1,4,0,0,,0,0,0,0,0,1,2,16
,2024-051984,39.7546247,-104.9745612,11/23/2024 2:42,2:42,3,0,0,E 26TH AVE & N OGDEN ST,1,3,0,0,1,1,0,0,25,0,0,0,0,0,4,2,16
,2024-051987,39.72025888,-105.0186503,11/22/2024 10:34,10:34,15,0,0, BRYANT ST & W 2ND AVE,1,1,0,0,1,1,0,0,25,0,0,0,0,0,4,2,16
,2024-051988,39.75848756,-105.0275976,11/21/2024 17:07,17:07,2,0,0,W 29TH AVE & N HAZEL CT,1,1,0,0,1,1,0,0,20,1,0,0,0,0,4,1,13
,2024-051994,39.76001478,-104.8905208,11/13/2024 12:04,12:04,3,0,1, CENTRAL PARK BLVD & E MLK JR BLVD,1,1,0,0,1,1,0,0,35,0,0,0,0,1,4,2,16
,2024-052009,39.77108816,-104.8470353,11/21/2024 15:46,15:46,11,0,1,E 39TH AVE & N PEORIA ST,1,2,0,0,1,1,0,0,35,0,1,0,0,2,4,1,16
,2024-052023,39.73754194,-104.9093658,11/24/2024 0:00,0:00,6,0,0, NEWPORT ST & E 13TH AVE,1,3,0,0,1,4,0,0,25,0,0,0,0,0,4,2,16
,2024-052025,39.74323948,-104.9696803,11/15/2024 18:00,18:00,1,0,0, HUMBOLDT ST & E 17TH AVE,1,4,0,0,1,1,0,0,30,0,0,0,0,0,4,2,8
,2024-052030,39.74013197,-104.9873893,11/20/2024 18:18,18:18,3,0,1, BROADWAY ST & E COLFAX AVE,1,3,0,0,1,1,0,0,30,0,0,0,0,2,2,2,1
,2024-052031,39.6892781,-104.9593535,11/21/2024 15:43,15:43,11,0,1, UNIVERSITY BLVD & E FLORIDA AVE,1,1,0,0,1,4,0,0,0,0,1,0,0,2,4,1,16
,2024-052033,39.70398945,-105.0372343,11/21/2024 7:28,7:28,6,0,0,W EXPOSITION AVE & S NEWTON ST,1,1,0,7,1,4,0,0,20,0,0,0,0,0,4,3,16
,2024-052035,39.72334477,-104.9740677,11/21/2024 23:13,23:13,6,0,0, CORONA ST & E 5TH AVE,1,3,0,0,1,4,0,0,25,0,0,0,0,0,4,2,16
,2024-052036,39.61833315,-105.0911085,11/21/2024 23:14,23:14,3,0,0, WADSWORTH BLVD & W CRESLINE AVE,1,3,0,0,1,1,0,0,40,0,0,0,0,0,2,2,11
,2024-052041,39.77953989,-104.9891639,11/22/2024 2:22,2:22,5,0,1,I-25 & I-70,1,3,0,0,3,4,0,0,45,0,0,0,0,2,1,1,16
,2024-052042,39.73095772,-105.0510379,11/22/2024 18:04,18:04,11,0,1,878  YATES ST & W 9TH AVE,1,4,1,0,1,4,0,0,0,0,1,0,0,1,4,1,16
,2024-052106,39.73548953,-105.0217619,10/19/2024 6:02,6:02,6,0,0, DECATUR ST & W HOLDEN PL,1,3,0,0,1,4,0,0,20,0,0,0,0,0,4,2,16
,2024-052108,39.79830654,-104.8055424,11/9/2024 1:20,1:20,5,0,1,E 56TH AVE & N LAREDO ST,7,3,0,2,2,4,0,0,40,0,0,0,0,2,4,1,14
,2024-052113,39.71818457,-104.9592149,11/25/2024 9:34,9:34,15,0,0,E 1ST AVE & S UNIVERSITY BLVD,1,1,0,0,1,4,0,0,30,0,0,0,0,0,4,2,8
,2024-052114,39.70572441,-104.9863034,11/25/2024 11:27,11:27,3,0,0, LINCOLN ST & E CENTER AVE,1,1,0,0,1,1,0,0,30,0,0,0,0,0,4,2,11
,2024-052115,39.67470654,-104.8707463,11/7/2024 7:15,7:15,12,0,0, PARKER RD & E ILIFF AVE,4,1,0,2,1,3,0,0,35,0,0,0,0,0,2,2,13
,2024-052116,39.69062609,-105.0194515,11/13/2024 22:27,22:27,6,0,0, CANOSA CT & W ARKANSAS AVE,1,3,0,0,1,4,0,0,25,0,0,0,0,0,4,3,16
,2024-052118,39.77748022,-104.7462645,11/20/2024 20:55,20:55,6,0,0,E 44TH AVE & N LISBON CT,1,3,0,0,1,4,0,0,20,0,0,0,0,0,4,2,16
,2024-052120,39.75442213,-104.9873775,11/22/2024 10:11,10:11,1,0,2, BROADWAY & PARK AVE W,1,1,0,0,1,1,0,0,35,0,0,0,0,2,4,2,16
,2024-052123,39.77391357,-105.0393081,11/23/2024 16:03,16:03,5,0,0, PERRY ST & W 42ND AVE,1,1,0,0,3,4,0,0,,0,0,0,0,0,4,1,16
,2024-052124,39.76926774,-104.9126957,11/24/2024 10:50,10:50,3,0,0,E 38TH AVE & N MONACO ST PKWY,1,1,0,0,1,1,0,0,30,0,0,0,0,0,4,2,13
,2024-052125,39.65297637,-104.919087,11/24/2024 2:00,2:00,12,0,0,E HAMPDEN AVE & I-25 SB RAMPS,1,3,0,0,1,3,0,0,40,0,0,0,0,0,2,2,14
,2024-052126,39.85106025,-104.6669502,11/7/2024 9:24,9:24,16,0,0,8511 PENA BLVD & PRIVATE PROPERTY,10,1,0,2,5,7,0,0,,0,0,0,0,0,3,2,16
,2024-052127,39.76081955,-104.957325,10/31/2024 0:37,0:37,6,0,0,3032  COLUMBINE ST & E 31ST AVE,1,4,0,0,1,4,0,0,20,0,0,0,0,0,4,3,16