id,drcog_id,latitude,longitude,crashtime,time,crashtype,numbkilled,numbinjurd,drcoglocat,rdconditin,lightngcon,roadcntgrd,weatherco,location,roaddescrp,schoolzone,constrzone,splimit,bikeinv,pedinv,sctrinv,motoinv,svrty,rdsystem,ttlvehcls,hcf
,2024-052128,39.71620776,-104.9128593,11/20/2024 18:33,18:33,15,0,0, MONACO ST PKWY & LOWRY BLVD,1,1,0,0,1,1,0,0,,0,0,0,0,0,4,2,16
,2024-052136,39.6786458,-105.0248713,11/18/2024 21:30,21:30,11,0,1,W EVANS AVE & S FEDERAL BLVD,1,3,0,0,1,3,0,0,0,0,1,0,0,2,2,1,16
,2024-052138,39.76144012,-105.0053279,9/27/2024 19:05,19:05,15,0,0,20TH ST & I-25 NB RAMPS,1,3,0,0,1,3,0,0,30,0,0,0,0,0,1,2,1
,2024-052139,39.69300867,-104.9815724,8/22/2024 17:01,17:01,3,0,0, PENNSYLVANIA ST & E LOUISIANA AVE,11,1,0,1,1,1,0,0,20,0,0,0,0,0,4,2,16
,2024-052144,39.78364697,-104.79198,10/10/2024 15:35,15:35,1,0,1,E GREEN VALLEY RANCH BLVD & PENA BLVD OB ON RAMP,1,1,0,0,1,1,0,0,35,0,0,0,0,2,4,3,16
,2024-052146,39.66768253,-105.034962,11/20/2024 15:01,15:01,3,0,1,W YALE AVE & S LOWELL BLVD,1,1,0,0,1,1,0,0,35,0,0,0,0,2,4,2,1
,2024-052147,39.67916025,-105.0532681,11/13/2024 13:46,13:46,3,0,0,W EVANS AVE & S SHERIDAN BLVD,1,1,0,0,1,1,0,0,35,0,0,0,0,0,2,2,11
,2024-052151,39.77482743,-104.8468064,11/11/2024 13:53,13:53,12,0,0,I-70 WB OFF RAMP & N PEORIA ST,1,1,0,0,1,8,0,0,,0,0,0,0,0,1,2,16
,2024-052154,39.71120445,-104.999514,11/5/2024 0:38,0:38,5,0,0,I-25 SB OFF RAMP & W ALAMEDA AVE,1,3,0,0,4,1,0,1,35,0,0,0,0,0,2,1,16
,2024-052157,39.72139639,-105.0088847,11/15/2024 9:34,9:34,12,0,0,I-25 & SB ON RAMP ENT FROM W 6TH AVE,1,1,0,0,1,4,0,0,55,0,0,0,0,0,1,2,16
,2024-052158,39.70933041,-105.0203904,10/25/2024 10:25,10:25,3,0,1,W DAKOTA AVE & S CLAY ST,1,1,0,0,1,1,0,0,25,0,0,0,0,1,4,3,16
,2024-052159,39.71116761,-104.9891717,10/30/2024 11:40,11:40,15,0,0,W ALAMEDA AVE & S BANNOCK ST,1,1,0,0,1,4,0,0,30,0,0,0,0,0,4,2,16
,2024-052160,39.78559164,-104.8987338,11/23/2024 19:12,19:12,12,0,0,E NORTHFIELD BLVD & N QUEBEC ST,1,3,0,0,1,4,0,0,40,0,0,0,0,0,2,2,3
,2024-052161,39.7728283,-104.7925882,11/22/2024 15:30,15:30,12,0,0, AIRPORT BLVD SLIP & E 40TH AVE,1,2,0,0,1,1,0,0,35,0,0,0,0,0,4,2,14
,2024-052162,39.68933781,-104.9920437,10/10/2024 8:30,8:30,12,0,0, SANTA FE DR & W FLORIDA AVE,1,1,0,0,1,3,0,0,,0,0,0,0,0,2,2,16
,2024-052170,39.7557371,-104.9768443,11/24/2024 21:36,21:36,15,0,0,WELTON ST & E 28TH AVE,11,3,0,0,1,1,0,0,,0,0,0,0,0,4,2,16
,2024-052171,39.77441762,-104.8517773,11/2/2024 21:48,21:48,15,0,0,I-70 & N PEORIA ST,1,3,0,0,1,4,0,0,,0,0,0,0,0,1,2,16
,2024-052172,39.76634636,-104.998957,11/25/2024 10:45,10:45,9,0,0,I-25 & NB OFF RAMP EXT TO PARK AVE W,1,1,0,0,1,4,0,0,55,0,0,0,0,0,1,2,14
,2024-052173,39.65301276,-104.912923,11/2/2024 11:00,11:00,15,0,0, MONACO ST PKWY & E HAMPDEN AVE,1,1,0,0,1,3,0,0,35,0,0,0,0,0,2,2,16
,2024-052176,39.66763682,-104.9107475,11/25/2024 7:44,7:44,12,0,0,E YALE AVE & S MAGNOLIA ST,1,1,0,0,1,3,0,0,30,0,0,0,0,0,4,2,11
,2024-052177,39.7383975,-105.0358101,11/24/2024 14:37,14:37,6,0,0, MEADE ST & W 14TH AVE,1,1,0,0,1,4,0,0,20,0,0,0,0,0,4,2,3
,2024-052179,39.73839041,-104.9861228,11/13/2024 6:52,6:52,15,0,0, LINCOLN ST & E 14TH AVE,1,1,0,0,1,4,0,0,,0,0,0,0,0,4,2,16
,2024-052180,39.75113376,-104.9984191,11/18/2024 0:03,0:03,6,0,0,BLAKE ST & 17TH ST,1,3,0,0,1,4,0,0,,0,0,0,0,0,4,2,16
,2024-052181,39.77260283,-104.8297474,11/25/2024 17:13,17:13,9,0,0,I-70 WB ON RAMP FROM NB -225,1,3,1,0,1,8,0,0,65,0,0,0,0,0,1,2,14
,2024-052182,39.75597722,-104.9747431,11/20/2024 12:22,12:22,15,0,0,GLENARM PL & 29TH ST,1,1,0,0,1,4,0,0,25,0,0,0,0,0,4,2,13
,2024-052183,39.78380488,-104.947488,11/25/2024 12:01,12:01,12,0,2,E 48TH AVE & N VASQUEZ BLVD,1,1,0,0,1,3,0,0,25,0,0,0,0,1,2,2,3
,2024-052184,39.7729341,-104.8675932,11/24/2024 21:40,21:40,3,0,1,E 40TH AVE & N HAVANA ST,11,3,0,0,1,2,0,0,,0,0,0,0,2,4,2,16
,2024-052185,39.71110392,-104.9769077,11/24/2024 11:13,11:13,3,0,0,E ALAMEDA AVE & S EMERSON ST,1,1,0,0,1,1,0,0,30,0,0,0,0,0,4,2,3
,2024-052186,39.7913801,-104.8192778,11/25/2024 1:55,1:55,6,0,0,5343  SABLE ST & E MAXWELL PL,1,4,0,0,1,4,0,0,,0,0,0,0,0,4,2,16
,2024-052187,39.65616523,-105.0532235,11/22/2024 12:54,12:54,3,0,0, SHERIDAN BLVD & W DARTMOUTH AVE,1,1,0,0,1,1,0,0,,0,0,0,0,0,2,2,16
,2024-052188,39.78927957,-104.8470876,11/9/2024 2:30,2:30,15,0,0, PEORIA ST & E 51ST AVE,9,3,0,2,1,3,0,0,,0,0,0,0,0,4,2,16
,2024-052191,39.77698502,-104.8794246,11/25/2024 6:07,6:07,12,0,0,I-70 & N CENTRAL PARK BLVD,1,1,0,0,1,4,0,0,55,0,0,0,0,0,1,4,13
,2024-052192,39.73727015,-104.9105013,11/25/2024 16:02,16:02,3,0,1, NIAGRA ST & E 13TH AVE,1,2,0,0,1,1,0,0,25,0,0,0,0,1,4,2,11
,2024-052198,39.77338766,-104.8470174,11/22/2024 14:52,14:52,15,0,0,I-70 EB OFF RAMP & N PEORIA ST,1,2,0,0,1,1,0,0,40,0,0,0,0,0,1,2,13
,2024-052200,39.73185559,-104.9752581,11/23/2024 8:45,8:45,6,0,0, OGDEN ST & E 10TH AVE,1,3,0,0,1,4,0,0,,0,0,0,0,0,4,2,16
,2024-052201,39.77805107,-104.9034014,11/24/2024 18:26,18:26,15,0,0, NORTHFIELD QUEBEC ST & I-70 EB RAMPS,1,3,0,6,1,4,0,0,35,0,0,0,0,0,2,2,11
,2024-052202,39.79835802,-104.7814257,11/24/2024 19:00,19:00,3,0,0,E 56TH AVE & N TELLURIDE ST,1,3,0,0,1,1,0,0,,0,0,0,0,0,4,2,16
,2024-052205,39.74008521,-104.8926892,11/8/2024 17:16,17:16,12,0,0,E COLFAX AVE & N UINTA ST,9,3,0,2,1,4,0,0,35,0,0,0,0,0,2,2,16
,2024-052207,39.752561,-104.9848303,11/8/2024 16:30,16:30,6,0,0,PARK AVE W & STOUT ST,9,3,0,2,1,4,0,0,,0,0,0,0,0,4,3,16
,2024-052209,39.7613562,-105.0045778,11/24/2024 23:44,23:44,15,0,4,I-25 & 20TH ST,4,3,0,6,1,4,0,0,55,0,0,0,0,2,1,2,7
,2024-052210,39.76746209,-104.9034673,11/23/2024 13:50,13:50,16,0,0,3601 QUEBEC ST & E 36TH AVE,1,1,3,0,5,7,0,0,,0,0,0,0,0,3,2,16
,2024-052211,39.77277662,-104.8336029,11/21/2024 10:52,10:52,15,0,0,I-225 & RAMP MERGE PT FROM I-70 EB OFF RAMP,1,1,0,0,1,8,0,0,55,0,0,0,0,0,1,2,7
,2024-052212,39.74002481,-104.9980148,11/20/2024 7:00,7:00,3,0,0,W COLFAX AVE & N SPEER BLVD,1,1,0,0,1,1,0,0,30,0,0,0,0,0,2,2,3
,2024-052213,39.68164439,-104.9408709,11/18/2024 15:15,15:15,15,0,0,I-25 SB OFF RAMP & S COLORADO BLVD,1,1,3,0,1,8,0,0,25,0,0,0,0,0,4,2,16
,2024-052214,39.74479099,-104.9761477,11/23/2024 9:00,9:00,6,0,0, EMERSON ST & E 18TH AVE,1,1,0,0,1,4,0,0,,0,0,0,0,0,4,2,16
,2024-052216,39.84928164,-104.6726895,10/28/2024 23:50,23:50,6,0,0,8400 PENA BLVD,1,3,0,0,5,4,0,0,15,0,0,0,0,0,3,2,16
,2024-052218,39.74982682,-104.994868,11/3/2024 19:30,19:30,16,0,0,1225 17TH ST,14,5,3,7,5,14,0,0,,0,0,0,0,0,3,2,10
,2024-052219,39.75576556,-104.9889558,8/17/2024 8:01,8:01,3,0,0,PARK AVE W & LARIMER ST,1,1,0,0,1,1,0,0,25,0,0,0,0,0,4,2,16
,2024-052220,39.76650759,-105.0252998,11/22/2024 7:45,7:45,6,0,0,W 36TH AVE & N FEDERAL BLVD,1,1,0,0,1,4,0,0,25,0,0,0,0,0,4,2,16
,2024-052221,39.76839274,-104.9936982,11/10/2024 10:47,10:47,15,0,0,I-25 NB OFF RAMP & I-70,1,1,0,0,1,8,0,0,55,0,0,0,0,0,1,2,1
,2024-052222,39.71465171,-104.998562,11/25/2024 17:00,17:00,15,0,0, SANTA FE DR & W BAYAUD AVE,1,2,0,0,1,4,0,0,35,0,0,0,0,0,4,2,16
,2024-052223,39.71874928,-104.9036745,11/19/2024 12:20,12:20,15,0,0, QUEBEC ST & E 1ST AVE,1,1,0,0,1,4,0,0,30,0,0,0,0,0,4,2,16
,2024-052224,39.75457469,-104.980037,11/17/2024 2:19,2:19,6,0,0,2525 CALIFORNIA ST & 25TH ST,1,3,0,0,1,4,0,0,,0,0,0,0,0,4,2,16
,2024-052225,39.66477301,-104.9249518,10/26/2024 6:45,6:45,6,0,0, GRAPE WY & E CORNELL AVE,1,4,0,0,1,4,0,0,25,0,0,0,0,0,4,3,16
,2024-052233,39.70220067,-105.0455795,11/9/2024 15:00,15:00,3,0,0, UTICA ST & MORRISON RD,1,1,0,0,1,1,0,0,35,0,0,0,0,0,4,2,10
,2024-052234,39.74008081,-104.9124342,11/16/2024 20:30,20:30,3,0,3, MONACO ST PKWY & E COLFAX AVE,1,3,0,0,1,1,0,0,35,0,0,0,0,2,2,2,3
,2024-052237,39.74021469,-104.9093574,11/2/2024 2:10,2:10,3,0,0, NEWPORT ST & E COLFAX AVE,1,3,0,0,1,1,0,0,35,0,0,0,0,0,2,2,1
,2024-052238,39.74605261,-104.9910584,11/13/2024 17:00,17:00,11,0,1,CALIFORNIA ST & 17TH ST,1,4,0,0,1,3,0,0,,0,1,0,0,1,4,1,16
,2024-052244,39.70933449,-104.9863924,11/22/2024 16:20,16:20,3,0,0,E DAKOTA AVE & S LINCOLN ST,1,2,3,0,1,1,0,0,25,0,0,0,0,0,4,3,13
,2024-052245,39.68936216,-104.9128979,11/25/2024 16:07,16:07,1,0,1, MONACO ST PKWY & E FLORIDA AVE,1,2,0,0,1,1,0,0,35,0,0,0,0,1,4,2,3
,2024-052247,39.66763424,-104.9122916,11/25/2024 17:39,17:39,12,0,0,E YALE AVE & S NEWPORT ST,1,3,0,0,1,3,0,0,30,0,0,0,0,0,4,4,16
,2024-052248,39.77675324,-105.034616,11/25/2024 7:05,7:05,3,0,0, LOWELL BLVD & W 44TH AVE,1,1,1,0,1,1,0,0,30,0,0,0,0,0,4,2,3
,2024-052249,39.77052162,-105.0069757,11/2/2024 10:22,10:22,6,0,0,W 39TH AVE & N PECOS ST,1,1,0,0,1,9,0,0,30,0,0,0,0,0,4,2,10
,2024-052250,39.75100676,-105.002054,11/25/2024 9:44,9:44,6,0,0,WYNKOOP ST & 15TH ST,1,1,0,0,1,3,0,0,,0,0,0,0,0,4,2,16
,2024-052252,39.7616705,-105.0042333,10/28/2024 14:29,14:29,15,0,0,I-25 & 20TH ST,1,1,0,0,1,4,0,0,,0,0,0,0,0,1,2,16
,2024-052257,39.76193589,-104.9027448,11/25/2024 18:55,18:55,3,0,1,E MLK JR BLVD & N QUEBEC ST,1,3,0,0,1,1,0,0,,0,0,0,0,2,4,3,16
,2024-052258,39.74026425,-104.979909,11/18/2024 5:44,5:44,16,0,0,1509  PEARL ST,1,3,0,0,5,7,0,0,,0,0,0,0,0,3,2,16
,2024-052335,39.74008039,-104.9127931,1/31/2024 18:13,18:13,12,0,0,E COLFAX AVE & N MONACO ST PKWY,1,3,0,0,1,3,0,0,35,0,0,0,0,0,2,2,13
,2024-052336,39.72243324,-105.0252845,5/17/2024 0:55,0:55,11,1,0, FEDERAL BLVD & W 3RD AVE,1,3,0,0,1,4,0,0,0,0,1,0,0,4,2,1,16
,2024-052345,39.77064065,-104.9723868,11/25/2024 22:40,22:40,6,0,0,E 38TH ST & BLAKE ST,1,3,0,0,1,4,0,0,20,0,0,0,0,0,4,2,7
,2024-052351,39.77978378,-104.9693658,11/26/2024 17:18,17:18,12,0,0,I-70 & N BRIGHTON BLVD,1,3,0,0,1,4,0,0,65,0,0,0,0,0,1,2,16
,2024-052352,39.74006512,-104.9269084,11/26/2024 20:43,20:43,3,0,0, FOREST ST & E COLFAX AVE,1,3,0,0,1,1,0,0,35,0,0,0,0,0,2,2,11
,2024-052366,39.67960525,-104.9343608,11/25/2024 6:35,6:35,12,0,0,I-25 NB ON RAMP & E EVANS AVE,1,2,1,0,1,8,0,0,45,0,0,0,0,0,1,2,11
,2024-052367,39.75583874,-104.9987506,11/25/2024 18:30,18:30,2,0,0,WEWATTA ST & 19TH ST,1,3,0,0,1,1,0,0,0,1,0,0,0,0,4,1,16
,2024-052368,39.7465121,-105.0011996,11/23/2024 2:22,2:22,5,0,0,LARIMER ST & N SPEER BLVD,1,4,0,0,3,4,0,0,,0,0,0,0,0,4,1,16
,2024-052369,39.76105359,-104.9405147,11/25/2024 14:18,14:18,12,0,0, COLORADO BLVD & E MLK JR BLVD,1,1,0,0,1,4,0,0,35,0,0,0,0,0,2,2,13
,2024-052370,39.78561336,-105.0252058,11/26/2024 8:00,8:00,3,0,0, FEDERAL BLVD & W 49TH AVE,1,1,0,0,1,1,0,0,35,0,0,0,0,0,2,2,13
,2024-052371,39.62382495,-104.9008272,11/25/2024 16:15,16:15,12,0,0,E BELLEVIEW AVE & I-25 NB RAMPS,1,1,0,0,1,3,0,0,55,0,0,0,0,0,2,2,7
,2024-052372,39.80068145,-104.7863535,11/26/2024 16:50,16:50,12,0,0,PENA BLVD OB & E 56TH AVE,1,3,0,0,1,4,0,0,65,0,0,0,0,0,2,2,11
,2024-052376,39.74744331,-104.9034481,11/26/2024 16:11,16:11,3,0,0,E MONTVIEW BLVD & N QUEBEC ST,1,1,3,0,1,1,0,0,35,0,0,0,0,0,4,3,16
,2024-052379,39.74375986,-104.9407837,11/25/2024 9:00,9:00,3,0,0, COLORADO BLVD & E 17TH AVE,1,1,0,0,1,1,0,0,35,0,0,0,0,0,2,2,3
,2024-052380,39.74020568,-104.9234392,11/25/2024 11:00,11:00,3,0,0,E COLFAX AVE & N HUDSON ST,1,1,0,0,1,1,0,0,40,0,0,0,0,0,2,2,3
,2024-052381,39.75241869,-104.9967486,11/15/2024 0:41,0:41,3,0,1,18TH ST & BLAKE ST,1,3,0,0,1,1,0,0,20,0,0,0,0,2,4,2,16
,2024-052382,39.65287392,-105.0532716,11/26/2024 10:01,10:01,15,0,0, SHERIDAN BLVD & W HAMPDEN AVE,1,1,0,0,1,4,0,0,40,0,0,0,0,0,2,2,13
,2024-052384,39.78635587,-104.8154426,11/14/2024 14:28,14:28,6,0,0,5126  ELKHART ST & E GATEWAY AVE,1,1,0,0,1,4,0,0,20,0,0,0,0,0,4,2,16
,2024-052386,39.83321084,-104.7727503,11/26/2024 8:00,8:00,15,0,0,PENA BLVD IB & TOWER RD,1,1,0,0,1,4,0,0,65,0,0,0,0,0,4,2,13
,2024-052390,39.71836521,-104.9127815,11/26/2024 7:49,7:49,3,0,1,E 1ST AVE & N MONACO ST PKWY,1,1,0,0,1,1,0,0,25,0,0,0,0,1,4,2,1
,2024-052391,39.69566304,-104.9035085,11/25/2024 13:45,13:45,12,0,0, QUEBEC ST & E MISSISSIPPI AVE,1,1,0,0,1,1,0,0,30,0,0,0,0,0,4,2,3
,2024-052392,39.74645604,-104.9992346,11/25/2024 13:45,13:45,11,0,0,LAWRENCE ST & 14TH ST,1,1,0,0,1,4,0,0,0,0,0,1,0,0,4,1,16
,2024-052394,39.77875433,-104.9059508,10/24/2024 13:50,13:50,15,0,0,I-70 WB ON RAMP & N NORTHFIELD QUEBEC ST,1,1,1,0,1,8,0,0,55,0,0,0,0,0,1,2,1
,2024-052398,39.72570938,-105.0001487,11/25/2024 15:15,15:15,15,0,0, KALAMATH ST & W 6TH AVE,1,1,0,0,1,1,0,0,,0,0,0,0,0,4,2,16
,2024-052399,39.74002481,-104.9980148,11/25/2024 3:10,3:10,3,0,0,W COLFAX AVE & N SPEER BLVD,1,3,3,0,1,1,0,0,,0,0,0,0,0,2,2,16
,2024-052402,39.83799545,-104.6958343,11/27/2024 11:03,11:03,15,0,0,25730 E 78TH AVE & JACKSON GAP ST,11,1,0,2,1,4,0,0,45,0,0,0,0,0,4,2,13
,2024-052403,39.75507829,-104.9881009,11/26/2024 23:17,23:17,3,0,0,LAWRENCE ST & PARK AVE W,11,3,0,0,1,1,0,0,30,0,0,0,0,0,4,2,3
,2024-052405,39.71479034,-104.9892549,11/23/2024 5:52,5:52,6,0,0,W BAYAUD AVE & N BANNOCK ST,1,3,0,0,1,4,0,0,25,0,0,0,0,0,4,3,16
,2024-052406,39.6386658,-105.0873398,11/26/2024 15:51,15:51,1,0,0,W QUINCY AVE & S AMMONS ST,1,1,0,0,1,1,0,0,40,0,0,0,0,0,4,2,11
,2024-052407,39.77685373,-104.989761,11/26/2024 9:16,9:16,12,0,1,I-25 SB ON RAMP FROM -70 WB OFF RAMP & I-70 TO I-25 RAMP MERGE PT,1,1,1,0,1,8,0,0,45,0,0,0,0,1,4,2,13
,2024-052409,39.75008212,-104.9222812,11/26/2024 15:10,15:10,16,0,0,2190  HOLLY ST,1,1,0,0,5,7,0,0,20,0,0,0,0,0,3,1,16
,2024-052410,39.7112498,-104.9425598,11/26/2024 11:31,11:31,15,0,0, JACKSON ST & E ALAMEDA AVE,1,1,0,0,1,4,0,0,25,0,0,0,0,0,4,2,16
,2024-052411,39.72907404,-104.98237,10/29/2024 2:30,2:30,3,0,0,8TH AVE & LOGAN ST,1,3,0,0,1,1,0,0,25,0,0,0,0,0,4,2,16
,2024-052413,39.73712381,-104.9873972,11/25/2024 19:15,19:15,12,0,0, BROADWAY ST & E 13TH AVE,1,3,0,0,1,13,0,0,35,0,0,0,0,0,4,2,7
,2024-052418,39.70954035,-104.9979528,10/26/2024 20:59,20:59,15,0,0,I-25 & W ALAMEDA AVE,1,3,0,0,1,4,0,0,60,0,0,0,0,0,1,2,16
,2024-052427,39.72114719,-104.9928224,11/26/2024 8:52,8:52,6,0,0, DELAWARE ST & W 3RD AVE,1,1,0,0,1,4,0,0,20,0,0,0,0,0,4,2,14
,2024-052428,39.7291082,-104.9625065,11/25/2024 15:40,15:40,10,0,0,E 8TH AVE & N VINE ST,1,1,0,0,1,1,0,0,30,0,0,0,0,0,4,2,3
,2024-052434,39.73800797,-105.0252739,11/26/2024 17:55,17:55,1,0,1, FEDERAL BLVD & W 14TH AVE,1,3,0,0,1,1,0,0,35,0,0,0,0,1,2,2,11
,2024-052436,39.69503101,-104.9796441,11/23/2024 17:23,17:23,5,0,0,I-25 NB OFF RAMP TO  BROADWAY ST & S WASHINGTON ST,1,2,0,0,3,8,0,0,55,0,0,0,0,0,1,1,14
,2024-052437,39.67845761,-104.9187917,11/25/2024 13:00,13:00,12,0,0,E EVANS AVE & S JASMINE ST,1,1,0,0,1,1,0,0,30,0,0,0,0,0,4,2,3
,2024-052438,39.72558788,-105.0134167,11/26/2024 14:22,14:22,5,0,0,I-25 & W 6TH AVE,1,1,0,0,3,4,0,0,55,0,0,0,0,0,1,2,1
,2024-052439,39.74354146,-104.9787361,11/25/2024 13:30,13:30,5,0,0, WASHINGTON ST & E 17TH AVE,1,1,0,0,1,4,0,0,20,0,0,0,0,0,4,1,13
,2024-052443,39.73686818,-104.9774269,11/21/2024 5:18,5:18,6,0,0,E 13TH AVE & N CLARKSON ST,1,3,0,0,1,4,0,0,25,0,0,0,0,0,4,4,3
,2024-052444,39.74516696,-105.0251772,11/17/2024 13:45,13:45,6,0,0,W 18TH AVE & N FEDERAL BLVD,1,1,0,0,1,3,0,0,25,0,0,0,0,0,2,2,14
,2024-052449,39.725337,-105.0182701,11/27/2024 2:11,2:11,15,0,0,W 6TH AVE & I-25,5,4,0,3,1,4,0,0,25,0,0,0,0,0,2,2,16
,2024-052450,39.66751599,-104.8661331,11/26/2024 11:45,11:45,3,0,0, HAVANA ST & E YALE AVE,1,1,0,0,1,1,0,0,30,0,0,0,0,0,2,2,3
,2024-052451,39.70169692,-104.9593328,11/26/2024 11:44,11:44,12,0,0, UNIVERSITY BLVD & E OHIO AVE,1,1,0,0,1,4,0,0,30,0,0,0,0,0,4,2,14
,2024-052454,39.71973267,-104.9406274,11/26/2024 15:10,15:10,12,0,0, COLORADO BLVD & E 2ND AVE,1,1,1,0,1,3,0,0,35,0,0,0,0,0,2,2,8
,2024-052456,39.73685133,-104.9873425,11/27/2024 17:30,17:30,12,0,1,E 13TH AVE & N BROADWAY ST,1,3,0,0,1,3,0,0,30,0,0,0,0,2,4,2,16
,2024-052462,39.70037149,-105.0390992,11/21/2024 17:29,17:29,3,0,0, PATTON CT & W KENTUCKY AVE,1,3,0,0,1,1,0,0,20,0,0,0,0,0,4,2,14
,2024-052465,39.70281668,-105.0298052,11/27/2024 7:50,7:50,3,0,0, IRVING ST & W WALSH PL,11,1,0,2,1,9,0,0,,0,0,0,0,0,4,2,11
,2024-052470,39.66757809,-104.9257465,11/26/2024 17:30,17:30,12,0,0,I-25 & E YALE AVE,1,1,0,5,1,4,0,0,,0,0,0,0,0,1,2,16
,2024-052471,39.71117211,-104.9900082,11/27/2024 10:05,10:05,3,0,0, BANNOCK ST & W ALAMEDA AVE,11,1,0,2,1,1,0,0,30,0,0,0,0,0,4,2,13
,2024-052472,39.75451087,-104.9836115,11/27/2024 11:20,11:20,6,0,0,2400 CHAMPA ST,11,1,0,0,1,4,0,0,30,0,0,0,0,0,4,2,13
,2024-052473,39.68757369,-104.9919398,11/27/2024 10:16,10:16,3,0,1, SANTA FE DR & W IOWA AVE,11,1,0,2,1,1,0,0,55,0,0,0,0,2,2,3,14
,2024-052480,39.70027609,-104.9082185,11/26/2024 15:45,15:45,3,0,0, ONEIDA ST & LEETSDALE DR,1,1,0,0,1,1,0,0,25,0,0,0,0,0,2,2,7
,2024-052481,39.66751599,-104.8661331,11/26/2024 13:16,13:16,12,0,2, HAVANA ST & E YALE AVE,1,1,1,0,1,3,0,0,45,0,0,0,0,1,2,2,4
,2024-052482,39.74812041,-104.9733347,11/26/2024 16:50,16:50,12,0,0, DOWNING ST & E 21ST AVE,1,1,0,0,1,1,0,0,35,0,0,0,0,0,4,2,3
,2024-052483,39.76735597,-104.8980272,11/20/2024 12:30,12:30,3,0,0,E 36TH AVE & ROSEMARY ST,1,1,0,0,1,2,0,0,25,0,0,0,0,0,4,2,11
,2024-052488,39.77664922,-105.0251599,11/27/2024 19:06,19:06,1,0,0,W 44TH AVE & N FEDERAL BLVD,1,3,0,0,1,1,0,0,35,0,0,0,0,0,2,2,11
,2024-052489,39.67866197,-105.0199992,11/26/2024 19:02,19:02,1,0,0,W EVANS AVE & S CLAY ST,1,3,0,0,1,2,0,0,30,0,0,0,0,0,4,2,1
,2024-052493,39.84278291,-104.677112,11/27/2024 16:13,16:13,15,0,0,PENA BLVD & E 80TH AVE,1,1,0,0,1,4,0,0,45,0,0,0,0,0,4,2,8
,2024-052494,39.83797515,-104.6925514,11/27/2024 16:01,16:01,15,0,0,E 78TH AVE & JACKSON GAP ST,1,1,0,0,1,3,0,0,45,0,0,0,0,0,4,2,11
,2024-052496,39.71817555,-104.9666589,11/25/2024 17:30,17:30,12,0,0,E 1ST AVE & N GILPIN ST,1,1,0,5,1,1,0,0,30,0,0,0,0,0,4,2,3
,2024-052502,39.77521309,-104.8609784,11/27/2024 17:24,17:24,12,0,1,I-70 & EB ON RAMP ENT FROM N HAVANA ST,1,3,0,0,1,4,0,0,55,0,0,0,0,2,1,2,3
,2024-052508,39.64646068,-104.9148083,11/26/2024 23:54,23:54,15,0,0,I-25 & E HAMPDEN AVE,11,3,0,1,1,4,0,0,65,0,0,0,0,0,1,2,7
,2024-052509,39.77766065,-104.949792,11/27/2024 17:46,17:46,15,0,0, STEELE ST & E 44TH AVE N,1,1,0,0,1,1,0,0,30,0,0,0,0,0,2,2,13
,2024-052510,39.79825488,-104.7908955,11/26/2024 18:30,18:30,12,0,0,E 56TH AVE & N BUCKLEY RD,1,3,0,0,1,4,0,0,40,0,0,0,0,0,4,2,3
,2024-052513,39.69310239,-105.029722,11/27/2024 9:40,9:40,3,0,0,W LOUISIANA AVE & S IRVING ST,11,1,0,2,1,1,0,0,25,0,0,0,0,0,4,2,11
,2024-052523,39.73840921,-104.9684687,11/26/2024 19:21,19:21,3,0,0, FRANKLIN ST & E 14TH AVE,1,3,0,0,1,1,0,0,30,0,0,0,0,0,4,2,16
,2024-052524,39.79039007,-104.8761192,11/27/2024 9:30,9:30,3,0,0,E 51ST AVE & N DALLAS ST,11,1,0,2,1,1,0,0,35,0,0,0,0,0,4,2,11
,2024-052525,39.74483917,-104.9751483,11/26/2024 11:20,11:20,15,0,0,E 18TH AVE & N OGDEN ST,1,1,0,0,1,4,0,0,30,0,0,0,0,0,4,2,13
,2024-052526,39.75521057,-105.0126114,11/27/2024 3:49,3:49,12,0,0,I-25 & N SPEER BLVD,11,3,0,3,1,4,0,0,55,0,0,0,0,0,1,2,13
,2024-052528,39.73509085,-104.9551267,11/26/2024 14:20,14:20,6,0,0, CLAYTON ST & E 12TH AVE,1,1,0,0,1,4,0,0,,0,0,0,0,0,4,2,16
,2024-052532,39.75159162,-104.9908311,11/26/2024 12:45,12:45,3,0,0,20TH ST & ARAPAHOE ST,1,1,0,0,1,1,0,0,35,0,0,0,0,0,4,2,3
,2024-052534,39.71325397,-104.9994137,11/25/2024 12:10,12:10,9,0,1, KALAMATH ST & W CEDAR AVE,1,1,0,0,1,1,0,0,,0,0,0,0,1,1,1,16
,2024-052536,39.74014046,-104.9969489,11/27/2024 6:52,6:52,1,0,1,W COLFAX AVE & WELTON ST,11,1,0,2,1,1,0,0,,0,0,0,0,1,2,2,16
,2024-052551,39.70666763,-104.9965606,11/28/2024 17:02,17:02,12,0,0,I-25 & S SANTA FE DR,1,3,0,0,1,4,0,0,55,0,0,0,0,0,1,3,14