id,drcog_id,latitude,longitude,crashtime,time,crashtype,numbkilled,numbinjurd,drcoglocat,rdconditin,lightngcon,roadcntgrd,weatherco,location,roaddescrp,schoolzone,constrzone,splimit,bikeinv,pedinv,sctrinv,motoinv,svrty,rdsystem,ttlvehcls,hcf
,2024-052554,39.77480828,-104.8562949,11/25/2024 1:43,1:43,12,0,1,I-70 & N PEORIA ST,1,3,0,0,1,4,0,0,55,0,0,0,0,2,1,3,1
,2024-052559,39.62659489,-104.908866,11/27/2024 22:31,22:31,3,0,0, NIAGARA ST & E LAYTON AVE,1,4,0,0,1,2,0,0,25,0,0,0,0,0,4,2,11
,2024-052560,39.70855979,-105.032334,11/16/2024 22:00,22:00,6,0,0,W ALASKA PL & S KNOX CT,1,3,0,0,1,4,0,0,20,0,0,0,0,0,4,2,16
,2024-052562,39.70027609,-104.9082185,11/12/2024 7:19,7:19,12,0,0, ONEIDA ST & LEETSDALE DR,1,1,0,0,1,1,0,0,25,0,0,0,0,0,2,2,16
,2024-052563,39.74022623,-104.8846472,11/27/2024 1:51,1:51,3,0,2,E COLFAX AVE & N YOSEMITE ST,11,3,3,0,1,1,0,0,25,0,0,0,0,2,2,2,1
,2024-052565,39.7796761,-104.972097,11/28/2024 4:22,4:22,15,0,0,I-70 & N BRIGHTON BLVD,1,3,0,0,6,4,0,0,,0,0,0,0,0,1,2,16
,2024-052573,39.74378661,-104.9034553,11/28/2024 13:00,13:00,3,0,1,E 17TH AVE & N QUEBEC ST,1,1,0,0,1,1,0,0,30,0,0,0,0,2,4,2,3
,2024-052578,39.72561029,-104.9522141,11/28/2024 9:26,9:26,3,0,0, MILWAUKEE ST & E 6TH AVE,1,1,0,0,1,1,0,0,20,0,0,0,0,0,4,2,13
,2024-052579,39.79090777,-104.9416704,11/27/2024 14:20,14:20,15,0,0, VASQUEZ BLVD & E 52ND AVE,1,1,0,0,1,4,0,0,,0,0,0,0,0,2,2,16
,2024-052582,39.83826448,-104.6711544,11/28/2024 16:30,16:30,16,0,0,7800 SHADY GROVE ST & PRIVATE PROPERTY,1,1,0,0,5,7,0,0,15,0,0,0,0,0,3,2,11
,2024-052588,39.67851538,-104.9890893,11/21/2024 23:00,23:00,5,0,1,W EVANS AVE & S ACOMA ST,1,3,0,0,3,4,0,0,35,0,0,0,0,1,4,1,1
,2024-052590,39.73040869,-105.0532257,11/28/2024 15:53,15:53,3,0,0,800  SHERIDAN BLVD,1,1,0,0,1,2,0,0,30,0,0,0,0,0,2,2,11
,2024-052591,39.71492263,-104.9222712,11/27/2024 4:55,4:55,6,0,0, HOLLY ST & E BAYAUD AVE,11,3,1,2,1,4,0,0,25,0,0,0,0,0,4,2,7
,2024-052593,39.75075458,-104.9328341,11/27/2024 21:25,21:25,6,0,0,2090  DEXTER ST & E 22ND AVE,1,3,0,0,1,4,0,0,30,0,0,0,0,0,4,3,3
,2024-052598,39.71818811,-104.9593202,11/28/2024 22:24,22:24,12,0,2,E 1ST AVE & N UNIVERSITY BLVD,1,3,0,0,1,3,0,0,30,0,0,0,0,2,4,2,3
,2024-052601,39.77030234,-104.9719161,11/28/2024 20:06,20:06,10,0,1,38TH ST & WALNUT ST,1,3,0,0,1,1,0,0,,0,0,0,0,2,4,2,16
,2024-052603,39.73835645,-105.0269023,11/29/2024 2:31,2:31,6,0,0,W 14TH AVE & N GROVE ST,1,3,1,0,1,4,0,0,20,0,0,0,0,0,4,2,16
,2024-052604,39.75706552,-105.0100693,11/27/2024 10:21,10:21,12,0,1,I-25 & 15TH ST,11,1,0,1,1,4,0,0,55,0,0,0,0,1,1,2,1
,2024-052614,39.74017724,-104.9979722,11/27/2024 15:49,15:49,15,0,0,W COLFAX AVE & N SPEER BLVD,1,1,0,0,1,3,0,0,30,0,0,0,0,0,2,2,16
,2024-052615,39.73178172,-104.9861287,11/27/2024 14:09,14:09,15,0,0, LINCOLN ST & E 10TH AVE,1,1,0,0,1,4,0,0,35,0,0,0,0,0,4,2,8
,2024-052616,39.67846702,-104.9593933,11/27/2024 13:00,13:00,15,0,0, UNIVERSITY BLVD & E EVANS AVE,1,1,0,0,1,4,0,0,30,0,0,0,0,0,4,2,3
,2024-052617,39.74488763,-104.9874171,11/27/2024 11:50,11:50,10,0,0,E 18TH AVE & N BROADWAY ST,1,1,0,0,1,1,0,0,35,0,0,0,0,0,4,2,8
,2024-052619,39.79810603,-104.8352309,11/27/2024 8:21,8:21,5,0,0,E 56TH AVE & N UVALDA ST,11,1,0,2,3,4,0,0,30,0,0,0,0,0,4,1,16
,2024-052622,39.78095157,-104.8828234,11/29/2024 17:15,17:15,1,0,0,E 46TH AVE & N CENTRAL PARK BLVD,1,3,0,0,1,1,0,0,35,0,0,0,0,0,4,2,10
,2024-052623,39.7351036,-104.9586097,11/29/2024 2:04,2:04,3,0,0, JOSEPHINE ST & E 12TH AVE,1,3,1,0,1,1,0,0,30,0,0,0,0,0,4,2,13
,2024-052624,39.74019229,-104.9407931,11/27/2024 9:30,9:30,12,0,0,E COLFAX AVE & N COLORADO BLVD,11,1,0,2,1,1,0,0,,0,0,0,0,0,2,2,16
,2024-052625,39.78325323,-105.0052364,11/2/2024 18:37,18:37,15,0,1,I-70 & N PECOS ST,1,3,0,0,1,8,0,0,,0,0,0,0,1,1,5,16
,2024-052626,39.67472238,-104.8722328,11/29/2024 12:31,12:31,12,0,0,E ILIFF AVE & S PARKER RD,1,1,0,0,1,4,0,0,35,0,0,0,0,0,4,2,16
,2024-052627,39.72551872,-105.0131184,11/27/2024 16:30,16:30,12,0,0,I-25 & W 6TH AVE,1,1,0,0,1,4,0,0,65,0,0,0,0,0,1,2,3
,2024-052628,39.78382827,-105.0572021,11/28/2024 22:43,22:43,6,0,0,W 48TH AVE & N CHASE ST,1,4,0,0,3,4,0,0,25,0,0,0,0,0,4,5,12
,2024-052629,39.68569359,-104.9489078,11/28/2024 7:55,7:55,6,0,0,E MEXICO AVE & S ADAMS ST,1,1,0,0,1,4,0,0,20,0,0,0,0,0,4,3,16
,2024-052631,39.72557892,-104.9740782,11/29/2024 16:17,16:17,3,0,2,E 6TH AVE & N CORONA ST,1,2,0,0,1,1,0,0,35,0,0,0,0,3,4,2,3
,2024-052632,39.74018289,-104.9981285,11/29/2024 16:01,16:01,3,0,0,W COLFAX AVE & N SPEER BLVD,1,1,0,0,1,1,0,0,35,0,0,0,0,0,2,2,3
,2024-052633,39.718165,-105.0456895,11/29/2024 15:32,15:32,3,0,1, VRAIN ST & W 1ST AVE,1,1,0,0,1,1,0,0,30,0,0,0,0,1,4,2,16
,2024-052635,39.6593322,-105.0589847,11/28/2024 21:39,21:39,6,0,0,W COLUMBIA PL & S GRAY ST,1,3,0,0,1,4,0,0,25,0,0,0,0,0,4,2,16
,2024-052640,39.69987791,-104.9858427,11/29/2024 7:51,7:51,5,0,0,I-25 & SB OFF RAMP EXT TO S WASHINGTON ST,1,1,1,0,3,8,0,0,60,0,0,0,0,0,1,1,14
,2024-052641,39.70865021,-104.8753742,11/29/2024 11:56,11:56,8,0,1, DAYTON ST & E ALAMEDA AVE,1,1,0,0,1,3,0,0,30,0,0,0,0,2,4,2,14
,2024-052642,39.71815275,-105.0336964,11/29/2024 9:56,9:56,3,0,0, KING ST & W 1ST AVE,1,1,0,0,1,1,0,0,20,0,0,0,0,0,4,2,13
,2024-052643,39.74860791,-104.9671831,11/27/2024 8:00,8:00,6,0,0, GILPIN ST & E 21ST AVE,1,1,0,0,1,4,0,0,35,0,0,0,0,0,4,2,16
,2024-052646,39.78268091,-104.8098139,11/29/2024 20:28,20:28,12,0,0, CHAMBERS RD & E GREEN VALLEY RANCH BLVD,1,3,0,0,6,4,0,0,40,0,0,0,0,0,4,3,16
,2024-052647,39.6784271,-104.9593934,11/30/2024 7:26,7:26,1,0,0, UNIVERSITY BLVD & E EVANS AVE,1,1,0,0,1,1,0,0,30,0,0,0,0,0,4,2,13
,2024-052648,39.65616518,-105.0532235,11/30/2024 11:20,11:20,3,0,0,W DARTMOUTH AVE & S SHERIDAN BLVD,1,1,0,0,1,1,0,0,25,0,0,0,0,0,2,2,7
,2024-052652,39.70734726,-104.9222823,11/26/2024 16:28,16:28,1,0,1,LEETSDALE DR & S HOLLY ST,1,1,1,0,1,1,0,0,35,0,0,0,0,1,2,2,11
,2024-052654,39.65717305,-105.0532245,11/30/2024 15:35,15:35,3,0,0,W COLGATE PL & S SHERIDAN BLVD,1,1,0,0,1,1,0,0,30,0,0,0,0,0,2,2,14
,2024-052665,39.73368469,-104.975848,11/30/2024 14:00,14:00,16,0,0,900 E 11TH AVE,1,1,0,0,5,7,0,0,,0,0,0,0,0,3,2,16
,2024-052673,39.64497838,-104.912943,11/30/2024 1:35,1:35,6,0,0, MONACO ST PKWY & S PEACH WY,1,3,0,0,1,4,0,0,30,0,0,0,0,0,4,2,14
,2024-052695,39.716878,-104.9057231,11/30/2024 14:29,14:29,1,0,1, PONTIAC ST & E LOWRY BLVD,1,1,0,0,1,1,0,0,30,0,0,0,0,2,4,2,16
,2024-052697,39.71937512,-104.9862364,11/30/2024 1:23,1:23,12,0,0, LINCOLN ST & E 2ND AVE,1,3,0,0,1,3,0,0,35,0,0,0,0,0,4,2,16
,2024-052704,39.67473997,-104.874043,11/25/2024 18:45,18:45,11,0,1, EMPORIA ST & E ILIFF AVE,1,3,0,0,1,4,0,0,0,0,1,0,0,3,4,1,16
,2024-052705,39.74170614,-104.9535964,10/22/2024 8:00,8:00,6,0,0, FILLMORE ST & E 16TH AVE,1,1,0,0,1,4,0,0,,0,0,0,0,0,4,2,16
,2024-052715,39.7073833,-104.8786572,11/8/2024 19:00,19:00,6,0,0, CLINTON ST & E ALAMEDA AVE,7,1,0,0,1,4,0,0,30,0,0,0,0,0,4,2,16
,2024-052718,39.69674956,-105.0250716,11/21/2024 18:33,18:33,11,0,1, FEDERAL BLVD & W MISSISSIPPI AVE,1,4,0,0,1,2,0,0,0,0,1,0,0,2,2,1,16
,2024-052719,39.66492436,-105.0227832,11/24/2024 5:35,5:35,6,0,1, DECATUR ST & W AMHERST AVE,1,3,0,0,1,4,0,0,20,0,0,0,0,2,4,2,16
,2024-052720,39.68389324,-105.050039,10/30/2024 16:37,16:37,11,0,1, XAVIER ST & W COLORADO AVE,11,1,0,1,1,1,0,0,25,0,1,0,0,2,4,1,3
,2024-052724,39.74016812,-104.8916902,11/11/2024 12:57,12:57,11,0,2, VALENTIA ST & E COLFAX AVE,1,1,0,0,1,4,0,0,15,0,1,0,0,2,2,1,13
,2024-052730,39.76440165,-104.9866367,11/16/2024 3:50,3:50,11,0,1, BRIGHTON BLVD & N BROADWAY ST,1,3,0,0,1,1,0,0,0,0,1,0,0,1,4,1,16
,2024-052762,39.84015292,-104.6761505,11/25/2024 12:32,12:32,5,0,0,PENA BLVD OB E,1,1,0,0,3,4,0,0,35,0,0,0,0,0,2,1,16
,2024-052799,39.74021789,-104.9034571,11/26/2024 19:36,19:36,11,0,1,E COLFAX AVE & N QUEBEC ST,1,4,0,0,1,1,0,0,0,0,1,0,0,3,2,1,16
,2024-052809,39.76745939,-104.9082198,11/25/2024 15:43,15:43,3,0,0,E 36TH AVE & N ONEIDA ST,1,1,0,0,1,1,0,0,30,0,0,0,0,0,4,2,11
,2024-052867,39.7402083,-104.9195866,11/10/2024 7:01,7:01,6,0,0,E COLFAX AVE & N IVY ST,1,1,0,0,1,4,0,0,35,0,0,0,0,0,2,2,16
,2024-052883,39.7111156,-104.9590649,11/29/2024 17:38,17:38,12,0,1,E ALAMEDA AVE & S UNIVERSITY BLVD,1,3,0,0,1,3,0,0,35,0,0,0,0,2,4,2,13
,2024-052884,39.74809079,-104.9234583,11/23/2024 0:00,0:00,6,0,0,HUDSONS ST & MONTVIEW BLVD,1,3,0,0,1,4,0,0,,0,0,0,0,0,4,2,16
,2024-052886,39.75356374,-104.9935373,11/22/2024 23:44,23:44,12,0,1,MARKET ST & 20TH ST,1,3,0,0,1,4,0,0,,0,0,0,0,2,4,2,1
,2024-052887,39.74000093,-104.9776406,12/1/2024 2:07,2:07,12,0,0,E COLFAX AVE & N CLARKSON ST,1,3,0,7,1,3,0,0,30,0,0,0,0,0,2,2,14
,2024-052888,39.7621398,-105.0345341,11/30/2024 23:49,23:49,6,0,1,W 32ND AVE & N LOWELL BLVD,1,3,0,0,1,3,0,0,30,0,0,0,0,1,4,4,16
,2024-052891,39.7038813,-104.9924887,11/30/2024 19:17,19:17,6,0,0,I-25 & NB OFF RAMP EXT TO S SANTA FE DR,1,3,0,0,2,4,0,0,60,0,0,0,0,0,1,2,7
,2024-052893,39.68765728,-105.0309217,11/10/2024 17:00,17:00,6,0,0,W IOWA AVE & S JULIAN WY,1,4,0,0,1,4,0,0,30,0,0,0,0,0,4,2,16
,2024-052895,39.73124477,-104.9874032,11/23/2024 12:56,12:56,15,0,1,900  BROADWAY ST,1,1,0,0,1,4,0,0,,0,0,0,0,2,4,5,16
,2024-052897,39.77765681,-104.9475167,12/1/2024 19:49,19:49,6,0,0,E 44TH AVE & N COOK ST,1,4,0,0,1,3,0,0,20,0,0,0,0,0,4,2,16
,2024-052898,39.74319361,-104.9895557,11/30/2024 21:10,21:10,15,0,0,TREMONT PL & 16TH ST,1,3,0,0,1,3,0,1,25,0,0,0,0,0,4,2,16
,2024-052899,39.78362126,-104.7744741,11/30/2024 17:05,17:05,12,0,0,E GREEN VALLEY RANCH BLVD & N YAMPA ST,1,3,0,7,1,1,0,0,35,0,0,0,0,0,4,2,3
,2024-052901,39.74612055,-104.9909669,12/1/2024 20:10,20:10,10,0,1,17TH ST & CALIFORNIA ST,1,3,0,0,1,1,0,0,30,0,0,0,0,1,4,2,13
,2024-052902,39.66274176,-104.9129733,12/1/2024 13:19,13:19,3,0,1, MONACO ST PKWY & E CORNELL AVE,13,1,0,0,1,1,0,1,30,0,0,0,0,1,4,2,3
,2024-052903,39.754842,-105.0252863,11/21/2024 20:30,20:30,1,0,0, FEDERAL BLVD & W 26TH AVE,1,3,0,0,1,1,0,0,35,0,0,0,0,0,2,2,13
,2024-052904,39.72557834,-104.8918754,11/20/2024 15:15,15:15,5,0,0,E 6TH AVE & N UINTA WY,1,1,0,0,3,1,0,0,,0,0,0,0,0,4,1,16
,2024-052905,39.73218567,-104.9483917,10/2/2024 15:30,15:30,6,0,0, ADAMS ST & E 10TH AVE,1,1,0,0,1,4,0,0,,0,0,0,0,0,4,2,16
,2024-052906,39.78004971,-104.882741,11/29/2024 19:30,19:30,1,0,0, CENTRAL PARK BLVD & E 46TH AVE,1,3,0,0,1,1,0,0,35,0,0,0,0,0,4,2,3
,2024-052908,39.73871739,-104.9124312,12/1/2024 3:35,3:35,8,0,1, MONACO ST PKWY & E 14TH AVE,1,3,0,0,1,4,0,0,35,0,0,0,0,2,4,2,8
,2024-052909,39.6965925,-104.8917158,12/1/2024 18:17,18:17,12,0,0,E MISSISSIPPI AVE & S VALENTIA ST,1,3,0,0,1,1,0,0,35,0,0,0,0,0,4,2,4
,2024-052911,39.74739502,-104.9406041,11/30/2024 22:56,22:56,1,0,1, COLORADO BLVD & E MONTVIEW BLVD,1,3,0,0,1,1,0,0,30,0,0,0,0,1,2,2,16
,2024-052912,39.70495048,-105.0431875,11/30/2024 23:08,23:08,3,0,0, STUART ST & W GIL PL,1,3,0,0,1,1,0,0,25,0,0,0,0,0,4,2,14
,2024-052914,39.72565211,-104.989314,11/12/2024 17:50,17:50,12,0,0,W 6TH AVE & N ACOMA ST,1,3,0,0,1,3,0,0,,0,0,0,0,0,4,2,16
,2024-052915,39.72541566,-105.0246522,12/1/2024 10:12,10:12,15,0,0,W 6TH AVE & N FEDERAL BLVD,1,1,0,7,1,4,0,0,55,0,0,0,0,0,2,2,13
,2024-052954,39.74978188,-104.9034236,12/1/2024 18:10,18:10,12,0,0, QUEBEC ST & E 22ND AVE,1,3,0,0,1,3,0,0,30,0,0,0,0,0,4,3,11
,2024-052956,39.75569121,-104.9888632,11/30/2024 16:46,16:46,15,0,0,PARK AVE W & LARIMER ST,1,3,0,0,1,4,0,0,30,0,0,0,0,0,4,2,11
,2024-052957,39.77856149,-104.9887789,11/12/2024 18:20,18:20,15,0,0,I-70 EB ON RAMP & I-70 EB,1,3,3,0,1,8,0,0,45,0,0,0,0,0,1,2,13
,2024-052965,39.75436848,-105.0065511,11/26/2024 17:00,17:00,11,0,1,LITTLE RAVEN ST & 15TH ST,1,4,0,0,1,1,0,0,20,0,1,0,0,2,4,1,11
,2024-052969,39.74004696,-105.0003653,11/27/2024 10:13,10:13,15,0,0,W COLFAX AVE & N KALAMATH ST,11,1,0,2,1,3,0,0,30,0,0,0,0,0,2,3,16
,2024-052978,39.67343347,-105.0386438,11/24/2024 3:00,3:00,6,0,0, PATTON CT & W HARVARD AVE,1,3,0,0,1,4,0,0,,0,0,0,0,0,4,2,16
,2024-052986,39.75116906,-105.0166375,11/27/2024 19:57,19:57,12,0,0,I-25 & W 23RD AVE,1,3,0,0,1,4,0,0,65,0,0,0,0,0,1,3,3
,2024-052995,39.74392922,-105.0086685,11/6/2024 10:42,10:42,1,0,0,7TH ST & WALNUT ST,9,1,0,0,1,1,0,0,30,0,0,0,0,0,4,2,16
,2024-053013,39.67846472,-104.9316166,11/27/2024 9:50,9:50,12,0,1,E EVANS AVE & S DAHLIA ST,11,1,0,2,1,1,0,0,30,0,0,0,0,1,4,3,3
,2024-053021,39.74395365,-105.0346051,11/29/2024 18:14,18:14,3,0,0, LOWELL BLVD & W 17TH AVE,1,2,0,0,1,1,0,0,25,0,0,0,0,0,4,2,11
,2024-053024,39.71121425,-104.9129184,11/29/2024 17:26,17:26,1,0,0,E ALAMEDA AVE & S MONACO ST PKWY,1,3,0,0,1,1,0,0,40,0,0,0,0,0,4,2,13
,2024-053116,39.74482763,-104.9721247,12/2/2024 6:54,6:54,3,0,0, MARION ST & E 18TH AVE,1,1,0,0,1,1,0,0,20,0,0,0,0,0,4,2,16
,2024-053121,39.78751392,-104.987584,12/2/2024 6:24,6:24,6,0,0, BROADWAY ST & E 50TH AVE,1,1,0,0,1,4,0,0,20,0,0,0,0,0,4,2,16
,2024-053122,39.71119469,-104.9988902,12/2/2024 9:11,9:11,15,0,0,I-25 & W ALAMEDA AVE,1,1,1,0,1,4,0,0,55,0,0,0,0,0,1,2,14
,2024-053125,39.71118134,-104.991702,11/29/2024 17:50,17:50,9,0,0,W ALAMEDA AVE & S CHEROKEE ST,1,2,0,0,1,4,0,0,30,0,0,0,0,0,4,3,13
,2024-053126,39.66769839,-104.9828355,12/2/2024 7:40,7:40,12,0,0,E YALE AVE & S LOGAN ST,1,1,0,0,1,1,0,0,25,0,0,0,0,0,4,2,3
,2024-053130,39.79830251,-104.7697804,11/15/2024 16:38,16:38,1,0,0,E 56TH AVE & N ARGONNE ST,1,2,0,0,1,1,0,0,,0,0,0,0,0,4,2,16
,2024-053131,39.71055896,-104.9985126,11/27/2024 13:21,13:21,12,0,3,I-25 & W ALAMEDA AVE,1,1,0,0,1,4,0,0,55,0,0,0,0,3,2,3,10
,2024-053132,39.73686573,-104.9917713,12/1/2024 12:06,12:06,10,0,0,W 13TH AVE & N CHEROKEE ST,1,1,0,0,1,2,0,0,30,0,0,0,0,0,4,2,11
,2024-053133,39.65307901,-104.8987255,12/2/2024 15:20,15:20,1,0,0,E HAMPDEN AVE & S TAMARAC DR,1,1,1,0,1,1,0,0,40,0,0,0,0,0,2,2,16
,2024-053134,39.6298241,-104.9049044,12/2/2024 8:50,8:50,12,0,0,I-25 & I-225 ON RAMP ENT,1,1,0,0,1,4,0,0,65,0,0,0,0,0,1,2,13
,2024-053135,39.69100218,-105.0157025,11/28/2024 15:21,15:21,6,0,0, ZUNI ST & W ARKANSAS AVE,1,1,0,0,1,4,0,0,30,0,0,0,0,0,4,3,14
,2024-053137,39.73201653,-104.8847022,12/2/2024 14:36,14:36,5,0,0, YOSEMITE ST & E 11TH AVE,1,1,0,0,3,4,0,0,30,0,0,0,0,0,4,1,3
,2024-053143,39.72522674,-105.0128862,11/29/2024 15:17,15:17,12,0,0,I-25 & W 6TH AVE,1,1,0,0,1,4,0,0,55,0,0,0,0,0,1,2,13
,2024-053147,39.76871407,-104.9941198,12/2/2024 6:30,6:30,12,0,0,I-25 & PARK AVE W,1,1,0,0,1,4,0,0,,0,0,0,0,0,1,2,16
,2024-053151,39.69860723,-104.9874555,11/27/2024 14:00,14:00,12,0,0, BROADWAY ST & E TENNESSEE AVE,1,1,0,0,1,1,0,0,30,0,0,0,0,0,4,2,3
,2024-053154,39.62961891,-104.9047917,11/26/2024 15:37,15:37,15,0,0,I-25 & I-225 RAMP ENT,1,1,0,0,1,4,0,0,55,0,0,0,0,0,1,2,3
,2024-053158,39.78026131,-105.0251402,12/2/2024 19:44,19:44,3,0,0, FEDERAL BLVD & W 46TH AVE,1,3,0,0,1,1,0,0,35,0,0,0,0,0,2,2,16
,2024-053159,39.6526559,-104.9180334,12/2/2024 8:18,8:18,12,0,1,I-25 & E HAMPDEN AVE,1,1,0,0,1,4,0,0,60,0,0,0,0,1,1,2,10
,2024-053161,39.77289547,-104.9594012,11/30/2024 17:54,17:54,3,0,0, YORK ST & E 40TH AVE,1,2,0,0,1,14,0,0,30,0,0,0,0,0,4,2,16
,2024-053166,39.66773401,-105.0814214,12/1/2024 16:33,16:33,15,0,0, WADSWORTH BLVD & W YALE AVE,1,1,0,0,1,1,0,0,40,0,0,0,0,0,2,2,7
,2024-053174,39.72524734,-105.0198404,12/1/2024 9:55,9:55,12,0,0,W 6TH AVE & N FEDERAL BLVD,1,1,0,0,1,4,0,0,55,0,0,0,0,0,2,2,13
,2024-053175,39.72564203,-104.987719,12/2/2024 8:59,8:59,12,0,0,W 6TH AVE & N BROADWAY ST,1,1,0,0,1,3,0,0,30,0,0,0,0,0,4,2,11
,2024-053176,39.70552171,-105.040862,12/2/2024 7:14,7:14,3,0,1, QUITMAN ST & MORRISON RD,1,1,0,0,1,1,0,0,20,0,0,0,0,1,4,2,13
,2024-053178,39.77318974,-104.8098242,11/30/2024 21:24,21:24,15,0,0,E 40TH AVE & N CHAMBERS RD,1,4,0,0,1,3,0,0,35,0,0,0,0,0,4,2,16
,2024-053185,39.63168578,-104.8973549,12/2/2024 7:24,7:24,3,0,2, ULSTER ST & E TUFTS AVE,1,1,0,0,1,1,0,0,30,0,0,0,0,2,4,2,11
,2024-053186,39.63760397,-104.8891192,12/2/2024 7:03,7:03,5,0,0,I-225 & MM 1.1,4,1,0,0,2,4,0,0,55,0,0,0,0,0,1,1,1
,2024-053187,39.78178608,-104.7744699,11/29/2024 18:21,18:21,3,0,2,E 47TH AVE & N YAMPA ST,1,4,0,0,1,1,0,0,25,0,0,0,0,1,4,2,1
,2024-053188,39.80963844,-104.7721192,12/2/2024 6:25,6:25,3,0,0,E 62ND AVE & N TOWER RD,1,2,0,0,1,1,0,0,35,0,0,0,0,0,4,2,1
,2024-053189,39.66271184,-105.0532307,12/1/2024 20:56,20:56,5,0,0, SHERIDAN BLVD & W BATES AVE,1,3,1,0,2,4,0,0,35,0,0,0,0,0,2,1,13
,2024-053191,39.82851889,-104.781678,12/2/2024 18:31,18:31,12,0,0,PENA BLVD OB & ON RAMP ENT FROM TOWER RD,1,3,1,0,1,4,0,0,65,0,0,0,0,0,4,2,13
,2024-053199,39.76684998,-105.0112016,12/2/2024 9:33,9:33,3,0,1, TEJON ST & W 36TH AVE,1,1,0,0,1,1,0,0,30,0,0,0,0,1,4,2,13
,2024-053203,39.81276638,-104.7721169,12/2/2024 17:40,17:40,3,0,0, TOWER RD & E 64TH AVE,1,3,0,0,1,1,0,0,40,0,0,0,0,0,4,3,14
,2024-053205,39.72039607,-104.949801,12/2/2024 15:56,15:56,16,0,0,250  STEELE ST,1,4,1,0,5,7,0,0,,0,0,0,0,0,3,2,16
,2024-053206,39.73044214,-104.9836034,12/2/2024 15:22,15:22,3,0,2,E 9TH AVE & N GRANT ST,1,1,0,0,1,1,0,0,30,0,0,0,1,3,4,2,14
,2024-053224,39.77017171,-104.8878767,11/29/2024 16:39,16:39,5,0,0, CENTRAL PARK BLVD & E 40TH AVE,1,2,1,0,3,4,0,0,35,0,0,0,0,0,4,1,10
,2024-053271,39.77595818,-104.8696046,10/20/2024 21:30,21:30,15,0,0,I-70 & N HAVANA ST,1,3,0,0,1,4,0,0,,0,0,0,0,0,1,2,16
,2024-053292,39.74036073,-105.0509312,12/3/2024 13:51,13:51,15,0,0,W COLFAX AVE & N YATES ST,1,1,0,0,1,1,0,0,30,0,0,0,0,0,2,2,13
,2024-053293,39.6675216,-104.9262232,12/3/2024 11:12,11:12,1,0,1,E YALE AVE & I-25 SB ON RAMP,1,1,0,0,1,1,0,0,35,0,0,0,0,1,4,2,11
,2024-053306,39.75061758,-104.9293324,12/2/2024 9:13,9:13,6,0,1, ELM ST & E 23RD AVE,1,1,0,0,1,4,0,0,30,0,0,0,0,1,4,2,10
,2024-053310,39.78052569,-104.9506395,11/24/2024 18:31,18:31,5,0,0,I-70 & N COLORADO BLVD,1,3,0,0,3,4,0,0,55,0,0,0,0,0,1,2,1
,2024-053311,39.75121049,-105.0252855,11/28/2024 21:20,21:20,12,0,0,W 23RD AVE & N FEDERAL BLVD,1,3,0,0,1,3,0,0,30,0,0,0,0,0,2,2,16
,2024-053312,39.66751599,-104.8661331,12/3/2024 8:28,8:28,1,0,0, HAVANA ST & E YALE AVE,1,1,0,0,1,1,0,0,40,0,0,0,0,0,2,2,11
,2024-053313,39.78609402,-104.9897413,11/17/2024 4:53,4:53,5,0,0,I-25 & W 48TH AVE,1,2,0,0,3,8,0,0,55,0,0,0,0,0,1,1,16
,2024-053314,39.71156055,-104.9991075,11/29/2024 15:22,15:22,15,0,0,I-25 & W ALAMEDA AVE,1,1,0,0,1,4,0,0,55,0,0,0,0,0,1,2,1
,2024-053315,39.71783456,-104.9484715,11/6/2024 12:15,12:15,15,0,0,E 1ST AVE & N ADAMS ST,9,1,0,2,1,4,0,0,,0,0,0,0,0,4,2,16
,2024-053316,39.72530669,-105.0394559,11/2/2024 17:46,17:46,6,0,0,535  PERRY ST & W 6TH AVE,1,1,0,0,1,4,0,0,30,0,0,0,0,0,4,2,16
,2024-053317,39.77927604,-104.9034004,11/22/2024 14:15,14:15,3,0,0, QUEBEC ST & I-70 WB OFF RAMP,1,1,0,0,1,1,0,0,,0,0,0,0,0,2,2,16
,2024-053318,39.78558163,-104.9518959,11/4/2024 14:40,14:40,6,0,0, MILWAUKEE ST & E BEEKMAN PL,1,1,0,0,1,4,0,0,30,0,0,0,0,0,4,2,16
,2024-053319,39.73840001,-104.9647689,9/18/2024 9:02,9:02,12,0,0, HIGH ST & E 14TH AVE,1,1,0,0,1,3,0,0,30,0,0,0,0,0,4,2,7
,2024-053320,39.7327462,-105.0158166,12/2/2024 7:47,7:47,12,0,2,I-25 & W 8TH AVE,1,1,0,0,1,4,0,0,55,0,0,0,0,1,1,3,13
,2024-053323,39.75843006,-105.0204919,12/3/2024 17:45,17:45,6,0,0,W 29TH AVE & N CLAY ST,1,3,0,0,1,4,0,0,25,0,0,0,0,0,4,2,11
,2024-053328,39.74020282,-104.9275267,12/2/2024 12:10,12:10,3,0,2, FILBERT CT & E COLFAX AVE,1,1,0,0,1,1,0,0,25,0,0,0,0,2,2,2,11
,2024-053329,39.7415071,-104.9810906,11/25/2024 13:30,13:30,16,0,0,1575  PENNSYLVANIA ST & E 16TH AVE,1,1,0,0,5,7,0,0,,0,0,0,0,0,3,2,16