id,drcog_id,latitude,longitude,crashtime,time,crashtype,numbkilled,numbinjurd,drcoglocat,rdconditin,lightngcon,roadcntgrd,weatherco,location,roaddescrp,schoolzone,constrzone,splimit,bikeinv,pedinv,sctrinv,motoinv,svrty,rdsystem,ttlvehcls,hcf
,2024-053330,39.76450739,-104.9701422,12/2/2024 9:54,9:54,3,0,0,E BRUCE RANDOLPH AVE & N HUMBOLDT ST,1,1,0,0,1,9,0,0,30,0,0,0,0,0,4,2,11
,2024-053331,39.78314571,-105.0069634,12/2/2024 8:44,8:44,5,0,0,I-70 & N PECOS ST,1,1,1,0,2,4,0,0,55,0,0,0,0,0,1,2,3
,2024-053332,39.65316823,-104.9126136,12/3/2024 8:03,8:03,12,0,0,E HAMPDEN AVE & S MONACO ST PKWY,1,1,0,0,1,3,0,0,45,0,0,0,0,0,2,2,14
,2024-053333,39.76440165,-104.9866367,12/2/2024 8:50,8:50,3,0,0,29TH ST & N BROADWAY ST,1,1,0,0,1,1,0,0,25,0,0,0,0,0,4,2,13
,2024-053335,39.71943854,-104.9558467,12/2/2024 9:10,9:10,3,0,0, CLAYTON ST & E 2ND AVE,1,1,0,0,1,2,0,0,25,0,0,0,0,0,4,2,3
,2024-053336,39.83397572,-104.7641199,12/2/2024 13:00,13:00,5,0,0,PENA BLVD OB OFF RAMP TO TOWER RD & OB OFF RAMP EXT TO TOWER RD,1,1,0,0,2,8,0,0,45,0,0,0,0,0,2,1,11
,2024-053337,39.74044344,-105.0139599,12/3/2024 6:39,6:39,12,0,0,I-25 & W COLFAX AVE,1,2,1,0,1,4,0,0,55,0,0,0,0,0,1,2,1
,2024-053338,39.78000868,-104.9790833,12/2/2024 8:00,8:00,1,0,0, WASHINGTON ST & I-70 WB RAMPS,1,1,0,0,1,1,0,0,40,0,0,0,0,0,4,3,13
,2024-053339,39.72119202,-105.0086551,12/2/2024 22:39,22:39,12,0,1,I-25 & W 6TH AVE,1,3,0,0,1,4,0,0,55,0,0,0,0,1,1,5,8
,2024-053340,39.78389226,-105.0251969,12/2/2024 21:57,21:57,1,0,0, FEDERAL BLVD & I-70 EB RAMPS,1,3,0,0,1,1,0,0,35,0,0,0,0,0,2,2,1
,2024-053341,39.7293314,-105.0253321,11/11/2024 17:30,17:30,12,0,0, FEDERAL BLVD & W 8TH AVE,1,3,0,0,1,3,0,0,,0,0,0,0,0,2,2,16
,2024-053342,39.72413971,-104.9891905,12/3/2024 17:15,17:15,3,0,0, ACOMA ST & W 5TH AVE,1,3,0,0,1,1,0,0,25,0,0,0,0,0,4,2,11
,2024-053343,39.73103783,-104.9351692,11/15/2024 19:15,19:15,6,0,0, CLERMONT ST & E 9TH AVE,1,4,0,0,1,4,0,0,,0,0,0,0,0,4,2,16
,2024-053344,39.69268349,-104.9874706,11/17/2024 22:30,22:30,5,0,0,1317  BROADWAY ST & W LOUISIANA AVE,1,3,0,0,3,2,0,0,25,0,0,0,0,0,4,1,1
,2024-053345,39.71779637,-104.9406263,12/3/2024 9:07,9:07,12,0,1, COLORADO BLVD & E 1ST AVE,1,1,0,0,1,1,0,0,35,0,0,0,0,1,2,4,8
,2024-053348,39.7289956,-104.9124371,12/3/2024 17:31,17:31,15,0,0, MONACO ST PKWY & E 8TH AVE,1,3,3,0,1,3,0,0,30,0,0,0,0,0,4,3,11
,2024-053349,39.76146997,-105.0044531,12/3/2024 18:11,18:11,12,0,0,I-25 & 20TH ST,1,3,0,0,1,4,0,0,55,0,0,0,0,0,2,2,7
,2024-053350,39.76081985,-105.0041104,11/27/2024 6:04,6:04,5,0,0,I-25 NB OFF RAMP & 20TH ST,11,3,1,2,6,1,0,0,35,0,0,0,0,0,4,1,1
,2024-053351,39.69479985,-104.9874109,11/14/2024 13:00,13:00,6,0,0,E ARIZONA AVE & S BROADWAY ST,1,1,0,0,1,4,0,0,,0,0,0,0,0,4,2,16
,2024-053360,39.75482107,-104.978011,12/2/2024 9:53,9:53,6,0,0,WELTON ST & 27TH ST,1,1,0,0,1,4,0,0,,0,0,0,0,0,4,2,16
,2024-053361,39.69012103,-105.0532455,12/3/2024 9:02,9:02,1,0,1, SHERIDAN BLVD & W FLORIDA AVE,1,1,0,0,1,2,0,0,40,0,0,0,0,1,2,2,11
,2024-053365,39.75630501,-105.0158358,12/2/2024 16:15,16:15,11,0,1, SPEER BLVD & N ZUNI ST,1,1,0,0,1,1,0,0,0,0,0,1,0,1,4,1,16
,2024-053366,39.77944433,-104.9791582,12/3/2024 18:23,18:23,12,0,0,I-70 & N WASHINGTON ST,1,3,0,0,1,4,0,0,55,0,0,0,0,0,1,2,11
,2024-053369,39.72515671,-105.0252128,12/1/2024 12:14,12:14,15,0,0,W 6TH AVE EB OFF RAMP & N FEDERAL BLVD,1,1,0,0,1,1,0,0,35,0,0,0,0,0,2,2,7
,2024-053370,39.67501085,-105.025042,11/29/2024 13:18,13:18,1,0,2, FEDERAL BLVD & W ILIFF AVE,1,1,1,0,1,1,0,0,40,0,0,0,0,3,2,2,8
,2024-053373,39.78623583,-104.8470473,11/22/2024 12:10,12:10,3,0,1, PEORIA ST & E ANDREWS DR,1,1,0,0,1,1,0,0,35,0,0,0,0,1,4,2,10
,2024-053374,39.75595533,-104.9904586,11/20/2024 18:00,18:00,6,0,0,2200 MARKET ST,1,3,0,0,1,4,0,0,,0,0,0,0,0,4,2,16
,2024-053375,39.70828349,-104.9276653,12/2/2024 13:48,13:48,12,0,0,LEETSDALE DR & S FOREST ST,1,1,0,0,1,4,0,0,45,0,0,0,0,0,2,3,1
,2024-053376,39.7363579,-104.9848577,12/3/2024 9:22,9:22,15,0,0, SHERMAN ST & E 13TH AVE,1,1,0,0,1,4,0,0,20,0,0,0,0,0,4,2,16
,2024-053377,39.68129822,-104.9508092,12/3/2024 8:52,8:52,3,0,0,E BUCHTEL BLVD & S ST PAUL ST,1,1,0,0,1,1,0,0,30,0,0,0,0,0,4,2,14
,2024-053380,39.74021794,-104.9034572,11/13/2024 15:53,15:53,15,0,0, QUEBEC ST & E COLFAX AVE,1,1,0,0,1,3,0,0,,0,0,0,0,0,2,2,16
,2024-053381,39.78027913,-104.8098502,11/8/2024 20:30,20:30,12,0,0,4744  CHAMBERS RD & E BOLLING DR,9,3,0,2,1,3,0,0,,0,0,0,0,0,4,2,16
,2024-053382,39.73837471,-105.0532133,11/4/2024 12:47,12:47,3,0,0, SHERIDAN BLVD & W 14TH AVE,1,1,0,0,1,2,0,0,,0,0,0,0,0,2,2,16
,2024-053383,39.71833498,-104.9767365,8/18/2024 21:00,21:00,3,0,0,E 1ST AVE & N EMERSON ST,1,4,0,0,1,9,0,0,10,0,0,0,0,0,4,2,16
,2024-053388,39.74016237,-104.9538973,11/26/2024 15:41,15:41,15,0,0,E COLFAX AVE & N DETROIT ST,1,1,0,0,1,4,0,0,,0,0,0,0,0,2,2,16
,2024-053389,39.76137221,-105.0052642,12/1/2024 15:01,15:01,15,0,0,I-25 SB OFF RAMP & 20TH ST,1,1,0,0,1,1,0,0,25,0,0,0,0,0,4,2,13
,2024-053390,39.81824905,-104.7720201,12/3/2024 15:30,15:30,11,0,2,E 67TH AVE & N TOWER RD,1,1,0,0,1,1,0,0,35,0,1,0,0,2,4,1,11
,2024-053391,39.63977039,-105.0532726,12/3/2024 12:41,12:41,3,0,0,W QUINCY AVE & S SHERIDAN BLVD,1,1,0,0,1,1,0,0,35,0,0,0,0,0,4,2,3
,2024-053392,39.75604137,-105.0230517,12/2/2024 18:50,18:50,6,0,0,W 27TH AVE & N ELIOT ST,1,1,0,0,1,4,0,0,25,0,0,0,0,0,4,2,16
,2024-053393,39.71462374,-104.940303,11/26/2024 16:15,16:15,12,0,0,E LEETSDALE DR & S COLORADO BLVD,1,1,0,0,1,3,0,0,,0,0,0,0,0,2,2,16
,2024-053394,39.6839673,-104.9875456,12/1/2024 15:15,15:15,11,0,1,E COLORADO AVE & S BROADWAY ST,1,1,0,0,1,1,0,0,30,0,1,0,0,3,4,1,16
,2024-053396,39.7855232,-104.8879971,12/1/2024 14:40,14:40,12,0,0, WILLOW ST & E NORTHFIELD BLVD,1,1,0,0,1,3,0,0,25,0,0,0,0,0,4,2,1
,2024-053403,39.74038311,-105.0139427,12/3/2024 16:10,16:10,12,0,0,I-25 & W COLFAX AVE,1,1,0,0,1,4,0,0,55,0,0,0,0,0,1,2,10
,2024-053405,39.6815499,-104.9222688,11/17/2024 1:08,1:08,6,0,2,1820  HOLLY ST & E JEWELL AVE,1,4,0,0,1,4,0,0,30,0,0,0,0,1,4,2,13
,2024-053406,39.78459189,-104.809792,11/24/2024 15:23,15:23,12,0,1, CHAMBERS RD & E GREEN VALLEY RANCH BLVD,1,1,0,0,1,4,0,0,45,0,0,0,1,3,4,2,16
,2024-053407,39.78359218,-105.0193839,11/22/2024 12:41,12:41,5,0,4,I-70 & N CLAY ST,1,1,0,0,2,4,0,0,60,0,0,0,0,3,1,2,1
,2024-053408,39.7508576,-104.9733586,11/27/2024 16:21,16:21,6,0,0, DOWNING ST & E 23RD AVE,1,1,0,0,3,4,0,0,,0,0,0,0,0,4,2,16
,2024-053409,39.72907408,-104.98237,12/2/2024 23:52,23:52,3,0,1, LOGAN ST & E 8TH AVE,1,3,0,0,1,1,0,0,30,0,0,0,0,2,4,2,13
,2024-053410,39.69812068,-104.9593279,11/30/2024 14:49,14:49,15,0,0, UNIVERSITY BLVD & E TENNESSEE AVE,1,1,0,0,1,4,0,0,30,0,0,0,0,0,4,2,10
,2024-053411,39.7632777,-104.9947934,11/30/2024 20:40,20:40,15,0,0,1900 PARK AVE W,1,3,0,0,1,4,0,0,40,0,0,0,0,0,4,2,16
,2024-053417,39.83346425,-104.6929349,12/3/2024 18:25,18:25,5,0,1,PENA BLVD & JACKSON GAP RD,1,3,0,0,3,4,0,1,65,0,0,0,0,2,4,1,16
,2024-053418,39.77482622,-104.8470306,11/15/2024 15:51,15:51,15,0,0,I-70 WB OFF RAMP & N PEORIA ST,1,1,0,0,1,1,0,0,,0,0,0,0,0,4,2,16
,2024-053420,39.832677,-104.767807,11/30/2024 21:45,21:45,5,0,1,PENA BLVD IB ON RAMP & N TOWER RD,1,3,1,0,2,8,0,0,65,0,0,0,0,1,4,1,7
,2024-053421,39.75638946,-104.9776984,11/25/2024 13:05,13:05,3,0,0,28TH ST & CALIFORNIA ST,1,1,0,0,1,1,0,0,30,0,0,0,0,0,4,2,13
,2024-053422,39.7831338,-104.9895309,12/2/2024 22:55,22:55,15,0,0,I-25 & I-70,1,3,0,0,1,4,0,0,,0,0,0,0,0,1,3,16
,2024-053423,39.77517811,-105.0064369,12/3/2024 7:50,7:50,12,0,0, PECOS ST & W 43RD AVE,1,1,0,0,1,3,0,0,40,0,0,0,0,0,4,2,13
,2024-053424,39.66747421,-104.9334712,12/2/2024 21:30,21:30,3,0,0,E YALE AVE & S DENNISON CT,1,3,0,0,1,1,0,0,25,0,0,0,0,0,4,2,16
,2024-053426,39.79099533,-104.7721469,10/18/2024 11:31,11:31,12,1,0,TOWER RD & 5100 N,1,1,0,0,1,4,0,0,45,0,0,0,1,4,4,2,16
,2024-053428,39.77027104,-104.9789169,12/1/2024 14:21,14:21,15,0,0, BRIGHTON BLVD & 35TH ST,1,1,0,0,1,4,0,0,35,0,0,0,0,0,4,4,16
,2024-053431,39.77581528,-104.8658374,12/2/2024 14:15,14:15,12,0,0,I-70 & N HAVANA ST,1,1,0,0,1,4,0,0,55,0,0,0,0,0,1,2,7
,2024-053433,39.76026873,-105.0252441,11/10/2024 19:35,19:35,12,0,0, SPEER BLVD & N FEDERAL BLVD,1,3,0,0,1,3,0,0,,0,0,0,0,0,2,2,16
,2024-053496,39.72890014,-105.0001767,9/10/2024 18:50,18:50,15,0,0, KALAMATH ST & W 8TH AVE,1,1,0,0,1,4,0,0,35,0,0,0,0,0,4,2,16
,2024-053499,39.75991034,-104.9846744,10/5/2024 12:01,12:01,6,0,0,27TH ST & WALNUT ST,1,1,0,0,1,4,0,0,,0,0,0,0,0,4,2,3
,2024-053510,39.68469375,-104.958399,12/3/2024 19:58,19:58,5,0,0,I-25 & S UNIVERSITY BLVD,1,3,1,0,3,4,0,0,60,0,0,0,0,0,1,1,1
,2024-053542,39.72490567,-105.0531759,12/4/2024 8:06,8:06,15,0,0, SHERIDAN BLVD & W 6TH AVE,1,1,1,0,1,3,0,0,35,0,0,0,0,0,2,2,3
,2024-053543,39.71133319,-105.053258,12/4/2024 11:43,11:43,15,0,0, SHERIDAN BLVD & W ALAMEDA AVE,1,1,0,0,1,3,0,0,35,0,0,0,0,0,2,2,3
,2024-053544,39.79840204,-104.78781,12/2/2024 0:12,0:12,14,0,2,E 56TH AVE & N PENA BLVD OB RAMPS,1,3,0,0,1,3,0,0,35,0,0,0,0,1,4,2,14
,2024-053549,39.71888402,-104.9558515,12/4/2024 9:10,9:10,6,0,0, CLAYTON LN & E 1ST AVE,1,1,0,0,1,4,0,0,20,0,0,0,0,0,4,2,14
,2024-053557,39.76980795,-104.8330098,12/4/2024 2:00,2:00,3,0,0, WHEELING ST & E 39TH AVE,1,3,0,0,1,14,0,0,25,0,0,0,0,0,4,2,3
,2024-053559,39.71311371,-104.9130791,12/1/2024 16:21,16:21,6,0,1,E CEDAR AVE & S MONACO ST PKWY,1,1,0,0,1,3,0,0,25,0,0,0,0,1,4,2,16
,2024-053562,39.73782856,-104.9964413,12/3/2024 10:53,10:53,15,0,1, SPEER BLVD & N GALAPAGO ST,1,1,0,0,1,4,0,0,35,0,0,0,0,2,4,3,11
,2024-053565,39.75438925,-105.0012486,12/3/2024 21:33,21:33,16,0,0,1701 WEWATTA S1700  WEWATTA ST,1,3,1,0,5,8,0,0,15,0,0,0,0,0,3,1,14
,2024-053568,39.77872122,-104.9222934,11/26/2024 14:50,14:50,15,0,0,E 45TH AVE & N HOLLY ST,1,1,0,0,1,1,0,0,30,0,0,0,0,0,4,2,11
,2024-053569,39.66554919,-105.081433,11/30/2024 12:03,12:03,3,0,0,W AMHERST AVE & S WADSWORTH BLVD,1,1,0,0,1,1,0,0,25,0,0,0,0,0,2,2,11
,2024-053570,39.75112414,-104.9984319,12/4/2024 9:04,9:04,15,0,0,BLAKE ST & 17TH ST,1,1,0,0,1,4,0,0,25,0,0,0,0,0,4,2,13
,2024-053571,39.71173271,-105.0145192,12/4/2024 8:45,8:45,6,0,0, YUMA ST & W ALAMEDA AVE,1,1,0,0,1,4,0,0,20,0,0,0,0,0,4,3,16
,2024-053573,39.77572429,-104.8647812,12/2/2024 17:07,17:07,12,0,0,I-70 & WB ON RAMP ENT FROM N HAVANA ST,1,2,0,0,1,4,0,0,,0,0,0,0,0,1,2,16
,2024-053579,39.72928076,-104.9127852,12/3/2024 18:13,18:13,15,0,0, MONACO ST PKWY & E 8TH AVE,1,3,0,0,1,4,0,0,25,0,0,0,0,0,4,2,1
,2024-053585,39.7256165,-105.0129407,12/3/2024 18:06,18:06,12,0,0,I-25 NB ON RAMP FROM EB W 6TH AVE,1,3,1,0,1,8,0,0,45,0,0,0,0,0,1,2,10
,2024-053586,39.76050736,-105.0035563,11/30/2024 17:39,17:39,15,0,1, PLATTE RIVER TRL & 20TH ST,1,3,0,0,1,10,0,0,10,0,0,0,0,1,4,2,14
,2024-053591,39.75073738,-104.9779366,12/3/2024 23:15,23:15,6,0,0,E 23RD AVE & N WASHINGTON ST,1,3,0,0,1,4,0,0,30,0,0,0,0,0,4,3,1
,2024-053593,39.73994583,-105.0226854,12/4/2024 6:15,6:15,12,0,0,W COLFAX AVE & N ELIOT ST,1,1,0,0,1,1,0,0,45,0,0,0,0,0,2,2,13
,2024-053601,39.73998114,-104.9622356,12/4/2024 10:46,10:46,3,0,1, VINE ST & E COLFAX AVE,1,1,0,0,1,1,0,0,20,0,0,0,0,1,2,2,11
,2024-053602,39.68949238,-105.0250606,12/4/2024 15:54,15:54,3,0,0, FEDERAL BLVD & W FLORIDA AVE,1,1,0,0,1,2,0,0,35,0,0,0,0,0,2,2,12
,2024-053604,39.72922823,-104.9058091,12/4/2024 8:37,8:37,3,0,0, PONTIAC ST & E 8TH AVE,1,1,0,0,1,1,0,0,25,0,0,0,0,0,4,2,13
,2024-053605,39.70050712,-104.9862608,12/3/2024 9:15,9:15,15,0,0,I-25 & S LINCOLN ST,1,1,0,0,1,4,0,0,65,0,0,0,0,0,1,2,3
,2024-053610,39.72512651,-105.0245995,12/3/2024 18:01,18:01,15,0,0,W 6TH AVE EB ON RAMP & N FEDERAL BLVD,1,3,0,0,1,8,0,0,30,0,0,0,0,0,2,2,11
,2024-053613,39.73475693,-105.0392935,11/26/2024 22:20,22:20,2,0,0, PERRY ST & W 12TH AVE,11,3,0,1,1,4,0,0,25,1,0,0,0,0,4,1,16
,2024-053614,39.67817616,-105.0203726,11/27/2024 14:02,14:02,6,0,0,2100  CLAY ST,1,1,0,0,5,7,0,0,,0,0,0,0,0,3,2,3
,2024-053617,39.74045014,-105.014238,11/30/2024 11:28,11:28,10,0,0,W COLFAX AVE & I-25,1,1,0,0,1,1,0,0,50,0,0,0,0,0,2,2,3
,2024-053618,39.72402484,-105.0518683,12/4/2024 7:19,7:19,6,0,1,W 5TH AVE & N ZENOBIA ST,1,1,0,0,1,4,0,0,20,0,0,0,0,1,4,2,1
,2024-053620,39.71346764,-104.9982671,11/18/2024 14:02,14:02,15,0,0, SANTA FE DR & W CEDAR AVE,1,1,0,7,1,3,0,0,35,0,0,0,0,0,4,2,16
,2024-053625,39.65304791,-104.9017779,11/12/2024 17:15,17:15,16,0,0,7400 E HAMPDEN AVE,1,3,0,0,5,7,0,0,,0,0,0,0,0,3,2,16
,2024-053626,39.65392373,-105.0530124,12/3/2024 12:01,12:01,12,0,1,W HAMPDEN WB OFF RAMP SLIP & S SHERIDAN BLVD,1,1,0,0,1,8,0,0,40,0,0,0,0,2,2,2,13
,2024-053627,39.81755313,-104.7720335,12/4/2024 13:29,13:29,15,0,1, TOWER RD & E 67TH AVE,1,1,0,0,1,4,0,0,35,0,0,0,0,1,4,2,11
,2024-053628,39.76141855,-105.0052417,12/4/2024 7:28,7:28,10,0,0,I-25 SB OFF RAMP & 20TH ST,1,1,1,0,1,1,0,0,35,0,0,0,0,0,4,2,13
,2024-053629,39.74594449,-104.9733662,12/3/2024 10:00,10:00,12,0,0,E 19TH AVE & N DOWNING ST,1,1,0,0,1,3,0,0,30,0,0,0,0,0,4,2,14
,2024-053630,39.74014961,-104.9482628,11/9/2024 9:24,9:24,6,0,0,E COLFAX AVE & N ADAMS ST,7,1,0,0,1,4,0,0,25,0,0,0,0,0,2,2,11
,2024-053632,39.65347093,-104.868354,11/3/2024 5:21,5:21,5,0,2,E HAMPDEN AVE & S GALENA ST,1,3,0,0,3,1,0,0,45,0,0,0,0,3,2,1,16
,2024-053634,39.78009954,-104.9884957,11/21/2024 20:31,20:31,15,0,0,I-70 & I-25,1,3,0,0,1,8,0,0,45,0,0,0,0,0,1,3,16
,2024-053636,39.72579987,-104.9836196,12/1/2024 11:40,11:40,15,0,0, GRANT ST & E 6TH AVE,1,1,0,0,1,4,0,0,30,0,0,0,0,0,4,2,11
,2024-053643,39.78264946,-104.9993214,12/3/2024 7:24,7:24,9,0,0,I-70 & N PECOS ST,1,1,0,0,1,4,0,0,55,0,0,0,0,0,1,2,16
,2024-053648,39.74840187,-105.0029988,12/3/2024 8:23,8:23,12,0,0, SPEER BLVD & BLAKE ST,1,1,0,0,1,4,0,0,35,0,0,0,0,0,4,2,13
,2024-053652,39.72570572,-105.0252132,12/2/2024 14:18,14:18,3,0,2, FEDERAL BLVD & W 6TH AVE WB RAMPS,1,1,0,0,1,1,0,0,35,0,0,0,1,3,2,2,16
,2024-053658,39.76836452,-104.9948621,11/26/2024 8:52,8:52,15,0,0,I-25 & W 38TH AVE,1,1,1,0,1,8,0,0,,0,0,0,0,0,1,2,16
,2024-053662,39.74195224,-104.9810884,11/24/2024 21:40,21:40,11,0,1,1630  PENNSYLVANIA ST & E 16TH AVE,1,3,0,0,1,4,0,0,20,1,0,0,0,2,4,1,16
,2024-053666,39.78363479,-104.781693,12/2/2024 19:39,19:39,11,0,1,E GREEN VALLEY RANCH BLVD & N TELLURIDE ST,1,3,0,0,1,1,0,0,0,0,1,0,0,1,4,1,16
,2024-053674,39.71128381,-104.9034949,11/15/2024 14:50,14:50,15,0,0, QUEBEC ST & E ALAMEDA AVE,1,1,0,0,1,3,0,0,35,0,0,0,0,0,4,2,16
,2024-053720,39.74443391,-105.0532244,9/4/2024 13:22,13:22,15,1,0, SHERIDAN BLVD & W 17TH AVE,1,1,0,0,1,4,0,0,35,0,0,0,1,4,2,2,13
,2024-053725,39.81824905,-104.7720201,12/3/2024 15:28,15:28,11,0,2,E 67TH AVE & N TOWER RD,1,1,0,0,1,1,0,0,35,0,1,0,0,2,4,1,11
,2024-053727,39.77822556,-104.9030182,12/3/2024 17:06,17:06,12,0,1,I-70 & N NORTHFIELD QUEBEC ST,1,1,0,0,1,4,0,0,55,0,0,0,0,2,1,3,7
,2024-053728,39.78326481,-105.0064277,12/5/2024 8:52,8:52,12,0,0,I-70 & N PECOS ST,1,1,0,0,1,4,0,0,55,0,0,0,0,0,1,2,7
,2024-053746,39.66751599,-104.8661331,12/3/2024 14:00,14:00,12,0,0, HAVANA ST & E YALE AVE,1,1,0,0,1,1,0,0,35,0,0,0,0,0,2,2,3
,2024-053747,39.75727161,-105.0082564,12/5/2024 15:55,15:55,12,0,0,PLATTE ST & 16TH ST,1,1,0,0,1,4,0,0,25,0,0,0,0,0,4,2,16
,2024-053751,39.66030402,-104.8851115,12/2/2024 9:00,9:00,1,0,0, SYRACUSE WY & S YOSEMITE ST,1,1,0,0,1,1,0,0,,0,0,0,0,0,4,2,16
,2024-053752,39.74479215,-104.9892135,12/5/2024 0:25,0:25,15,0,0,17TH ST & GLENARM PL,1,3,0,0,1,1,0,0,25,0,0,0,0,0,4,2,16
,2024-053755,39.74033716,-105.0464103,12/4/2024 19:41,19:41,15,0,0,4635 W COLFAX AVE & N VRAIN ST,1,3,0,0,1,4,0,1,35,0,0,0,0,0,2,2,13
,2024-053756,39.70117334,-104.9874923,12/4/2024 9:00,9:00,12,0,0,I-25 & S BROADWAY ST,1,1,0,0,1,4,0,0,65,0,0,0,0,0,1,2,3
,2024-053760,39.79829327,-104.7708326,12/5/2024 10:57,10:57,3,0,1,E 56TH AVE & N TOWER RD,1,1,0,0,1,2,0,0,40,0,0,0,0,1,4,2,13
,2024-053763,39.71094082,-104.9970203,10/31/2024 13:42,13:42,12,0,1, SANTA FE DR & W ALAMEDA AVE,1,1,0,0,1,4,0,0,35,0,0,0,0,1,4,2,16
,2024-053764,39.76835574,-104.9948828,12/3/2024 8:24,8:24,15,0,0,I-25 & PARK AVE W,1,1,0,0,1,8,0,0,55,0,0,0,0,0,1,2,13
,2024-053765,39.74041571,-105.0300667,11/18/2024 14:10,14:10,15,0,0,W COLFAX AVE & N IRVING ST,1,1,0,0,1,4,0,0,30,0,0,0,0,0,2,2,13
,2024-053766,39.70660468,-104.9851514,12/4/2024 19:17,19:17,6,0,0,500  SHERMAN ST,1,4,0,0,1,3,0,0,25,0,0,0,0,0,4,3,16
,2024-053768,39.73998659,-104.9634158,11/28/2024 15:10,15:10,15,0,1,E COLFAX AVE & N RACE ST,1,1,0,0,1,3,0,0,35,0,0,0,0,1,2,2,16
,2024-053770,39.75597722,-104.9747431,10/19/2024 22:30,22:30,6,0,0,GLENARM PL & 29TH AVE,1,3,0,0,1,4,0,0,,0,0,0,0,0,4,2,16
,2024-053771,39.65307901,-104.8987255,12/4/2024 21:18,21:18,3,0,1,E HAMPDEN AVE & S TAMARAC DR,1,3,1,0,1,1,0,0,35,0,0,0,0,2,2,3,14
,2024-053772,39.70749238,-104.964566,12/5/2024 1:42,1:42,6,0,0,E VIRGINIA AVE & S RACE ST,1,4,0,0,1,4,0,0,25,0,0,0,0,0,4,2,8
,2024-053773,39.7491798,-104.8893154,10/28/2024 9:05,9:05,15,0,0,8551 E 21ST AVE & N XANTHIA ST,1,1,0,0,1,4,1,0,20,0,0,0,0,0,4,2,11
,2024-053776,39.68389591,-104.9435282,12/5/2024 8:46,8:46,12,0,2,I-25 & S COLORADO BLVD,1,1,0,0,1,4,0,0,60,0,0,0,0,1,1,2,13
,2024-053777,39.77313625,-104.8098658,11/10/2024 12:40,12:40,15,0,0, CHAMBERS RD & E 40TH AVE,1,1,0,0,1,3,0,0,40,0,0,0,0,0,4,2,16
,2024-053778,39.74085404,-104.9873841,10/22/2024 14:33,14:33,10,0,0, BROADWAY ST & CHEYENNE PL,1,1,0,0,1,1,0,0,30,0,0,0,0,0,4,2,16
,2024-053779,39.77944465,-104.9791641,12/4/2024 22:04,22:04,12,0,0,I-70 & N WASHINGTON ST,1,3,0,0,1,4,0,0,40,0,0,0,0,0,1,2,13
,2024-053783,39.74003482,-104.9987987,11/17/2024 3:31,3:31,3,0,0, SPEER BLVD & W COLFAX AVE,1,3,0,0,1,1,0,0,35,0,0,0,0,0,2,2,13
,2024-053784,39.76863944,-104.9942621,11/4/2024 15:14,15:14,15,0,0,I-25 & W 38TH AVE,2,1,0,0,1,8,0,0,55,0,0,0,0,0,1,2,16
,2024-053788,39.80740804,-104.7780233,12/4/2024 23:10,23:10,16,0,1,6137  TELLURIDE WAY,1,3,0,0,5,7,0,0,10,0,0,0,0,2,3,1,14
,2024-053793,39.72932281,-105.0148301,11/11/2024 0:13,0:13,5,0,0,I-25 & W 8TH AVE,1,3,1,0,2,4,0,0,55,0,0,0,0,0,1,1,16
,2024-053794,39.73985145,-105.015928,12/5/2024 14:40,14:40,1,0,2, ZUNI ST & I-25 SB ON RAMP,1,1,3,0,1,1,0,0,25,0,0,0,0,2,1,2,11
,2024-053796,39.72811996,-104.9799356,12/3/2024 12:00,12:00,6,0,0, PEARL ST & E 7TH AVE,1,1,1,0,1,4,0,0,,0,0,0,0,0,4,3,16
,2024-053798,39.78384201,-105.0064371,12/4/2024 14:34,14:34,3,0,0, PECOS ST & W 48TH AVE,1,1,0,0,1,6,0,0,35,0,0,0,0,0,1,2,7
,2024-053799,39.75337207,-104.999038,11/20/2024 14:04,14:04,12,0,0,1700 WYNKOOP ST,1,1,0,0,1,1,0,0,,0,0,0,0,0,4,2,16
,2024-053801,39.76095165,-104.9787662,11/16/2024 2:47,2:47,6,0,0,30TH ST & ARAPAHOE ST,1,3,0,0,1,3,0,0,30,0,0,0,0,0,4,2,16
,2024-053804,39.65317191,-104.9114876,12/3/2024 13:01,13:01,12,0,2,E HAMPDEN AVE & S MONACO ST PKWY,1,1,0,0,1,4,0,0,45,0,0,0,0,1,2,3,14
,2024-053809,39.77142448,-105.0096264,12/5/2024 8:02,8:02,6,0,0, SHOSHONE ST & W 40TH AVE,1,1,0,0,1,4,0,0,20,0,0,0,0,0,4,2,16
,2024-053811,39.76440165,-104.9866367,12/4/2024 21:48,21:48,1,0,1,3020  BRIGHTON BLVD & 29TH ST,1,2,0,0,1,2,0,0,30,0,0,0,0,1,4,2,13
,2024-053812,39.74000953,-104.9873904,11/27/2024 8:00,8:00,3,0,0,COLFAX AVE & N BROADWAY ST,1,1,0,0,1,1,0,0,,0,0,0,0,0,2,2,16
,2024-053813,39.69303567,-104.959343,11/7/2024 8:46,8:46,12,0,0, UNIVERSITY BLVD & E LOUISIANA AVE,9,1,0,2,1,3,0,0,35,0,0,0,0,0,4,2,16