id,drcog_id,latitude,longitude,crashtime,time,crashtype,numbkilled,numbinjurd,drcoglocat,rdconditin,lightngcon,roadcntgrd,weatherco,location,roaddescrp,schoolzone,constrzone,splimit,bikeinv,pedinv,sctrinv,motoinv,svrty,rdsystem,ttlvehcls,hcf
,2024-053814,39.6846918,-104.9594472,11/20/2024 18:05,18:05,12,0,0,I-25 & S UNIVERSITY BLVD,1,2,0,0,1,4,0,0,,0,0,0,0,0,1,2,16
,2024-053815,39.74014986,-104.9483705,12/4/2024 13:00,13:00,15,0,0,E COLFAX AVE & N ADAMS AVE,1,1,0,0,1,1,0,0,30,0,0,0,0,0,2,2,3
,2024-053816,39.77932301,-104.8397964,10/31/2024 15:55,15:55,12,0,1,E ALBROOK DR & CROWN BLVD,1,1,0,0,1,3,0,0,20,0,0,0,0,1,4,2,16
,2024-053817,39.68291451,-104.9405243,12/3/2024 15:45,15:45,12,0,0,I-25 & S COLORADO BLVD,1,1,0,0,1,4,0,0,65,0,0,0,0,0,1,2,3
,2024-053821,39.78951797,-105.0427495,11/20/2024 18:00,18:00,6,0,0, STUART ST & W 51ST AVE,1,1,0,0,1,4,0,0,25,0,0,0,0,0,4,2,16
,2024-053822,39.68681755,-104.9453569,9/7/2024 10:38,10:38,6,0,0, MONROE ST & E IOWA AVE,1,1,0,0,1,4,0,0,,0,0,0,0,0,4,2,16
,2024-053823,39.74000297,-104.9764761,11/16/2024 13:00,13:00,3,0,0,E COLFAX AVE & N EMERSON ST,14,5,3,7,1,9,0,0,20,0,0,0,0,0,2,2,16
,2024-053824,39.76928919,-105.0064586,12/5/2024 10:13,10:13,1,0,1,W 38TH AVE & N PECOS ST,1,1,0,0,1,1,0,0,30,0,0,0,1,2,4,2,8
,2024-053825,39.77913842,-104.9792093,12/5/2024 12:54,12:54,1,0,2, WASHINGTON ST & I-70 EB RAMPS,1,1,0,0,1,1,0,0,35,0,0,0,0,1,4,2,13
,2024-053826,39.62410956,-104.8946424,12/5/2024 8:11,8:11,1,0,0,E BELLEVIEW AVE & S ULSTER ST,1,1,0,0,1,1,0,0,35,0,0,0,0,0,4,2,16
,2024-053827,39.77291019,-104.8512179,12/4/2024 7:23,7:23,15,0,0,I-70 & N PEORIA ST,1,1,0,0,1,4,0,0,55,0,0,0,0,0,1,2,13
,2024-053828,39.65277801,-104.9183794,11/30/2024 21:15,21:15,15,0,0,I-25 & E HAMPDEN AVE,14,5,0,7,1,4,0,0,65,0,0,0,0,0,1,2,16
,2024-053831,39.77965285,-104.9671309,12/4/2024 21:03,21:03,3,0,2, BRIGHTON BLVD & I-70 EB OFF RAMP,1,3,0,0,1,1,0,0,30,0,0,0,0,2,2,2,16
,2024-053832,39.68945912,-105.0297063,12/5/2024 8:02,8:02,3,0,1, IRVING ST & W FLORIDA AVE,1,1,0,0,1,1,0,0,25,0,0,0,0,2,4,2,13
,2024-053833,39.63862083,-104.9099499,12/4/2024 7:03,7:03,15,0,0,I-25 & E QUINCY AVE,1,1,0,0,1,4,0,0,55,0,0,0,0,0,1,2,1
,2024-053834,39.751323,-105.0165225,12/4/2024 17:05,17:05,12,0,0,I-25 & W 23RD AVE,1,4,0,0,1,4,0,0,55,0,0,0,0,0,1,2,13
,2024-053835,39.75372588,-104.9863617,12/5/2024 9:55,9:55,3,0,0,CURTIS ST & PARK AVE W,1,1,0,0,1,1,0,0,25,0,0,0,0,0,4,2,3
,2024-053836,39.72909011,-104.9706219,12/4/2024 16:50,16:50,3,0,0, LAFAYETTE ST & E 8TH AVE,1,1,0,0,1,1,0,0,25,0,0,0,0,0,4,2,3
,2024-053837,39.73249487,-104.9407722,11/18/2024 12:00,12:00,16,0,0,1011 COLORADO BLVD,1,5,3,0,5,4,0,0,,0,0,0,0,0,3,3,16
,2024-053841,39.73838297,-104.956273,12/1/2024 12:45,12:45,10,0,0,E 14TH AVE & N ELIZABETH ST,1,1,0,0,1,1,0,0,35,0,0,0,0,0,4,3,13
,2024-053843,39.79993612,-104.8843394,11/5/2024 11:20,11:20,15,0,0, CENTRAL PARK BLVD & E 57TH AVE,1,1,0,0,1,3,0,0,35,0,0,0,0,0,4,2,16
,2024-053844,39.7091776,-104.9733763,12/5/2024 8:48,8:48,12,0,0, DOWNING ST & E DAKOTA AVE,1,1,0,0,1,4,0,0,30,0,0,0,0,0,4,2,14
,2024-053845,39.78376047,-104.9624148,11/30/2024 12:30,12:30,6,0,0,2121 E 48TH AVE & VINE ST,1,1,0,0,1,4,0,0,25,0,0,0,0,0,4,2,13
,2024-053852,39.70042019,-105.0481214,12/5/2024 7:17,7:17,3,0,0,W KENTUCKY AVE & MORRISON RD,1,1,0,0,1,1,0,0,30,0,0,0,0,0,4,2,13
,2024-053853,39.77882917,-104.9792281,12/5/2024 7:14,7:14,15,0,0, WASHINGTON ST & E 45TH AVE,1,1,0,0,1,4,0,0,35,0,0,0,0,0,4,2,11
,2024-053854,39.72892588,-105.0001765,11/15/2024 17:38,17:38,12,0,0,W 8TH AVE & N KALAMATH ST,1,3,0,0,1,3,0,0,25,0,0,0,0,0,4,2,11
,2024-053855,39.74375986,-104.9407837,12/5/2024 15:52,15:52,12,0,0, COLORADO BLVD & E 17TH AVE,1,3,0,0,1,4,0,0,35,0,0,0,0,0,2,2,13
,2024-053856,39.70933769,-104.9875983,12/4/2024 17:25,17:25,3,0,0,W DAKOTA AVE & S BROADWAY ST,1,1,0,0,1,1,0,0,25,0,0,0,0,0,4,2,3
,2024-053857,39.7740069,-104.8470299,12/5/2024 7:34,7:34,15,0,0,I-70 & N PEORIA ST,1,1,0,0,1,4,0,0,55,0,0,0,0,0,1,3,13
,2024-053858,39.69300779,-104.9813907,12/4/2024 23:36,23:36,6,0,0,E LOUISIANA ST & S PENNSYLVANIA ST,1,3,0,0,1,4,0,0,25,0,0,0,0,0,4,2,16
,2024-053859,39.71783516,-104.9485858,12/3/2024 11:30,11:30,3,0,0, ADAMS ST & E 1ST AVE,1,1,0,0,1,1,0,0,25,0,0,0,0,0,4,2,3
,2024-053861,39.75473215,-104.9034036,12/4/2024 15:46,15:46,15,0,0, QUEBEC ST & E 26TH AVE,1,1,3,0,1,3,0,0,,0,0,0,0,0,4,2,16
,2024-053862,39.72258225,-105.0100575,12/4/2024 10:57,10:57,12,0,2,I-25 & W 6TH AVE,1,1,0,0,1,11,0,0,55,0,0,0,0,2,1,3,8
,2024-053863,39.66018291,-105.0351278,12/5/2024 12:19,12:19,1,0,0, LOWELL BLVD & S MABRY WY,1,1,3,0,1,2,0,0,25,0,0,0,0,0,4,2,11
,2024-053864,39.67847003,-104.9267199,12/5/2024 12:51,12:51,12,0,0,E EVANS AVE & S GRAPE ST,1,1,0,0,1,4,0,0,30,0,0,0,0,0,4,5,14
,2024-053869,39.69048042,-105.0532086,12/5/2024 17:02,17:02,3,0,3, SHERIDAN BLVD & W FLORIDA AVE,1,3,0,0,1,2,0,0,40,0,0,0,0,3,1,2,11
,2024-053870,39.63613185,-105.0819955,11/10/2024 14:06,14:06,15,0,0, WADSWORTH BLVD & W STANFORD AVE,1,1,0,0,1,4,0,0,40,0,0,0,0,0,2,2,1
,2024-053871,39.74003159,-104.9823274,8/31/2024 23:30,23:30,6,0,0, LOGAN ST & E COLFAX AVE,1,3,0,0,1,4,0,0,30,0,0,0,0,0,4,2,3
,2024-053872,39.70389295,-104.9827907,12/3/2024 17:20,17:20,12,0,0, LOGAN ST & E EXPOSITION AVE,1,1,0,5,1,4,0,0,30,0,0,0,0,0,4,3,3
,2024-053873,39.66771915,-105.0251113,11/18/2024 1:22,1:22,5,0,1, FEDERAL BLVD & W YALE AVE,1,3,0,0,3,4,0,0,35,0,0,0,0,2,2,1,16
,2024-053888,39.754468,-104.963387,12/5/2024 9:00,9:00,6,0,0,E 26TH AVE & N RACE ST,1,1,0,0,1,4,0,0,25,0,0,0,0,0,4,2,3
,2024-053890,39.75071665,-104.9611481,12/5/2024 19:33,19:33,12,0,0,E 23RD AVE & N STEELE ST,1,3,0,0,1,3,0,0,35,0,0,0,0,0,4,2,13
,2024-053891,39.78361832,-104.7733124,12/5/2024 23:20,23:20,12,0,0,E GREEN VALLEY RANCH BLVD & N TOWER RD,1,3,0,0,1,4,0,0,40,0,0,0,0,0,4,2,14
,2024-053892,39.77659691,-104.8099048,12/6/2024 8:18,8:18,3,0,0, CHAMBERS RD & E 46TH AVE,1,1,0,0,1,1,0,0,40,0,0,0,0,0,4,2,13
,2024-053893,39.83381189,-104.7422107,12/5/2024 18:50,18:50,12,0,0,PENA BLVD & E-470,1,3,0,0,1,4,0,0,65,0,0,0,0,0,4,3,13
,2024-053894,39.70395758,-104.9926294,12/6/2024 6:50,6:50,15,0,0,I-25 & NB OFF RAMP EXT TO S SANTA FE DR,1,3,1,0,1,8,0,0,60,0,0,0,0,0,1,2,14
,2024-053895,39.72794694,-104.9902854,12/6/2024 10:49,10:49,6,0,0, BANNOCK ST & N SPEER BLVD,1,1,0,0,1,4,0,0,30,0,0,0,0,0,4,2,13
,2024-053904,39.77586332,-104.8222905,11/22/2024 12:19,12:19,3,0,0, DURHAM CT & E ANDREWS DR,1,1,0,0,1,1,0,0,20,0,0,0,0,0,4,2,11
,2024-053906,39.77273659,-104.9023452,12/5/2024 12:02,12:02,15,0,0, QUEBEC ST NB ON RAMP & E 40TH AVE,1,1,0,0,1,8,0,0,25,0,0,0,0,0,4,2,13
,2024-053907,39.65302096,-104.8756595,11/27/2024 20:43,20:43,5,0,0,E HAMPDEN AVE & S DAYTON ST,1,3,0,0,3,4,0,0,40,0,0,0,0,0,2,1,16
,2024-053908,39.66763324,-104.9128742,12/5/2024 13:30,13:30,12,0,0,E YALE AVE & S MONACO ST PKWY,1,1,0,0,1,1,0,0,30,0,0,0,0,0,4,2,3
,2024-053909,39.67846371,-104.9131626,12/6/2024 12:30,12:30,15,0,0,E EVANS AVE & S MONACO ST PKWY,1,1,0,0,1,3,0,0,35,0,0,0,0,0,4,2,11
,2024-053910,39.67668171,-105.0250538,12/6/2024 14:08,14:08,12,0,0, FEDERAL BLVD & W WARREN AVE,1,1,1,0,1,3,0,0,35,0,0,0,0,0,2,2,13
,2024-053911,39.70429533,-105.0441707,12/2/2024 19:30,19:30,6,0,0,W EXPOSITION AVE & S STUART ST,1,4,0,0,1,4,0,0,25,0,0,0,0,0,4,2,16
,2024-053912,39.6818454,-104.9372568,12/6/2024 17:44,17:44,12,0,0,I-25 & S COLORADO BLVD,1,3,0,0,1,4,0,0,65,0,0,0,0,0,1,2,1
,2024-053913,39.76147948,-105.0044427,12/5/2024 9:34,9:34,12,0,0,I-25 & 20TH ST,1,1,0,0,1,4,0,0,55,0,0,0,0,0,1,2,3
,2024-053914,39.68935866,-104.9140578,12/5/2024 14:15,14:15,3,0,0, LOCUST ST & E FLORIDA AVE,1,1,0,0,1,1,0,0,25,0,0,0,0,0,4,2,3
,2024-053917,39.71689732,-104.9499431,12/6/2024 12:35,12:35,15,0,0, STEELE ST & E ELLSWORTH AVE,1,1,0,0,1,4,0,0,30,0,0,0,0,0,4,2,13
,2024-053918,39.65616518,-105.0532235,12/6/2024 15:02,15:02,3,0,0,W DARTMOUTH AVE & S SHERIDAN BLVD,1,1,0,0,1,1,0,0,35,0,0,0,0,0,2,2,11
,2024-053920,39.77986682,-104.989564,12/5/2024 11:54,11:54,15,0,1,I-25 & I-70,1,1,0,0,1,4,0,0,55,0,0,0,0,2,1,2,3
,2024-053921,39.65327714,-105.0321503,12/6/2024 18:19,18:19,12,0,0,W HAMPDEN AVE & S KNOX CT,1,3,0,0,1,4,0,0,65,0,0,0,0,0,2,3,16
,2024-053922,39.73350719,-104.9349977,12/5/2024 9:40,9:40,1,0,0,E HALE PKWY & N CLERMOMT ST,1,1,0,0,1,1,0,0,25,0,0,0,0,0,4,2,3
,2024-053925,39.71940334,-104.9407882,12/5/2024 15:00,15:00,12,0,4, COLORADO BLVD & E 2ND AVE,1,1,0,0,1,1,0,0,35,0,0,0,0,1,2,2,3
,2024-053928,39.67479373,-104.9579446,12/5/2024 12:00,12:00,6,0,0, JOSEPHINE ST & E ILIFF AVE,1,1,0,0,1,4,0,0,25,0,0,0,0,0,4,2,14
,2024-053930,39.72523016,-105.0549702,12/6/2024 14:18,14:18,12,0,0, SHERIDAN BLVD & W 6TH AVE WB RAMPS,1,1,3,0,1,3,0,0,35,0,0,0,0,0,2,3,16
,2024-053932,39.65293968,-105.0332052,12/6/2024 7:57,7:57,15,0,0,W HAMPDEN AVE & W LOWELL AVE,1,1,0,0,1,4,0,0,45,0,0,0,0,0,2,2,16
,2024-053938,39.78249102,-104.8488823,11/26/2024 16:18,16:18,10,0,0, PARIS ST & E 47TH AVE,1,2,0,0,1,2,0,0,25,0,0,0,0,0,4,2,13
,2024-053949,39.780485,-104.9579957,12/7/2024 16:09,16:09,12,0,1,I-70 & N JOSEPHINE ST,1,1,0,0,1,4,0,0,55,0,0,0,0,1,1,3,13
,2024-053953,39.76738125,-104.9025338,12/7/2024 17:50,17:50,1,0,1,E 36TH AVE & N QUEBEC ST,1,3,0,0,1,1,0,0,35,0,0,0,0,1,4,2,11
,2024-053955,39.78746599,-105.0252217,12/7/2024 11:42,11:42,1,0,1,W 50TH AVE & N FEDERAL BLVD,1,1,0,0,1,1,0,0,35,0,0,0,0,2,2,2,16
,2024-053956,39.73877662,-104.8893819,12/6/2024 23:11,23:11,5,0,0,1401  WABASH ST & E 14TH AVE,1,3,0,0,2,4,0,0,,0,0,0,0,0,4,3,16
,2024-053960,39.68129822,-104.9508092,12/7/2024 10:28,10:28,3,0,0,E BUCHTEL BLVD & S ST PAUL ST,1,1,0,0,1,1,0,0,30,0,0,0,0,0,4,2,13
,2024-053961,39.73827095,-105.013844,12/7/2024 18:45,18:45,15,0,0,I-25 & NB OFF RAMP EXT TO AURARIA PKWY,1,3,0,0,1,8,0,0,55,0,0,0,0,0,1,3,16
,2024-053963,39.72554829,-105.0346661,12/7/2024 14:32,14:32,12,0,0,W 6TH AVE & N FEDERAL BLVD,1,1,0,0,1,4,0,0,55,0,0,0,0,0,2,3,10
,2024-053964,39.72921993,-104.9787672,12/4/2024 23:17,23:17,6,0,0, WASHINGTON ST & E 8TH AVE,1,4,0,0,1,4,0,0,,0,0,0,0,0,4,3,16
,2024-053965,39.75131515,-105.0165705,12/7/2024 9:20,9:20,15,0,0,I-25 & W 23RD AVE,1,1,0,0,1,13,0,0,,0,0,0,0,0,1,2,16
,2024-053966,39.6851587,-104.9589228,12/7/2024 0:24,0:24,5,0,3,I-25 NB OFF RAMP & S UNIVERSITY BLVD,1,3,0,0,6,8,0,0,35,0,0,0,0,3,4,1,10
,2024-053967,39.75248452,-104.9914439,12/7/2024 4:37,4:37,5,0,0,2017 LAWRENCE ST & 20TH ST,1,3,0,0,2,4,0,0,25,0,0,0,0,0,4,1,3
,2024-053974,39.73684492,-104.9836194,12/7/2024 15:45,15:45,3,0,2, GRANT ST & E 13TH AVE,1,1,3,0,1,1,0,0,30,0,0,0,0,1,4,2,16
,2024-053975,39.74198054,-105.0145978,12/7/2024 14:06,14:06,12,0,0,I-25 & AURARIA PKWY,1,1,1,0,1,4,0,0,55,0,0,0,0,0,1,3,16
,2024-053978,39.71133319,-105.053258,12/7/2024 11:27,11:27,3,0,1, SHERIDAN BLVD & W ALAMEDA AVE,1,1,0,0,1,1,0,0,35,0,0,0,0,1,2,2,14
,2024-053981,39.7611988,-104.9027528,12/6/2024 16:31,16:31,3,0,0, QUEBEC ST & E MLK JR BLVD,1,3,0,0,1,1,0,0,35,0,0,0,0,0,4,2,16
,2024-053987,39.83373168,-104.7701009,12/7/2024 16:14,16:14,5,0,1,PENA BLVD OB & N TOWER RD,1,1,0,0,2,4,0,0,65,0,0,0,0,1,4,1,2
,2024-053989,39.71918062,-105.0061803,12/7/2024 12:13,12:13,12,0,2,I-25 & NB OFF RAMP EXT TO W 6TH AVE,1,1,0,0,1,8,0,0,55,0,0,0,0,1,1,4,1
,2024-053991,39.70749216,-104.973374,12/3/2024 14:27,14:27,11,0,1,E VIRGINIA AVE & S DOWNING ST,1,1,0,0,1,1,0,0,25,0,1,0,0,3,4,1,11
,2024-053996,39.78389718,-105.021904,12/7/2024 17:23,17:23,12,0,0,I-70 & N FEDERAL BLVD,1,4,0,0,1,4,0,0,65,0,0,0,0,0,1,2,8
,2024-054023,39.7111855,-105.0015651,12/2/2024 7:58,7:58,2,0,1,W ALAMEDA AVE & S LIPAN ST,1,1,0,0,1,1,0,0,35,1,0,0,0,2,2,1,11
,2024-054024,39.69393115,-104.9786851,12/6/2024 19:45,19:45,15,0,0,I-25 & S WASHINGTON ST,1,3,3,0,1,4,0,0,65,0,0,0,0,0,1,2,13
,2024-054032,39.73672827,-105.0486784,12/4/2024 9:39,9:39,6,0,1, WOLFF ST & W 13TH AVE,1,1,0,0,1,4,0,0,25,0,0,0,0,3,4,2,16
,2024-054036,39.71108465,-105.0251686,11/9/2024 1:59,1:59,11,0,1,W ALAMEDA AVE & S FEDERAL BLVD,12,3,0,2,1,3,0,0,,0,1,0,0,3,2,1,16
,2024-054038,39.75823068,-104.9609842,12/4/2024 8:08,8:08,3,0,0, GAYLORD ST & E 29TH AVE,1,1,0,0,1,1,0,0,25,0,0,0,0,0,4,2,13
,2024-054039,39.72917374,-104.9406251,12/4/2024 7:03,7:03,12,0,0, COLORADO BLVD & E 8TH AVE,1,1,0,0,1,3,0,0,30,0,0,0,0,0,2,2,16
,2024-054046,39.79838901,-104.8660411,12/4/2024 8:34,8:34,2,0,0, HAVANA ST & E 56TH AVE,1,1,0,0,1,1,0,0,35,1,0,0,0,0,4,1,16
,2024-054057,39.74167993,-104.9861166,12/2/2024 18:00,18:00,11,0,1,E 16TH AVE & N LINCOLN ST,1,2,0,0,1,1,0,0,,0,1,0,0,3,4,1,16
,2024-054063,39.78738459,-104.9501566,12/3/2024 9:30,9:30,6,0,0,E 50TH AVE & N STEELE ST,1,1,0,0,1,4,0,0,,0,0,0,0,0,4,2,16
,2024-054074,39.74392922,-105.0086685,11/6/2024 10:41,10:41,1,0,0,7TH ST & WALNUT ST,10,1,0,2,1,1,0,0,35,0,0,0,0,0,4,2,7
,2024-054118,39.74776188,-105.0050632,12/7/2024 21:15,21:15,12,0,0,AURARIA PKWY & 11TH ST,1,3,0,0,1,4,0,0,35,0,0,0,0,0,4,2,13
,2024-054119,39.75269495,-104.9876788,10/6/2024 23:35,23:35,10,0,0,CURTIS ST & 22ND ST,1,3,0,0,1,3,0,0,25,0,0,0,0,0,4,2,16
,2024-054135,39.77653961,-105.0064342,12/8/2024 2:32,2:32,3,0,0,W 44TH AVE & N PECOS ST,1,3,0,0,1,1,0,0,35,0,0,0,0,0,4,2,13
,2024-054138,39.73688788,-104.9823025,11/15/2024 18:00,18:00,12,0,0, LOGAN ST & E 13TH AVE,1,3,0,0,1,3,0,0,,0,0,0,0,0,4,2,16
,2024-054143,39.77660063,-104.7721505,12/7/2024 17:39,17:39,12,0,0, TOWER RD & E 45TH AVE,1,3,0,0,1,4,0,0,35,0,0,0,0,0,4,2,3
,2024-054144,39.74167218,-104.9798962,12/4/2024 15:04,15:04,11,0,1,E 16TH AVE & N PEARL ST,1,1,0,0,1,9,0,0,0,0,0,1,0,1,4,1,16
,2024-054145,39.76132499,-105.004612,12/5/2024 15:55,15:55,12,0,0,I-25 & 20TH ST,1,1,0,0,1,4,0,0,55,0,0,0,0,0,1,2,10
,2024-054149,39.77814831,-104.9015763,11/24/2024 2:15,2:15,15,0,0,I-70 EB ON RAMP FROM  QUEBEC ST & EB ON RAMP MERGE PT,1,3,0,0,1,8,0,0,,0,0,0,0,0,1,2,16
,2024-054151,39.71703343,-104.8959963,12/8/2024 4:00,4:00,5,0,0,E LOWRY BLVD & E FAIRMOUNT DR,1,3,0,0,2,4,0,0,35,0,0,0,0,0,4,1,14
,2024-054152,39.78052552,-104.9614778,12/8/2024 12:38,12:38,15,0,0,I-70 & WB OFF RAMP EXT TO N BRIGHTON BLVD,1,1,0,7,1,4,0,0,55,0,0,0,0,0,1,3,10
,2024-054153,39.70027604,-104.9082185,12/8/2024 18:18,18:18,1,0,0,LEETSDALE DR & S ONEIDA ST,1,3,0,0,1,1,0,0,35,0,0,0,0,0,2,2,11
,2024-054154,39.71206226,-104.9996665,12/7/2024 19:30,19:30,12,0,0,I-25 & W ALAMEDA AVE,1,3,0,0,1,4,0,0,,0,0,0,0,0,1,5,16
,2024-054155,39.77146241,-104.7520359,11/29/2024 1:30,1:30,6,0,0,20382 E 40TH PL & N IRELAND ST,1,3,0,0,1,4,0,0,,0,0,0,0,0,4,2,16
,2024-054156,39.65051386,-105.0530749,12/6/2024 16:50,16:50,1,0,1, SHERIDAN BLVD & W KENYON AVE,1,1,0,0,1,1,0,0,35,0,0,0,0,1,4,3,16
,2024-054157,39.77630558,-104.8840943,12/7/2024 22:01,22:01,12,0,0,I-70 EB OFF RAMP & N CENTRAL PARK BLVD,1,3,1,0,1,8,0,0,55,0,0,0,0,0,1,2,3
,2024-054161,39.70749216,-104.973374,12/4/2024 15:00,15:00,11,0,1,E VIRGINIA AVE & S DOWNING ST,1,1,0,0,1,1,0,0,25,0,1,0,0,1,4,1,3
,2024-054162,39.68949238,-105.0250606,12/8/2024 13:20,13:20,15,0,0, FEDERAL BLVD & W FLORIDA AVE,1,1,0,0,1,1,0,0,40,0,0,0,0,0,2,2,7
,2024-054167,39.7435665,-104.9407843,12/7/2024 16:44,16:44,15,0,0, COLORADO BLVD & E 17TH AVE,1,3,0,0,1,3,0,0,35,0,0,0,0,0,2,2,14
,2024-054168,39.77513469,-104.9541452,12/8/2024 0:58,0:58,11,0,0, CLAYTON ST & E 42ND AVE,1,3,0,0,1,14,0,0,0,0,0,1,0,0,4,1,16
,2024-054170,39.6810993,-105.0227096,12/7/2024 2:43,2:43,6,0,0, DECATUR ST & W ASBURY AVE,1,4,0,0,1,4,0,0,25,0,0,0,0,0,4,3,1
,2024-054173,39.69311534,-105.0250363,12/5/2024 11:03,11:03,15,0,0, FEDERAL BLVD & W LOUISIANA AVE,1,1,0,0,1,1,0,0,40,0,0,0,0,0,2,2,10
,2024-054175,39.69252938,-104.9405487,11/30/2024 15:20,15:20,12,0,0, COLORADO BLVD & E LOUISIANA AVE,1,2,0,0,1,3,0,0,35,0,0,0,0,0,2,3,16
,2024-054182,39.61696024,-105.0911223,12/6/2024 12:54,12:54,12,0,0, WADSWORTH BLVD & W CRESTLINE AVE,1,1,0,0,1,4,0,0,45,0,0,0,0,0,2,2,14
,2024-054183,39.75269668,-104.9874368,12/7/2024 10:48,10:48,15,0,1,22ND ST & N BROADWAY ST,1,1,0,0,1,1,0,0,25,0,0,0,0,2,4,2,5
,2024-054185,39.73686608,-104.9741412,12/7/2024 23:02,23:02,10,0,0,E 13TH AVE & N CORONA ST,1,3,0,0,1,1,0,0,25,0,0,0,0,0,4,2,3
,2024-054191,39.74948334,-104.9757599,12/7/2024 19:45,19:45,2,0,0,E 22ND AVE & N EMERSON ST,1,3,0,0,1,3,0,0,,1,0,0,0,0,4,1,16
,2024-054194,39.77982958,-104.9495375,12/7/2024 14:20,14:20,1,0,5, STEELE ST & E 46TH S AVE,1,1,0,0,1,1,0,0,30,0,0,0,0,2,2,2,14
,2024-054197,39.74676878,-104.9918485,12/7/2024 22:54,22:54,15,0,0,17TH ST & STOUT ST,1,3,0,0,1,1,0,0,20,0,0,0,0,0,4,2,14
,2024-054198,39.76911722,-104.9952968,12/8/2024 2:30,2:30,12,0,1,W 38TH AVE & N FOX ST,1,3,0,0,1,1,0,0,35,0,0,0,0,1,1,2,13
,2024-054199,39.75023737,-104.9873903,12/8/2024 2:11,2:11,3,0,1, BROADWAY ST & STOUT ST,1,3,0,0,1,1,0,0,25,0,0,0,0,2,4,2,7
,2024-054204,39.75122251,-105.0173775,12/7/2024 18:36,18:36,15,0,0,W 23RD AVE & I-25 SB RAMPS,1,3,0,0,1,1,0,0,25,0,0,0,0,0,4,2,11
,2024-054210,39.78310385,-104.9005906,12/7/2024 17:03,17:03,1,0,0, NORTHFIELD QUEBEC ST & I-270,1,1,2,0,1,3,0,0,40,0,0,0,0,0,2,2,16
,2024-054217,39.76446171,-104.9525071,12/5/2024 13:00,13:00,8,0,1,E BRUCE RANDOLPH AVE & N ST PAUL ST,1,1,0,0,6,3,0,0,30,0,0,0,0,2,4,5,16
,2024-054223,39.74000118,-104.9774982,12/5/2024 22:08,22:08,12,0,0,E COLFAX AVE & N CLARKSON ST,1,3,0,0,1,3,0,0,30,0,0,0,0,0,2,2,16
,2024-054235,39.78191364,-104.8108051,11/10/2024 1:11,1:11,6,0,0,E 50TH AVE & N FRASER WY,10,4,0,0,1,4,0,0,20,0,0,0,0,0,4,2,16
,2024-054312,39.68530524,-104.9582032,12/6/2024 3:03,3:03,5,0,0,I-25 NB OFF RAMP & S UNIVERSITY BLVD,1,3,1,0,6,8,0,0,60,0,0,0,0,0,4,1,14
,2024-054313,39.75612731,-104.9919627,12/7/2024 14:50,14:50,5,0,0,BLAKE ST & 22ND AVE,1,1,0,0,3,4,0,0,25,0,0,0,0,0,4,1,3
,2024-054332,39.62859322,-104.9042284,12/6/2024 14:21,14:21,12,0,1,I-25 & I-225 COLLECTOR RAMP ENT,1,1,0,0,1,4,0,0,65,0,0,0,0,1,1,3,13
,2024-054335,39.77988801,-104.9671647,12/6/2024 13:00,13:00,10,0,0, BRIGHTON BLVD & E 46TH S AVE,1,1,0,0,1,1,0,0,,0,0,0,0,0,2,2,16
,2024-054336,39.71465958,-104.9406152,12/7/2024 3:36,3:36,12,0,0,LEETSDALE DR & S COLORADO BLVD,1,3,1,0,1,3,0,0,,0,0,0,0,0,2,2,14
,2024-054337,39.77966188,-104.9281849,11/19/2024 16:00,16:00,15,0,0,I-70 & MM 277.2,1,1,0,0,1,13,0,0,55,0,0,0,0,0,1,2,16
,2024-054343,39.71055598,-105.0465275,12/8/2024 9:04,9:04,6,0,0,W NEVADA PL & S UTICA ST,1,4,0,0,1,4,0,0,20,0,0,0,0,0,4,2,16
,2024-054346,39.77586182,-104.8663776,12/6/2024 11:46,11:46,12,0,0,I-70 & N HAVANA ST,1,1,0,0,1,4,0,0,55,0,0,0,0,0,1,2,10
,2024-054347,39.7874587,-104.8524347,12/9/2024 11:01,11:01,6,0,0, NOME ST & E 51ST AVE,1,1,0,0,1,2,0,0,30,0,0,0,0,0,4,2,11
,2024-054348,39.76467599,-104.9536423,12/7/2024 8:24,8:24,6,0,0, FILLMORE ST & E BRUCE RANDOLPH AVE,1,1,0,0,1,4,0,0,20,0,0,0,0,0,4,3,1
,2024-054349,39.78352601,-105.0312739,12/6/2024 17:00,17:00,12,0,0,I-70 & N FEDERAL BLVD,1,3,0,0,1,4,0,0,,0,0,0,0,0,1,3,16
,2024-054350,39.65305821,-104.885051,12/2/2024 19:59,19:59,12,0,0,E HAMPDEN AVE & S YOSEMITE ST,1,3,0,0,1,3,0,0,45,0,0,0,0,0,2,3,16
,2024-054352,39.75104341,-104.9407644,12/9/2024 19:49,19:49,12,0,1, COLORADO BLVD & E 23RD AVE,4,3,0,2,1,3,0,0,20,0,0,0,0,1,2,2,13
,2024-054354,39.75355882,-105.0205223,11/20/2024 22:40,22:40,3,0,0, CLAY ST & W 25TH AVE,1,4,0,0,1,9,0,0,,0,0,0,0,0,4,2,16
,2024-054359,39.73420714,-104.9350005,12/6/2024 15:30,15:30,15,0,0, CLERMONT ST & E 12TH AVE,1,2,0,0,1,4,0,0,25,0,0,0,0,0,4,2,13