id,drcog_id,latitude,longitude,crashtime,time,crashtype,numbkilled,numbinjurd,drcoglocat,rdconditin,lightngcon,roadcntgrd,weatherco,location,roaddescrp,schoolzone,constrzone,splimit,bikeinv,pedinv,sctrinv,motoinv,svrty,rdsystem,ttlvehcls,hcf
,2024-054361,39.73813101,-105.0141057,12/5/2024 4:49,4:49,15,0,1,I-25 & W COLFAX AVE,1,3,1,0,1,4,0,0,55,0,0,0,0,3,1,4,16
,2024-054362,39.76751657,-105.0080249,12/8/2024 17:58,17:58,6,0,0, QUIVAS ST & W 33RD AVE,1,4,1,0,1,4,0,0,25,0,0,0,0,0,4,6,13
,2024-054365,39.74488763,-104.9874171,12/7/2024 8:30,8:30,15,0,0,E 18TH AVE & N BROADWAY ST,1,1,0,0,1,1,0,0,30,0,0,0,0,0,4,2,3
,2024-054369,39.65302614,-104.9129217,12/4/2024 19:20,19:20,11,0,0, MONACO ST PKWY & E HAMPDEN AVE,1,3,0,0,1,1,0,0,35,0,1,0,0,0,2,1,13
,2024-054371,39.74397854,-105.0509241,12/9/2024 6:56,6:56,11,0,0, YATES ST & W 17TH AVE,1,2,0,0,1,1,0,0,20,0,0,1,0,0,4,1,11
,2024-054372,39.68939987,-104.99233,12/9/2024 9:10,9:10,12,0,1,W FLORIDA AVE & S SANTA FE DR,1,1,0,0,1,3,0,0,30,0,0,0,0,1,2,2,7
,2024-054373,39.70347089,-105.020387,12/8/2024 10:45,10:45,6,0,0, CLAY ST & W EXPOSITION AVE,1,1,0,0,1,4,0,0,20,0,0,0,0,0,4,2,16
,2024-054377,39.74323939,-104.9684481,12/7/2024 11:50,11:50,3,0,0,E 17TH AVE & N FRANKLIN ST,1,1,0,0,1,1,0,0,30,0,0,0,0,0,4,2,13
,2024-054380,39.77744397,-104.8239186,12/9/2024 16:02,16:02,10,0,0,E 44TH AVE & E ANDREWS DR,1,3,0,0,1,1,0,0,25,0,0,0,0,0,4,2,11
,2024-054382,39.7216598,-105.0088586,12/6/2024 10:43,10:43,12,0,0,I-25 & NB OFF RAMP EXT TO W 6TH AVE,1,1,0,0,1,4,0,0,45,0,0,0,0,0,1,2,13
,2024-054387,39.6782019,-105.0298058,12/9/2024 9:10,9:10,3,0,0, IRVING ST & W EVANS AVE,1,1,0,0,1,1,0,0,30,0,0,0,0,0,4,2,3
,2024-054388,39.71227573,-104.8974871,12/9/2024 19:30,19:30,5,0,0,E CEDAR AVE & S TRENTON ST,4,3,0,2,3,1,0,0,,0,0,0,0,0,4,1,16
,2024-054389,39.72893958,-104.9928585,11/14/2024 18:12,18:12,3,0,0, DELAWARE ST & W 8TH AVE,1,3,0,0,1,1,0,0,35,0,0,0,0,0,4,2,16
,2024-054390,39.78377837,-104.7946523,12/5/2024 14:51,14:51,1,0,0,E GREEN VALLEY RANCH BLVD & N AIRPORT WY,1,1,0,0,1,1,0,0,40,0,0,0,0,0,4,2,13
,2024-054392,39.6529766,-104.918995,12/9/2024 11:41,11:41,3,0,0,E HAMPDEN AVE & I-25 SB RAMPS,1,1,0,0,1,1,0,0,40,0,0,0,0,0,2,2,11
,2024-054398,39.72561343,-105.0129415,12/9/2024 6:19,6:19,12,0,0,I-25 NB ON RAMP FROM EB W 6TH AVE & W 6TH AVE UNDERPASS,1,3,1,0,1,8,0,0,45,0,0,0,0,0,4,2,13
,2024-054399,39.7800495,-104.9409017,11/12/2024 15:38,15:38,5,0,0,I-70 & N COLORADO BLVD,1,1,0,0,3,4,0,0,55,0,0,0,0,0,1,1,16
,2024-054400,39.76184535,-104.9293908,12/6/2024 13:27,13:27,3,0,1, ELM ST & E MLK JR BLVD,1,1,0,0,1,1,0,0,25,0,0,0,0,3,4,2,16
,2024-054405,39.74481182,-104.9649482,12/6/2024 10:23,10:23,15,0,0,E 18TH AVE & N HIGH ST,1,1,0,0,1,4,0,0,30,0,0,0,0,0,4,2,11
,2024-054410,39.70037039,-105.048191,11/21/2024 17:09,17:09,12,0,3,MORRISON RD & W KENTUCKY AVE,1,3,0,0,1,3,0,0,,0,0,0,0,1,4,3,16
,2024-054411,39.74595945,-104.9734342,12/3/2024 10:20,10:20,8,0,0,1010 E 19TH AVE & N DOWNING ST,1,1,0,0,1,2,0,0,30,0,0,0,0,0,4,2,1
,2024-054412,39.71100797,-104.9507724,11/26/2024 12:39,12:39,3,0,4,3131 E ALAMEDA AVE & S STEELE ST,1,1,0,0,1,2,0,0,,0,0,0,0,1,4,2,14
,2024-054414,39.69674261,-105.024365,12/7/2024 15:00,15:00,10,0,0,W MISSISSIPPI AVE & S FEDERAL BLVD,1,2,0,0,1,2,0,0,25,0,0,0,0,0,4,2,13
,2024-054417,39.77483239,-104.8469361,11/24/2024 20:30,20:30,15,0,0,I-70 WB OFF RAMP & N PEORIA ST,11,3,1,2,1,1,0,0,40,0,0,0,0,0,1,2,13
,2024-054419,39.68357808,-104.9347289,12/9/2024 15:52,15:52,15,0,0, CLERMONT ST & E UTAH PL,1,2,3,0,1,4,0,0,20,0,0,0,0,0,4,2,13
,2024-054420,39.76648606,-105.0346352,12/9/2024 12:12,12:12,3,0,0,W 36TH AVE & N LOWELL BLVD,1,1,0,0,1,1,0,0,25,0,0,0,0,0,4,2,11
,2024-054426,39.66194478,-104.9129695,12/9/2024 12:50,12:50,5,0,0, MONACO ST PKWY & E COLUMBIA PL,1,1,0,0,2,1,0,1,30,0,0,0,0,0,4,1,8
,2024-054427,39.7323131,-104.9729798,12/8/2024 23:03,23:03,6,0,0, DOWNIING ST & E 10TH AVE,1,3,0,0,2,4,0,0,30,0,0,0,0,0,4,3,4
,2024-054428,39.63537722,-104.8941631,12/5/2024 14:27,14:27,15,0,0,I-225 & S TAMARAC ST,1,1,1,0,1,4,0,0,55,0,0,0,0,0,1,2,1
,2024-054429,39.7403372,-105.0410166,12/4/2024 7:10,7:10,12,0,0,W COLFAX AVE & N QUITMAN ST,1,1,0,0,1,4,0,0,30,0,0,0,0,0,2,2,16
,2024-054432,39.77290599,-104.9498248,11/29/2024 14:18,14:18,11,0,1,E 40TH AVE & N STEELE ST,1,1,0,0,1,1,0,0,,0,1,0,0,3,4,1,16
,2024-054433,39.70401892,-105.0298069,12/5/2024 19:23,19:23,3,0,0, IRVING ST & W EXPOSITION AVE,1,3,0,0,1,1,0,0,30,0,0,0,0,0,4,2,13
,2024-054439,39.78982708,-104.8242793,12/6/2024 15:18,15:18,1,0,0, CARSON ST & E 52ND AVE,1,1,0,0,1,4,0,0,20,0,0,0,0,0,4,2,13
,2024-054490,39.74588,-105.00261,11/20/2024 18:52,18:52,15,0,0,LARIMER ST & 12TH ST,1,3,0,0,1,1,0,0,,0,0,0,0,0,4,2,11
,2024-054513,39.70684999,-104.8753628,11/13/2024 15:35,15:35,11,1,0,DAYTON ST (600 ) & E CENTER AVE,1,1,0,0,1,2,0,0,25,0,1,0,0,4,4,1,3
,2024-054520,39.62960596,-104.9050966,11/16/2024 2:09,2:09,9,1,0,I-225 & MM 0,1,3,1,0,2,4,0,0,60,0,0,0,1,4,1,1,13
,2024-054527,39.69657789,-104.9407755,12/9/2024 11:15,11:15,3,0,0,E MISSISSIPPI AVE & S COLORADO BLVD,1,1,0,0,1,2,0,0,25,0,0,0,0,0,4,2,3
,2024-054529,39.7170246,-104.8955714,12/9/2024 15:30,15:30,3,0,0,E LOWRY BLVD & E FAIRMOUNT DR,1,1,0,0,1,1,0,0,30,0,0,0,0,0,4,2,3
,2024-054530,39.70224712,-105.0532534,12/10/2024 8:28,8:28,12,0,0, SHERIDAN BLVD & W OHIO AVE,5,1,1,0,1,4,0,0,,0,0,0,0,0,2,3,16
,2024-054532,39.7981459,-104.8405252,12/9/2024 21:11,21:11,5,0,0,E 56TH AVE & N TUCSON ST,4,3,0,2,6,4,0,0,40,0,0,0,0,0,4,2,14
,2024-054534,39.77966216,-104.9673603,11/28/2024 20:15,20:15,12,0,0,I-70 EB OFF RAMP & N BRIGHTON BLVD,1,3,0,0,1,8,0,0,,0,0,0,0,0,1,2,16
,2024-054536,39.67663258,-104.9593916,12/10/2024 7:48,7:48,5,0,0, UNIVERSITY BLVD & E WARREN AVE,5,1,0,2,3,1,0,0,35,0,0,0,0,0,4,1,1
,2024-054540,39.71808233,-104.9511325,12/10/2024 14:15,14:15,1,0,1,E 1ST AVE & N ST PAUL ST,1,1,0,0,1,1,0,0,30,0,0,0,0,2,4,2,13
,2024-054544,39.74008669,-104.8905516,10/3/2024 6:35,6:35,3,0,0, VERBENA ST & E COLFAX AVE,1,3,0,0,1,1,0,0,30,0,0,0,0,0,2,2,1
,2024-054545,39.74514728,-105.0095674,12/9/2024 15:10,15:10,12,0,0,AURARIA PKWY & 7TH ST,1,1,0,0,1,1,0,0,35,0,0,0,0,0,4,2,3
,2024-054546,39.68229411,-105.0531909,12/10/2024 18:59,18:59,1,0,0, SHERIDAN BLVD & W JEWELL AVE,2,3,0,2,1,1,0,0,35,0,0,0,0,0,2,2,11
,2024-054547,39.6924084,-104.9035108,12/10/2024 0:30,0:30,6,0,0,1211  QUEBEC WY & E LOUISIANA AVE,4,3,3,0,1,4,0,0,,0,0,0,0,0,4,2,16
,2024-054553,39.79837092,-104.8593761,12/9/2024 23:18,23:18,14,0,0,E 56TH AVE & W OSWEGO ST,4,4,0,2,1,4,0,0,45,0,0,0,0,0,4,2,14
,2024-054554,39.73120383,-105.0217334,12/10/2024 9:23,9:23,6,0,0, DECATUR ST & W 9TH AVE,7,1,0,0,1,1,0,0,20,0,0,0,0,0,4,2,7
,2024-054557,39.74340981,-104.9139542,12/10/2024 8:45,8:45,3,0,0, LOCUST ST & E 17TH AVE,4,1,0,2,1,1,0,0,25,0,0,0,0,0,4,2,13
,2024-054558,39.73282064,-104.9927591,12/10/2024 10:10,10:10,6,0,0, SPEER BLVD & N DELAWARE ST,12,1,0,0,1,4,0,0,,0,0,0,0,0,4,2,16
,2024-054563,39.77157325,-104.8851531,12/9/2024 20:29,20:29,12,0,1, CENTRAL PARK BLVD & E 36TH AVE,4,3,1,2,1,4,0,0,35,0,0,0,0,2,4,2,7
,2024-054564,39.77292483,-104.865815,12/10/2024 16:03,16:03,1,0,0, HAVANA ST & E 40TH AVE,1,1,0,0,1,1,0,0,35,0,0,0,0,0,4,2,11
,2024-054565,39.77803209,-104.8468486,12/10/2024 16:12,16:12,3,0,0,E 45TH AVE & N PEORIA ST,1,3,0,0,1,1,0,0,20,0,0,0,0,0,4,2,11
,2024-054566,39.68854702,-104.9710473,12/10/2024 17:53,17:53,15,0,0,I-25 SB OFF RAMP TO  UNIVERSITY BLVD & SB OFF RAMP MERGE PT,1,3,0,0,1,8,0,0,55,0,0,0,0,0,1,2,13
,2024-054570,39.77230535,-104.8837805,12/9/2024 20:30,20:30,15,0,0, CENTRAL PARK BLVD & E 36TH AVE,4,3,1,2,1,4,0,0,35,0,0,0,0,0,4,3,7
,2024-054571,39.73530306,-104.9986738,12/9/2024 9:59,9:59,15,0,0, SANTA FE DR & W 12TH AVE,1,1,0,0,1,4,0,0,30,0,0,0,0,0,2,2,3
,2024-054573,39.73727788,-104.8846671,12/10/2024 8:56,8:56,3,0,0,E 13TH AVE & N YOSEMITE ST,11,1,0,0,1,1,0,0,20,0,0,0,0,0,4,2,11
,2024-054576,39.74040615,-105.0520772,12/10/2024 12:28,12:28,5,0,0,W COLFAX AVE & N ZENOBIA ST,4,1,0,0,6,1,0,0,30,0,0,0,0,0,2,1,16
,2024-054582,39.77669487,-105.0307236,12/10/2024 8:22,8:22,12,0,0,W 44TH AVE & N JULIAN ST,4,1,0,0,1,4,0,0,30,0,0,0,0,0,4,2,13
,2024-054585,39.71129111,-105.0384858,12/10/2024 9:30,9:30,3,0,0, OSCEOLA ST & W ALAMEDA AVE,4,1,1,0,1,1,0,0,25,0,0,0,0,0,2,2,13
,2024-054586,39.72452992,-105.0312614,12/10/2024 8:27,8:27,6,0,0,3315 W 5TH AVE & N JULIAN ST,4,1,0,0,1,4,0,0,25,0,0,0,0,0,4,2,13
,2024-054587,39.66050148,-105.0158207,12/10/2024 8:56,8:56,3,0,1, ZUNI ST & W DARTMOUTH AVE,4,1,1,0,1,1,0,0,30,0,0,0,0,2,4,2,1
,2024-054589,39.73972745,-104.9776358,12/9/2024 15:30,15:30,3,0,0, CLARKSON ST & E COLFAX AVE,1,1,0,0,1,2,0,0,20,0,0,0,0,0,4,2,13
,2024-054590,39.70652603,-104.9197436,12/9/2024 13:30,13:30,5,0,0,LEETSDALE DR & S JERSEY ST,1,1,0,0,2,4,0,0,35,0,0,0,0,0,2,1,14
,2024-054591,39.75468881,-104.8479461,12/10/2024 15:06,15:06,9,0,1,E MLK JR BLVD & N PEORIA ST,4,1,0,0,1,4,0,0,25,0,0,0,0,2,4,1,13
,2024-054592,39.68139139,-104.9925955,12/9/2024 21:19,21:19,12,0,0, SANTA FE DR & W JEWELL AVE,4,3,0,2,1,4,0,0,55,0,0,0,0,0,2,2,1
,2024-054594,39.63828516,-104.8947947,12/8/2024 22:56,22:56,5,0,1, TAMARAC ST & E QUINCY AVE,1,3,0,0,3,4,0,0,35,0,0,0,0,2,4,1,14
,2024-054596,39.78363143,-104.7710469,12/4/2024 22:23,22:23,15,0,0,E GREEN VALLEY RANCH BLVD & N TOWER RD,1,3,0,0,1,2,0,0,45,0,0,0,0,0,4,2,13
,2024-054601,39.77767572,-104.9582374,12/10/2024 14:12,14:12,3,0,1,E 44TH AVE & N JOSEPHINE ST,1,1,0,0,1,1,0,0,25,0,0,0,0,1,4,2,14
,2024-054602,39.78238977,-104.8470106,12/10/2024 8:21,8:21,3,0,0,E ALBROOK DR & PEORIA ST,14,5,3,7,1,2,0,0,10,0,0,0,0,0,4,2,13
,2024-054619,39.76941293,-105.0302482,12/10/2024 13:17,13:17,15,0,0,W 38TH AVE & N IRVING ST,4,1,0,0,1,4,0,0,35,0,0,0,0,0,4,2,13
,2024-054627,39.63447369,-105.0816163,12/10/2024 9:03,9:03,3,0,0, WADSWORTH BLVD & W STANFORD AVE,4,1,0,0,1,1,0,0,25,0,0,0,0,0,2,2,7
,2024-054634,39.72773952,-104.9882872,12/3/2024 13:30,13:30,11,0,1,W SPEER BLVD & N BROADWAY ST,1,1,0,0,3,9,0,0,15,0,0,1,0,2,4,1,16
,2024-054659,39.72532914,-105.0160154,12/6/2024 15:53,15:53,12,0,0,W 6TH AVE & I-25,1,2,1,0,1,4,0,0,45,0,0,0,0,0,2,2,16
,2024-054661,39.78004224,-104.9839223,11/14/2024 3:53,3:53,11,0,1,I-70 WB COLLECTOR RAMP & WB ON RAMP ENT FROM N WASHINGTON ST,1,4,1,0,1,8,0,0,,0,1,0,0,3,1,1,16
,2024-054664,39.75067131,-104.9920363,12/10/2024 8:13,8:13,3,0,0,19TH ST & ARAPAHOE ST,4,1,0,0,1,1,0,0,25,0,0,0,0,0,4,2,14
,2024-054665,39.78413,-104.89188,11/21/2024 16:34,16:34,16,0,0,8298 E NORTHFIELD BLVD,1,1,0,0,5,7,0,0,,1,0,0,0,1,3,1,9
,2024-054668,39.74018289,-104.9981285,12/9/2024 21:39,21:39,3,0,1,W COLFAX AVE & N SPEER BLVD,5,3,3,2,1,1,0,0,30,0,0,0,0,1,2,2,16
,2024-054669,39.74618831,-104.9825785,12/3/2024 15:00,15:00,6,0,0,E 19TH AVE & N LOGAN ST,1,1,0,0,1,4,0,0,35,0,0,0,0,0,4,2,16
,2024-054676,39.69628316,-104.897391,12/1/2024 7:29,7:29,12,0,0, PARKER RD & E MISSISSIPPI AVE,1,1,0,0,1,3,0,0,,0,0,0,0,0,2,2,16
,2024-054683,39.7450439,-105.0097044,12/9/2024 15:10,15:10,12,0,0,AURARIA PKWY & 7TH ST,1,1,0,0,1,4,0,0,35,0,0,0,0,0,4,2,3
,2024-054686,39.79835849,-104.7816046,12/8/2024 19:20,19:20,15,0,0,E 56TH AVE & N TELLURIDE ST,1,4,0,0,1,4,0,0,45,0,0,0,0,0,4,3,16
,2024-054746,39.73829609,-104.9257816,11/30/2024 22:28,22:28,3,0,3,E 14TH AVE & N GLENCOE ST,1,3,0,0,1,1,0,0,25,0,0,0,0,3,4,2,16
,2024-054770,39.74104965,-105.0143778,12/10/2024 10:09,10:09,12,0,2,I-25 & W COLFAX AVE,2,1,0,0,1,4,0,0,55,0,0,0,0,1,1,2,11
,2024-054773,39.68584486,-105.0063209,12/3/2024 23:09,23:09,16,0,0,1700  PECOS ST,1,3,0,0,5,4,0,0,10,0,0,0,0,0,3,1,13
,2024-054780,39.79838152,-104.9014814,11/21/2024 16:45,16:45,12,0,0,E 56TH AVE & N ROSLYN ST,1,2,0,0,1,4,0,0,40,0,0,0,0,0,4,2,3
,2024-054782,39.70669056,-104.9967441,11/26/2024 15:19,15:19,15,0,0, KALAMATH ST & I-25 NB UNDERPASS,1,1,0,0,1,4,0,0,45,0,0,0,0,0,2,2,16
,2024-054783,39.71431007,-105.020337,12/3/2024 14:55,14:55,5,0,1, CLAY ST & W BAYAUD AVE,13,1,1,0,2,4,0,0,20,0,0,0,0,2,4,2,9
,2024-054784,39.7554915,-104.9910464,12/8/2024 1:30,1:30,5,0,0,22ND ST & MARKET ST,1,3,0,0,3,1,0,0,,0,0,0,0,0,4,1,16
,2024-054793,39.77973689,-104.9783749,12/11/2024 9:39,9:39,12,0,0,I-70 & N WASHINGTON ST,1,1,0,0,1,4,0,0,55,0,0,0,0,0,1,2,7
,2024-054794,39.82005063,-104.7712419,12/10/2024 22:18,22:18,6,0,0,E 68TH AVE & N TOWER RD,1,3,0,0,1,4,0,0,25,0,0,0,0,0,4,2,16
,2024-054797,39.74058747,-105.0235704,12/11/2024 15:58,15:58,3,0,0,W COLFAX AVE & N ELIOT ST,1,1,0,0,1,1,0,0,35,0,0,0,0,0,2,2,3
,2024-054798,39.71123598,-105.0238463,12/11/2024 15:38,15:38,15,0,0,2900 W ALAMEDA AVE & S ELIOT ST,1,1,0,0,1,4,0,0,35,0,0,0,0,0,2,2,13
,2024-054804,39.74033862,-105.0393188,12/10/2024 17:50,17:50,16,0,0,1490  PERRY ST & W COLFAX AVE,1,3,0,0,5,7,0,0,10,0,0,0,0,0,3,1,13
,2024-054805,39.78227809,-104.8613259,12/10/2024 18:02,18:02,3,0,1, JOLIET ST & E 47TH AVE,4,3,3,0,1,1,0,0,35,0,0,0,0,1,4,2,11
,2024-054806,39.73681745,-104.9574417,12/11/2024 17:30,17:30,3,0,0, COLUMBINE ST & E 13TH AVE,1,2,0,0,1,1,0,0,30,0,0,0,0,0,4,2,13
,2024-054814,39.84817851,-104.6821065,12/10/2024 9:19,9:19,6,0,0,8400 PENA BLVD,1,1,0,0,5,2,0,0,10,0,0,0,0,0,3,2,16
,2024-054816,39.77339214,-104.8470281,12/9/2024 16:06,16:06,15,0,0, PEORIA ST & I-70 EB RAMPS,1,1,0,0,1,1,0,0,35,0,0,0,0,0,4,2,7
,2024-054817,39.78464276,-104.9895156,12/10/2024 11:27,11:27,12,0,0,I-25 & MM 214,1,1,0,0,1,4,0,0,55,0,0,0,0,0,1,2,1
,2024-054818,39.62802345,-104.8999175,12/10/2024 9:01,9:01,15,0,0,E UNION AVE & S SYRACUSE ST,4,1,0,0,1,3,0,0,35,0,0,0,0,0,4,7,1
,2024-054821,39.70203361,-104.9593338,12/11/2024 14:44,14:44,3,0,1,E OHIO AVE & S UNIVERSITY BLVD,1,1,0,0,1,1,0,0,30,0,0,0,0,1,4,3,13
,2024-054822,39.62415061,-104.8887583,12/10/2024 9:36,9:36,3,0,1,E BELLEVIEW AVE & S WABASH ST,4,1,1,0,1,1,0,0,35,0,0,0,0,1,4,3,14
,2024-054823,39.67158343,-104.8753151,12/10/2024 7:03,7:03,6,0,0,E HARVARD AVE & S DAYTON WY,4,1,0,2,4,1,0,0,30,0,0,0,0,0,4,2,1
,2024-054824,39.74187383,-104.8963808,12/11/2024 15:29,15:29,6,0,0, TRENTON ST & E 16TH AVE,1,1,3,0,1,4,0,0,,0,0,0,0,0,4,2,16
,2024-054825,39.79843653,-104.7626953,12/10/2024 1:28,1:28,3,0,0, DUNKIRK ST & E 56TH AVE,1,3,0,0,1,1,0,0,40,0,0,0,0,0,4,2,10
,2024-054826,39.71214102,-104.9994428,12/11/2024 10:45,10:45,12,0,1,I-25 NB ON RAMP FROM  SANTA FE DR & NB ON RAMP GORE PT,1,1,1,0,1,8,0,0,55,0,0,0,0,2,2,2,11
,2024-054827,39.83602072,-104.7718921,12/11/2024 5:45,5:45,12,0,0, TOWER RD & PENA BLVD,1,1,0,0,1,4,0,0,40,0,0,0,0,0,4,3,13
,2024-054835,39.69296508,-104.9001122,12/10/2024 3:00,3:00,6,0,0, QUEBEC WY & E ARKANSAS AVE,4,4,0,2,6,4,0,0,30,0,0,0,0,0,4,4,16
,2024-054836,39.71472022,-104.9768535,12/11/2024 18:31,18:31,6,0,1,E BAYAUD AVE & S OGDEN ST,1,3,0,0,1,4,0,0,25,0,0,0,0,2,4,4,16
,2024-054837,39.70155408,-104.9875543,12/11/2024 8:27,8:27,12,0,0,I-25 & MM 207,1,1,1,0,1,4,0,0,55,0,0,0,0,0,1,2,1
,2024-054839,39.78398968,-105.052467,12/10/2024 11:18,11:18,5,0,0,I-70 & N SHERIDAN BLVD,5,1,0,2,2,4,0,0,55,0,0,0,0,0,1,1,7
,2024-054842,39.74514728,-105.0095674,12/10/2024 11:18,11:18,15,0,2,AURARIA PKWY & 7TH ST,4,1,0,0,1,3,0,0,40,0,0,0,0,1,4,3,16
,2024-054846,39.73845977,-104.9976462,12/10/2024 18:43,18:43,11,0,1, SPEER BLVD & W 14TH AVE,1,3,0,6,1,1,0,0,0,0,0,1,0,2,4,1,16
,2024-054847,39.77401551,-104.8815159,12/10/2024 7:29,7:29,3,0,0,E 40TH AVE & N CENTRAL PARK BLVD,4,1,0,0,1,2,0,0,15,0,0,0,0,0,4,2,4
,2024-054851,39.65561293,-104.8692395,9/18/2024 20:24,20:24,2,0,1,10225 E GIRARD AVE & S GALENA ST,1,2,0,0,1,2,0,0,25,1,0,0,0,2,4,1,16
,2024-054938,39.7983393,-104.8501509,10/24/2024 14:46,14:46,1,0,0,E 56TH AVE & N OSWEGO ST,1,1,0,1,1,2,0,0,40,0,0,0,0,0,4,2,13
,2024-054939,39.7783861,-105.0357829,11/1/2024 12:35,12:35,3,0,1, MEADE ST & W 45TH AVE,1,1,0,0,1,1,0,0,25,0,0,0,0,1,4,2,13
,2024-054942,39.69479985,-104.9874109,11/14/2024 13:00,13:00,6,0,0,E ARIZONA AVE & S BROADWAY ST,1,1,0,0,1,4,0,0,,0,0,0,0,0,4,2,10
,2024-054943,39.63260294,-104.8851992,12/3/2024 8:05,8:05,12,0,1, YOSEMITE ST & E UNION AVE,1,1,0,0,1,4,0,0,35,0,0,0,0,3,4,2,1
,2024-054944,39.7508576,-104.9733586,11/27/2024 16:21,16:21,6,0,0, DOWNING ST & E 23RD AVE,1,1,0,0,3,4,0,0,20,0,0,0,0,0,4,2,12
,2024-054945,39.66832415,-104.9406167,11/20/2024 13:17,13:17,1,0,2, COLORADO BLVD & E YALE AVE,1,1,0,0,1,1,0,0,40,0,0,0,0,3,2,4,1
,2024-054948,39.76939187,-104.9024947,11/4/2024 14:58,14:58,16,0,0,3870  QUEBEC ST,1,1,0,0,5,7,0,0,,0,0,0,0,0,3,2,16
,2024-054955,39.70848752,-104.9958715,12/12/2024 9:18,9:18,15,0,0, SANTA FE DR & W ALAMEDA AVE,1,1,0,0,1,4,0,0,35,0,0,0,0,0,2,2,11
,2024-054956,39.77845618,-104.8965008,12/11/2024 5:58,5:58,15,0,0,I-70 & N NORTHFIELD QUEBEC ST,1,3,0,0,1,4,0,0,55,0,0,0,0,0,1,3,13
,2024-054957,39.68960733,-104.9128956,9/10/2024 7:32,7:32,12,0,0, MONACO ST PKWY & E FLORIDA AVE,1,1,0,0,1,4,0,0,30,0,0,0,0,0,4,3,1
,2024-054958,39.67452936,-104.8705529,12/10/2024 9:31,9:31,15,0,0, PARKER RD & E ILIFF AVE,5,1,0,0,1,4,0,0,35,0,0,0,0,0,2,2,14
,2024-054959,39.74136766,-104.9988195,11/16/2024 2:10,2:10,10,0,0, SPEER BLVD & STOUT ST,1,3,0,0,1,1,0,0,35,0,0,0,0,0,4,2,11
,2024-054961,39.787443,-105.011204,12/11/2024 8:53,8:53,3,0,0,W 50TH AVE & N TEJON ST,1,1,0,0,1,1,0,0,30,0,0,0,0,0,4,2,13
,2024-054962,39.74163662,-104.9647575,12/10/2024 13:04,13:04,3,0,1, HIGH ST & E 16TH AVE,4,1,0,6,1,1,0,0,20,0,0,0,0,1,4,2,16
,2024-054967,39.58105475,-104.9970306,11/22/2024 16:49,16:49,12,0,0,W ELATI ST & ELIOT ST,1,1,0,0,1,4,0,0,25,0,0,0,0,0,4,2,16
,2024-054968,39.78025371,-104.9356944,11/19/2024 17:17,17:17,12,0,0,I-70 & N COLORADO BLVD,1,2,0,0,1,4,0,0,,0,0,0,0,0,1,2,16
,2024-054969,39.76558397,-104.9404967,11/21/2024 21:00,21:00,15,0,1, COLORADO BLVD & E 35TH AVE,1,3,3,0,1,3,0,0,35,0,0,0,0,1,2,2,16
,2024-054972,39.72125155,-105.0087191,12/7/2024 19:36,19:36,12,0,0,I-25 & SB ON RAMP ENT FROM W 6TH AVE,1,3,3,0,1,8,0,0,,0,0,0,0,0,1,3,16
,2024-054974,39.65299516,-104.9257471,12/11/2024 9:40,9:40,15,0,0,E HAMPDEN AVE & S GLENCOE ST,1,1,0,0,1,4,0,0,35,0,0,0,0,0,2,2,14
,2024-054977,39.6786458,-105.0248713,11/17/2024 18:00,18:00,3,0,0,W EVANS AVE & S FEDERAL BLVD,1,3,0,0,1,2,0,0,,0,0,0,0,0,4,2,16
,2024-054982,39.71815652,-105.034913,12/12/2024 8:55,8:55,1,0,0, LOWELL BLVD & W 1ST AVE,1,1,0,0,1,1,0,0,20,0,0,0,0,0,4,2,13
,2024-054983,39.68485472,-104.9594474,11/21/2024 17:30,17:30,15,0,0,I-25 & S UNIVERSITY BLVD,1,1,0,5,1,4,0,0,,0,0,0,0,0,1,2,16
,2024-054987,39.77385845,-104.9482268,12/12/2024 13:31,13:31,6,0,0,E 41ST AVE & N COOK ST,1,1,0,0,1,4,0,0,25,0,0,0,0,0,4,2,3
,2024-054988,39.67220047,-104.8687787,11/28/2024 14:05,14:05,10,0,0,E HARVARD AVE & S PARKER RD,1,1,1,0,1,2,0,0,25,0,0,0,0,0,4,2,16
,2024-054994,39.74983795,-104.9258125,11/28/2024 10:14,10:14,6,0,0, GLENCOE ST & E 22ND AVE,1,3,0,0,1,4,0,0,25,0,0,0,0,0,4,3,16
,2024-054996,39.69477866,-104.9913153,11/28/2024 18:04,18:04,5,0,0,1221  CHEROKEE ST & W ARIZONA AVE,1,3,0,0,3,3,0,0,25,0,0,0,0,0,4,1,3
,2024-054997,39.74006141,-104.9381367,11/15/2024 21:38,21:38,8,0,5,E COLFAX AVE & N ASH ST,1,3,0,0,6,4,0,0,35,0,0,0,0,3,2,2,14
,2024-054999,39.68237089,-104.9508145,12/10/2024 10:08,10:08,15,0,0, ST PAUL ST & E JEWELL AVE,4,1,1,0,1,4,0,0,25,0,0,0,0,0,4,2,3
,2024-055000,39.78759377,-104.987583,12/9/2024 17:00,17:00,6,0,0, BROADWAY ST & E 50TH AVE,9,3,0,2,1,4,0,0,,0,0,0,0,0,4,2,16