id,drcog_id,latitude,longitude,crashtime,time,crashtype,numbkilled,numbinjurd,drcoglocat,rdconditin,lightngcon,roadcntgrd,weatherco,location,roaddescrp,schoolzone,constrzone,splimit,bikeinv,pedinv,sctrinv,motoinv,svrty,rdsystem,ttlvehcls,hcf
,2024-055001,39.71111499,-104.9710151,12/10/2024 13:15,13:15,8,0,0,E ALAMEDA AVE & S LAFAYETTE ST,4,1,0,0,6,1,0,0,30,0,0,0,0,0,4,2,1
,2024-055003,39.75507828,-104.9881009,11/14/2024 21:20,21:20,12,0,0,PARK AVE W & LAWRENCE ST,1,3,0,0,1,3,0,0,30,0,0,0,0,0,4,2,16
,2024-055004,39.65439996,-104.8940791,12/10/2024 10:30,10:30,3,0,0, ULSTER ST & E GIRARD AVE,4,1,0,0,1,2,0,0,25,0,0,0,0,0,4,3,14
,2024-055005,39.74380964,-104.8846522,12/11/2024 8:58,8:58,12,0,0, YOSEMITE ST & E 17TH ST,1,1,0,0,1,3,0,0,20,0,0,0,0,0,4,2,13
,2024-055006,39.78017451,-104.9541452,12/7/2024 11:12,11:12,15,0,1,I-70 & N CLAYTON ST,1,1,0,0,1,4,0,0,55,0,0,0,1,3,1,2,11
,2024-055007,39.75809807,-105.0089876,10/31/2024 9:57,9:57,12,0,0,I-25 & N SPEER BLVD,1,1,0,0,1,4,0,0,55,0,0,0,0,0,1,2,16
,2024-055008,39.72388579,-105.0186609,12/10/2024 13:15,13:15,3,0,0, BRYANT ST & W 5TH AVE,1,1,0,0,1,1,0,0,35,0,0,0,0,0,4,2,1
,2024-055009,39.65316731,-104.912912,12/11/2024 10:45,10:45,12,0,0, MONACO ST PKWY & E HAMPDEN AVE,1,1,0,0,1,1,0,0,30,0,0,0,0,0,2,2,3
,2024-055010,39.66027563,-104.8662956,12/9/2024 23:17,23:17,5,0,0, HAVANA ST & E DARTMOUTH AVE,4,3,0,0,3,4,0,0,35,0,0,0,0,0,2,1,16
,2024-055011,39.65439996,-104.8940791,12/10/2024 11:00,11:00,3,0,0, ULSTER ST & E GIRARD AVE,4,1,0,0,1,2,0,0,25,0,0,0,0,0,4,2,14
,2024-055012,39.71800104,-104.9511859,12/10/2024 17:45,17:45,1,0,0,E 1ST AVE & N ST PAUL ST,1,1,0,5,1,1,0,0,30,0,0,0,0,0,4,2,3
,2024-055013,39.66736229,-104.9504048,12/10/2024 10:00,10:00,12,0,0,E YALE AVE & S STEELE ST,4,1,0,0,1,1,0,0,,0,0,0,0,0,4,2,16
,2024-055015,39.75426075,-104.9918464,11/23/2024 22:15,22:15,3,0,0,21ST ST & LARIMER ST,1,3,0,0,1,9,0,0,,0,0,0,0,0,4,2,16
,2024-055017,39.77986235,-104.9738663,11/24/2024 1:51,1:51,12,0,0,I-70 & N FRANKLIN ST,1,3,0,0,1,4,0,0,,0,0,0,0,0,2,2,16
,2024-055018,39.65305234,-104.9047182,11/20/2024 11:00,11:00,10,0,0,E HAMPDEN AVE & S POPLAR ST,1,1,0,0,1,1,0,0,,0,0,0,0,0,2,2,16
,2024-055019,39.73870718,-104.8987481,11/15/2024 23:43,23:43,3,0,0, SYRACUSE ST & E 14TH AVE,1,3,0,0,1,1,0,0,25,0,0,0,0,0,4,2,13
,2024-055020,39.66743967,-104.9464612,12/10/2024 9:59,9:59,1,0,0,E YALE AVE & S MADISON ST,4,1,1,0,1,1,0,0,25,0,0,0,0,0,4,2,13
,2024-055022,39.71839148,-105.053281,12/12/2024 16:32,16:32,1,0,4, SHERIDAN BLVD & W 1ST AVE,1,3,1,0,1,1,0,0,35,0,0,0,0,2,2,2,13
,2024-055023,39.77826197,-104.9792464,11/20/2024 17:00,17:00,12,0,0, WASHINGTON ST & E 45TH AVE,1,2,0,0,1,3,0,0,,0,0,0,0,0,4,2,16
,2024-055024,39.68758267,-104.980442,12/10/2024 9:30,9:30,5,0,0, PEARL ST & E IOWA AVE,1,1,0,0,3,1,0,0,25,0,0,0,0,0,4,1,11
,2024-055025,39.76695548,-104.9745053,12/12/2024 12:45,12:45,3,0,1,35TH ST & LARIMER ST,1,1,0,0,1,1,0,0,25,0,0,0,0,2,4,2,13
,2024-055026,39.74014228,-104.9952705,12/10/2024 17:15,17:15,15,0,0,W COLFAX AVE & N FOX ST,1,1,0,0,1,1,0,0,35,0,0,0,0,0,2,2,11
,2024-055027,39.65307901,-104.8987255,12/11/2024 17:00,17:00,12,0,0,E HAMPDEN AVE & S TAMARAC DR,1,1,0,0,1,1,0,0,,0,0,0,0,0,2,2,16
,2024-055028,39.70388179,-104.9851937,12/11/2024 14:00,14:00,6,0,0,E EXPOSITION AVE & S SHERMAN ST,1,1,0,0,1,4,0,0,20,0,0,0,0,0,4,2,16
,2024-055029,39.82189748,-104.7719489,11/29/2024 20:04,20:04,3,0,2,E 69TH AVE & N TOWER RD,1,4,0,0,1,1,0,0,,0,0,0,0,1,4,2,16
,2024-055031,39.7335755,-104.9529005,11/25/2024 13:25,13:25,3,0,0, FILLMORE ST & E 11TH AVE,1,1,0,0,1,1,0,0,,0,0,0,0,0,4,2,16
,2024-055032,39.70401892,-105.0298069,11/29/2024 2:15,2:15,3,0,0, IRVING ST & W EXPOSITION AVE,1,3,0,0,1,1,0,0,25,0,0,0,0,0,4,2,11
,2024-055034,39.77900704,-104.7424819,11/11/2024 23:54,23:54,6,0,0, MALAYA ST & E 45TH AVE,1,4,0,0,1,4,0,0,,0,0,0,0,0,4,3,16
,2024-055035,39.7739444,-104.8244595,12/6/2024 13:40,13:40,6,0,0,E 43RD AVE & DEEPHAVEN CT,1,1,0,0,1,4,0,0,20,0,0,0,0,0,4,3,1
,2024-055039,39.73398395,-104.9861297,11/20/2024 16:00,16:00,15,0,0, LINCOLN ST & E 11TH AVE,1,1,1,0,1,4,0,0,,0,0,0,0,0,4,2,16
,2024-055040,39.7615224,-104.9027493,11/25/2024 12:59,12:59,12,0,0, QUEBEC ST & E MLK JR BLVD,1,1,0,0,1,4,0,0,45,0,0,0,0,0,4,2,1
,2024-055041,39.73843764,-104.9823169,12/12/2024 19:43,19:43,3,0,0, LOGAN ST & E 14TH AVE,1,3,0,0,1,1,0,0,25,0,0,0,0,0,4,2,10
,2024-055042,39.70765736,-105.0250819,12/6/2024 9:24,9:24,15,0,0, FEDERAL BLVD & W VIRGINIA AVE,1,1,0,1,1,4,0,0,40,0,0,0,0,0,2,2,13
,2024-055043,39.74020726,-104.9211391,12/11/2024 13:15,13:15,10,0,0,E COLFAX AVE & N IVANHOE ST,1,1,0,0,1,1,0,0,30,0,0,0,0,0,2,2,11
,2024-055044,39.77051429,-105.0158862,12/12/2024 15:46,15:46,11,0,1,W 39TH AVE & N ZUNI ST,1,1,0,0,1,1,0,0,0,0,1,0,0,1,4,1,16
,2024-055045,39.78347078,-104.7904843,12/12/2024 10:00,10:00,12,0,0,PENA BLVD IB & E GREEN VALLEY RANCH BLVD,1,1,0,0,1,4,0,0,25,0,0,0,0,0,4,2,13
,2024-055046,39.74745813,-104.8944478,12/12/2024 4:03,4:03,12,0,0,E MONTVIEW BLVD & N TAMARAC ST,1,3,0,0,1,4,0,0,25,0,0,0,0,0,4,2,3
,2024-055047,39.68497908,-105.0250115,12/11/2024 8:58,8:58,12,0,0, FEDERAL BLVD & W COLORADO AVE,1,1,0,0,1,4,0,0,35,0,0,0,0,0,2,3,13
,2024-055048,39.76693295,-104.9549817,12/2/2024 22:30,22:30,8,0,0,E 36TH AVE & N CLAYTON ST,1,4,0,0,1,3,0,0,,0,0,0,0,0,4,2,16
,2024-055049,39.78377523,-104.9406006,12/12/2024 16:33,16:33,3,0,0, COLORADO BLVD & E 48TH AVE,1,3,0,0,1,1,0,0,40,0,0,0,0,0,2,2,13
,2024-055052,39.70815748,-104.9269733,12/10/2024 14:00,14:00,12,0,0,LEETSDALE DR & S FOREST ST,4,1,0,0,1,1,0,0,30,0,0,0,0,0,2,2,3
,2024-055054,39.77031067,-104.9788665,11/28/2024 19:29,19:29,12,0,0, BRIGHTON BLVD & 35TH ST,1,3,0,0,1,3,0,0,,0,0,0,0,0,4,2,16
,2024-055055,39.74378869,-104.9081629,12/2/2024 10:35,10:35,3,0,0, ONEIDA ST & E 17TH AVE,1,1,0,0,1,1,0,0,,0,0,0,0,0,4,2,16
,2024-055057,39.7111974,-104.8945128,12/10/2024 10:30,10:30,12,0,0,E ALAMEDA AVE & S FAIRMOUNT DR,5,1,0,1,1,4,0,0,45,0,0,0,0,0,4,2,14
,2024-055058,39.71743695,-104.9128475,11/26/2024 15:00,15:00,15,0,0, MONACO ST PKWY & E 1ST AVE,1,1,0,0,1,4,0,0,35,0,0,0,0,0,4,2,16
,2024-055059,39.75852068,-105.0346143,12/1/2024 1:55,1:55,3,0,3, LOWELL BLVD & W 29TH AVE,1,3,0,0,1,1,0,0,30,0,0,0,0,3,4,2,16
,2024-055060,39.67847306,-104.9222662,11/27/2024 12:00,12:00,12,0,0,E EVANS AVE & S HOLLY ST,11,1,0,0,1,1,0,0,30,0,0,0,0,0,4,2,1
,2024-055066,39.7030172,-104.9862795,12/11/2024 6:42,6:42,15,0,0, LINCOLN ST & E EXPOSITION AVE,1,1,0,0,1,4,0,0,30,0,0,0,0,0,4,2,11
,2024-055067,39.70272455,-104.9862796,12/11/2024 13:05,13:05,15,0,0, LINCOLN ST & E OHIO AVE,1,1,0,0,1,4,0,0,30,0,0,0,0,0,4,2,8
,2024-055070,39.71421803,-105.0009974,12/12/2024 8:49,8:49,15,0,1,I-25 & W ALAMEDA AVE,1,1,0,0,1,4,0,0,55,0,0,0,0,1,1,2,1
,2024-055071,39.74197875,-104.8987395,12/12/2024 16:57,16:57,3,0,0,E 16TH AVE & N SYRACUSE ST,1,3,0,0,1,1,0,0,25,0,0,0,0,0,4,2,16
,2024-055072,39.65311071,-104.9234735,12/11/2024 9:42,9:42,15,0,0,E HAMPDEN AVE & S HOLLY ST,1,1,0,0,1,4,0,0,35,0,0,0,0,0,2,2,11
,2024-055073,39.65045213,-105.0530756,12/11/2024 7:31,7:31,5,0,0, SHERIDAN BLVD & W KENYON AVE,4,1,0,0,2,4,0,0,30,0,0,0,0,0,4,1,13
,2024-055075,39.78463275,-105.0251913,12/11/2024 22:00,22:00,3,0,0, FEDERAL BLVD & I-70 WB RAMPS,1,3,0,0,1,1,0,0,35,0,0,0,0,0,2,2,13
,2024-055081,39.77288115,-104.9405108,12/7/2024 5:33,5:33,5,2,0,E 40TH AVE & N COLORADO BLVD,1,3,0,0,3,1,0,0,40,0,0,0,0,4,2,1,16
,2024-055082,39.6396039,-104.8851095,12/11/2024 12:30,12:30,12,0,0,I-225 & S YOSEMITE ST,1,1,0,0,1,4,0,0,,0,0,0,0,0,1,2,16
,2024-055084,39.77816764,-104.9889457,12/12/2024 18:46,18:46,15,0,0,I-25 NB ON RAMP TO -70 & I-70 WB,1,3,0,0,1,8,0,0,55,0,0,0,0,0,1,2,1
,2024-055085,39.75332579,-104.9833923,12/10/2024 14:20,14:20,3,0,2,24TH ST & STOUT ST,1,1,0,0,1,1,0,0,20,0,0,0,0,2,4,2,13
,2024-055086,39.77491735,-104.8016329,12/11/2024 4:00,4:00,5,0,0,4255  KITTREDGE ST & E 40TH AVE,1,3,0,0,2,2,0,0,30,0,0,0,0,0,4,1,14
,2024-055090,39.73833614,-104.953992,11/26/2024 16:35,16:35,6,0,0, DETROIT ST & E 14TH AVE,1,1,0,0,1,4,0,0,30,0,0,0,0,0,4,2,16
,2024-055092,39.77530774,-104.8599478,11/15/2024 17:20,17:20,12,0,2,I-70 & WB OFF RAMP ENT TO N HAVANA ST,1,3,0,0,1,4,0,0,55,0,0,0,0,2,1,2,16
,2024-055097,39.71156239,-104.9406226,12/11/2024 13:30,13:30,12,0,1, COLORADO BLVD & E ALAMEDA AVE,1,1,0,0,1,1,0,0,35,0,0,0,0,1,2,2,3
,2024-055098,39.63483537,-104.8934118,12/11/2024 9:35,9:35,15,0,0,I-225 NB RAMPS & S TAMARAC PKWY,1,1,0,0,1,1,0,0,30,0,0,0,0,0,1,2,10
,2024-055100,39.70396697,-105.0084956,12/12/2024 8:00,8:00,12,0,0,W EXPOSITION AVE & S RARITAN ST,1,1,0,0,1,3,0,0,25,0,0,0,0,0,4,2,4
,2024-055101,39.75268547,-104.9874235,12/12/2024 6:32,6:32,10,0,0,22ND ST & N BROADWAY ST,1,1,0,0,1,1,0,0,35,0,0,0,0,0,4,2,11
,2024-055102,39.76087386,-105.0051612,12/11/2024 9:52,9:52,12,0,0,I-25 & 20TH ST,1,1,0,0,1,4,0,0,55,0,0,0,0,0,1,2,10
,2024-055107,39.83185608,-104.6929572,12/12/2024 21:06,21:06,1,0,0,JACKSON GAP RD & E 75TH AVE,1,3,0,0,1,1,0,1,35,0,0,0,0,0,4,2,8
,2024-055108,39.71782096,-104.9449653,12/13/2024 8:42,8:42,3,0,1, MONROE ST & E 1ST AVE,1,1,0,0,1,1,0,0,20,0,0,0,0,1,4,3,11
,2024-055110,39.66703127,-104.8953532,12/14/2024 0:00,0:00,6,0,0,E LINVALE PL & S ULSTER ST,1,3,0,0,1,4,0,0,20,0,0,0,0,0,4,3,6
,2024-055113,39.6894041,-104.9223397,12/12/2024 14:30,14:30,3,0,0, HOLLY ST & E FLORIDA AVE,1,1,0,0,1,2,0,0,25,0,0,0,0,0,4,2,3
,2024-055120,39.79839407,-104.7721172,12/13/2024 5:22,5:22,1,0,0, TOWER RD & E 56TH AVE,1,1,0,0,1,1,0,0,45,0,0,0,0,0,4,2,13
,2024-055123,39.7914255,-104.7744779,12/13/2024 8:27,8:27,3,0,0, YAMPA ST & E ELMENDORF DR,1,1,0,0,1,2,0,0,25,0,0,0,0,0,4,2,13
,2024-055124,39.84003876,-104.6675858,12/12/2024 17:25,17:25,3,0,0, HARRY  COMBS PKWY & E 80TH AVE,1,4,0,0,1,2,0,0,45,0,0,0,0,0,4,2,11
,2024-055125,39.70933041,-105.0203904,12/13/2024 11:49,11:49,3,0,2,W DAKOTA AVE & S CLAY ST,1,1,0,0,1,1,0,0,20,0,0,0,0,1,4,2,11
,2024-055127,39.65379887,-105.0597839,12/12/2024 23:23,23:23,6,0,0,5855 W HAMPDEN AVE FRTG RD & S FENTON ST,1,3,0,0,1,4,0,0,25,0,0,0,0,0,4,2,1
,2024-055128,39.71133319,-105.053258,12/12/2024 19:16,19:16,1,0,1, SHERIDAN BLVD & W ALAMEDA AVE,1,2,0,0,1,1,0,0,35,0,0,0,0,1,2,2,16
,2024-055129,39.69670777,-105.001727,12/2/2024 13:05,13:05,15,0,0,W MISSISSIPPI AVE & S LIPAN ST,1,1,0,0,1,3,0,0,35,0,0,0,0,0,4,2,16
,2024-055130,39.74925211,-105.0008269,11/3/2024 18:00,18:00,6,0,0,1440  BLAKE ST,1,2,0,0,1,4,0,0,,0,0,0,0,0,4,2,16
,2024-055132,39.76379002,-104.925816,12/13/2024 19:50,19:50,3,0,1, GLENCOE ST & E 33RD AVE,1,3,0,0,1,1,0,0,30,0,0,0,0,1,4,2,13
,2024-055133,39.76954881,-105.0346359,12/3/2024 11:01,11:01,6,0,0,W 38TH AVE & N LOWELL BLVD,1,1,0,0,3,4,0,0,35,0,0,0,0,0,4,2,16
,2024-055134,39.74165533,-104.9733923,12/11/2024 11:11,11:11,3,0,0, DOWNING ST & E 16TH AVE,1,1,0,0,1,1,0,0,25,0,0,0,0,0,4,2,16
,2024-055138,39.72553182,-104.9985734,12/13/2024 8:31,8:31,15,0,0, SANTA FE DR & W 6TH AVE,1,1,0,0,1,3,0,0,35,0,0,0,0,0,4,2,16
,2024-055140,39.76373526,-104.8904884,12/2/2024 16:54,16:54,12,0,0, CENTRAL PARK BLVD & E 33RD AVE,1,4,0,0,1,4,0,0,,0,0,0,0,0,4,2,16
,2024-055141,39.71649889,-104.9407885,12/12/2024 17:20,17:20,12,0,0, COLORADO BLVD & E ELLSWORTH AVE,1,3,0,0,1,4,0,0,35,0,0,0,0,0,2,2,13
,2024-055146,39.77261172,-104.9089225,11/19/2024 12:24,12:24,15,0,0,E SMITH RD & N POPLAR ST,1,1,0,0,1,4,0,0,45,0,0,0,0,0,4,2,1
,2024-055150,39.73205561,-104.9899412,12/13/2024 10:10,10:10,8,0,0,W 10TH AVE & BANNOCK ST,1,1,0,0,1,3,0,0,20,0,0,0,0,0,4,2,16
,2024-055154,39.83450553,-104.7173388,12/13/2024 16:19,16:19,9,0,1,PENA BLVD OB OFF RAMP TO  WENATCHEE ST,1,1,1,0,2,8,0,0,30,0,0,0,0,1,4,1,1
,2024-055155,39.70933769,-104.9875983,12/13/2024 15:44,15:44,3,0,0,E DAKOTA AVE & S BROADWAY ST,1,2,0,0,1,1,0,0,20,0,0,0,0,0,4,2,13
,2024-055156,39.76378496,-104.925816,11/18/2024 20:36,20:36,14,0,1,E 33RD AVE & N BELLAIRE ST,1,3,0,0,1,1,0,0,20,0,0,0,0,2,4,2,16
,2024-055157,39.79486859,-104.8354491,12/12/2024 18:34,18:34,5,0,2,E MAXWELL PL & N UVALDA ST,1,3,0,0,1,1,0,1,25,0,0,0,0,1,4,1,1
,2024-055159,39.75531466,-105.0128523,12/13/2024 11:24,11:24,12,0,0,I-25 & N SPEER BLVD,1,1,0,0,1,13,0,0,55,0,0,0,0,0,1,2,16
,2024-055160,39.70042022,-105.0481214,12/13/2024 15:49,15:49,3,0,0,MORRISON RD & W KENTUCKY AVE,1,1,0,0,1,1,0,0,30,0,0,0,0,0,4,2,11
,2024-055161,39.74378078,-104.9733835,12/11/2024 9:07,9:07,3,0,0,PARK AVE & N DOWNING ST,1,1,0,0,1,1,0,0,20,0,0,0,0,0,4,2,16
,2024-055162,39.83300829,-104.6929454,12/12/2024 11:03,11:03,1,0,1, JACKSON GAP ST & PENA BLVD IB RAMPS,1,1,0,0,1,1,0,0,35,0,0,0,1,2,4,2,11
,2024-055163,39.68939992,-104.99233,12/12/2024 13:00,13:00,10,0,0, SANTA FE DR & W FLORIDA AVE,1,1,0,0,1,1,0,0,40,0,0,0,0,0,2,2,3
,2024-055168,39.72561063,-104.9522902,12/11/2024 14:00,14:00,6,0,0,E 6TH AVE & N MILWAUKEE ST,1,1,0,0,1,4,0,0,30,0,0,0,0,0,4,2,3
,2024-055169,39.78364681,-104.7919559,12/13/2024 18:51,18:51,1,0,1,E GREEN VALLEY RANCH BLVD & PENA BLVD OB RAMPS,1,3,0,0,1,1,0,0,35,0,0,0,0,3,4,2,16
,2024-055170,39.8311476,-104.7718823,12/13/2024 20:42,20:42,3,0,0,PENA BLVD IB OFF RAMP & N TOWER RD,1,3,3,0,1,1,0,0,40,0,0,0,0,0,4,2,13
,2024-055171,39.68528264,-104.9222804,12/13/2024 14:55,14:55,6,0,0, HOLLY ST & E MEXICO AVE,1,2,0,0,3,4,0,0,25,0,0,0,0,0,4,3,2
,2024-055172,39.74042107,-105.0295461,12/13/2024 12:15,12:15,12,0,0,W COLFAX AVE & N IRVING ST,1,1,0,0,1,3,0,0,30,0,0,0,0,0,2,2,13
,2024-055173,39.77229787,-105.0158764,12/12/2024 19:43,19:43,5,0,0, ZUNI ST & W 40TH AVE,1,3,0,0,2,4,0,0,30,0,0,0,0,0,4,1,16
,2024-055174,39.67672165,-104.9828611,12/13/2024 14:32,14:32,3,0,0,E WARREN AVE & S LOGAN ST,1,1,0,0,1,1,0,0,35,0,0,0,0,0,4,2,13
,2024-055175,39.74325025,-104.9733875,11/19/2024 19:40,19:40,15,0,0,17TH ST & N DOWNING ST,1,3,0,0,1,4,0,0,,0,0,0,0,0,4,2,16
,2024-055176,39.8093529,-104.7863762,12/11/2024 17:01,17:01,12,0,0,PENA BLVD IB & E 56TH AVE,1,3,0,0,1,4,0,0,65,0,0,0,0,0,2,2,11
,2024-055177,39.73842244,-104.9787273,12/13/2024 0:50,0:50,6,0,0,E 14TH AVE & N WASHINGTON ST,1,3,0,0,1,3,0,0,25,0,0,0,0,0,4,2,3
,2024-055178,39.7395057,-105.0052315,12/13/2024 10:55,10:55,3,0,0, OSAGE ST & W COLFAX AVE,1,1,0,0,1,2,0,0,30,0,0,0,0,0,4,2,13
,2024-055180,39.78360734,-105.0432112,10/28/2024 9:11,9:11,15,0,0,I-70 & N TENNYSON AVE,1,1,0,0,1,4,0,0,55,0,0,0,0,0,1,2,16
,2024-055183,39.75473359,-104.9407092,12/13/2024 18:02,18:02,12,0,0, COLORADO BLVD & N HADDON RD,1,3,0,0,1,4,0,0,,0,0,0,0,0,2,3,16
,2024-055184,39.71169099,-104.9875609,12/13/2024 9:41,9:41,10,0,0, BROADWAY ST & E ALAMEDA AVE,1,1,0,0,1,2,0,0,30,0,0,0,0,0,4,2,16
,2024-055185,39.77526934,-105.0251675,12/13/2024 9:12,9:12,12,0,0, FEDERAL BLVD & W 43RD AVE,1,1,0,0,1,4,0,0,35,0,0,0,0,0,2,2,10
,2024-055186,39.67346169,-104.9947595,11/20/2024 7:47,7:47,12,0,0, SANTA FE DR & W EVANS AVE,1,1,0,0,1,4,0,0,45,0,0,0,0,0,2,3,16
,2024-055187,39.69450461,-104.9082012,12/13/2024 8:14,8:14,3,0,0,E ARIZONA AVE & S ONEIDA ST,1,1,0,0,1,1,0,0,20,0,0,0,0,0,4,2,16
,2024-055188,39.76576007,-104.9684259,12/12/2024 18:19,18:19,3,0,1,E 35TH AVE & N FRANKLIN ST,1,3,0,0,1,1,0,0,30,0,0,0,0,1,4,3,11
,2024-055190,39.74001062,-104.9686063,11/22/2024 22:04,22:04,12,0,0,E COLFAX AVE & PARK AVE,1,3,0,0,1,3,0,0,,0,0,0,0,0,2,3,16
,2024-055198,39.75981246,-104.8742503,12/14/2024 18:29,18:29,3,0,0, EMPORIA ST & E MLK JR BLVD,1,3,0,0,1,1,0,0,20,0,0,0,0,0,4,2,11
,2024-055203,39.72910224,-104.9418371,12/13/2024 15:57,15:57,15,0,0,E 8TH AVE & N HARRISON ST,1,3,0,0,1,1,0,0,35,0,0,0,0,0,4,2,13
,2024-055211,39.75895884,-104.9858624,12/14/2024 0:30,0:30,6,0,0,26TH ST & WALNUT ST,1,3,0,0,1,4,0,0,,0,0,0,0,0,4,2,16
,2024-055216,39.72696216,-105.0286073,12/14/2024 15:31,15:31,6,0,1,W 6TH AVE & N HOOKER ST,1,1,1,0,1,1,0,0,30,0,0,0,0,1,4,2,10
,2024-055217,39.7456333,-104.8858223,12/14/2024 10:27,10:27,3,0,0,E 19TH AVE & N XENIA ST,1,1,0,0,1,1,0,0,20,0,0,0,0,0,4,2,13
,2024-055218,39.72094204,-104.9891782,12/14/2024 18:24,18:24,3,0,0,W 3RD AVE & N ACOMA ST,1,3,0,0,1,9,0,0,15,0,0,0,0,0,4,2,13
,2024-055219,39.80558134,-104.7626687,12/10/2024 1:28,1:28,3,0,0, DUNKIRK ST & E 60TH AVE,1,3,0,0,1,1,0,0,40,0,0,0,0,0,4,2,10
,2024-055220,39.71117206,-104.9900082,12/13/2024 15:30,15:30,12,0,0,E ALAMEDA AVE & S BANNOCK ST,1,1,0,0,1,3,0,0,,0,0,0,0,0,2,2,16
,2024-055221,39.65324128,-104.9153406,12/14/2024 7:44,7:44,5,0,1, LOCUST ST & E HAMPDEN AVE,1,1,0,0,2,4,0,0,20,0,0,0,0,2,2,1,10
,2024-055222,39.65265636,-104.8987403,12/13/2024 20:05,20:05,8,0,0,3619  TAMARAC DR & E HAMPDEN AVE,1,3,0,0,1,4,0,0,35,0,0,0,0,0,4,2,14
,2024-055224,39.76040579,-104.9733375,12/14/2024 20:04,20:04,6,0,0,3033  DOWNING ST & STOUT ST,1,4,0,7,1,4,0,0,,0,0,0,0,0,4,2,16
,2024-055232,39.62415559,-105.0912906,12/14/2024 19:24,19:24,12,0,1, WADSWORTH BLVD & W BELLEVIEW AVE,1,3,0,0,1,3,0,0,45,0,0,0,0,2,2,3,16
,2024-055239,39.71202213,-104.9993817,12/14/2024 13:53,13:53,12,0,0,I-25 & W ALAMEDA AVE,1,1,0,0,1,4,0,0,55,0,0,0,0,0,1,3,7
,2024-055241,39.74484561,-104.9761476,12/13/2024 21:30,21:30,3,0,0, EMERSON ST & E 18TH AVE,1,4,0,0,1,1,0,0,30,0,0,0,0,0,4,2,11
,2024-055244,39.74005502,-104.9848501,12/13/2024 21:43,21:43,12,0,0,E COLFAX AVE & N SHERMAN ST,1,3,0,0,1,1,0,0,30,0,0,0,0,0,2,2,13
,2024-055245,39.74001468,-104.9696791,12/13/2024 16:49,16:49,3,0,0, HUMBOLDT ST & E COLFAX AVE,1,1,0,0,1,1,0,0,20,0,0,0,0,0,2,2,10
,2024-055250,39.78497441,-105.0504106,11/15/2024 5:37,5:37,5,0,1,I-70 WB OFF RAMP & WB OFF RAMP GORE PT TO N SHERIDAN BLVD,1,3,0,0,2,8,0,0,45,0,0,0,0,3,1,1,10
,2024-055262,39.75108882,-104.9034277,12/5/2024 17:43,17:43,12,0,0, QUEBEC ST & E 23RD AVE,1,2,0,0,1,3,0,0,,0,0,0,0,0,4,2,16
,2024-055273,39.77502578,-104.8656848,12/12/2024 15:56,15:56,15,0,0,I-70 EB OFF RAMP SLIP & N HAVANA ST,1,1,0,0,1,3,0,0,40,0,0,0,0,0,4,2,16
,2024-055274,39.77927906,-105.0017149,12/12/2024 14:13,14:13,15,0,0, MARIPOSA WY & N LIPAN ST,1,1,0,0,1,4,0,0,25,0,0,0,0,0,4,2,16
,2024-055276,39.7828884,-104.8017312,12/12/2024 15:05,15:05,11,0,1, KITTREDGE ST & E WARNER DR,1,1,0,0,1,4,0,0,25,0,1,0,0,1,4,1,16
,2024-055406,39.75932778,-104.9005162,12/15/2024 14:20,14:20,3,0,0,E 29TH DR & N ROSLYN ST,1,1,0,0,1,2,0,0,20,0,0,0,0,0,4,2,11
,2024-055407,39.76075252,-104.9708862,12/15/2024 19:19,19:19,3,0,0, LAFAYETTE ST & E 31ST AVE,1,3,0,0,1,1,0,0,25,0,0,0,0,0,4,2,14
,2024-055408,39.7338488,-104.9861304,12/15/2024 0:00,0:00,15,0,0, LINCOLN ST & E 11TH AVE,1,3,0,0,1,1,0,0,30,0,0,0,0,0,4,2,11
,2024-055410,39.73289642,-104.903459,12/15/2024 17:10,17:10,1,0,1,E 11TH AVE & N QUEBEC ST,1,3,0,0,1,1,0,0,30,0,0,0,0,1,4,2,13
,2024-055418,39.7837645,-104.9570063,12/15/2024 15:52,15:52,12,0,0,E 48TH AVE & N COLUMBINE ST,1,1,0,0,1,3,0,0,30,0,0,0,0,0,4,2,13
,2024-055419,39.68203691,-104.9593785,12/15/2024 7:54,7:54,1,0,2, UNIVERSITY BLVD & JEWELL AVE,1,1,0,0,1,3,0,0,30,0,0,0,0,1,4,2,16
,2024-055424,39.79808715,-104.8289531,12/15/2024 4:00,4:00,5,0,0,E 56TH AVE & N POTOMAC WY,1,3,0,0,3,4,0,0,40,0,0,0,0,0,4,1,2
,2024-055428,39.71053796,-104.9733879,12/15/2024 2:05,2:05,6,0,1, DOWNING ST & E ALAMEDA AVE,1,3,0,0,1,4,0,0,30,0,0,0,0,2,4,2,14
,2024-055429,39.77718794,-104.8817836,12/15/2024 3:19,3:19,5,0,0,I-70 & N CENTRAL PARK BLVD,1,3,0,0,3,4,0,0,55,0,0,0,0,0,1,1,2
,2024-055431,39.66770029,-104.9263482,12/14/2024 3:08,3:08,12,0,0,I-25 SB OFF RAMP & E YALE AVE,1,3,1,0,1,8,0,0,65,0,0,0,0,0,1,2,11