id,drcog_id,latitude,longitude,crashtime,time,crashtype,numbkilled,numbinjurd,drcoglocat,rdconditin,lightngcon,roadcntgrd,weatherco,location,roaddescrp,schoolzone,constrzone,splimit,bikeinv,pedinv,sctrinv,motoinv,svrty,rdsystem,ttlvehcls,hcf
,2024-056359,39.65051386,-105.0530749,12/21/2024 14:01,14:01,1,0,0, SHERIDAN BLVD & W KENYON AVE,1,1,0,0,1,1,0,0,40,0,0,0,0,0,2,3,16
,2024-056360,39.73043583,-104.9775858,12/21/2024 10:18,10:18,3,0,1,E 9TH AVE & N CLARKSON ST,1,1,0,0,1,1,0,0,25,0,0,0,0,2,4,3,11
,2024-056361,39.74000953,-104.9873904,12/13/2024 22:25,22:25,3,0,2,E COLFAX AVE & N BROADWAY ST,1,3,0,0,1,1,0,0,35,0,0,0,0,2,2,4,1
,2024-056362,39.78022532,-104.9903535,12/12/2024 14:46,14:46,15,0,0,I-70 & I-25,2,1,0,0,1,4,0,0,55,0,0,0,0,0,1,2,16
,2024-056363,39.76817441,-104.9634327,10/20/2024 1:45,1:45,9,0,0, RACE ST & E 37TH AVE,1,3,0,0,1,4,0,0,25,0,0,0,0,0,4,2,14
,2024-056364,39.72492084,-105.0129328,12/20/2024 11:55,11:55,12,0,2,I-25 & W 6TH AVE,1,1,0,0,1,4,0,0,55,0,0,0,0,1,1,2,3
,2024-056365,39.73998453,-104.9597853,11/22/2024 22:04,22:04,3,0,0,E COLFAX AVE & N YORK ST,1,3,0,0,1,1,0,0,,0,0,0,0,0,2,2,16
,2024-056367,39.71488987,-105.001436,12/22/2024 1:52,1:52,12,0,1,I-25 & W ALAMEDA AVE,1,3,0,0,1,4,0,0,55,0,0,0,0,1,1,2,16
,2024-056368,39.75121017,-105.0251374,10/26/2024 19:17,19:17,15,0,0, FEDERAL BLVD & W 23RD AVE,1,1,0,0,1,3,0,0,35,0,0,0,0,0,2,2,16
,2024-056369,39.7510417,-104.9405999,12/22/2024 17:00,17:00,1,0,0, COLORADO BLVD & E 23RD AVE,1,3,0,0,1,1,0,0,40,0,0,0,0,0,2,2,16
,2024-056370,39.72514248,-105.0253642,12/13/2024 19:50,19:50,12,0,0,W 6TH AVE EB OFF RAMP & N FEDERAL BLVD,1,3,0,0,1,8,0,0,,0,0,0,0,0,2,2,16
,2024-056371,39.71133314,-105.053258,12/21/2024 21:57,21:57,12,0,1,W ALAMEDA AVE & S SHERIDAN BLVD,1,3,1,0,1,3,0,0,35,0,0,0,0,2,2,2,16
,2024-056372,39.63828516,-104.8947947,12/21/2024 13:40,13:40,1,0,1, TAMARAC ST & E QUINCY AVE,1,1,0,0,1,1,0,0,35,0,0,0,0,1,4,3,7
,2024-056373,39.70038702,-105.0275248,10/31/2024 20:15,20:15,5,0,0, HAZEL CT & W KENTUCKY AVE,1,3,0,0,2,1,0,0,20,0,0,0,0,0,4,1,16
,2024-056374,39.68920875,-105.0002412,10/5/2024 10:30,10:30,12,0,0, PLATTE RIVER DR & W FLORIDA AVE,1,3,0,0,1,4,0,0,,0,0,0,0,0,4,2,16
,2024-056375,39.74693901,-104.9968777,12/12/2024 13:00,13:00,10,0,0,15TH ST & ARAPAHOE ST,1,1,0,0,1,1,0,0,20,0,0,0,0,0,4,2,16
,2024-056376,39.76320989,-104.9901903,12/21/2024 21:32,21:32,6,0,0,DELGANY ST & DERGANO ST,1,4,0,0,1,4,0,0,25,0,0,0,0,0,4,2,16
,2024-056377,39.79531819,-104.7461003,12/14/2024 16:34,16:34,3,0,1, KIRK ST & E MAXWELL PL,1,2,0,0,1,1,0,0,,0,0,0,0,2,4,2,16
,2024-056378,39.65433246,-104.8752903,9/9/2024 2:39,2:39,6,0,0,E GIRARD AVE & S DAYTON ST,1,3,0,0,1,4,0,0,20,0,0,0,0,0,4,3,7
,2024-056448,39.72908019,-104.9729356,12/22/2024 15:38,15:38,3,0,2,E 8TH AVE & N DOWNING ST,1,1,3,7,1,1,0,0,30,0,0,0,0,1,4,2,1
,2024-056450,39.70386248,-104.9582555,12/21/2024 9:56,9:56,12,0,0,E EXPOSITION AVE & S UNIVERSITY BLVD,1,1,0,0,1,3,0,0,25,0,0,0,0,0,4,2,11
,2024-056451,39.71939957,-104.9562504,12/21/2024 13:18,13:18,6,0,1,E 2ND AVE & N CLAYTON LN,1,1,0,0,1,4,0,0,25,0,0,0,0,1,4,2,6
,2024-056452,39.71182569,-104.9995288,12/23/2024 8:55,8:55,12,0,0,I-25 & W ALAMEDA AVE,1,1,0,0,1,4,0,0,55,0,0,0,0,0,1,2,7
,2024-056453,39.72513154,-105.0250874,12/22/2024 22:17,22:17,3,0,0, FEDERAL BLVD & W 6TH AVE EB RAMPS,1,3,0,0,1,1,0,0,35,0,0,0,0,0,2,3,11
,2024-056454,39.78849,-105.02698,12/23/2024 6:28,6:28,16,0,0,5085  FEDERAL BLVD & W 51ST AVE,1,2,0,0,5,7,0,0,35,0,0,0,0,0,3,1,11
,2024-056455,39.72487743,-104.9874591,12/23/2024 9:20,9:20,2,0,0,550  BROADWAY ST & E 6TH AVE,1,1,0,0,1,2,0,0,30,1,0,0,0,0,4,1,13
,2024-056458,39.7802878,-104.7646098,12/20/2024 13:50,13:50,6,0,0, BISCAY ST & E 46TH AVE,1,1,0,0,1,4,0,0,20,0,0,0,0,0,4,2,10
,2024-056459,39.70527426,-104.9953736,12/23/2024 15:11,15:11,12,0,0,I-25 & S BROADWAY ST,1,1,0,0,1,4,0,0,55,0,0,0,0,0,1,2,10
,2024-056460,39.66759647,-104.9593793,12/19/2024 9:20,9:20,1,0,0,E YALE AVE & UNIVERSITY BLVD,1,1,0,0,1,1,0,0,30,0,0,0,0,0,4,2,3
,2024-056461,39.7728105,-104.7844582,12/23/2024 9:47,9:47,5,0,0,E 40TH AVE & PENA BLVD IB,1,1,0,0,3,4,0,0,40,0,0,0,0,0,4,1,7
,2024-056462,39.7432815,-104.9861155,12/19/2024 15:06,15:06,12,0,0, LINCOLN ST & E 17TH AVE,1,1,0,0,1,1,0,0,35,0,0,0,0,0,4,2,8
,2024-056464,39.77589292,-104.9034132,12/23/2024 16:16,16:16,15,0,2, QUEBEC ST & E 41ST AVE,1,1,3,0,1,4,0,0,45,0,0,0,0,1,2,3,1
,2024-056465,39.72891983,-104.999682,12/20/2024 16:25,16:25,3,0,0,W 8TH AVE & N KALAMATH ST,1,2,0,0,1,9,0,0,15,0,0,0,0,0,4,3,13
,2024-056468,39.73682208,-104.9634812,12/21/2024 11:15,11:15,3,0,0,E 13TH AVE & N RACE ST,1,1,3,0,1,1,0,0,,0,0,0,0,0,4,3,16
,2024-056469,39.72098087,-104.9574179,12/21/2024 17:00,17:00,15,0,0,E 3RD AVE & N COLUMBINE ST,1,3,0,0,1,4,0,0,25,0,0,0,0,0,4,2,13
,2024-056470,39.69674642,-105.0247168,12/22/2024 11:40,11:40,12,0,0,W MISSISSIPPI AVE & S FEDERAL BLVD,1,1,0,0,1,2,0,0,30,0,0,0,0,0,4,2,13
,2024-056471,39.67595807,-104.9222797,12/22/2024 7:54,7:54,5,0,0, HOLLY ST & E ILIFF AVE,1,1,0,0,3,1,0,0,,0,0,0,0,0,4,1,16
,2024-056472,39.74260774,-104.9407868,12/20/2024 8:18,8:18,15,0,0, COLORADO BLVD & E 16TH AVE,1,1,0,0,1,4,0,0,35,0,0,0,0,0,2,2,11
,2024-056473,39.70492394,-105.0275324,12/22/2024 2:00,2:00,3,0,0,W GILL PL & S HAZEL CT,1,4,0,0,1,1,0,0,20,0,0,0,0,0,4,2,16
,2024-056476,39.76588003,-104.994858,12/23/2024 10:00,10:00,12,0,0,PARK AVE W & N GLOBEVILLE RD,1,1,0,0,1,4,0,0,35,0,0,0,0,0,4,2,13
,2024-056478,39.73669259,-104.9406165,12/23/2024 15:06,15:06,1,0,1, COLORADO BLVD & E 13TH AVE,1,1,0,0,1,1,0,0,35,0,0,0,0,1,2,2,13
,2024-056479,39.69106886,-104.9593447,12/19/2024 17:35,17:35,12,0,0, UNIVERSITY BLVD & E ARKANSAS AVE,1,3,0,0,1,3,0,0,35,0,0,0,0,0,4,3,13
,2024-056480,39.74004715,-105.0003392,12/22/2024 21:18,21:18,12,0,0,W COLFAX AVE & N KALAMATH ST,1,3,0,0,1,3,0,0,35,0,0,0,0,0,2,2,13
,2024-056481,39.74033568,-105.0428379,12/23/2024 17:35,17:35,1,0,1,W COLFAX AVE & N STUART ST,1,3,0,0,1,1,0,0,35,0,0,0,0,1,2,2,8
,2024-056484,39.76993669,-105.046288,10/10/2024 0:05,0:05,6,0,0, VRAIN ST & W 38TH AVE,1,3,0,0,1,4,0,0,25,0,0,0,0,0,4,4,16
,2024-056485,39.77732846,-104.7345347,12/22/2024 11:29,11:29,10,0,0, PICADILLY RD & E 44TH PL,1,1,0,0,1,1,0,0,40,0,0,0,0,0,4,2,11
,2024-056486,39.67808585,-104.9336446,12/23/2024 16:24,16:24,12,0,0,I-25 & E EVANS AVE,1,1,0,0,1,4,0,0,55,0,0,0,0,0,1,5,11
,2024-056487,39.74482763,-104.9721247,12/21/2024 11:50,11:50,3,0,1, MARION ST & E 18TH AVE,1,1,0,0,1,1,0,0,25,0,0,0,0,2,4,2,13
,2024-056488,39.74102396,-104.9873878,12/21/2024 11:15,11:15,15,0,0, BROADWAY ST & E COLFAX AVE,1,1,0,0,1,4,0,0,35,0,0,0,0,0,4,2,13
,2024-056492,39.70041155,-105.0465893,12/20/2024 10:46,10:46,6,0,0,W KENTUCKY AVE & S VRAIN ST,1,1,0,0,1,4,0,1,20,0,0,0,0,0,4,2,16
,2024-056493,39.74014476,-105.005235,12/22/2024 22:12,22:12,1,0,0,W COLFAX AVE & N OSAGE ST,1,3,0,0,1,1,0,0,40,0,0,0,0,0,2,2,7
,2024-056500,39.78082391,-104.9407578,12/19/2024 10:42,10:42,15,0,0, COLORADO BLVD & I-70 WB RAMPS,1,1,0,0,1,4,0,0,30,0,0,0,0,0,2,2,16
,2024-056501,39.79843653,-104.7626953,12/23/2024 2:48,2:48,1,0,1,E 56TH AVE & N DUNKIRK,1,3,0,0,1,1,0,0,30,0,0,0,0,2,4,2,16
,2024-056502,39.738288,-104.9406146,12/23/2024 17:32,17:32,12,0,0, COLORADO BLVD & E 14TH AVE,1,3,0,0,1,3,0,0,35,0,0,0,0,0,2,2,16
,2024-056503,39.78208997,-104.8197328,12/23/2024 15:56,15:56,5,0,0,E BOLLING DR & N DEARBORN ST,1,1,0,0,2,1,0,0,30,0,0,0,0,0,4,1,3
,2024-056504,39.83972654,-104.67186,12/23/2024 6:30,6:30,15,0,0,PENA BLVD TERMINAL E,1,3,0,0,1,4,0,0,45,0,0,0,0,0,4,2,13
,2024-056505,39.74483635,-104.9733907,12/24/2024 16:30,16:30,15,0,0,E 18TH AVE & N DOWNING ST,1,3,3,7,1,1,0,0,30,0,0,0,0,0,4,2,11
,2024-056507,39.71554406,-104.9593084,12/21/2024 10:49,10:49,3,0,0,E CHERRY CREEK  DR SLIP & S UNIVERSITY BLVD,1,1,0,0,1,1,0,0,30,0,0,0,0,0,4,2,8
,2024-056508,39.73839433,-104.9622451,12/23/2024 11:25,11:25,10,0,0, VINE ST & E 14TH AVE,1,1,0,0,1,1,0,0,20,0,0,0,0,0,4,2,13
,2024-056509,39.70607207,-104.9407894,12/23/2024 17:00,17:00,12,0,0, COLORADO BLVD & E CHERRY CREEK S DR,1,1,0,5,1,1,0,0,,0,0,0,0,0,2,2,16
,2024-056510,39.71940701,-104.9473746,12/23/2024 12:40,12:40,3,0,0, COOK ST & E 2ND AVE,1,1,0,0,1,1,0,0,25,0,0,0,0,0,4,2,3
,2024-056511,39.77668622,-105.0299415,12/23/2024 20:00,20:00,3,0,0,W 44TH AVE & N IRVING ST,1,3,0,0,1,1,0,0,,0,0,0,0,0,4,2,16
,2024-056512,39.74742997,-104.9139931,12/18/2024 15:47,15:47,3,0,0,E MONTVIEW BLVD & N LOCUST ST,1,1,0,0,1,1,0,0,,0,0,0,0,0,4,3,16
,2024-056514,39.77274292,-104.9901555,12/24/2024 15:58,15:58,12,0,1,I-25 & I-70,1,2,0,0,1,4,0,0,55,0,0,0,0,1,2,3,2
,2024-056515,39.75472827,-104.8997893,12/24/2024 7:49,7:49,3,0,0,E 26TH AVE & N QUEBEC ST,1,1,0,0,1,2,0,0,20,0,0,0,0,0,4,2,11
,2024-056516,39.7836351,-104.7818694,12/19/2024 12:51,12:51,12,0,0,E GREEN VALLEY RANCH BLVD & N TELLURIDE ST,1,1,0,1,1,4,0,0,25,0,0,0,0,0,4,2,13
,2024-056517,39.76158518,-105.0043268,12/23/2024 14:27,14:27,15,0,0,I-25 & 20TH ST,1,1,0,0,1,4,0,0,55,0,0,0,0,0,1,3,7
,2024-056518,39.7256208,-104.9717631,12/23/2024 9:00,9:00,6,0,0, MARION ST & E 6TH AVE,1,1,0,0,1,4,0,0,25,0,0,0,0,0,4,2,3
,2024-056519,39.63997373,-104.8850046,12/23/2024 11:30,11:30,3,0,0, YOSEMITE ST & I-225 SB OFF RAMPS,1,1,0,0,1,1,0,0,30,0,0,0,0,0,4,2,3
,2024-056533,39.70583464,-105.0250859,12/23/2024 12:27,12:27,15,0,0, FEDERAL BLVD & W CENTER AVE,1,1,0,0,1,3,0,0,35,0,0,0,0,0,2,2,11
,2024-056534,39.74590976,-104.9761421,12/24/2024 18:44,18:44,3,0,1, EMERSON ST & PARK AVE,1,3,0,0,1,1,0,0,25,0,0,0,0,2,4,2,7
,2024-056535,39.76945306,-105.0315375,12/10/2024 9:12,9:12,12,0,0,W 38TH AVE & N JULIAN ST,4,1,0,0,1,1,0,0,30,0,0,0,0,0,4,3,16
,2024-056622,39.69670696,-105.0015155,12/25/2024 11:46,11:46,3,0,1,W MISSISSIPPI AVE & S LIPAN ST,1,1,0,0,1,1,0,0,30,0,0,0,0,1,4,2,16
,2024-056623,39.79079305,-104.8140213,12/24/2024 22:33,22:33,10,0,0,E 53RD AVE & N ELKHART ST,1,3,0,0,1,1,0,0,25,0,0,0,0,0,4,2,7
,2024-056626,39.67483907,-104.9606365,12/25/2024 0:08,0:08,6,0,0,E ILIFF AVE & S YORK ST,1,3,0,0,1,4,0,0,25,0,0,0,0,0,4,2,1
,2024-056627,39.77867859,-105.0346233,12/24/2024 22:15,22:15,5,0,0,4530  LOWELL BLVD & W 45TH AVE,11,2,0,1,3,4,0,0,,0,0,0,0,0,4,1,16
,2024-056629,39.71466003,-104.9407886,12/21/2024 20:31,20:31,1,0,2,E BAYAUD AVE & S COLORADO BLVD,1,3,0,0,1,1,0,0,35,0,0,0,0,3,2,2,7
,2024-056637,39.73416013,-104.8858674,12/25/2024 16:15,16:15,6,0,0,1129  XENIA ST & E RICHTOPHEN PL,11,4,0,1,1,3,0,0,20,0,0,0,0,0,4,3,16
,2024-056638,39.76568425,-104.9949434,12/18/2024 11:26,11:26,12,0,0, GLOBEVILLE RD & PARK AVE W,1,1,0,0,1,3,0,0,30,0,0,0,0,0,1,2,14
,2024-056663,39.71844922,-105.0204216,12/11/2024 17:04,17:04,12,0,0,W 1ST AVE & N CLAY ST,1,3,0,0,1,1,0,0,20,0,0,0,0,0,4,2,11
,2024-056685,39.68950965,-105.0452325,12/6/2024 16:10,16:10,12,0,0, UTICA ST & W FLORIDA AVE,1,3,0,0,1,4,0,0,,0,0,0,0,0,4,4,16
,2024-056687,39.75764244,-105.0077749,11/23/2024 12:40,12:40,6,0,0,1550 PLATTE ST & 15TH ST,1,1,3,0,1,4,0,0,30,0,0,0,0,0,4,2,16
,2024-056695,39.77574129,-104.8649785,12/25/2024 0:34,0:34,5,0,0,I-70 & N HAVANA ST,1,3,0,0,2,4,0,0,55,0,0,0,0,0,1,1,3
,2024-056710,39.84928164,-104.6726895,12/9/2024 9:27,9:27,15,0,0,8400 PENA BLVD,1,1,0,0,5,4,0,0,15,0,0,0,0,0,3,2,13
,2024-056713,39.7727975,-104.7898279,12/25/2024 20:01,20:01,1,0,0,E 40TH AVE & N PENA BLVD IB RAMPS,1,3,0,0,1,1,0,0,40,0,0,0,0,0,4,2,8
,2024-056737,39.68469383,-104.958923,12/25/2024 20:14,20:14,12,0,3,I-25 & S UNIVERSITY BLVD,11,3,1,1,1,4,0,0,60,0,0,0,0,1,1,2,1
,2024-056738,39.74762846,-105.0026479,12/25/2024 17:22,17:22,3,0,0, SPEER BLVD & AURARIA PKWY,1,3,0,0,1,1,0,0,35,0,0,0,0,0,4,2,11
,2024-056739,39.67090035,-104.9281705,12/22/2024 4:16,4:16,12,0,1,I-25 SB OFF RAMP & SB OFF RAMP ENT TO E YALE AVE,1,3,1,0,1,8,0,0,35,0,0,0,0,1,2,2,13
,2024-056740,39.67129263,-104.9828535,12/25/2024 10:15,10:15,5,0,1, LOGAN ST & E HARVARD AVE,1,1,0,0,2,1,0,0,25,0,0,0,0,1,4,1,10
,2024-056743,39.77542221,-104.9895869,12/16/2024 15:07,15:07,15,0,1,I-25 & PARK AVE W,1,1,0,0,1,4,0,0,55,0,0,0,0,1,1,2,14
,2024-056749,39.73998453,-104.9597853,12/11/2024 21:35,21:35,1,0,0,E COLFAX AVE & N YORK ST,1,3,0,0,1,1,0,0,30,0,0,0,0,0,2,2,11
,2024-056753,39.66768257,-105.034962,12/25/2024 13:45,13:45,1,0,0, LOWELL BLVD & W YALE AVE,1,1,0,0,1,1,0,0,25,0,0,0,0,0,4,2,13
,2024-056754,39.7352545,-104.9888411,11/20/2024 6:29,6:29,11,0,1,W 12TH AVE & N ACOMA ST,1,2,0,0,1,1,0,0,0,0,0,1,0,3,4,1,16
,2024-056756,39.75940335,-104.9877427,12/15/2024 19:10,19:10,5,0,0, BROADWAY & BLAKE ST,1,3,1,0,6,1,0,0,30,0,0,0,0,0,4,1,11
,2024-056829,39.73476243,-105.0321584,12/17/2024 10:10,10:10,10,0,0, KNOX CT & W 12TH AVE,1,1,3,0,1,1,0,0,30,0,0,0,0,0,4,2,16
,2024-056838,39.78743831,-105.0447703,12/14/2024 6:08,6:08,6,0,0,W 50TH AVE & N UTICA ST,1,3,0,0,1,4,0,0,20,0,0,0,0,0,4,3,16
,2024-056893,39.77728165,-104.882871,6/10/2024 19:30,19:30,15,0,0,I-70 & N CENTRAL PARK BLVD,1,1,0,0,1,4,0,0,65,0,0,0,0,0,1,2,16
,2024-056895,39.71743695,-104.9128475,11/26/2024 15:00,15:00,15,0,0, MONACO ST PKWY & E 1ST AVE,1,1,0,0,1,4,0,0,35,0,0,0,0,0,4,2,3
,2024-056903,39.76928398,-105.0158689,12/25/2024 23:58,23:58,3,0,2,W 38TH AVE & N ZUNI ST,1,3,0,0,1,1,0,0,35,0,0,0,0,1,4,2,16
,2024-056909,39.74289546,-104.9861158,12/23/2024 18:46,18:46,12,0,1, LINCOLN ST & E 17TH AVE,1,3,0,0,1,4,0,0,35,0,0,0,0,1,4,2,8
,2024-056912,39.74006394,-104.9387341,12/17/2024 21:35,21:35,11,1,0,E COLFAX AVE & N COLORADO BLVD,1,3,0,0,1,4,0,0,0,0,1,0,0,4,2,1,16
,2024-056913,39.68949273,-105.0250051,12/6/2024 19:21,19:21,1,0,0,W FLORIDA AVE & S FEDERAL BLVD,1,3,0,0,1,2,0,0,30,0,0,0,0,0,2,3,14
,2024-056916,39.74018693,-105.0532105,12/25/2024 21:11,21:11,12,0,3, SHERIDAN BLVD & W COLFAX AVE,1,3,0,0,1,4,0,0,35,0,0,0,0,2,2,3,4
,2024-056917,39.81276638,-104.7721169,12/8/2024 0:38,0:38,3,0,0, TOWER RD & E 64TH AVE,1,3,0,0,1,1,0,0,45,0,0,0,0,0,4,2,10
,2024-056918,39.72601925,-104.9862103,12/26/2024 7:13,7:13,15,0,0, LINCOLN ST & E 6TH AVE,1,1,0,0,1,4,0,0,30,0,0,0,0,0,4,2,16
,2024-056919,39.7383925,-104.9610166,12/26/2024 17:27,17:27,3,0,0, GAYLORD ST & E 14TH AVE,1,3,0,0,1,1,0,0,15,0,0,0,0,0,4,2,11
,2024-056921,39.74007156,-104.9046537,12/2/2024 8:51,8:51,12,0,0, POPLAR ST & E COLFAX AVE,1,1,0,0,1,3,0,0,,0,0,0,0,0,2,2,16
,2024-056929,39.74994934,-104.9982236,12/26/2024 17:17,17:17,11,0,0,MARKET ST & 16TH ST,1,3,0,0,1,12,0,0,30,0,1,0,0,0,4,3,10
,2024-056930,39.71866694,-104.9730892,10/16/2024 18:00,18:00,15,0,0,E SPEER BLVD & N DOWNING ST,1,1,0,0,1,4,0,1,35,0,0,0,0,0,4,2,1
,2024-056932,39.7111094,-104.979226,12/26/2024 16:34,16:34,10,0,0,E ALAMEDA AVE & S WASHINGTON ST,1,3,0,0,1,1,0,0,30,0,0,0,0,0,4,2,13
,2024-056933,39.76735631,-104.898079,12/24/2024 12:53,12:53,3,0,2,E 36TH AVE & N SYRACUSE ST,1,1,0,0,1,2,0,0,30,0,0,0,0,1,4,2,11
,2024-056936,39.7461946,-104.8858238,12/20/2024 23:00,23:00,6,0,0, XENIA ST & E 19TH AVE,1,4,0,0,1,4,0,0,,0,0,0,0,0,4,2,16
,2024-056937,39.73298369,-105.0251694,12/15/2024 2:18,2:18,8,0,0, FEDERAL BLVD & W 10TH AVE,1,3,0,0,6,3,0,0,35,0,0,0,0,0,2,2,16
,2024-056940,39.70103535,-104.9105618,11/24/2024 7:39,7:39,5,0,0,LEETSDALE DR & S NIAGARA ST,1,1,0,0,2,1,0,0,35,0,0,0,0,0,2,1,16
,2024-056941,39.71175088,-104.9863546,12/26/2024 12:35,12:35,12,0,0, LINCOLN ST & E ALAMEDA AVE,1,1,0,0,1,4,0,0,30,0,0,0,0,0,4,2,13
,2024-056942,39.71119458,-104.8929101,12/24/2024 9:21,9:21,11,0,1,E ALAMEDA AVE & E FAIRMOUNT DR,1,1,0,0,1,1,0,0,0,0,1,0,0,2,4,1,16
,2024-056944,39.68920869,-105.0002412,12/26/2024 7:50,7:50,1,0,0,W FLORIDA AVE & S PLATTE RIVER DR,1,1,0,0,1,1,0,0,35,0,0,0,0,0,2,2,11
,2024-056945,39.67865994,-105.0203694,12/8/2024 20:55,20:55,15,0,0,W EVANS AVE & S CLAY ST,1,3,0,0,1,1,0,0,40,0,0,0,0,0,4,2,16
,2024-056947,39.78814328,-104.8174163,11/13/2024 15:30,15:30,16,0,0,5130  DURHAM CT & E 51ST AVE,1,1,0,0,5,7,0,0,10,0,0,0,0,0,3,2,16
,2024-056949,39.69455624,-105.0413922,12/11/2024 6:00,6:00,6,0,0,1265  QUITMAN ST & W LOUISIANA AVE,1,3,0,0,1,4,0,0,,0,0,0,0,0,4,2,16
,2024-056950,39.77963433,-104.967127,12/2/2024 15:00,15:00,10,0,0, BRIGHTON BLVD & I-70 EB RAMPS,1,1,0,0,1,1,0,0,25,0,0,0,0,0,2,2,1
,2024-056954,39.79832488,-104.8843384,12/5/2024 13:59,13:59,12,0,1,E 56TH AVE & N CENTRAL PARK BLVD,1,1,0,0,1,3,0,0,45,0,0,0,0,1,4,2,16
,2024-056956,39.6972297,-105.0350019,12/20/2024 4:51,4:51,5,0,0,W MISSISSIPPI AVE & S MEADE ST,1,3,0,0,3,4,0,0,25,0,0,0,0,0,4,1,16
,2024-056958,39.73681678,-104.996438,11/22/2024 23:20,23:20,12,0,1, SPEER BLVD & W 13TH AVE,1,3,0,0,1,3,0,0,35,0,0,0,0,2,4,2,16
,2024-056961,39.76109912,-104.9838063,12/16/2024 8:58,8:58,1,0,0,WALNUT ST & 28TH ST,1,1,0,0,1,1,0,0,25,0,0,0,0,0,4,2,16
,2024-056962,39.74015776,-104.9518246,12/24/2024 12:11,12:11,11,0,1, MILWAUKEE ST & E COLFAX AVE,1,1,0,0,1,1,0,0,20,0,1,0,0,1,2,1,16
,2024-056964,39.70688673,-104.9204838,12/24/2024 9:39,9:39,1,0,0,LEETSDALE DR & S JERSEY ST,1,1,0,0,1,2,0,0,35,0,0,0,0,0,2,2,3
,2024-056967,39.69631237,-104.8974204,11/23/2024 21:00,21:00,12,0,0, PARKER RD & E MISSISSIPPI AVE,1,3,2,7,1,3,0,0,,0,0,0,0,0,2,2,16
,2024-056968,39.71622,-104.95129,12/6/2024 12:00,12:00,16,0,0,15  STEELE ST & S STEELE ST,1,3,0,0,5,7,0,0,,0,0,0,0,0,3,2,16
,2024-056969,39.73915726,-105.0322706,12/26/2024 6:43,6:43,6,0,0, KNOX CT & W 14TH AVE,1,4,0,0,1,4,0,0,25,0,0,0,0,0,4,3,11
,2024-056971,39.78369214,-105.0061224,12/26/2024 10:45,10:45,3,0,0,I-70 WB ON RAMP & N PECOS ST,1,1,0,0,1,6,0,0,20,0,0,0,0,0,1,2,13
,2024-056974,39.78365157,-104.7648972,12/13/2024 23:21,23:21,12,0,0,E GREEN VALLEY RANCH BLVD & N ARGONNE ST,1,3,0,0,1,3,0,0,35,0,0,0,0,0,4,2,3
,2024-056977,39.73838287,-104.9562365,12/7/2024 22:44,22:44,6,0,0,E 14TH AVE & N ELIZABETH ST,1,3,0,0,1,3,0,0,30,0,0,0,0,0,4,3,16
,2024-056979,39.70736765,-104.9406201,12/5/2024 17:00,17:00,15,0,0,E VIRGINIA AVE & S COLORADO BLVD,1,2,0,0,1,1,0,0,30,0,0,0,0,0,2,2,13
,2024-056980,39.78092931,-104.8369039,12/16/2024 15:14,15:14,3,0,0,E TOPEKA CT & N CROWN BLVD,1,1,0,0,1,1,0,0,25,0,0,0,0,0,4,2,11
,2024-056981,39.6856111,-104.9441886,12/26/2024 14:41,14:41,5,0,0,1701  GARFIELD ST & E MEXICO AVE,1,1,0,0,3,3,0,0,25,0,0,0,0,0,4,2,1
,2024-056983,39.65427679,-104.8987331,11/29/2024 12:45,12:45,3,0,0, TAMARAC DR & E GIRARD AVE,1,1,0,0,1,1,0,0,35,0,0,0,0,0,4,3,16
,2024-056984,39.79844446,-104.7413643,12/7/2024 1:28,1:28,3,0,2, NEPAL ST & E 56TH AVE,1,3,0,0,1,1,0,0,20,0,0,0,0,2,4,2,16
,2024-056986,39.72570722,-105.0329274,12/26/2024 8:40,8:40,15,0,0,W 6TH AVE & N KNOX CT,1,1,0,0,1,4,0,0,55,0,0,0,0,0,2,2,3
,2024-056989,39.69540895,-104.9933376,12/26/2024 7:05,7:05,15,0,0,1133  PLATTE RIVER DR & W MISSISSIPPI AVE,1,1,0,0,1,4,0,0,35,0,0,0,0,0,2,3,11
,2024-056990,39.74208961,-104.981088,12/20/2024 13:40,13:40,6,0,0, PENNSYLVANIA ST & E 16TH AVE,1,1,0,0,1,4,0,0,35,0,0,0,0,0,4,2,16
,2024-056996,39.71831747,-104.9128133,12/6/2024 17:00,17:00,12,0,1, MONACO ST PKWY & E 1ST AVE,1,2,0,0,1,3,0,0,,0,0,0,0,1,4,2,10
,2024-056998,39.67430156,-105.0532631,12/13/2024 19:48,19:48,1,0,0, SHERIDAN BLVD & W HARVARD AVE,1,3,0,0,1,1,0,0,40,0,0,0,0,0,2,2,16
,2024-056999,39.8057357,-104.7863813,12/27/2024 12:03,12:03,12,0,1,PENA BLVD OB & E 56TH AVE,1,1,0,0,1,4,0,0,65,0,0,0,0,1,4,2,7
,2024-057000,39.74005864,-104.9338392,12/27/2024 9:57,9:57,12,0,0,E COLFAX AVE & N CHERRY ST,1,1,0,0,1,3,0,0,,0,0,0,0,0,2,2,16