id,drcog_id,latitude,longitude,crashtime,time,crashtype,numbkilled,numbinjurd,drcoglocat,rdconditin,lightngcon,roadcntgrd,weatherco,location,roaddescrp,schoolzone,constrzone,splimit,bikeinv,pedinv,sctrinv,motoinv,svrty,rdsystem,ttlvehcls,hcf
,2024-057001,39.70297275,-104.9128998,12/27/2024 9:28,9:28,1,0,0,LEETSDALE DR & S MONACO ST PKWY,1,1,0,0,1,1,0,0,35,0,0,0,0,0,2,2,16
,2024-057002,39.71129746,-105.0396975,12/21/2024 9:55,9:55,3,0,0,W ALAMEDA AVE & S PERRY ST,1,1,0,0,1,1,0,0,35,0,0,0,0,0,2,2,11
,2024-057005,39.84928164,-104.6726895,12/26/2024 8:26,8:26,6,0,0,8400 PENA BLVD,1,3,0,0,5,4,0,0,15,0,0,0,0,0,3,2,13
,2024-057006,39.73294329,-105.032143,12/26/2024 17:08,17:08,3,0,3, KNOX CT & W 10TH AVE,1,3,0,0,1,1,0,0,25,0,0,0,0,3,4,3,14
,2024-057009,39.67969057,-104.9344374,12/27/2024 6:26,6:26,12,0,0,I-25 NB ON RAMP & E EVANS AVE,1,1,0,0,1,8,0,0,35,0,0,0,0,0,1,2,3
,2024-057011,39.72890686,-104.9986114,12/27/2024 11:30,11:30,2,0,0,W 8TH AVE & N SANTA FE DR,1,1,0,0,1,2,0,0,0,1,0,0,0,0,4,1,16
,2024-057012,39.71215389,-105.0106942,12/26/2024 4:00,4:00,6,0,0,W BYERS PL & S TEJON ST,1,4,0,0,1,4,0,0,25,0,0,0,0,0,4,2,16
,2024-057013,39.72093268,-104.9989583,12/27/2024 17:13,17:13,3,0,0,W 3RD AVE & N SANTA FE DR,1,1,0,0,1,2,0,0,25,0,0,0,0,0,4,2,16
,2024-057015,39.83797546,-104.6925945,12/27/2024 5:54,5:54,12,0,0, JACKSON GAP ST SLIP & E 78TH AVE,1,3,0,0,1,1,0,0,35,0,0,0,0,0,4,2,7
,2024-057017,39.71171364,-104.9863555,12/26/2024 12:35,12:35,12,0,0, LINCOLN ST & E ALAMEDA AVE,1,1,0,0,1,4,0,0,30,0,0,0,0,0,4,2,14
,2024-057022,39.63524255,-104.903723,12/27/2024 5:27,5:27,15,0,0,I-225 SB OFF RAMP TO SB 1-25 & RAMP SPLIT TO I-25 NB,1,4,0,0,1,8,0,0,40,0,0,0,0,0,1,2,16
,2024-057023,39.73002851,-105.0001714,12/21/2024 3:25,3:25,6,0,2, KALMATH ST & W 8TH AVE,1,3,0,0,1,4,0,0,35,0,0,0,0,3,4,2,14
,2024-057024,39.72479152,-105.0128288,12/5/2024 13:28,13:28,12,0,2,I-25 & W 6TH AVE,1,1,0,0,1,4,0,0,55,0,0,0,0,2,1,2,3
,2024-057026,39.71328792,-104.9992527,12/27/2024 11:10,11:10,12,0,0,W CEDAR AVE & S KALAMATH ST,1,1,0,0,1,3,0,0,30,0,0,0,0,0,4,2,3
,2024-057029,39.67847214,-104.9238992,12/24/2024 11:50,11:50,1,0,0,E EVANS AVE & S HUDSON ST,1,1,0,0,1,1,0,0,30,0,0,0,0,0,4,2,11
,2024-057033,39.69642312,-104.959323,11/6/2024 19:00,19:00,15,0,0, UNIVERSITY BLVD & E MISSISSIPPI AVE,1,3,0,0,1,4,0,0,35,0,0,0,0,0,4,3,14
,2024-057039,39.79429532,-104.8312738,12/26/2024 15:33,15:33,3,0,0, WORCHESTER ST & E MAXWELL PL,1,1,0,0,1,1,0,0,25,0,0,0,0,0,4,2,7
,2024-057041,39.70944196,-105.0350432,12/26/2024 10:00,10:00,15,0,0, LOWELL BLVD & MORRISON RD,1,1,0,0,1,3,0,0,35,0,0,0,0,0,4,2,16
,2024-057044,39.74013931,-104.9562707,12/27/2024 14:00,14:00,15,0,0, ELIZABETH ST & E COLFAX AVE,1,1,0,0,1,4,0,0,25,0,0,0,0,0,2,2,13
,2024-057048,39.73853341,-104.9823175,12/27/2024 12:24,12:24,6,0,0, LOGAN ST & E 14TH AVE,1,1,0,0,1,4,0,0,20,0,0,0,0,0,4,2,16
,2024-057049,39.81643015,-104.7696892,12/27/2024 14:40,14:40,3,0,0,E 66TH AVE & N ARGONNE ST,1,1,0,0,1,1,0,0,30,0,0,0,0,0,4,2,11
,2024-057050,39.68012388,-104.9408883,12/27/2024 4:16,4:16,5,0,1, COLORADO BLVD & E BUCHTEL BLVD,1,3,0,0,3,3,0,0,30,0,0,0,0,1,2,1,1
,2024-057053,39.78066156,-104.9410799,12/27/2024 16:11,16:11,3,0,1,E 46TH AVE  & N COLORADO BLVD,1,2,0,0,1,1,0,0,35,0,0,0,0,1,2,2,14
,2024-057057,39.71835593,-104.9862385,12/27/2024 12:29,12:29,10,0,0, LINCOLN ST & E 1ST AVE,1,1,0,0,1,1,0,0,30,0,0,0,0,0,4,2,8
,2024-057059,39.65307901,-104.8987255,12/26/2024 17:32,17:32,1,0,0,E HAMPDEN AVE & S TAMARAC DR,1,3,1,0,1,1,0,0,35,0,0,0,0,0,2,3,11
,2024-057067,39.72726926,-104.9814484,12/26/2024 15:50,15:50,6,0,0,E 7TH AVE & N PENNSYLVANIA ST,1,2,0,0,1,4,0,0,25,0,0,0,0,0,4,2,13
,2024-057069,39.79839478,-104.7872932,12/26/2024 16:00,16:00,12,0,0,PENA BLVD OB & E 56TH AVE,1,2,0,0,1,4,0,0,65,0,0,0,0,0,2,2,14
,2024-057070,39.70042022,-105.0481214,12/28/2024 11:46,11:46,3,0,1,MORRISON RD & W KENTUCKY AVE,1,1,0,0,1,1,0,0,30,0,0,0,0,2,4,2,3
,2024-057071,39.75104335,-104.9407644,12/28/2024 15:21,15:21,10,0,0,E 23RD AVE & COLORADO BLVD,1,1,0,0,1,1,0,0,30,0,0,0,0,0,4,2,13
,2024-057072,39.67099018,-105.0193988,12/28/2024 12:33,12:33,3,0,1, CLAY ST & W HILLSIDE AVE,1,1,0,0,1,1,0,0,,0,0,0,0,2,4,2,16
,2024-057077,39.76945697,-105.0406851,12/28/2024 18:20,18:20,1,0,0,W 38TH AVE & N QUITMAN ST,1,3,0,0,1,1,0,0,35,0,0,0,0,0,4,2,13
,2024-057081,39.75947836,-104.9561175,12/28/2024 14:47,14:47,3,0,0, ELIZABETH ST & E 30TH AVE,1,1,0,0,1,1,0,0,25,0,0,0,0,0,4,2,11
,2024-057087,39.71939337,-104.9594349,12/27/2024 17:05,17:05,12,0,0, UNIVERSITY BLVD & E 2ND AVE,1,3,0,0,1,3,0,0,30,0,0,0,0,0,4,2,16
,2024-057088,39.67846362,-104.912917,12/28/2024 9:34,9:34,14,0,0,E EVANS AVE & S MONACO ST PKWY,1,1,0,0,1,3,0,0,30,0,0,0,0,0,4,2,1
,2024-057089,39.71111924,-104.9592612,12/28/2024 6:28,6:28,3,0,0, UNIVERSITY BLVD & E ALAMEDA AVE,1,3,0,0,1,1,0,0,30,0,0,0,0,0,4,2,3
,2024-057090,39.7079252,-104.9129234,12/28/2024 6:50,6:50,5,0,1, MONACO ST PKWY & E VIRGINIA AVE,1,1,0,0,2,4,0,0,35,0,0,0,0,2,4,3,10
,2024-057091,39.63854831,-105.0415185,12/27/2024 20:00,20:00,3,0,0, QUITMAN ST & W QUINCY AVE,1,3,3,0,1,1,0,0,,0,0,0,0,0,4,2,16
,2024-057094,39.76248579,-105.0034606,12/23/2024 20:41,20:41,12,0,0,I-25 & 20TH ST,1,3,0,0,1,4,0,0,55,0,0,0,0,0,1,2,13
,2024-057095,39.64941069,-104.8990948,12/26/2024 18:52,18:52,6,0,0, SPRUCE ST & E KENYON AVE,1,3,0,0,1,4,0,0,25,0,0,0,0,0,4,2,14
,2024-057098,39.73527396,-104.9836791,12/27/2024 19:55,19:55,12,0,0,E 12TH AVE & N GRANT ST,14,3,3,0,1,3,0,0,30,0,0,0,0,0,4,2,16
,2024-057099,39.77640785,-104.9582436,12/27/2024 15:00,15:00,10,0,0, JOSEPHINE ST & E 43RD AVE,1,1,0,0,1,1,0,0,30,0,0,0,0,0,4,2,8
,2024-057103,39.73690378,-105.0077807,12/18/2024 8:03,8:03,2,0,1, QUIVAS ST & W 13TH AVE,1,1,0,0,1,1,0,0,30,1,0,0,0,1,4,1,11
,2024-057106,39.7329378,-105.027112,9/30/2024 15:00,15:00,15,0,0, FEDERAL BLVD & W 11TH AVE,1,1,0,0,1,4,0,0,35,0,0,0,0,0,2,2,16
,2024-057110,39.73368191,-104.998835,12/19/2024 11:42,11:42,6,0,0,W 11TH AVE & N SANTA FE DR,1,1,0,0,1,2,0,0,25,0,0,0,0,0,4,2,16
,2024-057112,39.74007399,-104.9407911,12/19/2024 20:24,20:24,11,0,3,E COLFAX AVE & N COLORADO BLVD,1,3,0,0,1,1,0,0,30,1,1,0,0,2,2,1,11
,2024-057130,39.70114883,-105.0110906,12/19/2024 15:05,15:05,1,0,0,849  TEJON ST & W OHIO AVE,1,1,0,0,1,4,0,0,25,0,0,0,0,0,4,2,16
,2024-057141,39.7675853,-104.9188155,12/20/2024 15:40,15:40,15,0,0, JASMINE ST & E 36TH AVE,1,1,0,0,1,4,0,0,25,0,0,0,0,0,4,2,13
,2024-057151,39.78364681,-104.7919559,12/19/2024 18:35,18:35,1,0,1,E GREEN VALLEY RANCH BLVD & PENA BLVD OB RAMPS,1,4,0,0,1,1,0,0,35,0,0,0,0,1,4,2,16
,2024-057156,39.73391315,-105.0532202,12/19/2024 16:42,16:42,8,0,1,SHERIDAN BLVD & W 10TH AVE,1,2,0,0,6,4,0,0,35,0,0,0,0,2,2,2,16
,2024-057162,39.75847553,-105.025287,12/19/2024 17:40,17:40,11,0,1,W 29TH AVE & N FEDERAL BLVD,1,3,0,0,1,1,0,0,35,0,0,1,0,1,2,1,11
,2024-057216,39.79483917,-104.7616155,12/29/2024 3:33,3:33,5,0,0,E MAXWELL PL & N DUNKIRK ST,1,3,0,0,3,4,0,0,25,0,0,0,0,0,4,1,16
,2024-057219,39.72086858,-104.9787501,12/29/2024 0:01,0:01,3,0,1, WASHINGTON ST & E SPEER BLVD,1,3,0,0,1,1,0,0,25,0,0,0,0,1,4,2,16
,2024-057228,39.71582966,-105.0287873,12/29/2024 2:00,2:00,6,0,0,35  HOOKER ST & W ELLSWORTH AVE,1,1,0,0,1,4,0,0,,0,0,0,0,0,4,2,16
,2024-057229,39.78019505,-105.053261,12/28/2024 21:12,21:12,1,0,1, SHERIDAN BLVD & W 46TH AVE,1,3,0,0,1,1,0,0,35,0,0,0,1,3,2,2,11
,2024-057230,39.72541315,-105.0230761,12/26/2024 20:21,20:21,15,0,1,W 6TH AVE & N FEDERAL BLVD,1,3,0,0,1,4,0,0,55,0,0,0,0,3,2,2,16
,2024-057231,39.64188449,-104.9118152,12/28/2024 21:19,21:19,15,0,0,I-25 & MM 200.75,1,3,0,0,1,4,0,0,65,0,0,0,0,0,1,4,16
,2024-057232,39.71390565,-104.9889239,12/15/2024 10:00,10:00,6,0,0,48 W MAPLE AVE & S BROADWAY ST,1,1,0,0,1,4,0,0,,0,0,0,0,0,4,2,16
,2024-057236,39.73602267,-104.9551244,12/29/2024 13:03,13:03,6,0,0,1263  CLAYTON ST & E 13TH AVE,1,1,0,0,1,4,0,0,,0,0,0,0,0,4,2,16
,2024-057238,39.79115555,-104.8166816,12/28/2024 0:46,0:46,5,0,2,E 53RD AVE & DURHAM CT,1,3,0,0,3,4,0,0,35,0,0,0,0,2,4,1,1
,2024-057239,39.74110177,-105.0141245,12/29/2024 9:17,9:17,5,0,1,I-25 & COLFAX AVE,1,1,0,0,2,4,0,0,55,0,0,0,0,2,2,1,16
,2024-057240,39.67833063,-104.9332225,12/28/2024 1:13,1:13,15,0,0,I-25 NB OFF RAMP & E EVANS AVE,1,3,1,0,1,8,0,0,30,0,0,0,0,0,1,2,1
,2024-057243,39.76921055,-104.9498948,12/29/2024 6:06,6:06,6,0,0, STEELE ST & E 38TH AVE,1,3,0,0,1,4,0,0,25,0,0,0,0,0,4,2,2
,2024-057247,39.65310627,-104.9271951,12/21/2024 14:03,14:03,12,0,1,E HAMPDEN AVE & S FOREST ST,1,1,0,0,1,1,0,0,35,0,0,0,1,3,2,3,16
,2024-057249,39.77769917,-104.9029488,12/22/2024 13:44,13:44,12,0,0,I-70 EB ON RAMP SLIP & N NORTHFIELD QUEBEC ST,1,1,0,0,1,8,0,0,20,0,0,0,0,0,1,2,3
,2024-057252,39.77570731,-104.790546,12/29/2024 17:30,17:30,12,0,0,PENA BLVD OB & E 40TH AVE,1,3,1,0,1,4,0,0,65,0,0,0,0,0,4,2,12
,2024-057254,39.67857161,-104.9828856,12/28/2024 17:42,17:42,12,0,0, LOGAN ST & E EVANS AVE,1,3,0,0,1,3,0,0,10,0,0,0,0,0,4,2,13
,2024-057255,39.77281233,-104.8331291,12/27/2024 17:30,17:30,15,0,0,I-70 & I-225 SB OFF RAMP EXT,1,3,0,0,1,4,0,0,65,0,0,0,0,0,1,3,3
,2024-057258,39.75533304,-104.9860059,12/28/2024 5:04,5:04,6,0,0,1016 24TH ST & ARAPAHOE ST,1,1,0,0,1,4,0,0,30,0,0,0,0,0,4,2,16
,2024-057262,39.7510417,-104.9405999,12/29/2024 17:00,17:00,1,0,2, COLORADO BLVD & E 23RD AVE,1,3,0,0,1,1,0,0,35,0,0,0,0,1,2,2,16
,2024-057263,39.68954765,-105.0532506,12/29/2024 13:47,13:47,1,0,0,W FLORIDA AVE & S SHERIDAN BLVD,1,1,0,0,1,1,0,0,30,0,0,0,0,0,2,2,11
,2024-057264,39.74326105,-104.9597834,12/29/2024 2:30,2:30,5,0,1, YORK ST & E 17TH AVE,1,3,0,0,3,1,0,0,35,0,0,0,0,2,4,1,16
,2024-057265,39.77313152,-104.8103248,12/21/2024 18:31,18:31,16,0,0,4105  CHAMBERS RD,1,3,0,0,5,7,0,0,,0,0,0,0,0,3,2,16
,2024-057271,39.67867063,-104.9128931,12/21/2024 12:13,12:13,15,0,0, MONACO ST PKWY & E EVANS AVE,1,1,0,0,1,2,0,0,35,0,0,0,1,0,4,2,13
,2024-057282,39.76488101,-104.8904785,12/21/2024 23:06,23:06,5,0,0, CENTRAL PARK BLVD & E 35TH AVE,1,3,0,0,6,4,0,0,30,0,0,0,0,0,4,1,3
,2024-057285,39.74011464,-104.9587223,12/21/2024 20:31,20:31,6,0,0,E COLFAX AVE & N JOSEPHINE ST,1,3,0,0,1,4,0,0,25,0,0,0,0,0,2,2,16
,2024-057291,39.81106751,-104.7711265,12/20/2024 22:53,22:53,16,0,1,6290  TOWER RD,1,3,0,0,5,7,0,0,10,0,1,0,0,3,3,2,14
,2024-057356,39.82422375,-104.7742866,5/14/2024 22:04,22:04,6,0,0, YAMPA ST & 70TH AVE,1,4,0,0,3,4,0,0,20,0,0,0,0,0,4,2,16
,2024-057357,39.73036581,-104.9823874,6/15/2024 19:00,19:00,12,0,0, LOGAN ST & 9TH AVE,1,1,0,0,1,3,0,0,25,0,0,0,0,0,4,2,16
,2024-057358,39.73688783,-104.9823025,8/3/2024 23:20,23:20,3,0,1,E 13TH AVE & N LOGAN ST,1,3,0,0,1,1,0,0,25,0,0,0,0,1,4,2,14
,2024-057359,39.6669969,-104.9349093,9/5/2024 11:17,11:17,6,0,0, BROOK DR & E YALE AVE,1,3,0,0,1,4,0,0,,0,0,0,0,0,4,2,16
,2024-057363,39.77703709,-104.8800299,11/30/2024 16:24,16:24,12,0,0,I-70 & MM 279.75,1,1,0,0,1,4,0,0,55,0,0,0,0,0,1,2,1
,2024-057396,39.72893159,-104.9940363,12/30/2024 15:29,15:29,3,0,1, ELATI ST & W 8TH AVE,1,1,0,0,1,1,0,0,35,0,0,0,0,2,4,2,16
,2024-057397,39.79820213,-104.9033944,12/30/2024 13:21,13:21,5,0,0, QUEBEC ST & E 56TH AVE,1,1,0,0,1,4,0,0,,0,0,0,0,0,4,2,16
,2024-057398,39.7695088,-105.0229079,12/30/2024 12:22,12:22,3,0,0, ELIOT ST & W 38TH AVE,1,1,0,0,1,9,0,0,20,0,0,0,0,0,4,2,13
,2024-057399,39.78381267,-104.9480136,12/29/2024 20:52,20:52,5,0,0, VASQUEZ BLVD & E 48TH AVE,1,3,0,0,3,4,0,0,45,0,0,0,0,0,2,1,14
,2024-057403,39.71118526,-105.0038984,12/30/2024 11:05,11:05,3,0,0,W ALAMEDA AVE & S NAVAJO ST,1,1,0,0,1,1,0,0,30,0,0,0,0,0,2,2,11
,2024-057405,39.73952365,-104.9246097,12/29/2024 16:30,16:30,6,0,0, GRAPE ST & E COLFAX AVE,1,1,0,0,1,4,0,0,,0,0,0,0,0,4,2,16
,2024-057410,39.71173603,-104.9369489,12/30/2024 15:52,15:52,12,0,0,LEETSDALE DR & E ALAMEDA AVE,1,1,0,0,1,4,0,0,35,0,0,0,0,0,2,2,3
,2024-057411,39.70091809,-104.9871567,12/26/2024 11:36,11:36,12,0,0,I-25 & S BROADWAY ST,1,1,0,0,1,4,0,0,55,0,0,0,0,0,1,2,13
,2024-057412,39.74008076,-104.9124342,12/30/2024 0:00,0:00,3,0,0,E COLFAX AVE & N MONACO ST PKWY,1,3,0,0,1,1,0,0,35,0,0,0,0,0,2,2,7
,2024-057418,39.73962549,-105.0138853,12/27/2024 17:20,17:20,12,0,0,I-25 & W COLFAX AVE,1,4,0,0,1,4,0,0,55,0,0,0,0,0,1,2,13
,2024-057419,39.71115707,-105.0226607,12/30/2024 15:48,15:48,3,0,1, DECATUR ST & W ALAMEDA AVE,1,1,0,0,1,1,0,0,30,0,0,0,0,2,2,2,11
,2024-057421,39.77395637,-104.9584399,12/30/2024 13:14,13:14,5,0,0,E 41ST AVE & N JOSEPHINE ST,1,1,0,0,2,1,0,0,,0,0,0,0,0,4,1,16
,2024-057422,39.77690419,-104.8657501,12/8/2024 4:22,4:22,12,0,0, HAVANA ST & I-70 WB RAMPS,1,3,0,0,1,1,0,0,,0,0,0,0,0,4,2,16
,2024-057423,39.77826542,-104.9219927,12/30/2024 15:54,15:54,12,0,2,I-70 & N HOLLY ST,1,1,0,0,1,4,0,0,55,0,0,0,0,2,1,3,13
,2024-057424,39.74739405,-104.9798856,12/27/2024 13:25,13:25,6,0,0, PEARL ST & E 20TH AVE,1,3,0,7,1,4,0,0,,0,0,0,0,0,4,2,16
,2024-057425,39.76021321,-104.9797181,12/30/2024 11:19,11:19,6,0,0,ARAPAHOE ST & 29TH ST,1,1,0,0,1,4,0,0,25,0,0,0,0,0,4,2,2
,2024-057426,39.65305579,-104.8847851,12/29/2024 18:21,18:21,3,0,0, YOSEMITE ST & E HAMPDEN AVE,1,3,0,0,1,1,0,0,,0,0,0,0,0,2,2,13
,2024-057428,39.76708746,-104.994588,12/27/2024 9:36,9:36,15,0,0,PARK AVE W & I-25 NB ON RAMP,1,1,0,0,1,8,0,0,55,0,0,0,0,0,1,2,10
,2024-057433,39.73669259,-104.9406165,12/28/2024 12:20,12:20,3,0,2, COLORADO BLVD & E 13TH AVE,1,1,0,0,1,1,0,0,30,0,0,0,0,1,2,3,13
,2024-057435,39.74008714,-104.8858255,12/29/2024 11:23,11:23,3,0,3, XENIA ST & E COLFAX AVE,1,1,0,0,1,1,0,0,20,0,0,0,0,2,2,2,11
,2024-057436,39.79763107,-104.8150608,12/29/2024 10:25,10:25,6,0,0,E RANDOLPH PL & N ELKHART ST,1,2,0,0,1,4,0,0,,0,0,0,0,0,4,2,16
,2024-057437,39.70040651,-105.0250848,12/30/2024 17:15,17:15,1,0,0, FEDERAL BLVD & W KENTUCKY AVE,1,3,0,0,1,1,0,0,30,0,0,0,0,0,2,2,10
,2024-057438,39.84796748,-104.6750282,12/31/2024 18:00,18:00,16,0,0,PENA BLVD & E 84TH AVE,1,3,0,0,5,7,0,0,,0,0,0,0,0,3,2,16
,2024-057439,39.84817851,-104.6821065,12/31/2024 10:45,10:45,15,0,0,PENA BLVD OB & E 84TH AVE,1,1,1,0,1,4,0,0,15,0,0,0,0,0,4,2,1
,2024-057441,39.7350527,-104.9622565,12/31/2024 9:39,9:39,3,0,0, VINE ST & E 12TH AVE,1,1,0,0,1,1,0,0,20,0,0,0,0,0,4,2,11
,2024-057442,39.70375879,-105.0275297,12/8/2024 10:50,10:50,6,0,0, HAZEL CT & W EXPOSITION AVE,1,1,0,0,1,4,0,0,20,0,0,0,0,0,4,3,7
,2024-057443,39.75474662,-104.8645719,11/30/2024 0:00,0:00,12,0,0, HAVANA ST & E 26TH AVE,1,1,0,0,1,3,0,0,,0,0,0,0,0,4,2,16
,2024-057444,39.76083126,-104.9858874,12/22/2024 8:37,8:37,6,0,0,27TH ST & BLAKE ST,1,1,0,0,1,1,0,0,35,0,0,0,0,0,4,2,16
,2024-057449,39.74033844,-105.0394974,12/31/2024 5:01,5:01,12,0,0,W COLFAX AVE & N PERRY ST,1,3,0,0,1,4,0,0,35,0,0,0,0,0,2,2,13
,2024-057450,39.84928164,-104.6726895,12/30/2024 11:56,11:56,16,0,0,8400 PENA BLVD,1,1,0,0,5,7,0,0,,0,0,0,0,0,3,2,13
,2024-057451,39.76938104,-104.9731009,12/30/2024 15:11,15:11,15,0,0,WALNUT ST & N DOWNING ST,1,1,0,0,1,4,0,0,30,0,0,0,0,0,4,2,10
,2024-057452,39.75636827,-104.989723,11/22/2024 8:37,8:37,12,0,0,PARK AVE W & MARKET ST,1,1,0,0,1,3,0,0,25,0,0,0,0,0,4,2,16
,2024-057454,39.75556122,-105.0125142,10/6/2024 18:24,18:24,12,0,3,I-25 & N SPEER BLVD,1,1,0,0,1,4,0,0,55,0,0,0,0,1,1,3,16
,2024-057455,39.71833658,-104.9509982,12/3/2024 10:46,10:46,12,0,0, ST PAUL ST & E 1ST AVE,1,1,0,0,1,4,0,0,30,0,0,0,0,0,4,2,16
,2024-057456,39.78362088,-104.7743275,9/11/2024 8:50,8:50,12,0,0,E GREEN VALLEY RANCH BLVD & N YAMPA ST,1,1,0,0,1,3,0,0,40,0,0,0,0,0,4,2,13
,2024-057457,39.74001301,-104.9802621,12/10/2024 17:00,17:00,12,0,0,E COLFAX AVE & N PEARL ST,1,3,0,0,1,4,0,0,,0,0,0,0,0,2,2,16
,2024-057458,39.69666308,-104.9929154,11/21/2024 6:18,6:18,11,0,1,W MISSISSIPPI AVE & S SANTA FE DR,1,3,0,0,1,1,0,0,30,0,0,1,0,1,2,1,11
,2024-057459,39.75789119,-104.8905181,12/22/2024 6:00,6:00,15,0,0, CENTRAL PARK BLVD & E 29TH AVE,1,1,0,0,1,4,0,0,,0,0,0,0,0,4,2,16
,2024-057460,39.7742642,-104.8470353,12/17/2024 15:25,15:25,12,0,0,I-70 & N PEORIA ST,1,1,0,0,1,4,0,0,55,0,0,0,0,0,1,2,14
,2024-057466,39.78112898,-104.7423381,12/31/2024 20:45,20:45,15,0,0,E GREEN VALLEY RANCH BLVD & N MALAYA ST,4,3,0,2,1,1,0,0,,0,0,0,0,0,4,2,16
,2024-057467,39.75068818,-105.0251397,12/31/2024 10:50,10:50,12,0,0, FEDERAL BLVD & W 23RD AVE,1,1,0,0,1,3,0,0,35,0,0,0,0,0,2,2,16
,2024-057468,39.69859579,-104.9035551,12/30/2024 13:20,13:20,1,0,2, QUEBEC ST & LEETSDALE DR,1,1,0,0,1,1,0,0,35,0,0,0,0,2,2,3,11
,2024-057470,39.73836881,-104.9223251,12/15/2024 22:45,22:45,6,0,0, HOLLY ST & E 14TH AVE,1,3,0,0,1,2,0,0,20,0,0,0,0,0,4,2,11
,2024-057472,39.76732103,-104.890475,12/9/2024 18:45,18:45,12,0,1,E 36TH AVE & N CENTRAL PARK BLVD,4,3,0,2,1,3,0,0,35,0,0,0,0,2,4,2,16
,2024-057473,39.73844538,-104.9861225,12/13/2024 18:05,18:05,12,0,0, LINCOLN ST & E 14TH AVE,1,3,0,0,1,3,0,0,,0,0,0,0,0,4,2,16
,2024-057477,39.73843738,-104.9823514,12/1/2024 20:37,20:37,15,0,0,E 14TH AVE & N LOGAN ST,1,3,3,7,1,4,0,0,30,0,0,0,0,0,4,2,16
,2024-057478,39.7607486,-104.9672866,11/29/2024 3:59,3:59,6,0,0,E 31ST AVE & N GILPIN ST,1,3,0,0,3,4,0,0,35,0,0,0,0,0,4,2,16
,2024-057483,39.73647457,-104.9394974,12/30/2024 13:00,13:00,6,0,0,E 13TH AVE & N ALBION ST,1,1,0,0,1,4,0,0,,0,0,0,0,0,4,2,16
,2024-057484,39.70040651,-105.0250848,12/31/2024 15:50,15:50,1,0,1, FEDERAL BLVD & W KENTUCKY AVE,1,1,0,0,1,1,0,0,30,0,0,0,0,2,2,3,11
,2024-057485,39.65307815,-104.9185261,12/6/2024 17:30,17:30,12,0,0,I-25 & E HAMPDEN AVE,1,1,0,0,1,4,0,0,55,0,0,0,0,0,1,3,16
,2024-057487,39.75483923,-105.0252863,12/18/2024 13:50,13:50,15,0,0, FEDERAL BLVD & W 26TH AVE,1,1,0,0,1,4,0,0,,0,0,0,0,0,2,2,16
,2024-057488,39.77471301,-104.9223087,12/23/2024 8:44,8:44,5,0,0, HOLLY ST & E SMITH RD,1,1,0,0,6,14,0,0,35,0,0,0,0,0,4,1,16
,2024-057489,39.65315399,-105.0623469,12/19/2024 19:36,19:36,12,0,2,W HAMPDEN AVE & S HARLAN ST,1,3,0,0,1,4,0,0,65,0,0,0,0,2,2,2,1
,2024-057491,39.7779708,-104.7673149,9/14/2024 13:38,13:38,3,0,1, BISCAY ST & E 45TH AVE,1,1,0,0,1,1,0,0,20,0,0,0,0,1,4,2,16
,2024-057493,39.6784628,-104.9401821,12/31/2024 6:22,6:22,15,0,0,E EVANS AVE & S COLORADO BLVD,1,3,0,0,1,3,0,0,30,0,0,0,0,0,4,2,10
,2024-057494,39.77518902,-104.9865008,12/30/2024 18:15,18:15,6,0,0,E 43RD AVE & N LINCOLN ST,1,3,0,0,1,4,0,0,,0,0,0,0,0,4,2,16
,2024-057495,39.7611988,-104.9027528,11/22/2024 18:03,18:03,3,0,0, QUEBEC ST & MLK JR BLVD,1,1,0,0,1,1,0,0,,0,0,0,0,0,4,3,16
,2024-057496,39.71128376,-104.9034949,12/29/2024 2:59,2:59,1,0,0,E ALAMEDA AVE & S QUEBEC ST,1,3,0,0,1,1,0,0,45,0,0,0,0,0,4,2,16
,2024-057497,39.75235108,-104.9874029,12/31/2024 9:43,9:43,15,0,0, BROADWAY & 22ND ST,1,1,0,0,1,3,0,0,35,0,0,0,0,0,4,2,16
,2024-057498,39.69441522,-105.0390623,11/20/2024 6:18,6:18,6,0,0, PATTON CT & W ARIZONA AVE,1,1,0,0,1,4,0,0,20,0,0,0,0,0,4,4,16
,2024-057499,39.76466081,-105.0015723,12/23/2024 20:10,20:10,15,0,0,I-25 & 20TH ST,1,4,1,0,1,4,0,0,55,0,0,0,0,0,1,3,1
,2024-057500,39.71687801,-104.905723,12/31/2024 14:24,14:24,3,0,0,E LOWRY BLVD & N PONTIAC ST,1,1,0,0,1,1,0,0,30,0,0,0,0,0,4,2,1
,2024-057501,39.78790659,-104.8123579,12/25/2024 1:42,1:42,6,0,0,FAIRPLAY ST & E 52ND AVE,1,3,0,0,1,4,0,0,,0,0,0,0,0,4,2,16
,2024-057502,39.6285363,-104.8974233,11/27/2024 10:12,10:12,16,0,0,7850 E UNION AVE,11,1,3,0,5,7,0,0,10,0,0,0,0,0,3,2,16
,2024-057503,39.7507243,-104.962227,9/10/2024 16:42,16:42,3,0,0, VINE ST & E 23RD AVE,1,1,0,0,1,1,0,0,20,0,0,0,0,0,4,2,16