id,drcog_id,latitude,longitude,crashtime,time,crashtype,numbkilled,numbinjurd,drcoglocat,rdconditin,lightngcon,roadcntgrd,weatherco,location,roaddescrp,schoolzone,constrzone,splimit,bikeinv,pedinv,sctrinv,motoinv,svrty,rdsystem,ttlvehcls,hcf
,2024-057504,39.68907436,-104.9734251,12/12/2024 2:30,2:30,5,0,0, DOWNING ST & BUTCHEL BLVD,1,3,0,0,3,4,0,0,30,0,0,0,0,0,4,1,7
,2024-057505,39.74197868,-104.8870307,12/21/2024 3:26,3:26,6,0,0,E 16TH AVE & N XANTHIA ST,1,3,0,0,1,4,0,0,25,0,0,0,0,0,4,2,13
,2024-057506,39.80557167,-104.7721181,12/14/2024 7:47,7:47,3,0,1,E 60TH AVE & N TOWER RD,1,1,0,0,1,1,0,0,30,0,0,0,0,3,4,2,16
,2024-057507,39.72572162,-104.9851987,12/30/2024 22:52,22:52,15,0,0,E SPEER BLVD & E 6TH AVE,1,3,0,0,1,3,0,0,35,0,0,0,0,0,4,2,7
,2024-057516,39.74746046,-104.8935846,12/22/2024 23:04,23:04,6,0,0, MONTVIEW BLVD & N UINTA ST,1,3,0,0,3,4,0,0,30,0,0,0,0,0,4,6,14
,2024-057523,39.70242092,-105.0238613,12/21/2024 6:10,6:10,6,0,1, ELIOT ST & W OHIO AVE,1,3,0,0,1,4,0,0,20,0,0,0,0,2,4,3,16
,2024-057540,39.77258139,-104.9028119,12/21/2024 21:14,21:14,5,0,1, QUEBEC ST & E 40TH AVE,1,3,0,0,3,4,0,0,35,0,0,0,0,1,4,1,16
,2024-057542,39.70279459,-105.0324347,12/22/2024 8:14,8:14,6,0,0, KNOX CT & W WALSH PL,1,1,0,0,1,4,0,0,25,0,0,0,0,0,4,2,16
,2024-057544,39.76928808,-105.011165,12/24/2024 17:13,17:13,12,0,1,W 38TH AVE & N TEJON ST,1,1,0,0,1,3,0,0,35,0,0,0,0,2,4,2,3
,2024-057601,39.67862564,-105.0275304,4/16/2024 22:23,22:23,5,0,0,W EVANS AVE & S HAZEL WY,1,3,0,0,3,4,0,0,25,0,0,0,0,0,4,1,16
,2024-057607,39.75099669,-104.988152,12/31/2024 11:00,11:00,6,0,0,CHAMPA ST & 21ST ST,1,3,0,0,2,2,0,0,,0,0,0,0,0,4,2,16
,2024-057632,39.78285424,-104.7554459,12/31/2024 21:15,21:15,5,0,1,E GREEN VALLEY RANCH BLVD & N HIMALAYA RD,4,3,0,2,3,1,0,0,35,0,0,0,0,2,4,1,16
,2024-057633,39.78556584,-104.8962625,12/28/2024 0:13,0:13,3,0,1, TRENTON ST & E NORTHFIELD BLVD,1,3,0,0,1,1,0,0,25,0,0,0,0,2,4,2,1
,2024-057634,39.72493627,-105.0126616,12/31/2024 10:37,10:37,12,0,0,I-25 & W 6TH AVE,1,1,0,0,1,4,0,0,45,0,0,0,0,0,1,2,13
,2024-057638,39.66839202,-104.9257755,12/31/2024 16:51,16:51,12,0,0,I-25 NB ON RAMP & E YALE AVE,1,4,0,0,1,8,0,0,35,0,0,0,0,0,1,2,13
,2024-057639,39.66716632,-105.0417397,12/31/2024 19:46,19:46,6,0,0,2735  RALEIGH ST & W YALE AVE,1,4,1,0,1,4,0,0,25,0,0,0,0,0,4,2,1
,2024-057640,39.77872128,-104.9222935,12/27/2024 3:38,3:38,3,0,2, HOLLY ST & E 45TH AVE,1,3,0,0,1,1,0,0,35,0,0,0,0,1,4,2,13
,2024-057641,39.79833722,-104.8763727,12/31/2024 23:10,23:10,5,0,0,E 56TH AVE & N HAVANA ST,4,3,0,0,3,4,0,0,40,0,0,0,0,0,4,1,1
,2024-057643,39.7230465,-105.0103202,12/30/2024 8:17,8:17,12,0,0,I-25 NB OFF RAMP & MM 209,1,1,1,0,1,8,0,0,55,0,0,0,0,0,1,2,1
,2024-057653,39.72520803,-105.0128652,11/22/2024 18:45,18:45,12,0,0,I-25 & W 6TH AVE,1,3,0,0,1,4,0,0,55,0,0,0,0,0,1,2,16
,2024-057660,39.77331381,-104.8728933,12/31/2024 17:02,17:02,3,0,1,E 40TH AVE & N HAVANA ST,1,3,0,0,1,2,0,0,40,0,0,0,0,2,4,3,16
,2024-057665,39.70951695,-104.9460502,12/13/2024 14:48,14:48,9,0,1, GARFIELD ST & E CHERRY CREEK S DR,1,1,1,0,1,1,0,0,30,0,0,0,0,3,4,1,13
,2024-057666,39.73839519,-104.9625572,11/30/2024 16:45,16:45,6,0,0,2000 E 14TH AVE,1,1,0,0,1,4,0,0,20,0,0,0,0,0,4,2,16
,2024-057668,39.72541591,-105.0248082,12/30/2024 13:35,13:35,5,0,0,W 6TH AVE & EB OFF RAMP EXT TO I-25,1,1,0,0,1,8,0,0,55,0,0,0,0,0,2,3,14
,2024-057669,39.74324132,-104.9726888,12/31/2024 22:00,22:00,1,0,1,PARK AVE W & E 17TH AVE,1,3,0,0,1,1,0,0,30,0,0,0,0,2,4,2,11
,2024-057670,39.77249767,-105.0440068,12/5/2024 18:00,18:00,6,0,0,W 41ST AVE & N TENNYSON ST,1,3,0,0,1,4,0,0,,0,0,0,0,0,4,2,16
,2024-057673,39.7395308,-104.8846514,12/26/2024 22:22,22:22,12,0,0, YOSEMITE ST & E 14TH AVE,1,3,0,0,1,4,0,0,25,0,0,0,0,0,4,2,11
,2024-057679,39.65302096,-104.8756595,12/25/2024 17:33,17:33,2,0,0,E HAMPDEN AVE & S DAYTON ST,1,3,0,0,1,1,0,0,,1,0,0,0,0,2,1,16
,2024-057680,39.64590896,-104.8850163,12/24/2024 19:00,19:00,11,0,1, YOSEMITE ST & E MANSFIELD AVE,1,3,0,0,1,4,0,0,0,0,1,0,0,2,4,1,16
,2024-057685,39.78375726,-104.8097976,11/21/2024 14:30,14:30,12,0,0, CHAMBERS RD & E GREEN VALLEY RANCH BLVD,1,1,0,0,1,3,0,0,35,0,0,0,0,0,4,2,16
,2024-057687,39.74198054,-105.0145978,12/30/2024 15:00,15:00,12,0,0,I-25 & AURARIA PKWY,1,1,0,0,1,4,0,0,55,0,0,0,0,0,1,2,7
,2024-057702,39.7710882,-104.8470353,12/23/2024 23:49,23:49,3,0,1, PEORIA ST & E 39TH AVE,1,3,0,0,1,1,0,0,35,0,0,0,0,2,4,2,9
,2024-057766,39.7802628,-105.025278,7/28/2024 17:30,17:30,15,0,0,W 46TH AVE & N FEDERAL BLVD,1,1,0,0,1,3,0,0,,0,0,0,0,0,2,2,1
,2024-057767,39.74011663,-104.9861316,9/17/2024 11:55,11:55,11,0,0, LINCOLN & E COLFAX AVE,1,1,0,0,1,9,0,0,30,0,1,0,0,0,2,1,16
,2024-057769,39.7593978,-104.9877422,12/15/2024 19:10,19:10,5,0,0, BROADWAY ST & BLAKE ST,1,3,1,0,6,1,0,0,30,0,0,0,0,0,4,1,11
,2024-057774,39.76805659,-105.0040374,10/26/2024 16:35,16:35,6,0,0,W 37TH AVE & N NAVAJO ST,1,1,0,0,1,4,0,0,25,0,0,0,0,0,4,3,3
,2024-057784,39.77181837,-104.9028073,12/11/2024 17:10,17:10,12,0,0, QUEBEC ST & E SMITH RD,1,3,0,1,1,4,0,0,,0,0,0,0,0,4,2,16
,2024-057788,39.73870565,-104.9047071,12/14/2024 0:22,0:22,5,0,1,7115 E 14TH AVE & N POPLAR ST,1,3,0,0,2,4,0,0,35,0,0,0,0,1,4,1,10
,2024-057790,39.65427675,-104.8987331,12/5/2024 17:53,17:53,1,0,0,E GIRARD AVE & S TAMARAC DR,1,3,0,0,1,1,0,0,25,0,0,0,0,0,4,2,16
,2024-057795,39.70709622,-105.0386172,11/27/2024 9:30,9:30,16,0,0,3901 MORRISON RD,9,1,0,2,5,7,0,0,,0,0,0,0,0,3,2,16
,2024-057797,39.70025392,-104.9273284,11/26/2024 16:45,16:45,6,0,0,E KENTUCKY AVE & E CHERRY CREEK S DR,1,1,0,5,1,4,0,0,25,0,0,0,0,0,4,2,16
,2024-057799,39.76179591,-104.940668,10/22/2024 23:19,23:19,3,1,3, COLORADO BLVD & E MLK JR BLVD,1,3,2,0,1,1,0,0,40,0,0,0,0,4,2,5,1
,2024-057800,39.73998109,-104.9622356,12/13/2024 16:45,16:45,12,0,1,E COLFAX AVE & N VINE ST,1,1,0,0,1,1,0,0,35,0,0,0,0,1,2,2,16
,2024-057801,39.7231667,-104.9823811,12/23/2024 10:00,10:00,15,0,0, LOGAN ST & N SPEER BLVD,1,1,0,0,1,4,0,0,25,0,0,0,0,0,4,2,3
,2024-057802,39.73740695,-104.9941189,10/1/2024 8:36,8:36,6,0,0, ELATI ST & E 13TH AVE,1,1,0,0,1,2,0,0,25,0,0,0,0,0,4,2,3
,2024-057803,39.78364681,-104.7919559,12/27/2024 6:58,6:58,10,0,0,E GREEN VALLEY RANCH BLVD & PENA BLVD OB RAMPS,1,1,0,0,1,1,0,0,45,0,0,0,0,0,4,2,16
,2024-057804,39.69311534,-105.0250363,11/29/2024 15:41,15:41,11,1,0, FEDERAL BLVD & W LOUISIANA AVE,1,1,0,0,1,1,0,0,30,0,1,0,0,4,2,1,11
,2024-057806,39.71759913,-105.0044412,11/29/2024 12:13,12:13,12,0,3,I-25 & W ALAMEDA AVE,1,1,1,0,1,4,0,0,55,0,0,0,0,1,1,8,1
,2024-057825,39.73177272,-105.0155463,12/15/2024 19:20,19:20,15,0,0,I-25 & NB ON RAMP ENT FROM W 8TH AVE,1,3,0,0,1,8,0,0,55,0,0,0,0,0,2,2,16
,2024-057837,39.76746066,-104.9058331,12/20/2024 8:57,8:57,3,0,0,E 36TH AVE & N PONTIAC ST,1,1,3,0,1,1,0,0,30,0,0,0,0,0,4,2,16
,2024-057846,39.73800797,-105.0252739,1/3/2024 11:33,11:33,12,0,0, FEDERAL BLVD & W 14TH AVE,1,1,0,0,1,3,0,0,35,0,0,0,0,0,2,2,13
,2024-057888,39.73685673,-105.0358044,12/27/2024 11:27,11:27,6,0,0, MEADE ST & W 13TH AVE,1,1,1,0,1,4,0,0,25,0,0,0,0,0,4,2,16
,2024-057889,39.71623665,-104.9485824,12/26/2024 9:03,9:03,11,0,1, ADAMS ST & E ELLSWORTH AVE,1,1,0,0,1,1,0,0,20,0,1,0,0,1,4,1,11
,2024-057894,39.72813353,-105.0416364,12/1/2024 23:00,23:00,6,0,0, RALEIGH ST & W 7TH AVE,1,3,1,0,1,4,0,0,25,0,0,0,0,0,4,3,16
,2024-057896,39.69659634,-104.8929305,12/7/2024 2:47,2:47,5,0,0,E MISSISSIPPI AVE & S VALENTIA ST,1,3,0,0,2,4,0,0,30,0,0,0,0,0,4,1,16
,2024-057897,39.75248452,-104.9914439,12/27/2024 15:37,15:37,11,0,1,LAWRENCE ST & 20TH ST,1,1,3,0,1,2,0,0,0,0,0,1,0,1,4,1,16
,2024-057912,39.68464353,-105.03438,12/26/2024 9:56,9:56,3,0,0,W COLORADO AVE & S LOWELL BLVD,1,1,0,0,1,1,0,0,35,0,0,0,0,0,4,2,11
,2024-057918,39.73999268,-104.9647275,12/27/2024 15:30,15:30,12,0,3,E COLFAX AVE & N HIGH ST,1,2,0,0,1,3,0,0,30,0,0,0,0,1,2,2,13
,2024-057937,39.74739888,-104.8893308,12/27/2024 20:37,20:37,6,0,1, WABASH ST & E MONTVIEW BLVD,1,3,0,0,1,4,0,0,25,0,0,0,0,1,4,4,10
,2024-057956,39.77864899,-104.9407416,12/28/2024 17:15,17:15,12,0,0, QUEBEC ST & I-70 WB RAMPS,1,3,0,0,1,3,0,0,40,0,0,0,0,0,2,2,16
,2024-058021,39.83110841,-104.771882,12/29/2024 23:07,23:07,1,0,0, TOWER RD & PENA BLVD IB RAMPS,1,3,0,0,1,1,0,0,40,0,0,0,0,0,4,2,8
,2024-058024,39.68317834,-104.9465287,12/29/2024 18:30,18:30,15,0,0,I-25 & S COLORADO BLVD,1,2,0,0,1,4,0,0,,0,0,0,0,0,1,2,16
,2024-058025,39.74676882,-104.9918485,12/8/2024 8:45,8:45,10,0,0,STOUT ST & 17TH ST,1,1,0,0,1,1,0,0,20,0,0,0,0,0,4,2,16
,2024-058030,39.72922694,-104.9394913,12/8/2024 12:00,12:00,16,0,0,826  ALBION ST,1,1,0,0,5,7,0,0,,0,0,0,0,0,3,2,16
,2024-058032,39.75955361,-105.0018544,9/12/2024 14:00,14:00,12,0,0,LITTLE RAVEN ST & 20TH ST,1,1,1,0,1,4,0,0,30,0,0,0,0,0,4,2,1
,2024-058035,39.69633761,-105.0532385,12/28/2024 22:39,22:39,3,0,5, SHERIDAN BLVD & W MISSISSIPPI AVE,1,3,0,0,1,2,0,0,45,0,0,0,0,2,2,2,16
,2024-058040,39.74024038,-104.9672308,9/15/2024 10:15,10:15,6,0,0, GILPIN ST & E COLFAX AVE,1,1,0,0,1,4,0,0,20,0,0,0,0,0,4,2,16
,2024-058057,39.77664118,-105.0111791,12/20/2024 23:58,23:58,6,0,1, TEJON ST & W 44TH AVE,1,3,0,0,1,4,0,0,25,0,0,0,0,2,4,2,3
,2024-058058,39.74075421,-104.8858218,12/29/2024 7:30,7:30,5,0,0, XENIA ST & E COLFAX AVE,1,1,0,0,2,4,0,0,25,0,0,0,0,0,4,1,16
,2024-058074,39.74976114,-104.9984636,12/3/2024 18:36,18:36,6,0,0,MARKET ST & 16TH ST,1,3,0,0,1,4,0,0,25,0,0,0,0,0,4,3,16
,2024-058076,39.68943294,-105.0334566,12/30/2024 17:18,17:18,12,0,0,W FLORIDA AVE & S LOWELL BLVD,1,3,0,0,1,4,0,0,35,0,0,0,0,0,4,3,16
,2024-058080,39.6874041,-104.9441908,12/27/2024 16:30,16:30,6,0,0, GARFIELD ST & E IOWA AVE,1,4,0,0,1,4,0,0,25,0,0,0,0,0,4,2,16
,2024-058082,39.6846939,-104.95945,12/25/2024 18:42,18:42,15,0,0,I-25 & S UNIVERSITY BLVD,11,3,0,1,1,4,0,0,,0,0,0,0,0,1,2,16
,2024-058083,39.74000703,-104.9741455,12/29/2024 21:45,21:45,2,0,0,W COLFAX AVE & N CORONA ST,1,3,0,0,1,1,0,0,35,1,0,0,0,0,2,1,13
,2024-058086,39.69664399,-104.9892361,12/7/2024 8:15,8:15,6,0,0, ACOMA ST & E MISSISSIPPI AVE,1,1,0,0,1,1,0,0,20,0,0,0,0,0,4,2,16
,2024-058090,39.79839402,-104.7721172,12/25/2024 8:09,8:09,3,0,3,E 56TH AVE & N TOWER RD,1,1,0,0,1,1,0,0,40,0,0,0,0,3,4,2,16
,2024-058091,39.74067976,-104.9962644,12/30/2024 16:00,16:00,11,0,1,WELTON ST & 12TH ST,1,2,0,0,1,4,0,0,,0,0,1,0,2,4,1,16
,2024-058092,39.78024528,-104.9668553,12/30/2024 9:43,9:43,3,0,0,E 46TH AVE  & N BRIGHTON BLVD,1,1,0,0,1,1,0,0,35,0,0,0,0,0,2,2,14
,2024-058096,39.77971212,-104.9407705,9/19/2024 4:53,4:53,11,0,1,I-70 EB RAMPS & N COLORADO BLVD,1,4,0,0,1,1,0,0,0,0,1,0,0,3,2,1,16
,2024-058152,39.7484624,-105.0033458,11/1/2024 20:42,20:42,11,0,1,AURARIA PKWY & N SPEER BLVD,1,3,0,0,1,1,0,0,,1,0,0,0,3,4,1,16
,2024-058168,39.74760296,-104.9977487,12/12/2024 13:02,13:02,11,0,1,LAWRENCE ST & 15TH ST,1,1,0,0,1,1,0,0,20,0,1,0,0,3,4,1,16
,2024-058173,39.77315542,-105.0451456,12/29/2024 8:45,8:45,6,0,0, UTICA ST & W 41ST AVE,1,1,0,0,1,4,0,0,20,0,0,0,0,0,4,2,11
,2024-058175,39.73568009,-105.0245733,12/31/2024 12:45,12:45,6,0,0,W HOLDEN PL & N FEDERAL BLVD,1,1,1,0,1,4,0,0,,0,0,0,0,0,4,2,16
,2024-058176,39.70606652,-104.94075,10/9/2024 7:46,7:46,12,0,0,E CHERRY CREEK  DR & S COLORADO BLVD,1,1,0,0,1,4,0,0,30,0,0,0,0,0,4,2,16
,2024-058180,39.75363078,-105.0299697,12/14/2024 15:18,15:18,6,0,0, IRVING ST & W 25TH AVE,1,1,0,0,1,4,0,0,,0,0,0,0,0,4,2,16
,2024-058187,39.68949233,-105.0250606,12/30/2024 16:00,16:00,3,0,0,W FLORIDA AVE & S FEDERAL BLVD,1,1,0,0,1,1,0,0,30,0,0,0,0,0,2,2,7
,2024-058191,39.72971049,-104.9861441,12/30/2024 11:55,11:55,11,0,1, LINCOLN ST & E 8TH AVE,1,1,1,0,1,2,0,0,15,0,1,0,0,2,4,1,11
,2024-058201,39.7384037,-104.9659569,12/31/2024 2:30,2:30,11,0,1,E 14TH AVE & N FRANKLIN ST,1,3,0,0,1,4,0,0,0,0,0,1,0,1,4,1,16
,2024-058209,39.83201664,-104.7155396,12/31/2024 21:15,21:15,14,0,1,E 75TH AVE & N GUN CLUB RD,9,3,0,2,1,1,0,0,35,0,0,0,0,2,4,2,14
,2024-058213,39.74893856,-104.9925656,11/21/2024 18:10,18:10,6,0,0,CURTIS ST & 18TH ST,1,3,0,0,1,4,0,0,30,0,0,0,0,0,4,2,16
,2024-058215,39.76133842,-105.0052954,12/31/2024 21:51,21:51,11,0,1,20TH ST & I-25 SB RAMPS,1,3,2,0,1,1,0,0,,0,0,1,0,1,1,1,16
,2024-058218,39.75811474,-105.015834,12/31/2024 14:00,14:00,10,0,0, ZUNI ST & W 29TH AVE,1,1,1,0,1,4,0,0,30,0,0,0,0,0,4,2,16
,2024-058271,39.69859579,-104.9035551,12/1/2024 5:00,5:00,11,0,1, QUEBEC ST & LEETSDALE DR,1,3,1,7,1,1,0,0,,1,0,0,0,3,2,1,16
,2024-058272,39.69657874,-104.9405608,12/14/2024 21:45,21:45,11,0,1,E MISSISSIPPI AVE & S COLORADO BLVD,1,4,0,0,1,1,0,0,,0,1,0,0,2,2,1,16
,2024-058281,39.75020047,-105.0013567,12/9/2024 8:01,8:01,6,0,0,WAZEE ST & 15TH ST,1,1,0,0,1,4,0,0,20,0,0,0,0,0,4,2,16
,2024-058287,39.75620202,-105.0156733,12/17/2024 20:46,20:46,12,0,0,SPEED BLVD & ZUNI ST,1,3,1,0,1,4,0,0,35,0,0,0,0,0,4,2,1
,2024-058290,39.77345357,-104.8323039,12/9/2024 19:06,19:06,15,0,0,I-70 WB ON RAMP FROM -225 & I-70 UNDERPASS,4,4,1,2,1,8,0,0,45,0,0,0,0,0,1,2,13
,2024-058294,39.79832138,-104.8096321,12/29/2024 0:39,0:39,1,0,3,E 56TH AVE & N CHAMBERS RD,1,3,0,0,1,1,0,0,40,0,0,0,0,2,4,2,10
,2024-058295,39.70941322,-105.0250781,12/28/2024 2:31,2:31,14,0,2, FEDERAL BLVD & W DAKOTA AVE,1,3,0,0,1,4,0,0,,0,0,0,0,2,2,2,16
,2024-058298,39.79839407,-104.7721172,12/13/2024 15:50,15:50,12,0,0, TOWER RD & E 56TH AVE,1,3,0,0,1,3,0,0,,0,0,0,0,0,4,2,16
,2024-058299,39.70222867,-105.0455398,12/29/2024 4:26,4:26,6,0,0,4404 MORRISON RD & OHIO AVE,1,3,0,0,1,4,0,0,,0,0,0,0,0,4,5,16
,2024-058301,39.76595988,-104.8904691,12/10/2024 7:59,7:59,12,0,0, CENTRAL PARK BLVD & E 35TH AVE,4,1,0,0,1,4,0,0,35,0,0,0,0,0,4,3,13
,2024-058307,39.71062864,-104.9863763,12/19/2024 16:59,16:59,15,0,0, LINCOLN ST & E ALAMEDA AVE,1,3,0,0,1,3,0,0,30,0,0,0,0,0,4,2,13
,2024-058308,39.79631067,-104.8453666,12/6/2024 6:17,6:17,12,0,0,E 55TH AVE & N PEORIA ST,1,2,0,0,1,3,0,0,25,0,0,0,0,0,4,2,16
,2024-058309,39.63869463,-105.0844135,12/9/2024 20:45,20:45,14,0,0,W ZEPHYR ST & W QUINCY AVE,4,4,0,0,1,3,0,0,,0,0,0,0,0,4,2,16
,2024-058314,39.64520693,-104.9137313,12/31/2024 17:21,17:21,12,0,1,I-25 & MM 201,1,3,0,0,1,4,0,0,65,0,0,0,0,1,1,3,11
,2024-058324,39.7801665,-105.0107646,12/11/2024 17:23,17:23,11,0,1,W 46TH AVE & N TEJON ST,1,4,0,0,1,4,0,0,35,0,1,0,0,3,4,1,16
,2024-058327,39.7073582,-104.9408242,12/23/2024 15:20,15:20,5,0,0,E CHERRY CREEK  DR & S COLORADO BLVD,1,1,0,0,3,4,0,0,,0,0,0,0,0,4,2,10
,2024-058328,39.76574699,-104.9597471,12/24/2024 23:12,23:12,3,0,0,E 35TH AVE & N YORK ST,1,3,0,0,1,1,0,0,,0,0,0,0,0,4,2,16
,2024-058329,39.78436768,-105.0255113,12/16/2024 3:38,3:38,5,0,0,I-70 & MM 272,1,4,2,0,2,4,0,0,55,0,0,0,0,0,1,1,16
,2024-058330,39.75247532,-104.9871395,12/28/2024 23:42,23:42,10,0,0,22ND ST & CURTIS ST,1,3,0,0,1,9,0,0,30,0,0,0,0,0,4,2,11
,2024-058331,39.78108597,-104.9541238,12/14/2024 18:38,18:38,6,0,0,CLAYTON ST & E 47TH AVE,1,3,0,0,1,4,0,0,,0,0,0,0,0,4,2,16
,2024-058335,39.76010985,-104.9317148,12/20/2024 15:50,15:50,6,0,0, DAHLIA ST & E 30TH AVE,1,1,0,0,1,4,0,0,,0,0,0,0,0,4,2,16
,2024-058337,39.74002055,-104.9811022,12/28/2024 18:17,18:17,12,0,0,E COLFAX AVE & PENNSYLVANIA ST,1,3,0,0,1,4,0,0,30,0,0,0,0,0,2,2,11
,2024-058339,39.71926989,-104.9498064,12/21/2024 18:41,18:41,11,0,1, STEELE ST & E 2ND AVE,1,3,0,0,1,4,0,0,25,0,1,0,0,1,4,1,16
,2024-058376,39.68221281,-105.0343736,12/14/2024 22:52,22:52,3,0,5, LOWELL BLVD & W JEWELL AVE,1,3,0,0,1,1,0,0,30,0,0,0,0,3,4,3,16
,2024-058378,39.7849419,-104.9519009,12/18/2024 18:49,18:49,3,0,1,E 49TH AVE & N MILWAUKEE ST,1,3,0,0,1,1,0,0,25,0,0,0,0,3,4,2,13
,2024-058379,39.71819286,-104.9705806,12/18/2024 23:23,23:23,10,0,3,E 1ST AVE & N LAFAYETTE ST,1,3,0,0,6,1,0,0,30,0,0,0,0,3,4,2,3
,2024-058391,39.77664922,-105.0251599,12/12/2024 23:06,23:06,3,0,0,W 44TH AVE & N FEDERAL BLVD,1,3,0,0,1,1,0,0,30,0,0,0,0,0,2,2,16
,2024-058392,39.75023737,-104.9873903,12/13/2024 11:30,11:30,10,0,0, BROADWAY ST & STOUT ST,1,1,0,0,1,1,0,0,30,0,0,0,0,0,4,2,16
,2024-058394,39.65307901,-104.8987255,12/2/2024 8:30,8:30,15,0,0,E HAMPDEN AVE & S TAMARAC DR,1,1,0,0,1,1,0,0,,0,0,0,0,0,2,2,16
,2024-058395,39.77698391,-104.8848092,12/9/2024 22:27,22:27,12,0,0,I-270 & N CENTRAL PARK BLVD,4,3,0,2,1,4,0,0,55,0,0,0,0,0,1,6,16
,2024-058396,39.72922877,-104.940592,12/16/2024 14:15,14:15,12,0,0,E 8TH PL & N COLORADO BLVD,1,1,0,0,1,3,0,0,,0,0,0,0,0,2,2,16
,2024-058397,39.66762272,-104.9022356,12/15/2024 21:18,21:18,6,0,0,7777 E YALE AVE & S QUEBEC ST,1,3,0,0,3,4,0,0,40,0,0,0,0,0,4,2,16
,2024-058402,39.75319031,-104.9957285,12/4/2024 23:00,23:00,15,0,0,BLAKE ST & 19TH ST,1,3,0,0,1,4,0,0,30,0,0,0,0,0,4,2,16
,2024-058403,39.74661356,-104.9938387,12/3/2024 14:05,14:05,15,0,0,CHAMPA ST & 16TH ST,1,1,0,0,1,3,0,0,35,0,0,0,0,0,4,2,11
,2024-058404,39.77852594,-104.9084763,12/18/2024 15:08,15:08,12,0,0,I-70 & N NORTHFIELD QUEBEC ST,1,1,0,0,1,4,0,0,55,0,0,0,0,0,1,2,16
,2024-058406,39.65778323,-104.8957975,12/8/2024 15:30,15:30,6,0,0, TULARE CT & E EASTMAN AVE,1,1,1,0,1,4,0,0,25,0,0,0,0,0,4,2,14
,2024-058408,39.72416901,-104.9811294,12/5/2024 0:00,0:00,6,0,0, PENNSYLVANIA ST & E 5TH AVE,1,3,0,0,1,4,0,0,,0,0,0,0,0,4,2,16
,2024-058409,39.75950347,-104.9841283,12/5/2024 16:59,16:59,6,0,0,LARIMER ST & E 27TH AVE,1,3,0,0,1,4,0,0,30,0,0,0,0,0,4,2,16
,2024-058410,39.75850277,-105.025287,12/7/2024 17:50,17:50,15,0,0, FEDERAL BLVD & W 29TH AVE,1,2,0,0,1,3,0,0,35,0,0,0,0,0,2,2,16
,2024-058412,39.74008665,-104.8905516,12/16/2024 9:25,9:25,3,0,0,E COLFAX AVE & N VERBENA ST,1,1,0,0,1,1,0,0,,0,0,0,0,0,2,2,16
,2024-058417,39.77622503,-104.8832085,12/16/2024 1:43,1:43,12,0,0,I-70 EB OFF RAMP & N CENTRAL PARK BLVD,1,3,1,0,1,8,0,0,55,0,0,0,0,0,4,2,16
,2024-058418,39.7580949,-104.9823231,12/31/2024 5:47,5:47,6,0,0,27TH ST & ARAPAHOE ST,1,3,0,0,1,4,0,0,30,0,0,0,0,0,4,2,16
,2024-058419,39.77886098,-105.0346139,12/25/2024 2:58,2:58,5,0,0, LOWELL BLVD & W SCOTT PL,1,3,1,0,2,4,0,0,30,0,0,0,0,0,4,1,16
,2024-058422,39.75221369,-105.0074437,12/7/2024 17:00,17:00,15,0,0,2175  SPEER BLVD & ELITCH CIR,1,3,1,0,1,4,0,0,,0,0,0,0,0,4,2,16
,2024-058423,39.76094182,-104.9787788,12/17/2024 15:05,15:05,6,0,0,ARAPAHOE ST & 30TH ST,1,1,0,0,1,3,0,0,30,0,0,0,0,0,4,2,16
,2024-058424,39.75115372,-104.9486786,12/9/2024 18:40,18:40,12,0,0,E 23RD AVE & N STEELE ST,4,3,0,2,1,3,0,0,30,0,0,0,0,0,4,2,1
,2024-058425,39.71476146,-104.9862692,12/9/2024 18:28,18:28,10,0,0, LINCOLN ST & E BAYAUD AVE,4,3,0,2,1,1,0,0,30,0,0,0,0,0,4,2,8
,2024-058426,39.71501956,-105.0015207,12/26/2024 3:40,3:40,5,0,0,I-25 & W ALAMEDA AVE,1,3,0,0,2,4,0,0,65,0,0,0,0,0,1,1,13
,2024-058427,39.68934084,-104.8986319,12/30/2024 21:30,21:30,6,0,1,E FLORIDA AVE & S SYRACUSE ST,1,3,0,0,1,4,0,0,20,0,0,0,0,1,4,3,16
,2024-058428,39.79832138,-104.8096321,12/12/2024 18:30,18:30,15,0,0,E 56TH AVE & N CHAMBERS RD,1,3,0,0,1,1,0,0,40,0,0,0,0,0,4,3,16
,2024-058430,39.74844489,-104.9914566,12/7/2024 18:00,18:00,12,0,0,1801 CHAMPA ST & 18TH ST,1,3,0,0,1,3,0,0,35,0,0,0,0,0,4,2,10
,2024-058432,39.77982985,-104.9495742,12/20/2024 23:22,23:22,12,0,0,E 46TH  AVE & N STEELE ST,1,3,0,0,1,8,0,0,35,0,0,0,0,0,1,2,16
,2024-058433,39.75769184,-104.9794942,12/25/2024 13:46,13:46,6,0,0,CHAMPA ST & 28TH ST,1,1,0,0,1,4,0,0,30,0,0,0,0,0,4,2,16