id,drcog_id,latitude,longitude,crashtime,time,crashtype,numbkilled,numbinjurd,drcoglocat,rdconditin,lightngcon,roadcntgrd,weatherco,location,roaddescrp,schoolzone,constrzone,splimit,bikeinv,pedinv,sctrinv,motoinv,svrty,rdsystem,ttlvehcls,hcf
,2024-058435,39.79839407,-104.7721172,12/22/2024 11:20,11:20,12,0,0, TOWER RD & E 56TH AVE,1,1,0,0,1,3,0,0,40,0,0,0,0,0,4,2,1
,2024-058436,39.72554994,-105.025473,12/18/2024 18:05,18:05,12,0,0,W 6TH AVE & N FEDERAL BLVD,1,3,1,0,1,8,0,0,45,0,0,0,0,0,2,2,13
,2024-058479,39.70889945,-104.8753736,7/4/2024 2:58,2:58,12,1,2,E ALAMEDA AVE & S DAYTON ST,1,3,0,0,1,3,0,0,30,0,0,0,0,4,4,2,1
,2024-058480,39.78363942,-104.7847793,6/29/2024 6:30,6:30,5,1,1,E GREEN VALLEY RANCH BLVD & N SALIDA ST,1,1,0,0,3,1,0,0,35,0,0,0,0,4,4,1,16
,2024-058482,39.7329966,-105.0393241,12/9/2024 18:40,18:40,3,0,0, PERRY ST & W 10TH AVE,9,3,0,2,1,1,0,0,25,0,0,0,0,0,4,2,16
,2024-058483,39.78362735,-104.7721144,12/31/2024 10:28,10:28,14,0,0, TOWER RD & E GREEN VALLEY RANCH BLVD,1,1,0,0,1,1,0,0,40,0,0,0,0,0,4,3,16
,2024-058508,39.6747599,-104.8708045,12/14/2024 17:40,17:40,1,0,1, PARKER RD & E ILIFF AVE,1,3,0,0,1,2,0,0,35,0,0,0,0,2,2,2,13
,2024-058509,39.6912777,-104.9874797,12/31/2024 17:00,17:00,6,0,2, BROADWAY ST & E ARKANSAS AVE,1,2,0,0,3,4,0,0,35,0,0,0,0,2,4,2,16
,2024-058511,39.6259564,-104.9088745,11/30/2024 18:30,18:30,6,0,0,4800  NIAGARA ST,1,2,0,0,3,4,0,0,25,0,0,0,0,0,4,2,16
,2024-058512,39.74483635,-104.9733907,12/10/2024 8:50,8:50,12,0,0,E 18TH AVE & N DOWNING ST,4,1,0,2,1,3,0,0,25,0,0,0,0,0,4,2,16
,2024-058515,39.69126222,-105.0051096,12/31/2024 5:48,5:48,5,0,0,W ARKANSAS AVE & S OSAGE ST,1,3,1,0,2,4,0,0,30,0,0,0,0,0,4,1,13
,2024-058518,39.75818076,-105.0115182,12/14/2024 11:45,11:45,6,0,0,15TH ST & BOULDER ST,1,1,0,0,1,4,0,0,,0,0,0,0,0,4,2,10
,2024-058519,39.77985549,-104.9499679,12/2/2024 12:30,12:30,15,0,0,I-70 EB OFF RAMP & VASQUEZ BLVD,1,1,3,0,1,8,0,0,35,0,0,0,0,0,1,2,16
,2024-058603,39.77975549,-104.9410968,12/19/2024 19:51,19:51,15,0,0,COLORADO BLVD & I-70 EB RAMPS,1,3,0,0,1,1,0,0,35,0,0,0,0,0,2,2,13
,2024-058805,39.75457564,-104.9922401,12/13/2024 23:10,23:10,11,0,1,21ST ST & MARKET ST,1,3,0,0,1,9,0,0,10,0,1,0,0,1,4,1,11
,2024-058811,39.7234924,-105.0250231,12/21/2024 22:53,22:53,8,0,0, FEDERAL BLVD & W 5TH AVE,1,3,0,0,1,1,0,0,,0,0,0,0,0,2,2,16
,2024-058854,39.72098353,-104.9594349,12/13/2024 17:57,17:57,11,0,1,E 3RD AVE & N UNIVERSITY BLVD,1,3,0,0,1,1,0,0,25,0,1,0,0,3,4,1,16
,2024-058892,39.72444692,-105.0351034,12/16/2024 17:45,17:45,6,0,0, LOWELL BLVD & W 5TH AVE,1,4,0,0,1,3,0,0,25,0,0,0,0,0,4,3,16
,2024-058896,39.75927937,-104.9936715,12/1/2024 0:05,0:05,6,0,2,DELGANY ST & WEWATTA WY,1,3,1,0,1,4,0,0,20,0,0,0,0,2,4,4,1
,2024-058903,39.73998651,-104.9633981,12/4/2024 16:32,16:32,12,0,0,E COLFAX AVE & N RACE ST,1,1,0,0,1,3,0,0,,0,0,0,0,0,2,2,16
,2024-058955,39.69666127,-104.9918826,3/22/2024 4:02,4:02,3,0,2,W MISSISSIPPI AVE & S SANTA FE DR,1,3,0,0,1,1,0,0,30,0,0,0,0,3,2,2,16
,2024-058957,39.72893958,-104.9928585,11/14/2024 18:12,18:12,3,0,0, DELAWARE ST & W 8TH AVE,1,3,0,0,1,1,0,0,35,0,0,0,0,0,4,2,16
,2024-058976,39.7714111,-104.9908983,12/2/2024 15:36,15:36,15,0,0,I-25 & SB ON RAMP ENT FROM I-70,1,1,0,0,1,4,0,0,,0,0,0,0,0,1,2,16
,2024-058977,39.76805519,-105.0056479,12/30/2024 1:50,1:50,6,0,0,W 37TH AVE & N OSAGE ST,1,3,0,0,1,4,0,0,25,0,0,0,0,0,4,2,16
,2024-058979,39.68486443,-105.0297889,12/9/2024 21:15,21:15,6,0,1, IRVING ST & W COLORADO AVE,4,4,1,2,1,4,0,0,,0,0,0,0,1,4,3,16
,2024-058980,39.78365997,-104.7611402,9/10/2024 15:50,15:50,12,0,0,E GREEN VALLEY RANCH BLVD & N FLANDERS WY,1,1,0,0,1,3,0,0,,0,0,0,0,0,4,2,16
,2024-058988,39.72727703,-104.9874158,12/4/2024 14:00,14:00,15,0,0, SPEER BLVD & N BROADWAY ST,1,1,0,0,1,1,0,0,30,0,0,0,0,0,4,2,13
,2024-058991,39.68227216,-105.0250198,12/3/2024 15:53,15:53,11,0,0,W JEWELL AVE & S FEDERAL BLVD,1,1,0,0,1,1,0,0,0,0,0,1,0,0,2,1,16
,2024-058992,39.78378824,-104.7979664,12/22/2024 14:11,14:11,1,0,1, MEMPHIS ST & E GREEN VALLEY RANCH BLVD,1,1,0,0,1,1,0,0,30,0,0,0,0,1,4,2,16
,2024-058994,39.83111595,-104.7718821,12/11/2024 10:56,10:56,15,0,0, PENA BLVD IB RAMPS & N TOWER RD,1,1,0,0,1,1,0,0,40,0,0,0,0,0,4,2,16
,2024-058996,39.74021789,-104.9034571,12/29/2024 0:02,0:02,3,0,0,E COLFAX AVE & N QUEBEC ST,1,3,0,0,1,1,0,0,,0,0,0,0,0,2,2,16
,2024-058997,39.74458577,-104.972126,12/14/2024 19:00,19:00,6,0,0,1780  MARION ST,1,3,0,0,5,7,0,0,,0,0,0,0,0,3,2,16
,2024-059000,39.80553655,-104.7698289,12/22/2024 12:10,12:10,5,0,1,18579 E 60TH AVE & TOWER RD,1,1,0,0,2,4,0,0,,0,0,0,0,1,4,1,16
,2024-059059,39.73036581,-104.9823874,6/15/2024 19:00,19:00,12,0,0, LOGAN ST & 9TH AVE,1,1,0,0,1,3,0,0,25,0,0,0,0,0,4,2,16
,2024-059060,39.68906271,-104.9719271,8/17/2024 15:58,15:58,15,0,0,I-25 & SB OFF RAMP EXT TO S UNIVERSITY BLVD,14,5,3,7,1,4,0,0,55,0,0,0,0,0,4,2,1
,2024-059062,39.6289763,-105.0254444,10/4/2024 15:49,15:49,15,0,0, FEDERAL BLVD & W SARATOGA AVE,1,1,0,0,1,4,0,0,30,0,0,0,0,0,2,2,16
,2024-059063,39.74375981,-104.9407837,11/27/2024 12:00,12:00,12,0,0,E 17TH AVE & N COLORADO BLVD,11,1,0,2,1,3,0,0,30,0,0,0,0,0,2,2,16
,2024-059064,39.69673802,-105.022726,12/13/2024 17:40,17:40,3,0,1, DECATUR ST & W MISSISSIPPI AVE,1,3,0,0,1,1,0,0,30,0,0,0,0,1,4,2,16
,2024-059065,39.72563037,-104.9799378,12/20/2024 18:44,18:44,11,0,1, PEARL ST & E 6TH AVE,1,3,0,0,1,1,0,0,25,0,1,0,0,3,4,1,11
,2024-059072,39.73839212,-104.9586919,11/15/2024 21:52,21:52,3,0,2, JOSEPHINE ST & E 14TH AVE,1,3,0,0,1,1,0,0,30,0,0,0,0,3,4,2,16
,2024-059073,39.73515026,-104.9784313,12/9/2024 22:30,22:30,6,0,0,739 E 12TH AVE & N WASHINGTON ST,4,3,1,2,1,4,0,0,30,0,0,0,0,0,4,3,14
,2024-059074,39.7549007,-104.9779096,12/29/2024 12:40,12:40,6,0,0,WELTON ST & 27TH ST,1,1,0,0,1,4,0,0,,0,0,0,0,0,4,2,16
,2024-059075,39.78706162,-104.7582144,12/28/2024 4:58,4:58,6,0,0, HALIFAX CT & E 49TH PL,1,3,0,0,1,4,0,0,25,0,0,0,0,0,4,2,16
,2024-059076,39.77525409,-104.9497984,12/12/2024 1:48,1:48,6,0,0, STEELE ST & E 42ND AVE,1,3,0,0,1,4,0,0,30,0,0,0,0,0,4,2,16
,2024-059077,39.72567956,-105.0025904,12/14/2024 18:45,18:45,15,0,0,W 6TH AVE & N KALAMATH ST,1,3,0,0,1,4,0,0,35,0,0,0,0,0,2,2,16
,2024-059078,39.76331269,-105.0254204,12/24/2024 7:19,7:19,6,0,0,W HIGHLAND PARK PL & N FEDERAL BLVD,1,1,0,0,1,4,0,0,20,0,0,0,0,0,2,2,16
,2024-059079,39.72171854,-105.0089234,12/31/2024 12:01,12:01,15,0,0,I-25 & NB OFF RAMP ENT TO W 6TH AVE,1,1,0,0,1,4,0,0,55,0,0,0,0,0,1,2,16
,2024-059080,39.65302452,-104.87929,12/17/2024 17:29,17:29,10,1,0,E HAMPDEN AVE & S BOSTON ST,1,3,1,0,1,4,0,0,45,0,0,0,1,4,2,2,3
,2024-059081,39.72246834,-104.9812972,12/14/2024 10:57,10:57,15,0,0,E SPEER BLVD & N LOGAN ST,1,1,0,0,1,4,0,0,35,0,0,0,0,0,4,2,13
,2024-059082,39.70117812,-104.9874986,12/31/2024 17:48,17:48,15,0,0,I-25 & S BROADWAY ST,1,3,0,0,1,4,0,0,60,0,0,0,0,0,1,2,16
,2024-059083,39.75102434,-105.0002815,12/22/2024 14:15,14:15,12,0,0,WAZEE ST & 16TH ST,1,1,0,0,1,4,0,0,20,0,0,0,0,0,4,2,16
,2024-059084,39.71840065,-105.0001865,12/26/2024 14:05,14:05,11,1,0,MAIN LINE 1 & S KALAMATH ST,1,1,0,0,5,14,0,0,,0,1,0,0,4,3,1,13
,2024-059085,39.75490468,-104.9779045,12/29/2024 12:40,12:40,11,0,0,WELTON ST & 27TH ST,1,1,0,0,1,4,0,0,,0,1,0,0,0,4,1,16
,2024-059086,39.73842799,-104.979906,12/21/2024 2:00,2:00,10,0,0,E 14TH AVE & N PEARL ST,1,3,3,0,1,1,0,0,,0,0,0,0,0,4,2,16
,2024-059087,39.72511437,-105.0531157,12/25/2024 19:45,19:45,12,0,0,W 6TH AVE NB ON RAMP SLIP & N SHERIDAN BLVD,11,3,0,0,1,8,0,0,35,0,0,0,0,0,2,2,16
,2024-059088,39.68757369,-104.9919398,11/21/2024 8:19,8:19,15,0,0, SANTA FE DR & W IOWA ST,1,1,0,0,1,3,0,0,,0,0,0,0,0,2,2,16
,2024-059089,39.72552173,-104.9985734,12/20/2024 8:10,8:10,6,0,0,574  SANTA FE DR & 6TH AVE,1,1,3,0,1,4,0,0,,0,0,0,0,0,4,2,16
,2024-059090,39.75899196,-104.8658652,12/27/2024 5:54,5:54,3,0,0, HAVANA ST & E 29TH AVE,1,3,0,0,1,2,0,0,,0,0,0,0,0,4,2,16
,2024-059091,39.67846327,-104.9165277,12/6/2024 19:35,19:35,15,0,0,E EVANS AVE & S MONACO ST PKWY,1,3,1,0,1,4,0,0,35,0,0,0,0,0,4,3,16
,2024-059092,39.83346425,-104.6929349,12/3/2024 19:20,19:20,12,0,0,PENA BLVD & N JACKSON GAP ST,1,3,0,0,1,4,0,0,65,0,0,0,0,0,4,2,16
,2024-059093,39.75939504,-104.9936792,12/29/2024 2:30,2:30,3,0,1,PARK AVE W & WEWATTA ST,1,3,0,0,1,1,0,0,,0,0,0,0,2,4,2,13
,2024-059094,39.74752665,-105.0020233,12/7/2024 20:20,20:20,15,0,0, SPEER BLVD & MARKET ST,1,3,0,0,1,4,0,0,,0,0,0,0,0,4,2,16
,2024-059100,39.68940075,-104.9923475,11/25/2024 18:00,18:00,15,0,0,W FLORIDA AVE & S SANTA FE DR,1,3,3,0,1,3,0,0,35,0,0,0,0,0,2,3,1
,2024-059103,39.77613487,-104.8695477,12/8/2024 22:15,22:15,12,0,0,I-70 & N HAVANA ST,1,3,0,0,1,4,0,0,,0,0,0,0,0,1,2,16
,2024-059104,39.67878063,-104.9347077,12/17/2024 20:15,20:15,12,0,0,I-25 SB OFF RAMP & E EVANS AVE,1,3,0,0,1,8,0,0,55,0,0,0,0,0,1,3,10
,2024-059167,39.69657292,-105.0127101,10/1/2024 8:44,8:44,15,0,0, TEJON ST & W MISSISSIPPI AVE,1,1,0,0,1,3,0,0,20,0,0,0,0,0,4,2,1
,2024-059168,39.76650759,-105.0252998,11/22/2024 7:45,7:45,6,0,0,W 36TH AVE & N FEDERAL BLVD,1,1,0,0,1,4,0,0,25,0,0,0,0,0,4,2,10
,2024-059169,39.7621398,-105.0345341,11/30/2024 23:49,23:49,6,0,0,W 32ND AVE & N LOWELL ST,1,3,0,0,1,3,0,0,30,0,0,0,0,0,4,4,16
,2024-059174,39.69588943,-105.0437298,12/22/2024 19:52,19:52,6,0,0, TENNYSON ST & W MISSISSIPPI AVE,1,3,0,0,1,4,0,0,,0,0,0,0,0,4,2,16
,2024-059176,39.68467581,-104.9540101,11/25/2024 20:03,20:03,15,0,0,I-25 NB ON RAMP FROM  UNIVERSITY BLVD & ON RAMP MERGE PT,1,4,1,0,1,8,0,0,55,0,0,0,0,0,1,2,1
,2024-059180,39.78024532,-104.9668553,12/29/2024 12:58,12:58,3,0,3, BRIGHTON BLVD & E 46TH AVE N,1,1,0,0,1,1,0,0,35,0,0,0,0,2,2,2,1
,2024-059344,39.71625225,-104.9499392,12/24/2024 13:30,13:30,1,0,0, STEELE ST & E ELLSWORTH AVE,1,1,0,0,1,1,0,0,25,0,0,0,0,0,4,2,10
,2024-059345,39.68757369,-104.9919398,12/21/2024 14:12,14:12,3,0,0, SANTA FE DR & W IOWA AVE,1,1,0,0,1,1,0,0,,0,0,0,0,0,2,2,16
,2024-059347,39.73109308,-104.8847425,12/16/2024 4:06,4:06,5,0,0,1001  YOSEMITE ST & ALTON WY,1,3,0,0,3,4,0,0,30,0,0,0,0,0,4,1,14
,2024-059348,39.78555011,-104.8931987,12/21/2024 1:51,1:51,9,0,0, UINTA ST & E NORTHFIELD BLVD,1,3,0,0,1,1,0,0,35,0,0,0,0,0,4,1,1
,2024-059349,39.75798598,-104.9894214,12/14/2024 21:05,21:05,6,0,0,1450 24TH ST & BLAKE ST,1,3,0,0,1,4,0,0,20,0,0,0,0,0,4,2,16
,2024-059350,39.68215372,-105.0572642,2/13/2024 9:49,9:49,12,0,0, DEPEW ST & W JEWELL AVE,1,1,0,0,1,4,0,0,20,0,0,0,0,0,4,3,16
,2024-059351,39.71975139,-105.0252774,12/24/2024 23:17,23:17,12,0,0, FEDERAL BLVD & W 2ND AVE,1,3,0,0,1,3,0,0,35,0,0,0,0,0,2,2,16
,2024-059353,39.71479395,-104.9899659,12/31/2024 18:04,18:04,3,0,0,W BAYAUD AVE & S BANNOCK ST,1,1,0,0,1,1,0,0,25,0,0,0,0,0,4,2,16
,2024-059355,39.77871695,-104.9200421,12/14/2024 15:34,15:34,6,0,2, IVY ST & E 45TH AVE,1,2,0,0,1,3,0,0,,0,0,0,0,2,4,2,16
,2024-059356,39.72557834,-104.8918754,12/29/2024 17:00,17:00,5,0,0, UINTA WY & E 6TH AVE,1,1,0,0,2,6,0,0,,0,0,0,0,0,4,1,16
,2024-059357,39.63426534,-105.1099017,12/1/2024 13:28,13:28,12,0,8, KIPLING ST & W STANFORD AVE,1,1,0,0,1,1,0,0,45,0,0,0,0,3,2,3,10
,2024-059358,39.73298369,-105.0251694,12/20/2024 4:30,4:30,5,0,0, FEDERAL BLVD & W 10TH AVE,1,3,0,0,3,4,0,0,35,0,0,0,0,0,2,1,13
,2024-059364,39.74004307,-104.9836155,12/27/2024 1:49,1:49,1,0,0,E COLFAX AVE & N GRANT ST,1,3,0,0,1,1,0,0,,0,0,0,0,0,2,2,16
,2024-059366,39.76477574,-104.9404999,11/24/2024 16:05,16:05,11,1,1,COLORADO BLVD & 3400 N,1,1,3,0,1,4,0,0,0,0,1,0,0,4,2,1,16
,2024-059367,39.75840537,-105.0131474,12/20/2024 12:31,12:31,2,0,1,W 29TH AVE & N VALLEJO ST,1,1,0,0,1,1,0,0,30,1,0,0,0,2,4,1,16
,2024-059416,39.67966678,-104.9355559,12/28/2024 1:08,1:08,5,0,3,E COLORADO CENTER DR & S BIRCH ST,1,3,0,0,2,4,0,0,20,0,0,0,0,3,4,1,16
,2024-059417,39.71842842,-104.9874978,12/29/2024 14:09,14:09,12,0,0, BROADWAY ST & W 1ST AVE,1,1,0,0,1,4,0,0,25,0,0,0,0,0,4,2,16
,2024-059418,39.75240684,-105.03462,12/28/2024 20:30,20:30,6,0,0,2398  LOWELL BLVD & W 24TH AVE,1,3,0,0,1,4,0,0,25,0,0,0,0,0,4,3,16
,2024-059419,39.77309749,-104.9486397,12/21/2024 2:00,2:00,6,0,0,4027  ADAMS ST & E 40TH AVE,1,4,0,0,3,4,0,0,25,0,0,0,0,0,4,2,16
,2024-059426,39.72454654,-105.0394559,12/21/2024 14:43,14:43,3,0,0, PERRY ST & W 5TH AVE,1,1,0,0,1,1,0,0,25,0,0,0,0,0,4,2,16
,2024-059427,39.73993823,-104.9741449,12/7/2024 21:44,21:44,6,0,0, CORONA ST & E COLFAX AVE,1,3,0,0,1,3,0,0,25,0,0,0,0,0,2,2,14
,2024-059428,39.76019843,-105.0252447,12/28/2024 15:46,15:46,12,0,0, FEDERAL BLVD & N SPEER BLVD,1,1,0,0,1,3,0,0,,0,0,0,0,0,2,2,16
,2024-059435,39.72585749,-105.0249812,12/6/2024 1:00,1:00,5,0,2, FEDERAL BLVD & W 6TH AVE WB RAMPS,1,3,0,0,6,1,0,0,35,0,0,0,0,3,2,1,16
,2024-059436,39.79682701,-104.7653496,12/28/2024 1:00,1:00,6,0,0, CATHAY CT & E ROBINS DR,1,3,0,0,1,4,0,0,,0,0,0,0,0,4,2,16
,2024-059437,39.75013265,-104.9840897,12/2/2024 2:00,2:00,6,0,0,E 22ND AVE & N WELTON ST,14,5,3,7,1,4,0,0,,0,0,0,0,0,4,2,16
,2024-059438,39.72564815,-104.9862615,12/21/2024 23:10,23:10,10,0,0,E 6TH AVE & N LINCOLN ST,1,3,0,0,1,1,0,0,35,0,0,0,0,0,4,2,16
,2024-059441,39.71294833,-104.9828511,12/17/2024 16:30,16:30,15,0,0,E CEDAR AVE & S LOGAN ST,1,1,0,5,1,4,0,0,25,0,0,0,0,0,4,2,1
,2024-059442,39.71803237,-104.9527286,12/28/2024 13:50,13:50,6,0,0,3000 E 1ST AVE,14,5,3,7,1,4,0,0,,0,0,0,0,0,4,2,11
,2024-059443,39.7112143,-104.9129184,12/15/2024 11:45,11:45,10,0,0, MONACO ST PKWY & E ALAMEDA AVE,1,1,0,0,1,1,0,0,35,0,0,0,0,0,4,2,16
,2024-059473,39.71849573,-105.0001862,7/5/2024 14:40,14:40,15,0,0,102  KALAMATH ST & W 1ST AVE,1,1,0,0,1,3,0,0,35,0,0,0,0,0,4,2,16
,2024-059475,39.78738865,-104.9782814,10/1/2024 16:00,16:00,12,0,0, WASHINGTON ST & E 50TH AVE,1,1,0,0,1,3,0,0,30,0,0,0,0,0,4,2,16
,2024-059499,39.71153472,-104.9406226,12/21/2024 23:14,23:14,12,0,0, COLORADO BLVD & E ALAMEDA AVE,1,3,0,0,1,3,0,0,35,0,0,0,0,0,2,2,16
,2024-059508,39.75134088,-104.9929286,12/28/2024 23:33,23:33,3,0,1,19TH ST & LAWRENCE ST,1,3,0,0,1,1,0,0,25,0,0,0,0,2,4,2,9
,2024-059519,39.75766145,-105.0220762,12/18/2024 18:30,18:30,6,0,0, DECATUR ST & W 28TH AVE,1,4,1,0,1,4,0,0,20,0,0,0,0,0,4,2,16
,2024-059542,39.74008097,-104.8987596,10/27/2024 18:31,18:31,1,1,0, SYRACUSE ST & E COLFAX AVE,1,1,0,0,1,1,0,0,35,0,0,0,1,4,2,2,13
,2024-059545,39.72281788,-104.9891819,12/19/2024 20:00,20:00,6,0,0, ACOMA ST & W 4TH AVE,1,4,0,0,1,4,0,0,,0,0,0,0,0,4,2,1
,2024-059549,39.68497908,-105.0250115,12/21/2024 14:25,14:25,15,0,0, FEDERAL BLVD & W COLORADO AVE,1,1,0,0,1,4,0,0,,0,0,0,0,0,2,2,16
,2024-059574,39.7618039,-104.9405117,12/11/2024 11:15,11:15,15,0,0,E MLK JR BLVD & N COLORADO BLVD,1,1,0,0,1,3,0,0,45,0,0,0,0,0,2,3,13
,2024-059576,39.75388906,-104.9913826,12/8/2024 1:23,1:23,11,0,1,21ST ST & LARIMER ST,1,3,0,0,1,1,0,0,20,0,1,0,0,2,4,1,16
,2024-059577,39.7180377,-104.9569169,12/20/2024 14:59,14:59,16,0,1,2375 E 1ST AVE,1,1,0,0,5,7,0,0,10,0,1,0,0,2,3,1,11
,2024-059583,39.79843653,-104.7626953,12/26/2024 23:24,23:24,11,0,1, DUNKIRK ST & E 56TH AVE,1,3,0,0,1,4,0,0,,0,1,0,0,2,4,1,16
,2024-059603,39.78389686,-105.0254065,12/17/2024 18:20,18:20,15,0,0,I-70 EB OFF RAMP & N FEDERAL BLVD,1,1,0,0,1,8,0,0,15,0,0,0,0,0,1,2,16
,2024-059604,39.65305574,-104.8847851,12/14/2024 16:20,16:20,2,0,1,E HAMPDEN AVE & S YOSEMITE ST,1,2,0,0,1,1,0,0,35,1,0,0,0,1,2,1,10
,2024-059605,39.7288447,-105.0532281,12/29/2024 17:25,17:25,11,0,1, SHERIDAN BLVD & W 8TH AVE,1,4,3,0,1,4,0,0,0,0,1,0,0,3,2,1,16
,2024-059763,39.70082227,-104.9850892,9/26/2024 9:51,9:51,6,0,0, SHERMAN ST & E KENTUCKY AVE,1,1,0,0,1,4,0,0,20,0,0,0,0,0,4,2,14
,2024-059764,39.79840263,-104.7881498,9/20/2024 18:19,18:19,12,0,0,E 56TH AVE & N PENA BLVD OB RAMPS,1,1,0,0,1,3,0,0,,0,0,0,0,0,4,2,16
,2024-059765,39.73057401,-104.9034657,9/22/2024 10:14,10:14,12,0,1, QUEBEC ST & E 9TH AVE,1,1,0,0,1,4,0,0,30,0,0,0,0,1,4,2,16
,2024-059767,39.73568009,-105.0245733,12/31/2024 12:45,12:45,6,0,0,W HOLDEN PL & N FEDERAL BLVD,1,1,1,0,1,4,0,0,25,0,0,0,0,0,4,2,13
,2024-059768,39.7330379,-105.0441268,9/20/2024 11:36,11:36,6,0,1,W 10TH AVE & N TENNYSON ST,1,1,0,0,1,4,0,1,25,0,0,0,0,1,4,2,1
,2024-059769,39.67864514,-105.0250486,9/2/2024 18:06,18:06,12,0,0, FEDERAL BLVD & E EVANS AVE,1,1,0,0,1,1,0,0,30,0,0,0,0,0,2,2,1
,2024-059771,39.6677223,-104.9783136,9/18/2024 23:50,23:50,5,0,0, CLARKSON ST & E YALE AVE,1,3,0,0,2,3,0,0,25,0,0,0,0,0,4,1,13
,2024-059772,39.74755298,-104.9832702,12/25/2024 12:48,12:48,5,0,0,309 E 20TH AVE & N GRANT ST,1,1,0,0,2,4,0,0,,0,0,0,0,0,4,1,16
,2024-059798,39.76633512,-104.9733439,7/30/2024 9:00,9:00,11,0,1, DOWNING ST & 35TH ST,1,1,0,0,1,4,0,0,,0,0,1,0,2,4,1,16
,2024-059799,39.75184881,-104.9922665,10/9/2024 8:00,8:00,11,0,1,2600 LAWERENCE,1,1,0,0,1,9,0,0,,0,1,0,0,2,4,1,13
,2024-059813,39.78379464,-104.9858141,12/27/2024 14:53,14:53,15,0,0, LINCOLN ST & E 48TH AVE,1,1,0,0,1,1,0,0,25,0,0,0,0,0,4,2,6
,2024-059815,39.75710257,-104.9907147,10/9/2024 2:37,2:37,3,0,0,PARK AVE W & BLAKE ST,1,3,0,0,1,1,0,0,25,0,0,0,0,0,4,2,16
,2024-059816,39.74006497,-104.9269982,12/28/2024 20:48,20:48,10,0,3,E COLFAX AVE & N FOREST ST,1,3,0,0,1,1,0,0,35,0,0,0,0,1,2,2,16
,2024-059817,39.72566972,-104.991943,12/12/2024 23:15,23:15,15,0,0,W 6TH AVE & N BANNOCK ST,1,3,0,0,1,4,0,0,30,0,0,0,0,0,4,2,16
,2024-059858,39.74893856,-104.9925656,11/21/2024 18:10,18:10,6,0,0,CURTIS ST & 18TH ST,1,3,0,0,1,4,0,0,30,0,0,0,0,0,4,2,16
,2024-059862,39.76560889,-104.9406457,12/26/2024 18:02,18:02,11,0,1, COLORADO BLVD & E 35TH AVE,1,3,0,0,1,4,0,0,0,0,1,0,0,3,2,1,16
,2024-059868,39.77663779,-104.8354313,9/29/2024 18:44,18:44,6,0,0, ANAHEIM CT & ALBROOK DR,1,1,0,0,1,4,0,0,,0,0,0,0,0,4,3,16
,2024-059929,39.66533528,-105.0251163,12/20/2024 19:34,19:34,11,0,1, FEDERAL BLVD & W AMHERST AVE,1,3,0,0,1,1,0,0,0,0,1,0,0,3,2,1,16
,2024-059943,39.71156709,-104.9408804,10/26/2024 21:17,21:17,11,1,0,E ALAMEDA AVE & S COLORADO BLVD,1,3,0,0,1,3,0,0,0,0,1,0,0,4,4,1,16
,2024-059949,39.67078196,-104.8660462,6/12/2024 16:00,16:00,12,0,0, HAVANA ST & S PARKER RD,1,1,0,0,1,1,0,0,30,0,0,0,0,0,2,2,16
,2024-059962,39.78362735,-104.7721144,10/8/2024 17:30,17:30,3,0,0, TOWER RD & E GREEN VALLEY RANCH BLVD,1,1,0,0,1,1,0,0,35,0,0,0,0,0,4,2,1
,2024-060033,39.7748209,-104.8465702,11/24/2024 20:30,20:30,15,0,0,I-70 WB OFF RAMP & N PEORIA ST,1,3,0,0,1,4,0,0,55,0,0,0,0,0,1,2,16
,2024-060034,39.72526912,-105.0120331,10/5/2024 3:10,3:10,5,0,0,I-25 NB OFF RAMP & W 6TH AVE,1,3,0,0,2,8,0,0,55,0,0,0,0,0,1,1,16
,2024-060035,39.65046754,-104.9167458,10/13/2024 2:06,2:06,5,0,0,I-25 & NB OFF RAMP EXT TO E HAMPDEN AVE,1,3,0,0,3,8,0,0,65,0,0,0,0,0,1,1,16
,2024-060036,39.7101627,-105.0532651,10/5/2024 20:46,20:46,12,0,0, SHERIDAN BLVD & W NEVADA PL,1,3,1,0,1,3,0,0,35,0,0,0,0,0,2,3,16
,2024-060037,39.79688845,-104.8133118,9/28/2024 21:28,21:28,5,0,0,E ROBINS DR & N ELKHART ST,1,3,0,0,2,4,0,0,20,0,0,0,0,0,4,2,16
,2024-060042,39.78048096,-104.9570731,11/11/2024 16:47,16:47,12,0,0,I-70 & N COLUMBINE ST,1,1,0,0,1,4,0,0,,0,0,0,0,0,1,2,16
,2024-060043,39.74607058,-104.9928,12/26/2024 18:20,18:20,15,0,0,STOUT ST & 16TH ST,1,3,0,0,1,4,0,0,,0,0,0,0,0,4,2,16
,2024-060044,39.74750203,-104.978178,10/4/2024 11:50,11:50,3,0,0,PARK AVE W & E 20TH AVE,1,1,0,0,1,1,0,0,20,0,0,0,0,0,4,2,7
,2024-060045,39.76486582,-104.9790135,10/25/2024 13:00,13:00,6,0,0,32ND ST & WALNUT ST,1,1,0,1,1,4,0,0,25,0,0,0,0,0,4,2,16