id,drcog_id,latitude,longitude,crashtime,time,crashtype,numbkilled,numbinjurd,drcoglocat,rdconditin,lightngcon,roadcntgrd,weatherco,location,roaddescrp,schoolzone,constrzone,splimit,bikeinv,pedinv,sctrinv,motoinv,svrty,rdsystem,ttlvehcls,hcf
,2024-060046,39.78015418,-105.006447,11/11/2024 8:30,8:30,15,0,0, PECOS ST & W 46TH AVE,1,1,0,0,1,4,0,0,,0,0,0,0,0,4,2,16
,2024-060047,39.79548252,-104.7788681,12/24/2024 7:27,7:27,6,0,0,E 54TH AVE & TRUCKEE ST,1,1,0,0,1,4,0,0,,0,0,0,0,0,4,2,16
,2024-060048,39.71660385,-104.982633,11/14/2024 20:30,20:30,15,0,0, LOGAN ST & E ELLSWORTH AVE,1,3,0,0,1,4,0,0,,0,0,0,0,0,4,2,16
,2024-060049,39.75107329,-105.0252855,12/31/2024 3:32,3:32,5,0,0, FEDERAL BLVD & W 23RD AVE,1,3,0,0,6,4,0,0,40,0,0,0,0,0,2,1,13
,2024-060050,39.77913591,-104.9791158,12/20/2024 18:59,18:59,3,0,1,I-70 EB OFF RAMP & N WASHINGTON ST,1,3,0,0,1,1,0,0,35,0,0,0,0,2,4,2,16
,2024-060051,39.74506429,-104.9874076,12/17/2024 16:20,16:20,15,0,0,18TH ST & N BROADWAY ST,1,2,0,0,1,1,0,0,,0,0,0,0,0,4,2,16
,2024-060052,39.74034399,-105.047717,12/23/2024 5:52,5:52,12,0,1,W COLFAX AVE & N WINONA CT,1,3,0,0,1,4,0,0,,0,0,0,0,2,2,2,16
,2024-060053,39.72890261,-105.0028432,12/11/2024 16:20,16:20,12,0,0, MARIPOSA ST & W 8TH AVE,1,1,0,0,1,3,0,0,,0,0,0,0,0,4,3,16
,2024-060054,39.65302096,-104.8756595,12/24/2024 17:29,17:29,12,0,0,E HAMPDEN AVE & S DAYTON ST,1,3,0,0,1,3,0,0,,0,0,0,0,0,2,2,16
,2024-060055,39.71415965,-105.0532869,12/23/2024 13:38,13:38,15,0,0,100  SHERIDAN BLVD,1,1,0,0,1,4,0,0,,0,0,0,0,0,2,2,16
,2024-060060,39.74031653,-105.0528537,11/4/2024 2:10,2:10,15,0,0,COLFAX AVE W & N SHERIDAN BLVD,11,3,0,3,1,4,0,0,,0,0,0,0,0,2,2,16
,2024-060061,39.7368589,-104.9953081,10/23/2024 18:00,18:00,15,0,0, FOX ST & W 13TH AVE,1,1,0,0,1,3,0,0,,0,0,0,0,0,4,2,16
,2024-060062,39.70397299,-105.0430624,10/29/2024 15:30,15:30,12,0,0,MORRISON RD & S STUART ST,1,1,0,0,1,1,0,0,,0,0,0,0,0,4,2,16
,2024-060063,39.77410117,-104.8825378,10/22/2024 16:31,16:31,10,0,0,E 40TH AVE & N CENTRAL PARK BLVD,1,1,0,0,1,1,0,0,,0,0,0,0,0,4,2,16
,2024-060064,39.74200241,-104.8846523,12/20/2024 14:30,14:30,15,0,0,YOSEMITE ST & 16TH AVE,1,1,0,0,1,1,0,0,,0,0,0,0,0,4,2,16
,2024-060065,39.758478,-105.0158355,9/14/2024 22:25,22:25,12,0,0,2900  ZUNI ST W 29TH AVE,1,3,1,0,1,1,0,0,20,0,0,0,0,0,4,2,16
,2024-060066,39.66758129,-104.9223144,10/14/2024 12:00,12:00,12,0,0,E YALE AVE & S HOLLY ST,1,1,0,0,1,1,0,0,,0,0,0,0,0,4,2,1
,2024-060069,39.72520256,-105.0112359,10/17/2024 21:31,21:31,12,0,2,I-25 NB OFF RAMP  & 6TH AVE WB,1,3,0,0,1,8,0,0,55,0,0,0,0,1,1,2,14
,2024-060070,39.73999972,-104.99028,10/5/2024 15:20,15:20,15,0,0,W COLFAX AVE & N BANNOCK ST,1,1,0,0,1,1,0,0,30,0,0,0,0,0,4,2,16
,2024-060071,39.7786619,-104.8657547,10/4/2024 11:59,11:59,15,0,0,4400  HAVANA ST E 45TH AVE,1,1,0,0,1,1,0,0,30,0,0,0,0,0,4,2,16
,2024-060072,39.74020656,-104.9221668,10/17/2024 14:00,14:00,6,0,0,5600 E COLFAX AVE N HOLLY ST,1,1,0,0,1,4,0,0,30,0,0,0,0,0,2,2,16
,2024-060078,39.66467584,-104.9261174,10/21/2024 5:01,5:01,5,0,0, GLENCOE ST & E CORNELL AVE,1,3,0,0,3,3,0,0,20,0,0,0,0,0,4,1,16
,2024-060080,39.76928924,-105.0064586,12/4/2024 7:00,7:00,10,0,0, PECOS ST & W 38TH AVE,1,1,0,0,1,1,0,0,30,0,0,0,0,0,4,2,16
,2024-060083,39.69666133,-104.9918826,4/20/2024 2:08,2:08,3,1,3, SANTA FE DR & W MISSISSIPPI AVE,7,3,0,2,1,1,0,0,35,0,0,0,0,4,2,2,8
,2024-060084,39.7335755,-104.9529005,11/25/2024 13:25,13:25,3,0,0, FILLMORE ST & E 11TH AVE,1,1,0,0,1,1,0,0,20,0,0,0,0,0,4,2,16
,2024-060085,39.74164122,-104.9721567,9/29/2024 17:25,17:25,3,0,0, MARION ST & E 16TH AVE,1,1,0,0,1,1,0,0,25,0,0,0,0,0,4,2,16
,2024-060090,39.76978508,-105.0497622,12/12/2024 14:00,14:00,6,0,0, XAVIER ST & W 38TH AVE,1,1,0,0,1,4,0,0,,0,0,0,0,0,4,2,16
,2024-060091,39.77009676,-104.9915127,8/24/2024 20:51,20:51,12,0,0,I-25 NB ON RAMP FROM PARK AVE W & I-25 NB ON RAMP MERGE PT,1,3,0,0,1,8,0,0,,0,0,0,0,0,1,2,16
,2024-060092,39.66847748,-104.9284019,11/19/2024 7:17,7:17,11,0,1,5151 E YALE CIR & E YALE AVE,1,1,0,0,1,4,0,0,25,0,1,0,0,3,4,1,16
,2024-060094,39.74867372,-105.0020585,10/4/2024 17:00,17:00,2,0,1,14TH CT & BLAKE ST,1,1,0,0,1,1,0,0,30,1,0,0,0,2,4,1,16
,2024-060099,39.71153472,-104.9406226,12/21/2024 23:14,23:14,12,0,0, COLORADO BLVD & E ALAMEDA AVE,1,3,0,0,1,3,0,0,35,0,0,0,0,0,2,2,11
,2024-060100,39.68497908,-105.0250115,12/21/2024 14:25,14:25,15,0,0,1767  FEDERAL BLVD & W COLORADO AVE,1,1,0,0,1,4,0,0,35,0,0,0,0,0,2,2,11
,2024-060113,39.66516,-105.2062,10/17/2024 19:30,19:30,12,0,0,W ALAMEDA ST & 18300,1,3,1,0,1,4,0,0,25,0,0,0,0,0,4,2,8
,2024-060114,39.73741466,-104.8858409,11/3/2024 20:18,20:18,6,0,0,XENIA ST & E 13TH AVE,11,3,0,3,1,4,0,0,,0,0,0,0,0,4,2,16
,2024-060115,39.72560447,-104.9418489,10/21/2024 4:44,4:44,15,0,0,E 6TH AVE & N HARRISON ST,1,3,0,0,1,1,0,0,30,0,0,0,0,0,4,2,1
,2024-060116,39.61445719,-105.0928164,9/28/2024 13:52,13:52,3,0,0,W CROSS DR & S WADSWORTH BLVD,1,1,0,0,1,2,0,0,30,0,0,0,0,0,4,2,1
,2024-060117,39.72561331,-105.0289701,12/21/2024 9:39,9:39,15,0,1,W 6TH AVE & WB ON RAMP ENT FROM FEDERAL BLVD,1,1,1,0,1,8,0,0,55,0,0,0,0,3,2,2,1
,2024-060118,39.71121663,-105.0299617,12/10/2024 21:33,21:33,8,0,2,W ALAMEDA AVE & S IRVING ST,1,3,0,0,1,1,0,0,35,0,0,0,0,1,2,2,16
,2024-060121,39.69681686,-104.9218154,8/9/2024 9:35,9:35,15,0,0, HOLLY ST & E CHERRY CREEK S DR,1,1,0,0,1,4,0,0,30,0,0,0,0,0,4,2,16
,2024-060122,39.72565771,-105.0134493,11/15/2024 9:34,9:34,12,0,0,I-25 & MM 209.239,1,1,0,0,1,4,0,0,55,0,0,0,0,0,1,2,16
,2024-060123,39.73045222,-104.9861339,12/29/2024 18:14,18:14,3,0,0, LINCOLN ST & E 9TH AVE,1,3,1,0,1,1,0,0,30,0,0,0,0,0,4,3,1
,2024-060124,39.71127856,-104.9733936,9/27/2024 7:00,7:00,12,0,0, DOWNING ST & E ALAMEDA AVE,1,1,0,0,1,4,0,0,30,0,0,0,0,0,4,2,16
,2024-060125,39.70042019,-105.0481214,12/13/2024 16:34,16:34,6,0,0,W KENTUCKY AVE & MORRISON RD,1,1,0,0,1,1,0,0,,0,0,0,0,0,4,2,16
,2024-060126,39.76287693,-104.9293522,12/30/2024 16:37,16:37,3,0,1, ELM ST & E THRILL PL,1,1,0,0,1,1,0,0,25,0,0,0,0,3,4,2,1
,2024-060130,39.67604856,-104.9494107,10/30/2024 19:04,19:04,6,0,0, ADAMS ST & E WARREN AVE,1,1,0,0,1,4,0,0,20,0,0,0,0,0,4,2,16
,2024-060131,39.76349659,-105.0025831,11/9/2024 23:25,23:25,5,0,1,I-25 & 20TH ST SB EXIT RAMP,4,3,0,0,2,4,0,0,55,0,0,0,0,1,1,1,16
,2024-060133,39.6803251,-104.9914064,12/23/2024 11:40,11:40,6,0,0,W ASBURY AVE & S CHEROKEE ST,1,1,0,0,1,4,0,0,25,0,0,0,0,0,4,2,16
,2024-060135,39.77256936,-104.9023164,10/31/2024 5:23,5:23,11,0,1, QUEBEC E FRTG & E 40TH AVE,1,4,2,0,1,1,0,0,,0,1,0,0,3,4,1,16
,2024-060138,39.66049815,-105.0229316,12/17/2024 13:45,13:45,1,0,2, DECATUR ST & W DARTMOUTH AVE,1,1,2,0,1,1,0,0,30,0,1,0,0,3,4,2,7
,2024-060140,39.7400602,-104.93622,7/24/2024 20:55,20:55,11,0,1,E COLFAX AVE & N BIRCH ST,1,4,0,0,1,4,0,0,,0,1,0,0,3,2,1,16
,2024-060142,39.77432115,-104.8506621,11/14/2024 16:00,16:00,12,0,0,I-70 & N PEORIA ST,1,1,0,0,1,4,0,0,55,0,0,0,0,0,1,2,3
,2024-060146,39.77106295,-104.9463983,9/16/2024 13:40,13:40,3,0,1,E 39TH AVE & N MADISON ST,1,1,0,0,1,1,0,0,30,0,0,0,0,1,4,2,16
,2024-060147,39.69913068,-104.9050066,12/25/2024 9:03,9:03,5,0,0,LEETSDALE DR & MM 75,1,1,0,0,3,4,0,0,35,0,0,0,0,0,2,1,16
,2024-060148,39.73649652,-104.9265414,10/12/2024 5:59,5:59,5,0,0,E 13TH AVE & N FOREST ST,1,4,0,0,3,4,0,0,30,0,0,0,0,0,4,1,1
,2024-060149,39.7401339,-104.987541,12/24/2024 15:25,15:25,12,0,0,W COLFAX AVE & BROADWAY,1,1,0,0,1,3,0,0,,0,0,0,0,0,2,2,16
,2024-060150,39.74113037,-104.9956863,9/18/2024 17:20,17:20,6,0,0,WELTON ST & 13TH ST,1,1,1,0,1,4,0,0,30,0,0,0,0,0,4,2,16
,2024-060151,39.73970529,-104.9597811,11/28/2024 14:00,14:00,6,0,0,YORK ST & E COLFAX AVE,1,5,0,0,1,4,0,0,,0,0,0,0,0,4,2,16
,2024-060152,39.74027513,-105.0139329,9/28/2024 19:20,19:20,12,0,0,I-25 & NB OFF RAMP TO W COLFAX AVE,1,2,0,0,1,4,0,0,55,0,0,0,0,0,1,2,16
,2024-060153,39.73068654,-104.9216665,10/14/2024 9:56,9:56,6,0,0,IVANHOE ST & E 9TH AVE,1,1,0,0,1,4,0,0,25,0,0,0,0,0,4,2,3
,2024-060154,39.76001474,-104.8905208,9/23/2024 8:08,8:08,15,0,0,E MLK BLVD & N CENTRAL PARK BLVD,1,1,0,0,1,1,0,0,30,0,0,0,0,0,4,2,16
,2024-060155,39.73848948,-105.0513022,9/24/2024 8:01,8:01,6,0,0,W 14TH AVE & N YATES ST,1,1,0,0,1,4,0,0,25,0,0,0,0,0,4,2,16
,2024-060156,39.74379545,-104.8899313,12/29/2024 0:08,0:08,5,0,0,VERBENA-WABASH ALY & E 16TH AVE,1,3,0,0,3,9,0,0,15,0,0,0,0,0,4,1,16
,2024-060157,39.7474324,-104.9124435,12/23/2024 11:04,11:04,15,0,4, MONACO ST & E MONTVIEW BLVD,1,1,0,0,1,1,0,0,30,0,0,0,0,3,4,2,1
,2024-060158,39.70041418,-105.0486637,12/14/2024 16:31,16:31,3,0,0,W KENTUCKY AVE & S WOLFF ST,1,2,0,0,6,1,0,0,30,0,0,0,0,0,4,2,16
,2024-060159,39.71551522,-104.9769136,9/17/2024 8:00,8:00,6,0,0, EMERSON ST & E ELLSWORTH AVE,1,3,0,0,1,4,0,0,20,0,0,0,0,0,4,2,16
,2024-060160,39.73829525,-104.9303807,9/25/2024 14:00,14:00,3,0,0, EUDORA ST & E 14TH AVE,1,1,0,0,1,1,0,0,35,0,0,0,0,0,4,2,16
,2024-060161,39.68932353,-104.9405462,9/24/2024 17:00,17:00,12,0,0, COLORADO BLVD & E FLORIDA AVE,1,1,0,0,1,1,0,0,30,0,0,0,0,0,2,2,16
,2024-060169,39.63057924,-104.9050795,12/23/2024 23:42,23:42,15,0,0,I-25 & I-225 NB DIRECT CONNECT,1,3,0,0,1,8,0,0,55,0,0,0,0,0,1,2,11
,2024-060170,39.68227216,-105.0250198,10/10/2024 22:09,22:09,1,0,2,W JEWELL AVE & S FEDERAL BLVD,1,3,0,0,1,1,0,0,40,0,0,0,0,3,2,2,16
,2024-060172,39.74497548,-104.9924924,9/20/2024 7:41,7:41,11,0,1,CALIFORNIA ST & 16TH ST,1,1,0,0,1,4,0,0,20,0,1,0,0,2,4,1,16
,2024-060174,39.79835834,-104.7789421,6/7/2024 22:00,22:00,12,0,2,E 56TH AVE & N PENA BLVD,1,3,0,0,1,4,0,0,40,0,0,0,0,2,4,2,16
,2024-060177,39.73514084,-104.9861241,10/4/2024 16:40,16:40,15,0,0,LINCOLN ST & W 12TH AVE,1,1,0,0,1,4,0,0,30,0,0,0,0,0,4,2,16
,2024-060178,39.72542168,-105.0519971,10/12/2024 23:33,23:33,15,0,0,W 6TH AVE EB ON RAMP & SHERIDAN BLVD,1,3,0,0,1,1,0,0,,0,0,0,0,0,2,2,16
,2024-060179,39.71123942,-105.0251718,12/31/2024 14:05,14:05,2,0,0,W ALAMEDA AVE & S FEDERAL BLVD,1,1,0,0,1,1,0,0,,1,0,0,0,0,2,1,16
,2024-060180,39.74000498,-104.9753261,11/16/2024 13:00,13:00,12,0,0,E COLFAX AVE & OGDEN ST,14,5,3,7,1,9,0,0,20,0,0,0,0,0,2,2,16
,2024-060181,39.76558397,-104.9404967,11/21/2024 21:00,21:00,15,0,1,COLORADO BLVD & E 35TH AVE,1,3,3,0,1,4,0,0,35,0,0,0,0,1,2,2,16
,2024-060182,39.75020047,-105.0013567,12/9/2024 8:01,8:01,6,0,0,WAZEE ST & 15TH ST,1,3,0,0,1,4,0,0,20,0,0,0,0,0,4,2,16
,2024-060184,39.75644783,-104.9898344,10/11/2024 22:22,22:22,12,0,0,MARKET ST & PARK AVE W,1,3,0,0,1,1,0,0,,0,0,0,0,0,4,2,16
,2024-060185,39.75841991,-105.0532397,10/19/2024 11:00,11:00,12,0,0,SHERIDAN BLVD & W 29TH AVE,1,1,0,0,1,1,0,0,35,0,0,0,0,0,2,2,16
,2024-060186,39.70666583,-104.996843,12/16/2024 15:30,15:30,15,0,0,I-25 & S SANTA FE DR,1,1,3,0,1,4,0,0,60,0,0,0,0,0,1,2,16
,2024-060187,39.77282496,-104.8016297,10/16/2024 19:39,19:39,1,0,1,E 40TH AVE & N KITTREDGE ST,1,3,0,0,1,1,0,0,40,0,0,0,0,2,4,2,8
,2024-060188,39.74348281,-104.9407845,10/18/2024 0:12,0:12,15,0,0,COLORADO BLVD & E 17TH AVE,1,3,0,0,1,4,0,0,30,0,0,0,0,0,2,2,16
,2024-060190,39.71118555,-105.0015651,12/4/2024 19:00,19:00,2,0,1, LIPAN ST & W ALAMEDA AVE,1,3,0,0,1,1,0,0,35,1,0,0,0,1,2,1,16
,2024-060191,39.72135302,-105.0088284,10/25/2024 12:40,12:40,12,0,0,I-25 & W 6TH AVE,1,1,0,0,1,4,0,0,55,0,0,0,0,0,1,2,16
,2024-060193,39.71115909,-104.9875752,10/22/2024 20:56,20:56,3,0,1,W ALAMEDA AVE & S BROADWAY,1,3,0,0,6,1,0,0,30,0,0,0,0,1,4,2,1
,2024-060197,39.72531019,-105.0240516,8/25/2024 6:15,6:15,15,0,0,W 6TH AVE EB EXIT & I-25,1,2,0,0,1,8,0,0,55,0,0,0,0,0,2,2,16
,2024-060199,39.72565226,-104.98887,10/8/2024 13:45,13:45,12,0,0,W 6TH AVE & N ACOMA ST,1,1,0,0,1,1,0,0,,0,0,0,0,0,4,3,3
,2024-060201,39.75376476,-104.9873943,12/7/2024 15:00,15:00,15,0,0, BROADWAY ST & PARK AVE W,1,1,0,0,1,4,0,0,30,0,0,0,0,0,4,2,16
,2024-060202,39.70034278,-105.0301285,11/25/2024 19:21,19:21,3,0,0,W KENTUCKY AVE & S IRVING ST,1,3,0,0,1,2,0,0,25,0,0,0,0,0,4,2,16
,2024-060203,39.67847306,-104.9222662,10/22/2024 18:35,18:35,15,0,0,E EVANS AVE & S HOLLY ST,1,4,0,0,1,3,0,0,,0,0,0,0,0,4,2,16
,2024-060204,39.68511484,-104.9640294,12/6/2024 9:15,9:15,15,0,0,I-25 SB ON RAMP & BUCHTEL,1,1,1,0,1,8,0,0,55,0,0,0,0,0,1,2,16
,2024-060205,39.7210686,-104.9874532,12/1/2024 19:50,19:50,12,0,0, BROADWAY ST & W 3RD AVE,1,3,0,0,1,3,0,0,35,0,0,0,0,0,4,2,16
,2024-060206,39.78051735,-104.966804,9/28/2024 22:50,22:50,15,0,0,I-70 WB OFF RAMP & N BRIGHTON BLVD,1,3,0,0,1,1,0,0,35,0,0,0,0,0,2,2,16
,2024-060207,39.74625323,-104.9874074,1/5/2024 20:31,20:31,12,0,0, BROADWAY ST & E 19TH AVE,1,3,0,0,1,3,0,0,40,0,0,0,0,0,4,2,16
,2024-060210,39.68949238,-105.0250606,2/12/2024 18:58,18:58,12,0,0, FEDERAL BLVD & W FLORIDA AVE,1,3,0,0,1,4,0,0,20,0,0,0,0,0,2,3,13
,2024-060211,39.69859572,-104.9035551,12/25/2024 9:03,9:03,5,0,1,LEETSDALE DR & S QUEBEC ST,1,1,0,0,2,1,0,0,35,0,0,0,0,2,2,1,16
,2024-060212,39.75321218,-104.9622231,12/23/2024 7:46,7:46,3,0,2, VINE ST & E 25TH AVE,1,1,0,0,1,1,0,0,20,0,0,0,0,1,4,2,16
,2024-060213,39.72204691,-105.0091765,12/29/2024 14:02,14:02,12,0,2,I-25 NB OFF RAMP & NB OFF RAMP EXT TO W 6TH AVE,1,1,1,0,1,8,0,0,55,0,0,0,0,2,1,2,1
,2024-060214,39.72952298,-105.0251582,12/20/2024 23:00,23:00,12,0,0, FEDERAL BLVD & W 8TH AVE,1,3,0,0,1,3,0,0,30,0,0,0,0,0,2,2,2
,2024-060215,39.71119521,-104.997141,12/18/2024 17:00,17:00,12,0,0,W ALAMEDA AVE & S SANTA FE DR,1,2,0,0,1,1,0,0,30,0,0,0,0,0,4,2,16
,2024-060216,39.76806732,-104.8657901,12/18/2024 9:00,9:00,12,0,0, HAVANA ST & E SMITH RD,1,1,0,0,1,14,0,0,35,0,0,0,0,0,4,2,16
,2024-060219,39.74000297,-104.9764761,11/16/2024 13:00,13:00,12,0,0,E COLFAX AVE & N EMERSON ST,14,5,3,7,1,9,0,0,20,0,0,0,0,0,2,2,16
,2024-060220,39.76558397,-104.9404967,11/21/2024 21:00,21:00,15,0,1, COLORADO BLVD & E 35TH AVE,1,3,3,0,1,3,0,0,35,0,0,0,0,1,2,2,16
,2024-060221,39.75020047,-105.0013567,12/9/2024 8:01,8:01,6,0,0,WAZEE ST & 15TH ST,1,3,0,0,1,3,0,0,20,0,0,0,0,0,4,2,16
,2024-060222,39.75644783,-104.9898344,10/11/2024 22:22,22:22,12,0,0,MARKET ST & PARK AVE W,1,3,0,0,1,3,0,0,,0,0,0,0,0,4,2,16
,2024-060223,39.75841991,-105.0532397,10/19/2024 11:00,11:00,12,0,0, SHERIDAN BLVD & W 29TH AVE,1,1,0,0,1,3,0,0,35,0,0,0,0,0,2,2,16
,2024-060224,39.7064135,-104.9967588,12/16/2024 15:30,15:30,12,0,0,I-25 & S SANTA FE DR,1,1,3,0,1,4,0,0,60,0,0,0,0,0,1,2,16
,2024-060225,39.74348281,-104.9407845,10/18/2024 0:12,0:12,15,0,0, COLORADO BLVD & E 17TH AVE,1,3,0,0,1,4,0,0,30,0,0,0,0,0,2,2,16
,2024-060226,39.72596859,-105.0136608,10/25/2024 12:40,12:40,12,0,0,I-25 & W 6TH AVE,1,1,0,0,1,4,0,0,55,0,0,0,0,0,1,2,16
,2024-060228,39.71115914,-104.9875752,10/22/2024 20:56,20:56,3,0,1, BROADWAY ST & W ALAMEDA AVE,1,3,0,0,1,1,0,0,30,0,0,0,0,1,4,2,1
,2024-060232,39.78238484,-104.8506434,12/23/2024 15:11,15:11,3,0,0, OAKLAND ST & E 47TH AVE,1,1,0,0,1,1,0,0,30,0,0,0,0,0,4,2,16
,2024-060234,39.72529356,-105.0237723,8/25/2024 6:15,6:15,15,0,0,W 6TH AVE EB OFF RAMP TO -25 & W 6TH AVE EB OFF RAMP MERGE PT,1,2,0,0,1,8,0,0,55,0,0,0,0,0,2,2,16
,2024-060235,39.75376476,-104.9873943,12/7/2024 15:00,15:00,15,0,0, BROADWAY ST & PARK AVE W,1,1,0,0,1,4,0,0,30,0,0,0,0,0,4,2,16
,2024-060236,39.68504865,-104.9635979,12/6/2024 9:15,9:15,15,0,0,I-25 SB ON RAMP & S UNIVERSITY BLVD,1,1,1,0,1,8,0,0,55,0,0,0,0,0,1,2,16
,2024-060237,39.7210686,-104.9874532,12/1/2024 19:50,19:50,12,0,0, BROADWAY ST & W 3RD AVE,1,3,0,0,1,3,0,0,35,0,0,0,0,0,4,2,16
,2024-060238,39.72735287,-104.9406272,12/7/2024 9:45,9:45,12,0,0, COLORADO BLVD & E 7TH AVE,1,1,0,0,1,3,0,0,40,0,0,0,0,0,2,2,10
,2024-060239,39.78914182,-104.7380728,12/17/2024 15:22,15:22,6,0,0,E 51ST PL & N ORLEANS ST,1,1,0,0,1,4,0,0,30,0,0,0,0,0,4,2,16
,2024-060240,39.78227516,-104.8657295,12/5/2024 16:09,16:09,12,0,0,E 47TH AVE & N HAVANA ST,1,1,0,0,1,1,0,0,40,0,0,0,0,0,4,2,16
,2024-060244,39.68490883,-104.9594474,11/21/2024 17:30,17:30,15,0,0,I-25 & S UNIVERSITY BLVD,1,1,0,5,1,4,0,0,,0,0,0,0,0,1,2,7
,2024-060246,39.74326861,-104.9787393,12/21/2024 11:33,11:33,11,0,1, WASHINGTON ST & E 17TH AVE,1,1,0,0,1,1,0,0,30,0,1,0,0,2,4,1,16
,2024-060247,39.74617967,-104.9796104,11/9/2024 13:54,13:54,15,0,0,E 19TH AVE & N PEARL ST,1,1,0,0,1,4,0,0,25,0,0,0,0,0,4,2,10
,2024-060257,39.77965023,-104.9727666,5/18/2024 20:05,20:05,15,0,0,I-70 & EB OFF RAMP EXT TO N BRIGHTON BLVD,1,2,0,0,1,4,0,0,55,0,0,0,0,0,2,2,3
,2024-060258,39.76515055,-104.8904761,11/5/2024 10:45,10:45,15,0,0,E 35TH AVE & N CENTRAL PARK BLVD,1,1,0,0,1,1,0,0,40,0,0,0,0,0,4,2,16
,2024-060259,39.75757434,-104.8591204,11/3/2024 3:05,3:05,8,1,2,E MLK JR BLVD & N KINGSTON ST,1,3,0,0,1,1,0,0,35,0,0,0,0,4,4,2,16
,2024-060267,39.72728408,-104.9740823,9/26/2024 8:50,8:50,12,0,0,E 7TH AVE & N CORONA ST,1,1,0,0,1,1,0,0,30,0,0,0,0,0,4,2,16
,2024-060269,39.7582945,-104.9405813,9/27/2024 18:00,18:00,15,0,0,E 29TH AVE & N COLORADO BLVD,1,1,0,0,1,4,0,0,35,0,0,0,0,0,4,2,3
,2024-060271,39.76563816,-105.0029706,6/7/2024 19:35,19:35,14,0,1, MARIPOSA ST & W 35TH AVE,1,3,0,0,1,1,0,0,25,0,0,0,0,1,4,2,16
,2024-060274,39.71592479,-104.9769128,9/17/2024 8:00,8:00,6,0,0,40  EMERSON ST & E ELLSWORTH AVE,1,3,0,0,1,4,0,0,20,0,0,0,0,0,4,2,16
,2024-060275,39.81082546,-104.7863642,8/3/2024 6:52,6:52,12,0,2,PENA BLVD & E 56TH AVE,1,1,0,0,1,4,0,0,65,0,0,0,0,3,4,3,3
,2024-060276,39.72541787,-105.0260522,8/17/2024 10:36,10:36,15,0,0,W 6TH AVE & N FEDERAL BLVD,1,1,0,0,1,4,0,0,65,0,0,0,0,0,2,2,13
,2024-060277,39.75008809,-105.0049537,10/22/2024 7:48,7:48,12,0,0, SPEER BLVD & CHOPPER CIR,1,1,0,0,1,1,0,0,35,0,0,0,0,0,4,2,16
,2024-060280,39.76928265,-105.0018744,5/17/2024 11:32,11:32,15,0,0,W 38TH AVE & N LIPAN ST,1,1,0,0,1,4,0,0,35,0,0,0,0,0,4,2,16
,2024-060281,39.73816091,-104.9966806,1/22/2024 13:40,13:40,15,0,0, SPEER BLVD & W 14TH AVE,1,1,0,0,1,4,0,0,35,0,0,0,0,0,4,2,13
,2024-060282,39.75050338,-104.9852904,3/20/2024 21:38,21:38,6,0,0,CALIFORNIA ST & 22ND ST,1,3,0,0,1,4,0,0,,0,0,0,0,0,4,2,16
,2024-060283,39.79825488,-104.7908955,10/19/2024 19:56,19:56,15,0,0,E 56TH AVE & N MEMPHIS ST,1,3,0,0,1,4,0,0,45,0,0,0,0,0,4,2,16
,2024-060285,39.74756146,-105.0055139,1/10/2024 23:03,23:03,12,0,0,AURARIA PKWY & 11TH ST,1,3,0,0,1,4,0,0,35,0,0,0,0,0,4,2,1
,2024-060287,39.72502294,-105.0249826,6/16/2024 12:12,12:12,12,0,0, FEDERAL BLVD & W 6TH AVE EB RAMPS,1,1,0,0,1,3,0,0,35,0,0,0,0,0,2,2,16
,2024-060288,39.77754508,-104.9034018,12/21/2024 12:00,12:00,15,0,0,QUEBEC ST & I-70 EB ON RAMP,1,1,0,0,1,4,0,0,35,0,0,0,0,0,2,2,11
,2024-060900,39.68307657,-104.940373,4/19/2024 10:00,10:00,15,0,0, COLORADO BLVD & I-25,4,1,0,2,1,3,0,0,,0,0,0,0,0,2,2,16
,2024-061017,39.76445737,-104.9405012,6/18/2024 20:45,20:45,10,0,1,COLORADO BLVD & E BRUCE RANDOLPH BLVD,1,3,0,0,1,1,0,0,35,0,0,0,0,2,2,2,3
,2024-061207,39.6627417,-104.9129733,5/24/2024 13:30,13:30,2,0,0,E CORNELL AVE & S MONACO ST PKWY,1,1,0,0,1,1,0,0,25,1,0,0,0,0,4,1,10
,2024-061220,39.77307396,-104.9406694,9/20/2024 11:46,11:46,15,0,0, COLORADO BLVD & E 40TH AVE,1,1,0,0,1,3,0,0,35,0,0,0,0,0,2,2,16
,2024-061360,39.67542238,-104.9943031,10/8/2024 19:15,19:15,15,0,0, SANTA FE DR & W EVANS AVE SB ON RAMP,1,3,0,0,1,8,0,0,,0,0,0,0,0,2,3,16
,2024-061568,39.67258382,-104.8682698,9/5/2024 14:15,14:15,3,0,1, PARKER RD & E HARVARD AVE,1,1,0,0,1,1,0,0,45,0,0,0,0,1,4,2,11
,2024-061725,39.77295618,-105.0450193,8/5/2024 10:30,10:30,6,0,0,W 41ST AVE & N UTICA ST,1,1,0,0,1,4,0,0,,0,0,0,0,0,4,2,16